ICAO,DATE,PHASE,MVTS,TXXT,ADD_TIME,AVG_ADD_TIME
LPPT,2019-01-01,TXIT,264,1459.0333333333324,171.17999999999998,0.6484090909090908
LPPT,2019-01-01,TXOT,269,3163.9333333333334,239.27333333333326,0.8894919454770753
LPPT,2019-01-02,TXIT,292,1631.9,196.25,0.6720890410958904
LPPT,2019-01-02,TXOT,298,3741.9000000000024,485.32333333333304,1.6286017897091714
LPPT,2019-01-03,TXIT,271,1689.5333333333347,415.9066666666666,1.5347109471094709
LPPT,2019-01-03,TXOT,279,4543.050000000003,1308.8566666666661,4.691242532855434
LPPT,2019-01-04,TXIT,312,1795.883333333333,279.4133333333331,0.8955555555555549
LPPT,2019-01-04,TXOT,307,4079.9833333333345,638.9599999999998,2.0813029315960905
LPPT,2019-01-05,TXIT,280,1535.6499999999994,148.6433333333332,0.5308690476190472
LPPT,2019-01-05,TXOT,277,3436.833333333334,388.8000000000001,1.4036101083032495
LPPT,2019-01-06,TXIT,288,1578.0333333333338,158.7766666666666,0.5513078703703702
LPPT,2019-01-06,TXOT,289,3519.233333333334,331.9000000000001,1.1484429065743949
LPPT,2019-01-07,TXIT,292,1580.7333333333343,141.98666666666674,0.48625570776255733
LPPT,2019-01-07,TXOT,285,3573.7166666666635,457.2966666666669,1.60454970760234
LPPT,2019-01-08,TXIT,264,1502.1499999999992,186.11666666666656,0.7049873737373733
LPPT,2019-01-08,TXOT,260,3083.9000000000005,266.0166666666668,1.0231410256410263
LPPT,2019-01-09,TXIT,258,1370.166666666667,104.56333333333332,0.4052842377260981
LPPT,2019-01-09,TXOT,266,3128.316666666665,229.46333333333342,0.8626441102756895
LPPT,2019-01-10,TXIT,261,1447.4666666666667,163.11333333333334,0.6249553001277139
LPPT,2019-01-10,TXOT,259,3209.85,380.3733333333332,1.4686229086229081
LPPT,2019-01-11,TXIT,283,1524.866666666667,128.5966666666667,0.45440518256772683
LPPT,2019-01-11,TXOT,286,3502.8000000000047,376.6700000000002,1.3170279720279727
LPPT,2019-01-12,TXIT,257,1394.6333333333337,129.83333333333326,0.5051880674448765
LPPT,2019-01-12,TXOT,254,2806.649999999998,5.35333333333331,0.021076115485564213
LPPT,2019-01-13,TXIT,272,1486.166666666668,143.95999999999995,0.5292647058823527
LPPT,2019-01-13,TXOT,274,3197.7333333333336,213.18000000000018,0.7780291970802926
LPPT,2019-01-14,TXIT,275,1536.6,181.68000000000015,0.660654545454546
LPPT,2019-01-14,TXOT,267,3208.1333333333337,297.9233333333334,1.1158177278402
LPPT,2019-01-15,TXIT,239,1262.3833333333334,137.01999999999995,0.5733054393305438
LPPT,2019-01-15,TXOT,235,3167.8333333333326,476.37666666666655,2.0271347517730494
LPPT,2019-01-16,TXIT,236,1302.6166666666657,197.47333333333327,0.8367514124293782
LPPT,2019-01-16,TXOT,247,3596.8999999999996,723.0133333333338,2.927179487179489
LPPT,2019-01-17,TXIT,254,1384.6666666666656,130.2366666666666,0.5127427821522307
LPPT,2019-01-17,TXOT,252,2807.516666666667,66.22000000000001,0.26277777777777783
LPPT,2019-01-18,TXIT,279,1476.866666666667,158.1366666666666,0.5667980884109914
LPPT,2019-01-18,TXOT,283,3522.3833333333355,225.92999999999998,0.7983392226148409
LPPT,2019-01-19,TXIT,242,1244.7666666666667,169.03666666666666,0.6984986225895317
LPPT,2019-01-19,TXOT,237,3160.083333333331,271.32666666666665,1.1448382559774963
LPPT,2019-01-20,TXIT,275,1487.2333333333327,132.19666666666657,0.48071515151515115
LPPT,2019-01-20,TXOT,281,3449.2999999999997,384.2799999999999,1.367544483985765
LPPT,2019-01-21,TXIT,274,1476.0666666666655,123.70333333333333,0.4514720194647202
LPPT,2019-01-21,TXOT,265,3155.9166666666665,252.39999999999995,0.9524528301886791
LPPT,2019-01-22,TXIT,240,1280.5333333333333,96.91999999999996,0.40383333333333316
LPPT,2019-01-22,TXOT,232,2698.633333333334,161.24666666666667,0.6950287356321839
LPPT,2019-01-23,TXIT,241,1281.65,98.44000000000007,0.4084647302904567
LPPT,2019-01-23,TXOT,251,2848.333333333333,100.30333333333333,0.3996148738379814
LPPT,2019-01-24,TXIT,249,1424.5833333333321,204.77333333333328,0.8223828647925031
LPPT,2019-01-24,TXOT,251,2974.5666666666666,234.40666666666667,0.9338911022576362
LPPT,2019-01-25,TXIT,283,1570.0499999999995,168.41333333333333,0.5951001177856301
LPPT,2019-01-25,TXOT,285,3531.3166666666684,415.61999999999983,1.4583157894736836
LPPT,2019-01-26,TXIT,243,1338.7333333333327,153.20333333333338,0.6304663923182443
LPPT,2019-01-26,TXOT,237,2759.2666666666664,143.0266666666666,0.6034880450070321
LPPT,2019-01-27,TXIT,262,1412.5166666666664,120.2166666666667,0.45884223918575073
LPPT,2019-01-27,TXOT,269,3061.516666666667,109.86666666666645,0.4084262701363065
LPPT,2019-01-28,TXIT,270,1534.3166666666666,194.68333333333328,0.7210493827160492
LPPT,2019-01-28,TXOT,261,3008.6833333333334,173.25333333333325,0.6638058748403572
LPPT,2019-01-29,TXIT,244,1395.5999999999997,238.65666666666658,0.9781010928961745
LPPT,2019-01-29,TXOT,241,2788.7666666666673,83.38999999999989,0.34601659751037295
LPPT,2019-01-30,TXIT,239,1179.0166666666662,150.48666666666676,0.6296513249651329
LPPT,2019-01-30,TXOT,248,3178.433333333333,82.42666666666663,0.3323655913978493
LPPT,2019-01-31,TXIT,263,1308.4333333333338,184.26333333333324,0.7006210392902404
LPPT,2019-01-31,TXOT,259,3551.8833333333355,274.15666666666675,1.0585199485199488
LPPT,2019-02-01,TXIT,266,1436.3000000000009,226.53333333333325,0.851629072681704
LPPT,2019-02-01,TXOT,273,4487.9,1225.186666666666,4.487863247863245
LPPT,2019-02-02,TXIT,257,1392.9666666666662,121.34333333333328,0.47215304798962365
LPPT,2019-02-02,TXOT,245,2863.183333333333,178.5233333333333,0.7286666666666666
LPPT,2019-02-03,TXIT,270,1484.4499999999998,154.34666666666666,0.5716543209876543
LPPT,2019-02-03,TXOT,274,3223.8166666666675,223.9200000000001,0.8172262773722632
LPPT,2019-02-04,TXIT,281,1499.1166666666659,111.44333333333327,0.39659549228944224
LPPT,2019-02-04,TXOT,277,3291.2666666666637,249.96333333333342,0.9023947051744889
LPPT,2019-02-05,TXIT,243,1407.100000000001,216.06666666666678,0.8891632373113859
LPPT,2019-02-05,TXOT,238,2628.4499999999994,33.0566666666667,0.13889355742296933
LPPT,2019-02-06,TXIT,244,1469.0833333333328,268.2033333333333,1.0991939890710383
LPPT,2019-02-06,TXOT,253,2888.4999999999995,122.61333333333329,0.48463768115942013
LPPT,2019-02-07,TXIT,252,1333.1500000000003,92.03666666666668,0.3652248677248678
LPPT,2019-02-07,TXOT,252,2858.2499999999995,142.96666666666658,0.567328042328042
LPPT,2019-02-08,TXIT,286,1574.8166666666666,161.2433333333333,0.5637878787878787
LPPT,2019-02-08,TXOT,287,3540.566666666668,394.76999999999987,1.3755052264808358
LPPT,2019-02-09,TXIT,251,1211.533333333334,102.61666666666669,0.4088313413014609
LPPT,2019-02-09,TXOT,250,3183.883333333335,129.88333333333324,0.519533333333333
LPPT,2019-02-10,TXIT,268,1290.7333333333322,114.02333333333334,0.42546019900497517
LPPT,2019-02-10,TXOT,274,3651.1333333333355,252.65999999999994,0.9221167883211676
LPPT,2019-02-11,TXIT,274,1485.1333333333341,121.1833333333334,0.4422749391727496
LPPT,2019-02-11,TXOT,265,3133.66666666667,246.5166666666667,0.9302515723270441
LPPT,2019-02-12,TXIT,250,1421.2166666666667,184.7699999999999,0.7390799999999996
LPPT,2019-02-12,TXOT,243,2908.666666666666,253.09,1.041522633744856
LPPT,2019-02-13,TXIT,237,1286.0333333333324,109.05999999999997,0.46016877637130793
LPPT,2019-02-13,TXOT,246,2640.933333333334,-65.47999999999998,-0.26617886178861777
LPPT,2019-02-14,TXIT,265,1436.8833333333323,119.11666666666665,0.4494968553459119
LPPT,2019-02-14,TXOT,259,2977.8333333333335,154.05666666666664,0.5948133848133847
LPPT,2019-02-15,TXIT,290,1611.5166666666662,170.87666666666652,0.5892298850574708
LPPT,2019-02-15,TXOT,301,3674.033333333333,389.1466666666666,1.2928460686600218
LPPT,2019-02-16,TXIT,260,1338.7833333333333,123.94333333333324,0.47670512820512784
LPPT,2019-02-16,TXOT,255,2927.2,5.219999999999969,0.020470588235293994
LPPT,2019-02-17,TXIT,272,1426.9833333333331,185.49666666666658,0.681973039215686
LPPT,2019-02-17,TXOT,276,3783.616666666668,530.4066666666666,1.9217632850241544
LPPT,2019-02-18,TXIT,282,1582.383333333334,176.43333333333317,0.6256501182033091
LPPT,2019-02-18,TXOT,271,3277.316666666666,334.3399999999999,1.2337269372693724
LPPT,2019-02-19,TXIT,254,1505.2333333333343,241.6866666666665,0.9515223097112854
LPPT,2019-02-19,TXOT,254,2869.566666666666,107.93333333333328,0.42493438320209953
LPPT,2019-02-20,TXIT,253,1320.2000000000007,160.23333333333335,0.6333333333333334
LPPT,2019-02-20,TXOT,264,3118.6833333333357,-23.69000000000004,-0.08973484848484864
LPPT,2019-02-21,TXIT,276,1413.2333333333324,172.91333333333336,0.6264975845410629
LPPT,2019-02-21,TXOT,274,3357.0499999999984,83.12333333333335,0.30336982968369836
LPPT,2019-02-22,TXIT,293,1503.2499999999986,160.5000000000001,0.5477815699658707
LPPT,2019-02-22,TXOT,294,3642.483333333335,163.81333333333345,0.5571882086167804
LPPT,2019-02-23,TXIT,259,1407.4333333333332,150.41333333333344,0.5807464607464612
LPPT,2019-02-23,TXOT,255,2918.149999999997,93.52333333333331,0.36675816993464044
LPPT,2019-02-24,TXIT,271,1496.7166666666667,156.86,0.5788191881918819
LPPT,2019-02-24,TXOT,276,3212.4833333333327,189.5499999999999,0.6867753623188402
LPPT,2019-02-25,TXIT,282,1691.0333333333347,287.7666666666668,1.0204491725768328
LPPT,2019-02-25,TXOT,273,3094.400000000003,108.58333333333334,0.39774114774114777
LPPT,2019-02-26,TXIT,257,1448.1999999999996,215.79000000000005,0.839649805447471
LPPT,2019-02-26,TXOT,255,2885.5666666666684,-3.229999999999949,-0.012666666666666467
LPPT,2019-02-27,TXIT,254,1452.6333333333337,204.23999999999987,0.8040944881889759
LPPT,2019-02-27,TXOT,261,2976.3000000000015,110.23999999999995,0.4223754789272029
LPPT,2019-02-28,TXIT,277,1589.3666666666657,207.39000000000013,0.7487003610108308
LPPT,2019-02-28,TXOT,274,3348.55,359.33333333333314,1.3114355231143546
LPPT,2019-03-01,TXIT,295,1611.2999999999993,143.1366666666667,0.48520903954802275
LPPT,2019-03-01,TXOT,300,3629.45,349.53333333333325,1.1651111111111108
LPPT,2019-03-02,TXIT,267,1474.6166666666663,155.79666666666657,0.5835081148564291
LPPT,2019-03-02,TXOT,267,3121.3000000000025,189.87,0.711123595505618
LPPT,2019-03-03,TXIT,270,1416.2333333333327,243.48666666666648,0.9018024691358018
LPPT,2019-03-03,TXOT,276,3769.799999999999,379.6933333333335,1.375700483091788
LPPT,2019-03-04,TXIT,288,1441.9000000000005,157.63999999999996,0.547361111111111
LPPT,2019-03-04,TXOT,285,3559.633333333332,82.1533333333333,0.2882573099415203
LPPT,2019-03-05,TXIT,263,1261.3666666666659,158.60333333333327,0.6030544993662862
LPPT,2019-03-05,TXOT,255,3460.333333333333,223.85666666666657,0.8778692810457512
LPPT,2019-03-06,TXIT,268,1372.0666666666666,229.82333333333327,0.8575497512437809
LPPT,2019-03-06,TXOT,272,3740.0333333333333,304.72,1.1202941176470589
LPPT,2019-03-07,TXIT,273,1407.7333333333345,178.74999999999983,0.6547619047619041
LPPT,2019-03-07,TXOT,273,3406.0833333333344,125.3033333333333,0.45898656898656887
LPPT,2019-03-08,TXIT,301,1726.7999999999986,226.53333333333327,0.7526024363233663
LPPT,2019-03-08,TXOT,303,3907.683333333331,605.4699999999997,1.9982508250825073
LPPT,2019-03-09,TXIT,267,1521.6333333333323,204.90999999999994,0.767453183520599
LPPT,2019-03-09,TXOT,265,2998.5833333333317,87.37000000000002,0.3296981132075472
LPPT,2019-03-10,TXIT,285,1570.2499999999998,168.6866666666666,0.5918830409356723
LPPT,2019-03-10,TXOT,288,3394.9333333333343,223.53999999999976,0.7761805555555548
LPPT,2019-03-11,TXIT,292,1648.1833333333323,189.2166666666667,0.648002283105023
LPPT,2019-03-11,TXOT,285,3244.900000000001,152.67333333333326,0.5356959064327483
LPPT,2019-03-12,TXIT,263,1448.7333333333333,136.76,0.52
LPPT,2019-03-12,TXOT,253,3004.3666666666654,244.00333333333325,0.9644400527009219
LPPT,2019-03-13,TXIT,244,1309.2499999999995,99.87999999999991,0.4093442622950816
LPPT,2019-03-13,TXOT,256,2929.5833333333326,149.36999999999992,0.5834765624999997
LPPT,2019-03-14,TXIT,262,1461.8333333333321,154.8966666666666,0.5912086513994907
LPPT,2019-03-14,TXOT,266,3099.233333333335,198.65999999999988,0.7468421052631574
LPPT,2019-03-15,TXIT,304,1741.0666666666673,234.5566666666665,0.7715679824561398
LPPT,2019-03-15,TXOT,300,3676.333333333334,418.8233333333332,1.3960777777777773
LPPT,2019-03-16,TXIT,264,1502.683333333333,199.3933333333332,0.7552777777777773
LPPT,2019-03-16,TXOT,263,3130.6000000000013,244.6533333333332,0.9302408111533581
LPPT,2019-03-17,TXIT,282,1660.666666666667,273.7566666666667,0.9707683215130025
LPPT,2019-03-17,TXOT,286,3279.516666666668,156.21333333333328,0.546200466200466
LPPT,2019-03-18,TXIT,291,1674.7499999999995,227.6933333333332,0.7824513172966776
LPPT,2019-03-18,TXOT,284,3426.2499999999986,338.92666666666645,1.1934037558685437
LPPT,2019-03-19,TXIT,263,1543.3500000000008,259.05000000000007,0.9849809885931562
LPPT,2019-03-19,TXOT,261,3287.383333333332,425.8199999999997,1.631494252873562
LPPT,2019-03-20,TXIT,265,1511.7166666666665,198.51333333333315,0.749106918238993
LPPT,2019-03-20,TXOT,276,3225.7166666666676,222.4833333333333,0.806099033816425
LPPT,2019-03-21,TXIT,268,1500.6666666666674,168.98333333333323,0.6305348258706464
LPPT,2019-03-21,TXOT,268,3055.4666666666653,145.84666666666664,0.5442039800995023
LPPT,2019-03-22,TXIT,300,1735.2333333333336,243.44666666666663,0.8114888888888888
LPPT,2019-03-22,TXOT,297,3570.5666666666643,346.42666666666685,1.1664197530864204
LPPT,2019-03-23,TXIT,256,1435.8333333333326,161.31666666666672,0.6301432291666669
LPPT,2019-03-23,TXOT,257,2918.0666666666675,131.57000000000002,0.5119455252918289
LPPT,2019-03-24,TXIT,282,1627.8499999999997,254.58999999999997,0.9028014184397162
LPPT,2019-03-24,TXOT,284,3375.399999999999,241.83666666666622,0.8515375586854445
LPPT,2019-03-25,TXIT,300,1837.0666666666666,338.70333333333326,1.129011111111111
LPPT,2019-03-25,TXOT,293,3428.016666666668,250.7566666666667,0.8558248009101252
LPPT,2019-03-26,TXIT,264,1473.5166666666667,168.94333333333327,0.6399368686868685
LPPT,2019-03-26,TXOT,263,3131.266666666666,282.0933333333332,1.0725982256020274
LPPT,2019-03-27,TXIT,270,1591.083333333334,258.57333333333327,0.9576790123456788
LPPT,2019-03-27,TXOT,283,3162.616666666664,82.9266666666667,0.2930270906949354
LPPT,2019-03-28,TXIT,280,1711.216666666668,324.63666666666677,1.159416666666667
LPPT,2019-03-28,TXOT,274,3291.9833333333327,302.31999999999994,1.1033576642335765
LPPT,2019-03-29,TXIT,298,1742.3833333333318,260.19333333333327,0.8731319910514539
LPPT,2019-03-29,TXOT,305,3655.616666666666,323.1999999999999,1.0596721311475406
LPPT,2019-03-30,TXIT,260,1439.983333333334,155.53333333333322,0.5982051282051277
LPPT,2019-03-30,TXOT,257,2984.299999999999,170.05666666666642,0.6616990920881962
LPPT,2019-03-31,TXIT,304,1741.3333333333342,237.79666666666648,0.7822258771929819
LPPT,2019-03-31,TXOT,304,3701.6166666666627,361.6033333333331,1.1894846491228064
LPPT,2019-04-01,TXIT,312,1801.6666666666665,247.46000000000004,0.7931410256410257
LPPT,2019-04-01,TXOT,311,3695.866666666667,295.26666666666677,0.9494105037513401
LPPT,2019-04-02,TXIT,298,1691.2833333333333,221.84666666666664,0.7444519015659954
LPPT,2019-04-02,TXOT,295,3584.000000000002,342.0033333333336,1.1593333333333342
LPPT,2019-04-03,TXIT,292,1658.7499999999995,207.08000000000007,0.709178082191781
LPPT,2019-04-03,TXOT,296,3548.9833333333354,323.7099999999997,1.0936148648648638
LPPT,2019-04-04,TXIT,304,1656.9666666666674,251.34999999999994,0.8268092105263156
LPPT,2019-04-04,TXOT,298,3915.283333333337,474.36333333333334,1.5918232662192393
LPPT,2019-04-05,TXIT,314,1605.9666666666665,274.52666666666653,0.8742887473460718
LPPT,2019-04-05,TXOT,323,4843.583333333336,760.8100000000005,2.3554489164086703
LPPT,2019-04-06,TXIT,309,1520.4999999999998,199.8866666666666,0.6468824163969793
LPPT,2019-04-06,TXOT,308,4577.783333333334,690.1933333333336,2.240887445887447
LPPT,2019-04-07,TXIT,313,1553.9666666666665,214.41666666666688,0.6850372736954213
LPPT,2019-04-07,TXOT,310,4683.033333333333,776.7399999999998,2.505612903225806
LPPT,2019-04-08,TXIT,310,1521.5499999999995,209.75000000000006,0.6766129032258066
LPPT,2019-04-08,TXOT,309,4249.383333333332,366.8633333333331,1.1872599784250262
LPPT,2019-04-09,TXIT,310,1663.1833333333334,212.89333333333326,0.6867526881720428
LPPT,2019-04-09,TXOT,306,3969.8666666666672,327.30666666666673,1.06962962962963
LPPT,2019-04-10,TXIT,304,1725.2666666666664,232.16000000000005,0.763684210526316
LPPT,2019-04-10,TXOT,311,3857.1666666666656,442.52666666666676,1.4229153269024655
LPPT,2019-04-11,TXIT,319,1794.6333333333325,218.98666666666662,0.6864785788923718
LPPT,2019-04-11,TXOT,315,3885.549999999997,479.70333333333326,1.5228677248677247
LPPT,2019-04-12,TXIT,322,1946.8,357.6966666666666,1.1108592132505173
LPPT,2019-04-12,TXOT,327,4125.9000000000005,524.6133333333333,1.604322120285423
LPPT,2019-04-13,TXIT,309,1519.083333333334,191.22000000000008,0.618834951456311
LPPT,2019-04-13,TXOT,311,4372.6,442.9933333333333,1.4244158628081456
LPPT,2019-04-14,TXIT,314,1566.599999999999,227.48666666666668,0.7244798301486199
LPPT,2019-04-14,TXOT,313,4676.58333333333,690.9033333333333,2.2073588924387644
LPPT,2019-04-15,TXIT,324,1666.2999999999993,192.00333333333336,0.5926028806584362
LPPT,2019-04-15,TXOT,312,3999.133333333331,252.66333333333318,0.8098183760683756
LPPT,2019-04-16,TXIT,300,1634.4833333333324,264.5766666666667,0.8819222222222224
LPPT,2019-04-16,TXOT,311,3853.333333333335,177.6233333333333,0.5711361200428724
LPPT,2019-04-17,TXIT,310,1562.7999999999997,246.23333333333338,0.7943010752688173
LPPT,2019-04-17,TXOT,309,4380.316666666667,450.4766666666664,1.4578532901833865
LPPT,2019-04-18,TXIT,310,1698.1,273.02,0.8807096774193548
LPPT,2019-04-18,TXOT,311,4033.050000000001,358.3900000000002,1.1523794212218657
LPPT,2019-04-19,TXIT,325,1916.4833333333331,316.9766666666667,0.9753128205128205
LPPT,2019-04-19,TXOT,327,4238.483333333334,613.9000000000003,1.8773700305810408
LPPT,2019-04-20,TXIT,313,1812.9833333333336,273.23000000000025,0.8729392971246014
LPPT,2019-04-20,TXOT,310,3943.6333333333355,525.0066666666669,1.693569892473119
LPPT,2019-04-21,TXIT,316,1871.9333333333332,308.5900000000002,0.976550632911393
LPPT,2019-04-21,TXOT,315,4007.8833333333328,546.1533333333332,1.7338201058201055
LPPT,2019-04-22,TXIT,320,1724.116666666667,264.99333333333345,0.8281041666666671
LPPT,2019-04-22,TXOT,319,4550.333333333334,756.9733333333332,2.372957157784744
LPPT,2019-04-23,TXIT,319,1635.816666666667,228.50000000000006,0.7163009404388716
LPPT,2019-04-23,TXOT,320,4606.6666666666615,702.2299999999999,2.1944687499999995
LPPT,2019-04-24,TXIT,304,1486.0499999999993,195.39000000000001,0.6427302631578948
LPPT,2019-04-24,TXOT,304,4485.833333333332,628.896666666667,2.06873903508772
LPPT,2019-04-25,TXIT,307,1536.1333333333328,220.7466666666667,0.7190445168295332
LPPT,2019-04-25,TXOT,305,4318.183333333335,488.50999999999993,1.6016721311475408
LPPT,2019-04-26,TXIT,315,1782.3,226.72999999999993,0.7197777777777775
LPPT,2019-04-26,TXOT,319,4142.933333333337,637.3800000000002,1.998056426332289
LPPT,2019-04-27,TXIT,312,1754.9166666666663,216.60333333333315,0.6942414529914525
LPPT,2019-04-27,TXOT,313,3834.3833333333337,391.9333333333333,1.2521831735889242
LPPT,2019-04-28,TXIT,310,1716.3500000000001,181.5699999999999,0.5857096774193545
LPPT,2019-04-28,TXOT,313,3897.466666666665,441.5800000000003,1.4107987220447296
LPPT,2019-04-29,TXIT,320,1833.650000000001,253.7066666666666,0.7928333333333331
LPPT,2019-04-29,TXOT,314,3919.483333333333,454.3766666666667,1.447059447983015
LPPT,2019-04-30,TXIT,308,1772.716666666667,237.54666666666662,0.7712554112554111
LPPT,2019-04-30,TXOT,304,3718.0833333333326,388.15666666666664,1.2768311403508772
LPPT,2019-05-01,TXIT,301,1677.4999999999984,196.8133333333332,0.6538648947951269
LPPT,2019-05-01,TXOT,304,4082.9500000000016,750.8500000000004,2.4699013157894747
LPPT,2019-05-02,TXIT,310,1757.2999999999993,221.4566666666667,0.7143763440860217
LPPT,2019-05-02,TXOT,309,3701.6333333333337,335.5199999999998,1.085825242718446
LPPT,2019-05-03,TXIT,325,1896.8833333333328,303.49666666666684,0.933835897435898
LPPT,2019-05-03,TXOT,326,4176.283333333334,574.0133333333335,1.7607770961145202
LPPT,2019-05-04,TXIT,310,1790.8333333333321,258.6033333333332,0.8342043010752683
LPPT,2019-05-04,TXOT,312,3835.7833333333333,403.14,1.2921153846153846
LPPT,2019-05-05,TXIT,324,1778.4333333333332,220.21,0.6796604938271605
LPPT,2019-05-05,TXOT,322,4083.466666666667,459.50999999999976,1.427049689440993
LPPT,2019-05-06,TXIT,322,1826.833333333334,255.54666666666657,0.7936231884057968
LPPT,2019-05-06,TXOT,323,3947.016666666665,409.18333333333305,1.2668214654282757
LPPT,2019-05-07,TXIT,316,1601.7999999999995,250.88999999999987,0.7939556962025313
LPPT,2019-05-07,TXOT,310,4457.300000000004,546.8066666666662,1.763892473118278
LPPT,2019-05-08,TXIT,313,1532.0000000000007,202.23333333333323,0.646112886048988
LPPT,2019-05-08,TXOT,317,4374.333333333333,357.5066666666668,1.1277812828601474
LPPT,2019-05-09,TXIT,290,1513.316666666666,300.14333333333315,1.0349770114942523
LPPT,2019-05-09,TXOT,287,4178.183333333336,493.48999999999995,1.7194773519163762
LPPT,2019-05-10,TXIT,325,1778.7333333333322,294.31333333333333,0.9055794871794872
LPPT,2019-05-10,TXOT,330,4575.766666666668,589.0633333333334,1.7850404040404042
LPPT,2019-05-11,TXIT,320,1806.8333333333346,224.07999999999987,0.7002499999999996
LPPT,2019-05-11,TXOT,316,4084.2166666666653,589.5433333333333,1.8656434599156118
LPPT,2019-05-12,TXIT,315,1819.4166666666667,267.0766666666663,0.8478624338624328
LPPT,2019-05-12,TXOT,319,4194.216666666668,672.6833333333332,2.1087251828631133
LPPT,2019-05-13,TXIT,320,1831.0166666666655,239.73333333333318,0.7491666666666662
LPPT,2019-05-13,TXOT,319,4056.7333333333368,554.5666666666667,1.7384535005224662
LPPT,2019-05-14,TXIT,310,1735.533333333333,274.19,0.884483870967742
LPPT,2019-05-14,TXOT,306,3893.033333333331,346.7666666666664,1.133224400871459
LPPT,2019-05-15,TXIT,305,1766.2999999999995,249.7799999999998,0.8189508196721305
LPPT,2019-05-15,TXOT,309,3602.3333333333335,235.0666666666665,0.7607335490830631
LPPT,2019-05-16,TXIT,311,1821.9166666666656,271.28333333333353,0.8722936763129695
LPPT,2019-05-16,TXOT,310,3660.4999999999986,301.1099999999997,0.9713225806451602
LPPT,2019-05-17,TXIT,321,1822.0333333333335,234.81333333333353,0.731505711318796
LPPT,2019-05-17,TXOT,325,4179.8,632.7566666666669,1.9469435897435905
LPPT,2019-05-18,TXIT,314,1816.2000000000007,257.01666666666654,0.8185244161358807
LPPT,2019-05-18,TXOT,310,3684.3166666666643,278.45666666666665,0.8982473118279569
LPPT,2019-05-19,TXIT,319,1823.0499999999997,263.45,0.8258620689655172
LPPT,2019-05-19,TXOT,316,3832.283333333332,319.46333333333337,1.0109599156118145
LPPT,2019-05-20,TXIT,320,1821.0000000000011,236.84666666666655,0.740145833333333
LPPT,2019-05-20,TXOT,319,3961.983333333333,469.9999999999999,1.4733542319749213
LPPT,2019-05-21,TXIT,303,1778.2499999999995,272.5299999999999,0.8994389438943892
LPPT,2019-05-21,TXOT,302,3669.5166666666664,360.35000000000014,1.1932119205298017
LPPT,2019-05-22,TXIT,308,1757.2833333333342,231.26333333333324,0.750854978354978
LPPT,2019-05-22,TXOT,310,3667.7833333333324,278.8533333333332,0.8995268817204296
LPPT,2019-05-23,TXIT,316,1778.8500000000001,220.29000000000008,0.6971202531645572
LPPT,2019-05-23,TXOT,319,3988.2833333333333,501.54333333333335,1.5722361546499477
LPPT,2019-05-24,TXIT,322,1843.966666666666,245.9266666666665,0.7637474120082811
LPPT,2019-05-24,TXOT,326,4116.049999999998,547.9100000000003,1.6807055214723936
LPPT,2019-05-25,TXIT,316,1818.0833333333326,250.15666666666664,0.7916350210970463
LPPT,2019-05-25,TXOT,310,3786.0499999999984,378.5166666666666,1.2210215053763438
LPPT,2019-05-26,TXIT,322,1871.6166666666677,285.10999999999984,0.8854347826086951
LPPT,2019-05-26,TXOT,326,4241.56666666667,645.5233333333329,1.980132924335377
LPPT,2019-05-27,TXIT,324,1897.2166666666667,287.2400000000001,0.8865432098765436
LPPT,2019-05-27,TXOT,319,4054.883333333333,545.8066666666666,1.710992685475444
LPPT,2019-05-28,TXIT,309,1733.7333333333343,193.40666666666655,0.6259115426105714
LPPT,2019-05-28,TXOT,305,3664.1666666666665,350.43333333333334,1.14896174863388
LPPT,2019-05-29,TXIT,310,1778.2833333333338,239.58999999999995,0.7728709677419353
LPPT,2019-05-29,TXOT,322,3993.6,483.9299999999999,1.5028881987577636
LPPT,2019-05-30,TXIT,323,1902.4999999999995,299.04333333333346,0.9258307533539736
LPPT,2019-05-30,TXOT,315,3911.3333333333326,470.1999999999997,1.4926984126984117
LPPT,2019-05-31,TXIT,321,1807.8499999999979,251.48,0.7834267912772586
LPPT,2019-05-31,TXOT,320,4212.816666666668,599.7733333333333,1.8742916666666667
LPPT,2019-06-01,TXIT,320,1802.1833333333323,343.7566666666666,1.0742395833333331
LPPT,2019-06-01,TXOT,325,4350.116666666664,382.3866666666667,1.1765743589743591
LPPT,2019-06-02,TXIT,325,1840.65,235.26333333333338,0.7238871794871796
LPPT,2019-06-02,TXOT,328,4089.449999999997,457.43666666666644,1.3946239837398366
LPPT,2019-06-03,TXIT,326,1791.3499999999995,184.47000000000003,0.5658588957055215
LPPT,2019-06-03,TXOT,318,3964.9333333333343,469.30666666666673,1.4758071278825997
LPPT,2019-06-04,TXIT,320,1750.083333333333,216.47333333333333,0.6764791666666666
LPPT,2019-06-04,TXOT,320,4095.583333333335,451.7300000000002,1.4116562500000005
LPPT,2019-06-05,TXIT,313,1836.3666666666663,288.0833333333332,0.9203940362087323
LPPT,2019-06-05,TXOT,321,4082.866666666669,568.1633333333333,1.7699792315680165
LPPT,2019-06-06,TXIT,321,1646.8333333333335,225.75666666666663,0.7032917964693665
LPPT,2019-06-06,TXOT,319,4454.316666666668,505.2233333333337,1.5837722048066887
LPPT,2019-06-07,TXIT,324,1811.7333333333336,212.79666666666665,0.6567798353909464
LPPT,2019-06-07,TXOT,328,4020.466666666666,417.01666666666665,1.271392276422764
LPPT,2019-06-08,TXIT,327,1969.6499999999996,346.5966666666665,1.0599286442405704
LPPT,2019-06-08,TXOT,327,4224.283333333332,649.5966666666666,1.9865341488277266
LPPT,2019-06-09,TXIT,329,1860.5666666666668,237.13666666666666,0.7207801418439715
LPPT,2019-06-09,TXOT,329,4180.45,549.6099999999997,1.670547112462005
LPPT,2019-06-10,TXIT,334,1877.633333333334,226.24666666666653,0.6773852295409177
LPPT,2019-06-10,TXOT,325,4073.450000000002,497.4433333333334,1.5305948717948719
LPPT,2019-06-11,TXIT,317,1805.8500000000001,223.49999999999994,0.7050473186119872
LPPT,2019-06-11,TXOT,319,4202.500000000001,719.82,2.256489028213166
LPPT,2019-06-12,TXIT,318,1814.2333333333338,244.18999999999977,0.7678930817610056
LPPT,2019-06-12,TXOT,320,4379.233333333332,870.5999999999999,2.7206249999999996
LPPT,2019-06-13,TXIT,326,1854.7000000000007,239.10999999999987,0.7334662576687112
LPPT,2019-06-13,TXOT,320,4051.8333333333326,558.0233333333337,1.7438229166666677
LPPT,2019-06-14,TXIT,327,1593.0499999999997,197.97666666666657,0.6054332313965338
LPPT,2019-06-14,TXOT,329,4562.9000000000015,399.08333333333326,1.2130192502532926
LPPT,2019-06-15,TXIT,320,1745.4833333333315,183.83666666666667,0.5744895833333333
LPPT,2019-06-15,TXOT,331,3944.950000000001,219.18333333333328,0.6621852970795568
LPPT,2019-06-16,TXIT,340,1916.849999999998,226.4399999999998,0.6659999999999994
LPPT,2019-06-16,TXOT,334,4194.533333333335,508.0366666666666,1.5210678642714568
LPPT,2019-06-17,TXIT,340,1740.9999999999998,218.2699999999998,0.6419705882352935
LPPT,2019-06-17,TXOT,336,4601.0499999999975,513.3266666666666,1.5277579365079363
LPPT,2019-06-18,TXIT,331,1709.3000000000004,299.88000000000017,0.905981873111783
LPPT,2019-06-18,TXOT,330,5451.066666666665,1226.853333333334,3.7177373737373753
LPPT,2019-06-19,TXIT,327,1708.7000000000003,274.97666666666646,0.8409072375127414
LPPT,2019-06-19,TXOT,328,4546.883333333332,496.6666666666668,1.5142276422764231
LPPT,2019-06-20,TXIT,336,1926.3333333333328,262.36666666666645,0.7808531746031739
LPPT,2019-06-20,TXOT,335,4256.7666666666655,564.2366666666666,1.6842885572139301
LPPT,2019-06-21,TXIT,340,2034.4000000000008,353.91333333333324,1.0409215686274507
LPPT,2019-06-21,TXOT,341,4529.233333333329,788.3433333333335,2.3118572825024444
LPPT,2019-06-22,TXIT,328,1763.8166666666666,289.66999999999996,0.883140243902439
LPPT,2019-06-22,TXOT,333,4799.200000000002,768.5800000000002,2.3080480480480485
LPPT,2019-06-23,TXIT,330,1838.6166666666657,422.75666666666626,1.281080808080807
LPPT,2019-06-23,TXOT,329,5175.016666666669,939.7299999999999,2.8563221884498478
LPPT,2019-06-24,TXIT,347,1934.8000000000015,269.10333333333347,0.7755139289145057
LPPT,2019-06-24,TXOT,340,4256.133333333334,389.0500000000003,1.1442647058823538
LPPT,2019-06-25,TXIT,332,1864.833333333333,276.7166666666667,0.833483935742972
LPPT,2019-06-25,TXOT,334,4410.516666666667,573.713333333333,1.7177045908183624
LPPT,2019-06-26,TXIT,335,1981.383333333333,323.8666666666666,0.9667661691542287
LPPT,2019-06-26,TXOT,339,4312.316666666665,586.7099999999999,1.7307079646017698
LPPT,2019-06-27,TXIT,340,1794.2666666666667,308.4933333333333,0.9073333333333332
LPPT,2019-06-27,TXOT,341,4601.416666666668,359.6366666666668,1.0546529814271755
LPPT,2019-06-28,TXIT,345,2007.7000000000023,300.77666666666676,0.8718164251207732
LPPT,2019-06-28,TXOT,345,4413.449999999998,632.59,1.8335942028985508
LPPT,2019-06-29,TXIT,332,1982.8666666666672,339.04333333333346,1.0212148594377515
LPPT,2019-06-29,TXOT,336,4158.083333333331,460.9966666666671,1.3720138888888902
LPPT,2019-06-30,TXIT,344,2038.233333333333,338.4666666666667,0.9839147286821707
LPPT,2019-06-30,TXOT,342,4466.016666666666,688.0133333333333,2.0117348927875245
LPPT,2019-07-01,TXIT,348,2168.7833333333356,443.67333333333335,1.2749233716475097
LPPT,2019-07-01,TXOT,345,4377.2666666666655,616.4766666666663,1.7868888888888879
LPPT,2019-07-02,TXIT,333,1918.416666666667,257.4333333333333,0.7730730730730729
LPPT,2019-07-02,TXOT,333,4035.600000000002,384.8066666666663,1.1555755755755743
LPPT,2019-07-03,TXIT,328,1715.0333333333335,263.84666666666664,0.804410569105691
LPPT,2019-07-03,TXOT,330,4510.333333333331,454.09333333333336,1.3760404040404042
LPPT,2019-07-04,TXIT,334,1688.5666666666666,265.8733333333334,0.7960279441117766
LPPT,2019-07-04,TXOT,340,4782.366666666672,445.4633333333333,1.3101862745098038
LPPT,2019-07-05,TXIT,347,1657.016666666666,196.30333333333343,0.5657156580211338
LPPT,2019-07-05,TXOT,343,4899.883333333336,507.32666666666665,1.479086491739553
LPPT,2019-07-06,TXIT,328,1597.833333333333,192.48999999999998,0.5868597560975609
LPPT,2019-07-06,TXOT,336,4796.616666666668,517.3733333333337,1.5398015873015882
LPPT,2019-07-07,TXIT,339,1897.216666666666,270.6766666666664,0.7984562438544731
LPPT,2019-07-07,TXOT,338,4687.666666666662,826.3500000000005,2.444822485207102
LPPT,2019-07-08,TXIT,349,2047.2666666666657,312.31666666666666,0.8948901623686724
LPPT,2019-07-08,TXOT,343,4433.8499999999995,681.58,1.9871137026239067
LPPT,2019-07-09,TXIT,331,1898.2666666666673,251.9733333333333,0.7612487411883181
LPPT,2019-07-09,TXOT,329,4268.916666666663,672.5033333333334,2.044083080040527
LPPT,2019-07-10,TXIT,333,1908.5500000000013,263.3966666666665,0.7909809809809805
LPPT,2019-07-10,TXOT,336,4520.283333333335,830.0300000000008,2.470327380952383
LPPT,2019-07-11,TXIT,337,1877.8166666666664,200.95333333333315,0.5963006923837779
LPPT,2019-07-11,TXOT,340,4478.716666666669,760.2500000000003,2.236029411764707
LPPT,2019-07-12,TXIT,334,1688.5833333333328,250.27000000000027,0.7493113772455098
LPPT,2019-07-12,TXOT,336,4930.433333333336,670.926666666667,1.9968055555555564
LPPT,2019-07-13,TXIT,329,1728.1833333333345,318.6066666666665,0.9684093211752781
LPPT,2019-07-13,TXOT,333,4957.683333333331,717.2933333333339,2.154034034034036
LPPT,2019-07-14,TXIT,339,1866.8333333333323,284.33666666666664,0.8387512291052114
LPPT,2019-07-14,TXOT,337,4572.749999999999,594.0866666666667,1.762868447082097
LPPT,2019-07-15,TXIT,354,2082.750000000001,318.93333333333317,0.9009416195856869
LPPT,2019-07-15,TXOT,345,4444.966666666667,633.5533333333334,1.836386473429952
LPPT,2019-07-16,TXIT,333,1929.0000000000016,267.49333333333317,0.8032832832832828
LPPT,2019-07-16,TXOT,329,4083.3500000000004,475.81999999999994,1.4462613981762915
LPPT,2019-07-17,TXIT,333,1897.6333333333328,251.39666666666662,0.7549449449449448
LPPT,2019-07-17,TXOT,340,4624.983333333336,876.456666666667,2.577813725490197
LPPT,2019-07-18,TXIT,337,2037.0833333333335,358.1433333333331,1.0627398615232435
LPPT,2019-07-18,TXOT,335,4561.333333333333,881.8600000000005,2.6324179104477627
LPPT,2019-07-19,TXIT,342,1963.1833333333352,270.39000000000004,0.7906140350877194
LPPT,2019-07-19,TXOT,344,4458.0166666666655,664.7300000000001,1.9323546511627911
LPPT,2019-07-20,TXIT,330,1888.116666666667,256.18999999999994,0.7763333333333332
LPPT,2019-07-20,TXOT,333,4233.300000000001,576.95,1.7325825825825827
LPPT,2019-07-21,TXIT,339,1983.4499999999991,300.3666666666667,0.8860373647984268
LPPT,2019-07-21,TXOT,340,4374.616666666666,624.4700000000003,1.8366764705882361
LPPT,2019-07-22,TXIT,349,2096.466666666668,353.84666666666647,1.013887297039159
LPPT,2019-07-22,TXOT,348,4388.716666666665,570.7166666666668,1.639990421455939
LPPT,2019-07-23,TXIT,335,1920.1333333333334,252.42666666666648,0.7535124378109447
LPPT,2019-07-23,TXOT,330,4105.150000000004,493.3533333333329,1.4950101010100998
LPPT,2019-07-24,TXIT,325,1904.9166666666658,335.06999999999977,1.0309846153846147
LPPT,2019-07-24,TXOT,331,4544.899999999999,812.1466666666664,2.4536153071500495
LPPT,2019-07-25,TXIT,335,1790.3833333333334,244.8699999999999,0.7309552238805966
LPPT,2019-07-25,TXOT,335,4524.083333333337,537.6066666666671,1.604796019900499
LPPT,2019-07-26,TXIT,338,1888.0999999999992,216.31333333333328,0.6399802761341221
LPPT,2019-07-26,TXOT,337,4246.316666666664,524.176666666667,1.5554203758654805
LPPT,2019-07-27,TXIT,336,1793.1499999999999,212.4766666666667,0.6323710317460318
LPPT,2019-07-27,TXOT,339,4394.399999999996,476.34333333333325,1.4051425762045229
LPPT,2019-07-28,TXIT,343,1948.7,259.4466666666666,0.7564042759961126
LPPT,2019-07-28,TXOT,338,4318.0499999999965,601.16,1.7785798816568046
LPPT,2019-07-29,TXIT,350,2074.2166666666676,338.30333333333317,0.9665809523809519
LPPT,2019-07-29,TXOT,347,4625.416666666669,819.8700000000005,2.362737752161385
LPPT,2019-07-30,TXIT,337,2062.599999999999,382.4633333333332,1.134906033630069
LPPT,2019-07-30,TXOT,339,4634.983333333333,888.71000000000015,2.621563421828909
LPPT,2019-07-31,TXIT,334,1986.6000000000001,326.2999999999998,0.9769461077844305
LPPT,2019-07-31,TXOT,333,4584.466666666668,933.63,2.8036936936936936
LPPT,2019-08-01,TXIT,341,1959.683333333334,265.1733333333332,0.77763440860215
LPPT,2019-08-01,TXOT,344,4325.7,557.4333333333333,1.6204457364341083
LPPT,2019-08-02,TXIT,339,1906.6833333333327,219.06999999999985,0.64622418879056
LPPT,2019-08-02,TXOT,337,4266.0166666666655,580.6366666666668,1.7229574678536106
LPPT,2019-08-03,TXIT,328,1904.3999999999996,278.3999999999999,0.8487804878048778
LPPT,2019-08-03,TXOT,334,4066.9499999999975,376.1400000000001,1.1261676646706589
LPPT,2019-08-04,TXIT,340,1938.7500000000002,270.11333333333306,0.794450980392156
LPPT,2019-08-04,TXOT,334,4291.366666666666,581.9766666666667,1.7424451097804392
LPPT,2019-08-05,TXIT,345,2012.8166666666664,297.01666666666677,0.8609178743961355
LPPT,2019-08-05,TXOT,342,4470.833333333331,729.6233333333336,2.1334015594541915
LPPT,2019-08-06,TXIT,329,1899.7500000000007,262.40333333333325,0.7975785207700099
LPPT,2019-08-06,TXOT,331,4153.1,524.1133333333333,1.583423967774421
LPPT,2019-08-07,TXIT,336,1702.166666666665,250.07,0.7442559523809523
LPPT,2019-08-07,TXOT,334,5049.716666666668,792.163333333333,2.371746506986027
LPPT,2019-08-08,TXIT,308,1691.2666666666673,377.1400000000001,1.2244805194805197
LPPT,2019-08-08,TXOT,315,5118.466666666667,1031.9600000000003,3.276063492063493
LPPT,2019-08-09,TXIT,353,1957.8333333333346,330.95666666666676,0.9375542965061381
LPPT,2019-08-09,TXOT,349,4771.5666666666675,595.1066666666667,1.7051766953199619
LPPT,2019-08-10,TXIT,335,1943.0166666666669,277.72,0.8290149253731344
LPPT,2019-08-10,TXOT,337,4278.55,570.4666666666666,1.6927794263105833
LPPT,2019-08-11,TXIT,335,1905.6166666666654,249.2266666666666,0.7439601990049749
LPPT,2019-08-11,TXOT,335,4244.883333333335,545.7799999999999,1.629194029850746
LPPT,2019-08-12,TXIT,344,1990.6833333333343,279.9533333333332,0.8138178294573639
LPPT,2019-08-12,TXOT,338,4460.783333333336,750.9333333333335,2.2216962524654837
LPPT,2019-08-13,TXIT,330,1976.166666666667,332.05666666666684,1.0062323232323238
LPPT,2019-08-13,TXOT,335,4380.06666666667,719.5466666666665,2.1479004975124374
LPPT,2019-08-14,TXIT,332,1985.4000000000008,339.3533333333333,1.02214859437751
LPPT,2019-08-14,TXOT,335,4312.566666666666,637.1366666666665,1.9019004975124374
LPPT,2019-08-15,TXIT,331,1878.9666666666667,237.9333333333333,0.7188318227593151
LPPT,2019-08-15,TXOT,327,4155.350000000002,572.5899999999995,1.7510397553516803
LPPT,2019-08-16,TXIT,335,1932.8999999999971,283.5133333333332,0.8463084577114424
LPPT,2019-08-16,TXOT,335,4358.8666666666695,665.3933333333333,1.9862487562189055
LPPT,2019-08-17,TXIT,329,1949.5166666666657,320.8366666666667,0.9751874366767985
LPPT,2019-08-17,TXOT,335,4200.783333333335,502.3333333333335,1.4995024875621894
LPPT,2019-08-18,TXIT,340,1978.7999999999995,300.0300000000001,0.8824411764705885
LPPT,2019-08-18,TXOT,337,4348.566666666665,611.0799999999998,1.8132937685459936
LPPT,2019-08-19,TXIT,346,1975.6666666666658,260.4100000000001,0.7526300578034685
LPPT,2019-08-19,TXOT,344,4194.233333333333,409.75333333333333,1.1911434108527132
LPPT,2019-08-20,TXIT,334,1894.0000000000005,234.39999999999984,0.7017964071856283
LPPT,2019-08-20,TXOT,333,4250.900000000002,580.4199999999997,1.7430030030030021
LPPT,2019-08-21,TXIT,331,1908.8499999999995,279.18666666666667,0.8434642497482376
LPPT,2019-08-21,TXOT,333,4386.116666666666,734.2000000000008,2.2048048048048074
LPPT,2019-08-22,TXIT,342,1996.2500000000005,287.8066666666665,0.8415399610136447
LPPT,2019-08-22,TXOT,342,4500.566666666664,772.3866666666668,2.258440545808967
LPPT,2019-08-23,TXIT,340,2055.899999999999,363.2633333333335,1.0684215686274514
LPPT,2019-08-23,TXOT,340,4263.483333333332,539.9133333333333,1.5879803921568627
LPPT,2019-08-24,TXIT,330,1832.783333333333,204.06,0.6183636363636363
LPPT,2019-08-24,TXOT,336,4278.350000000002,578.5566666666667,1.7218948412698414
LPPT,2019-08-25,TXIT,336,1920.5000000000023,262.7200000000001,0.7819047619047621
LPPT,2019-08-25,TXOT,336,4339.199999999998,629.9399999999998,1.874821428571428
LPPT,2019-08-26,TXIT,345,2017.1166666666666,338.13333333333344,0.9800966183574882
LPPT,2019-08-26,TXOT,341,4263.3499999999985,451.4500000000002,1.3239002932551327
LPPT,2019-08-27,TXIT,340,1967.416666666666,276.2199999999999,0.8124117647058821
LPPT,2019-08-27,TXOT,333,4062.1166666666677,421.3266666666665,1.2652452452452447
LPPT,2019-08-28,TXIT,330,1835.6000000000008,211.63666666666663,0.6413232323232322
LPPT,2019-08-28,TXOT,334,4319.316666666664,626.5633333333336,1.875938123752496
LPPT,2019-08-29,TXIT,337,1996.5166666666662,326.95333333333326,0.9701879327398613
LPPT,2019-08-29,TXOT,337,4626.066666666666,942.9633333333338,2.7981107814045516
LPPT,2019-08-30,TXIT,343,2073.149999999999,378.99999999999983,1.104956268221574
LPPT,2019-08-30,TXOT,343,4270.483333333333,502.7333333333333,1.4656948493683186
LPPT,2019-08-31,TXIT,325,1837.3500000000006,221.8033333333333,0.6824717948717948
LPPT,2019-08-31,TXOT,330,4079.383333333337,445.77999999999986,1.3508484848484845
LPPT,2019-09-01,TXIT,337,1965.150000000002,297.68999999999977,0.8833531157270023
LPPT,2019-09-01,TXOT,330,3955.3000000000025,300.1499999999998,0.909545454545454
LPPT,2019-09-02,TXIT,343,1943.1999999999985,303.72666666666646,0.8855004859086486
LPPT,2019-09-02,TXOT,343,4493.083333333332,532.6100000000002,1.5527988338192427
LPPT,2019-09-03,TXIT,331,1885.1666666666663,317.62666666666627,0.9595971802618316
LPPT,2019-09-03,TXOT,328,4515.816666666667,708.2866666666667,2.1594105691056913
LPPT,2019-09-04,TXIT,329,1938.5833333333337,304.4166666666667,0.9252786220871327
LPPT,2019-09-04,TXOT,330,4483.666666666668,866.4233333333337,2.6255252525252537
LPPT,2019-09-05,TXIT,341,1993.883333333333,295.3133333333332,0.8660215053763437
LPPT,2019-09-05,TXOT,342,4487.799999999999,763.5400000000011,2.232573099415208
LPPT,2019-09-06,TXIT,331,2002.0666666666666,362.8133333333335,1.0961127895266873
LPPT,2019-09-06,TXOT,329,4231.9000000000005,612.8133333333333,1.8626545086119553
LPPT,2019-09-07,TXIT,320,1763.7166666666667,264.49333333333334,0.8265416666666667
LPPT,2019-09-07,TXOT,328,4321.766666666662,503.1333333333333,1.5339430894308943
LPPT,2019-09-08,TXIT,346,1775.85,189.10000000000008,0.5465317919075147
LPPT,2019-09-08,TXOT,340,4679.116666666664,542.6466666666668,1.5960196078431375
LPPT,2019-09-09,TXIT,341,1907.916666666667,211.37666666666664,0.6198729227761485
LPPT,2019-09-09,TXOT,336,4302.733333333336,643.973333333333,1.9165873015873007
LPPT,2019-09-10,TXIT,326,1846.2999999999993,231.17999999999986,0.7091411042944781
LPPT,2019-09-10,TXOT,328,4117.083333333331,517.9333333333336,1.5790650406504074
LPPT,2019-09-11,TXIT,330,1854.5833333333342,232.7566666666663,0.7053232323232311
LPPT,2019-09-11,TXOT,327,4410.966666666667,809.956666666666,2.4769317023445443
LPPT,2019-09-12,TXIT,339,2057.5833333333344,380.99333333333317,1.1238741396263516
LPPT,2019-09-12,TXOT,343,4450.583333333335,682.21,1.9889504373177844
LPPT,2019-09-13,TXIT,340,1930.333333333333,239.0633333333337,0.7031274509803932
LPPT,2019-09-13,TXOT,338,4307.9000000000005,596.5299999999999,1.7648816568047334
LPPT,2019-09-14,TXIT,328,1820.8666666666668,191.45333333333323,0.5836991869918696
LPPT,2019-09-14,TXOT,334,3791.133333333331,137.35333333333338,0.41123752495009996
LPPT,2019-09-15,TXIT,341,1859.5166666666653,245.89000000000004,0.7210850439882699
LPPT,2019-09-15,TXOT,338,4299.716666666669,389.2066666666669,1.1514990138067067
LPPT,2019-09-16,TXIT,354,1736.3166666666682,220.39999999999995,0.6225988700564971
LPPT,2019-09-16,TXOT,341,4923.249999999998,601.3600000000004,1.7635190615835787
LPPT,2019-09-17,TXIT,324,1599.5000000000016,146.3633333333333,0.45173868312757187
LPPT,2019-09-17,TXOT,329,4626.983333333336,594.3966666666664,1.8066767983789254
LPPT,2019-09-18,TXIT,325,1833.9333333333318,306.59000000000003,0.9433538461538462
LPPT,2019-09-18,TXOT,331,4308.383333333335,405.4133333333333,1.2248136958710976
LPPT,2019-09-19,TXIT,342,1920.433333333334,221.0499999999999,0.6463450292397658
LPPT,2019-09-19,TXOT,335,4110.5999999999995,432.43333333333374,1.2908457711442798
LPPT,2019-09-20,TXIT,342,1763.1166666666668,288.66666666666663,0.8440545808966861
LPPT,2019-09-20,TXOT,342,5105.116666666663,779.6966666666666,2.2798148148148147
LPPT,2019-09-21,TXIT,321,1646.1166666666663,260.21333333333325,0.810633437175493
LPPT,2019-09-21,TXOT,334,5082.266666666667,870.7566666666667,2.607055888223553
LPPT,2019-09-22,TXIT,338,1837.7166666666662,238.94666666666666,0.7069428007889547
LPPT,2019-09-22,TXOT,334,4278.71666666667,408.55999999999983,1.2232335329341313
LPPT,2019-09-23,TXIT,342,1766.9166666666672,205.83333333333334,0.6018518518518519
LPPT,2019-09-23,TXOT,335,4520.500000000002,500.5366666666663,1.494139303482586
LPPT,2019-09-24,TXIT,322,1673.3666666666668,207.66666666666674,0.6449275362318843
LPPT,2019-09-24,TXOT,324,4656.933333333333,771.3266666666668,2.380637860082305
LPPT,2019-09-25,TXIT,322,1842.4166666666667,250.50000000000014,0.7779503105590067
LPPT,2019-09-25,TXOT,323,4070.3666666666636,506.09333333333336,1.5668524251805986
LPPT,2019-09-26,TXIT,335,1940.299999999999,284.6566666666669,0.8497213930348266
LPPT,2019-09-26,TXOT,331,4148.9,516.6766666666672,1.5609566968781485
LPPT,2019-09-27,TXIT,330,1952.1333333333325,331.9733333333334,1.0059797979797982
LPPT,2019-09-27,TXOT,334,4173.733333333333,513.7099999999998,1.5380538922155682
LPPT,2019-09-28,TXIT,324,1862.4666666666672,255.62666666666672,0.788971193415638
LPPT,2019-09-28,TXOT,332,4094.1166666666636,430.6633333333332,1.2971787148594374
LPPT,2019-09-29,TXIT,336,1935.2,268.2033333333332,0.798224206349206
LPPT,2019-09-29,TXOT,331,4084.9166666666656,437.83999999999924,1.3227794561933512
LPPT,2019-09-30,TXIT,329,1908.8666666666663,321.7766666666668,0.9780445795339416
LPPT,2019-09-30,TXOT,326,4415.85,745.5899999999998,2.2870858895705517
LPPT,2019-10-01,TXIT,313,1811.6666666666656,251.98999999999995,0.8050798722044727
LPPT,2019-10-01,TXOT,309,3763.1833333333343,387.9999999999995,1.2556634304207104
LPPT,2019-10-02,TXIT,304,1753.6333333333337,264.40999999999985,0.8697697368421048
LPPT,2019-10-02,TXOT,310,3830.216666666666,426.5200000000001,1.3758709677419358
LPPT,2019-10-03,TXIT,331,1905.6166666666659,263.8133333333332,0.7970191339375626
LPPT,2019-10-03,TXOT,323,4041.2999999999993,495.7433333333335,1.5348090815273483
LPPT,2019-10-04,TXIT,322,1839.9000000000005,247.3866666666666,0.7682815734989646
LPPT,2019-10-04,TXOT,331,4137.583333333333,512.1433333333333,1.5472608257804632
LPPT,2019-10-05,TXIT,317,1785.9166666666674,215.62666666666675,0.6802103049421664
LPPT,2019-10-05,TXOT,317,4074.6,589.5266666666672,1.859705573080969
LPPT,2019-10-06,TXIT,325,1865.8166666666666,260.94666666666666,0.8029128205128205
LPPT,2019-10-06,TXOT,324,4266.133333333331,708.233333333334,2.1859053497942407
LPPT,2019-10-07,TXIT,331,1978.1833333333345,344.9933333333334,1.0422759315206447
LPPT,2019-10-07,TXOT,324,4258.783333333334,716.966666666667,2.2128600823045277
LPPT,2019-10-08,TXIT,307,1709.1333333333328,182.7299999999999,0.5952117263843645
LPPT,2019-10-08,TXOT,306,3825.0333333333315,478.00666666666694,1.5621132897603496
LPPT,2019-10-09,TXIT,311,1742.683333333333,209.07000000000002,0.672250803858521
LPPT,2019-10-09,TXOT,315,4070.9166666666683,622.823333333333,1.9772169312169303
LPPT,2019-10-10,TXIT,321,1801.0333333333344,217.55333333333337,0.6777362409138111
LPPT,2019-10-10,TXOT,318,4039.783333333332,548.1299999999997,1.7236792452830179
LPPT,2019-10-11,TXIT,319,1690.4666666666674,248.1699999999998,0.7779623824451404
LPPT,2019-10-11,TXOT,329,4578.549999999999,608.2433333333333,1.8487639311043567
LPPT,2019-10-12,TXIT,320,1508.4500000000005,139.43999999999997,0.4357499999999999
LPPT,2019-10-12,TXOT,320,4579.299999999998,543.16,1.6973749999999999
LPPT,2019-10-13,TXIT,324,1579.5333333333324,181.23666666666668,0.5593724279835391
LPPT,2019-10-13,TXOT,317,4635.983333333332,639.7833333333333,2.0182439537329127
LPPT,2019-10-14,TXIT,327,1674.366666666666,207.8199999999999,0.6355351681957184
LPPT,2019-10-14,TXOT,323,4637.066666666668,740.1399999999992,2.2914551083591306
LPPT,2019-10-15,TXIT,307,1595.2166666666665,302.98333333333335,0.9869163952225842
LPPT,2019-10-15,TXOT,306,4460.283333333334,565.7099999999998,1.848725490196078
LPPT,2019-10-16,TXIT,307,1519.3666666666672,178.68333333333342,0.5820304017372424
LPPT,2019-10-16,TXOT,312,4173.6500000000005,324.81333333333345,1.0410683760683763
LPPT,2019-10-17,TXIT,311,1528.7666666666655,207.39333333333323,0.6668595927116824
LPPT,2019-10-17,TXOT,309,4457.8,554.93,1.7958899676375404
LPPT,2019-10-18,TXIT,318,1524.1166666666666,143.54666666666665,0.4514046121593291
LPPT,2019-10-18,TXOT,322,4555.7166666666635,479.7199999999997,1.4898136645962723
LPPT,2019-10-19,TXIT,320,1748.8,293.14999999999975,0.9160937499999993
LPPT,2019-10-19,TXOT,322,4546.533333333331,677.0300000000002,2.102577639751553
LPPT,2019-10-20,TXIT,321,1832.3333333333335,255.79666666666668,0.7968743509865006
LPPT,2019-10-20,TXOT,323,4063.6666666666665,484.64666666666676,1.5004540763673893
LPPT,2019-10-21,TXIT,324,1836.1166666666675,221.94666666666666,0.6850205761316872
LPPT,2019-10-21,TXOT,319,4205.783333333335,700.4533333333331,2.1957784743991633
LPPT,2019-10-22,TXIT,321,1898.466666666666,307.9600000000001,0.9593769470404987
LPPT,2019-10-22,TXOT,310,4234.75,844.3766666666671,2.7237956989247327
LPPT,2019-10-23,TXIT,308,1760.2999999999995,231.76999999999987,0.7524999999999996
LPPT,2019-10-23,TXOT,318,3921.7499999999995,442.40000000000015,1.3911949685534595
LPPT,2019-10-24,TXIT,325,1683.116666666667,266.77666666666676,0.8208512820512823
LPPT,2019-10-24,TXOT,319,4273.2999999999975,274.88333333333344,0.8617032392894465
LPPT,2019-10-25,TXIT,324,1714.183333333333,214.11000000000007,0.6608333333333336
LPPT,2019-10-25,TXOT,331,4263.8499999999995,353.11999999999995,1.0668277945619333
LPPT,2019-10-26,TXIT,314,1736.8500000000004,254.30000000000004,0.8098726114649683
LPPT,2019-10-26,TXOT,316,4053.716666666668,399.48,1.2641772151898736
LPPT,2019-10-27,TXIT,305,1569.0166666666673,236.1699999999998,0.7743278688524583
LPPT,2019-10-27,TXOT,300,4158.383333333335,460.47999999999973,1.5349333333333324
LPPT,2019-10-28,TXIT,294,1423.3999999999994,171.05333333333346,0.5818140589569165
LPPT,2019-10-28,TXOT,294,4480.083333333331,734.6000000000004,2.498639455782314
LPPT,2019-10-29,TXIT,272,1348.866666666667,186.93000000000012,0.687242647058824
LPPT,2019-10-29,TXOT,277,4206.866666666667,662.7699999999999,2.392671480144404
LPPT,2019-10-30,TXIT,291,1437.7000000000007,211.90333333333325,0.7281901489117981
LPPT,2019-10-30,TXOT,285,4434.6,821.603333333333,2.882818713450291
LPPT,2019-10-31,TXIT,282,1361.9499999999996,168.38666666666666,0.5971158392434988
LPPT,2019-10-31,TXOT,287,4020.2166666666694,367.6433333333333,1.2809872241579559
LPPT,2019-11-01,TXIT,312,1530.6333333333325,206.78,0.6627564102564103
LPPT,2019-11-01,TXOT,309,4317.116666666666,385.00333333333316,1.2459654800431494
LPPT,2019-11-02,TXIT,275,1310.4333333333343,127.72333333333331,0.4644484848484848
LPPT,2019-11-02,TXOT,283,4171.2000000000035,572.4399999999998,2.0227561837455825
LPPT,2019-11-03,TXIT,306,1615.766666666666,242.46666666666664,0.7923747276688452
LPPT,2019-11-03,TXOT,294,3962.9333333333316,405.27999999999986,1.3785034013605437
LPPT,2019-11-04,TXIT,301,1514.0833333333348,182.37999999999988,0.6059136212624581
LPPT,2019-11-04,TXOT,298,4129.766666666667,479.27000000000004,1.608288590604027
LPPT,2019-11-05,TXIT,283,1612.5499999999995,210.67000000000004,0.7444169611307422
LPPT,2019-11-05,TXOT,284,3572.399999999999,458.7233333333337,1.615223004694837
LPPT,2019-11-06,TXIT,276,1513.6833333333332,246.81999999999996,0.8942753623188404
LPPT,2019-11-06,TXOT,280,3507.0833333333344,166.9733333333334,0.5963333333333335
LPPT,2019-11-07,TXIT,277,1582.4833333333331,210.33666666666676,0.7593381468110714
LPPT,2019-11-07,TXOT,280,3446.499999999999,387.57,1.3841785714285715
LPPT,2019-11-08,TXIT,308,1841.499999999999,311.22333333333347,1.0104653679653683
LPPT,2019-11-08,TXOT,304,4124.949999999999,812.04,2.6711842105263157
LPPT,2019-11-09,TXIT,274,1403.2166666666674,165.9833333333334,0.6057785888077861
LPPT,2019-11-09,TXOT,274,3936.4166666666665,640.5033333333333,2.3376034063260342
LPPT,2019-11-10,TXIT,294,1708.866666666667,247.5966666666667,0.8421655328798187
LPPT,2019-11-10,TXOT,294,3847.1833333333343,615.7066666666669,2.0942403628117923
LPPT,2019-11-11,TXIT,299,1868.416666666668,369.7833333333333,1.2367335562987736
LPPT,2019-11-11,TXOT,298,3824.616666666667,562.5899999999999,1.8878859060402682
LPPT,2019-11-12,TXIT,259,1357.9666666666667,124.7533333333333,0.48167310167310157
LPPT,2019-11-12,TXOT,258,3058.516666666666,143.67666666666656,0.5568863049095604
LPPT,2019-11-13,TXIT,260,1456.3000000000002,180.3266666666666,0.6935641025641023
LPPT,2019-11-13,TXOT,263,3158.5666666666666,270.4499999999998,1.028326996197718
LPPT,2019-11-14,TXIT,280,1570.4333333333334,181.98000000000013,0.6499285714285719
LPPT,2019-11-14,TXOT,281,4238.850000000001,1179.4099999999999,4.1971886120996436
LPPT,2019-11-15,TXIT,306,1721.9833333333327,202.80333333333328,0.6627559912854029
LPPT,2019-11-15,TXOT,304,4128.383333333331,807.2200000000001,2.6553289473684214
LPPT,2019-11-16,TXIT,266,1444.466666666667,173.65333333333325,0.652832080200501
LPPT,2019-11-16,TXOT,271,3438.450000000001,372.0866666666665,1.3730135301353006
LPPT,2019-11-17,TXIT,293,1561.4000000000003,251.5199999999997,0.8584300341296918
LPPT,2019-11-17,TXOT,284,3913.3499999999995,449.71999999999997,1.5835211267605633
LPPT,2019-11-18,TXIT,285,1589.1166666666657,178.08666666666667,0.6248654970760235
LPPT,2019-11-18,TXOT,287,3494.3333333333326,357.27333333333365,1.2448548199767724
LPPT,2019-11-19,TXIT,259,1284.2166666666667,163.76,0.6322779922779922
LPPT,2019-11-19,TXOT,260,3521.266666666666,294.08000000000027,1.1310769230769242
LPPT,2019-11-20,TXIT,246,1218.8333333333337,135.5066666666667,0.5508401084010841
LPPT,2019-11-20,TXOT,249,3430.2166666666662,404.51666666666665,1.6245649263721553
LPPT,2019-11-21,TXIT,278,1337.1000000000008,141.36666666666667,0.5085131894484413
LPPT,2019-11-21,TXOT,280,3940.0000000000005,435.71000000000004,1.556107142857143
LPPT,2019-11-22,TXIT,297,1530.6999999999991,267.66999999999985,0.9012457912457907
LPPT,2019-11-22,TXOT,303,4896.566666666664,1020.4633333333336,3.3678657865786588
LPPT,2019-11-23,TXIT,273,1511.833333333334,175.3033333333333,0.642136752136752
LPPT,2019-11-23,TXOT,264,3427.4166666666665,506.57000000000016,1.9188257575757581
LPPT,2019-11-24,TXIT,291,1421.6333333333343,172.83333333333334,0.5939289805269187
LPPT,2019-11-24,TXOT,290,4173.05,494.1066666666666,1.7038160919540228
LPPT,2019-11-25,TXIT,281,1387.2666666666676,191.84333333333333,0.6827164887307237
LPPT,2019-11-25,TXOT,279,3890.0666666666634,331.1300000000001,1.186845878136201
LPPT,2019-11-26,TXIT,249,1228.483333333333,158.40000000000003,0.6361445783132531
LPPT,2019-11-26,TXOT,246,3365.899999999997,272.4666666666667,1.107588075880759
LPPT,2019-11-27,TXIT,243,1126.8000000000004,88.62666666666667,0.36471879286694103
LPPT,2019-11-27,TXOT,247,3226.8833333333346,105.33666666666667,0.4264642375168691
LPPT,2019-11-28,TXIT,272,1239.2166666666656,89.88666666666663,0.3304656862745097
LPPT,2019-11-28,TXOT,271,3835.6499999999987,410.44333333333316,1.5145510455104545
LPPT,2019-11-29,TXIT,305,1427.983333333332,146.1166666666667,0.47907103825136627
LPPT,2019-11-29,TXOT,298,4272.550000000001,497.48000000000025,1.6693959731543633
LPPT,2019-11-30,TXIT,253,1187.6333333333337,109.98000000000003,0.4347035573122531
LPPT,2019-11-30,TXOT,258,3425.3499999999985,162.85000000000014,0.6312015503875974
LPPT,2019-12-01,TXIT,284,1603.2166666666667,235.50333333333316,0.8292370892018773
LPPT,2019-12-01,TXOT,282,3827.166666666666,636.8833333333337,2.2584515366430273
LPPT,2019-12-02,TXIT,275,1601.4499999999994,233.6766666666667,0.8497333333333335
LPPT,2019-12-02,TXOT,279,4112.549999999999,1060.0866666666668,3.7995937873357235
LPPT,2019-12-03,TXIT,253,1496.999999999999,244.77666666666659,0.9674967061923581
LPPT,2019-12-03,TXOT,251,3003.5833333333317,227.6433333333332,0.9069455511288176
LPPT,2019-12-04,TXIT,249,1435.4166666666674,204.09666666666678,0.8196653279785814
LPPT,2019-12-04,TXOT,246,2927.5166666666655,213.25333333333333,0.8668834688346884
LPPT,2019-12-05,TXIT,249,1510.1833333333338,268.84333333333313,1.0796921017402936
LPPT,2019-12-05,TXOT,258,3214.566666666666,380.5366666666666,1.4749483204134364
LPPT,2019-12-06,TXIT,295,1848.0999999999997,387.65666666666664,1.3140903954802259
LPPT,2019-12-06,TXOT,292,3672.1333333333305,458.37333333333345,1.5697716894977174
LPPT,2019-12-07,TXIT,255,1465.9999999999998,210.86666666666648,0.8269281045751626
LPPT,2019-12-07,TXOT,257,3097.3666666666677,246.29333333333332,0.9583398184176394
LPPT,2019-12-08,TXIT,287,1458.3500000000004,180.2833333333332,0.6281649245063874
LPPT,2019-12-08,TXOT,285,3790,318.0266666666666,1.1158830409356721
LPPT,2019-12-09,TXIT,297,1799.4166666666663,329.4733333333334,1.1093378226711563
LPPT,2019-12-09,TXOT,295,3955.799999999999,720.7533333333331,2.4432316384180783
LPPT,2019-12-10,TXIT,254,1665.2166666666665,447.8100000000001,1.7630314960629925
LPPT,2019-12-10,TXOT,252,3108.249999999999,232.34666666666644,0.9220105820105811
LPPT,2019-12-11,TXIT,258,1410.3000000000004,170.52999999999997,0.6609689922480619
LPPT,2019-12-11,TXOT,262,3325.050000000001,433.48333333333335,1.6545165394402037
LPPT,2019-12-12,TXIT,268,1363.9333333333345,229.37333333333325,0.8558706467661689
LPPT,2019-12-12,TXOT,273,3866.4500000000003,439.03333333333313,1.6081807081807074
LPPT,2019-12-13,TXIT,312,1649.6000000000006,269.3666666666667,0.8633547008547009
LPPT,2019-12-13,TXOT,315,4433.049999999998,508.9233333333326,1.6156296296296273
LPPT,2019-12-14,TXIT,277,1291.1833333333332,104.4700000000001,0.37714801444043355
LPPT,2019-12-14,TXOT,277,3726.4999999999995,209.2,0.7552346570397112
LPPT,2019-12-15,TXIT,294,1488.0499999999997,234.66999999999993,0.7981972789115644
LPPT,2019-12-15,TXOT,294,4406.816666666666,713.1799999999998,2.4257823129251697
LPPT,2019-12-16,TXIT,299,1792.6666666666656,316.0466666666665,1.0570122630992191
LPPT,2019-12-16,TXOT,296,3807.7500000000005,560.5566666666665,1.893772522522522
LPPT,2019-12-17,TXIT,280,1505.5499999999993,237.71666666666664,0.8489880952380952
LPPT,2019-12-17,TXOT,278,3757.1499999999996,411.83333333333314,1.4814148681055148
LPPT,2019-12-18,TXIT,279,1397.283333333334,208.75333333333325,0.7482198327359615
LPPT,2019-12-18,TXOT,284,4343.499999999999,750.4433333333333,2.6424061032863846
LPPT,2019-12-19,TXIT,267,1322.2333333333331,194.02666666666676,0.7266916354556807
LPPT,2019-12-19,TXOT,274,5178.51666666667,1700.2233333333334,6.205194647201947
LPPT,2019-12-20,TXIT,314,1784.2333333333333,471.3966666666667,1.501263269639066
LPPT,2019-12-20,TXOT,305,5243.783333333334,1289.8233333333333,4.228928961748633
LPPT,2019-12-21,TXIT,298,1755.6499999999999,496.7500000000002,1.666946308724833
LPPT,2019-12-21,TXOT,309,4894.8166666666675,876.526666666667,2.836655879180152
LPPT,2019-12-22,TXIT,319,1727.4499999999996,286.5733333333333,0.8983490073145245
LPPT,2019-12-22,TXOT,314,4358.05,557.0133333333331,1.7739278131634812
LPPT,2019-12-23,TXIT,255,1344.5666666666664,265.70999999999975,1.041999999999999
LPPT,2019-12-23,TXOT,259,5433.899999999999,2055.7133333333336,7.937117117117118
LPPT,2019-12-24,TXIT,290,1636.2333333333333,245.41333333333344,0.8462528735632188
LPPT,2019-12-24,TXOT,270,3194.733333333332,189.8966666666666,0.7033209876543207
LPPT,2019-12-25,TXIT,217,1212.3666666666663,206.85333333333332,0.9532411674347158
LPPT,2019-12-25,TXOT,221,2608.1833333333334,14.409999999999995,0.06520361990950224
LPPT,2019-12-26,TXIT,290,1769.6000000000004,330.30000000000035,1.1389655172413806
LPPT,2019-12-26,TXOT,292,3724.2499999999995,513.1966666666664,1.7575228310502273
LPPT,2019-12-27,TXIT,315,2071.066666666667,519.5300000000004,1.6493015873015886
LPPT,2019-12-27,TXOT,315,4015.566666666668,521.0966666666669,1.654275132275133
LPPT,2019-12-28,TXIT,296,1784.9666666666665,328.01333333333326,1.108153153153153
LPPT,2019-12-28,TXOT,302,3767.9166666666683,438.91333333333347,1.4533554083885214
LPPT,2019-12-29,TXIT,298,1756.4499999999978,296.8466666666669,0.9961297539149897
LPPT,2019-12-29,TXOT,295,3695.3166666666684,418.39666666666693,1.4182937853107354
LPPT,2019-12-30,TXIT,315,1882.8500000000008,309.46666666666636,0.9824338624338614
LPPT,2019-12-30,TXOT,314,4222.01666666667,786.6866666666667,2.505371549893843
LPPT,2019-12-31,TXIT,266,1643.3666666666666,448.6599999999999,1.686691729323308
LPPT,2019-12-31,TXOT,257,4138.866666666667,992.3066666666667,3.8611154345006486
LPPT,2020-01-01,TXIT,271,1687.6666666666658,406.64000000000016,1.5005166051660523
LPPT,2020-01-01,TXOT,277,4056.683333333335,866.5733333333329,3.1284235860409133
LPPT,2020-01-02,TXIT,301,2042.6000000000013,612.6500000000005,2.0353820598006664
LPPT,2020-01-02,TXOT,308,4437.35,919.8900000000008,2.986655844155847
LPPT,2020-01-03,TXIT,330,2008.4333333333327,360.8466666666667,1.0934747474747475
LPPT,2020-01-03,TXOT,325,4340.216666666667,784.5099999999996,2.413876923076922
LPPT,2020-01-04,TXIT,300,1739.9333333333325,269.0566666666668,0.896855555555556
LPPT,2020-01-04,TXOT,302,3871.4833333333363,535.3033333333331,1.7725275938189837
LPPT,2020-01-05,TXIT,319,1930.4166666666658,353.8933333333333,1.1093834900731452
LPPT,2020-01-05,TXOT,317,4156.416666666668,681.9499999999999,2.151261829652997
LPPT,2020-01-06,TXIT,305,1913.6333333333337,430.8633333333331,1.4126666666666658
LPPT,2020-01-06,TXOT,304,4001.283333333329,583.5000000000001,1.9194078947368425
LPPT,2020-01-07,TXIT,280,1629.1166666666659,245.26666666666662,0.8759523809523808
LPPT,2020-01-07,TXOT,281,3446.966666666668,368.55000000000007,1.3115658362989326
LPPT,2020-01-08,TXIT,264,1547.2499999999995,253.8433333333334,0.961527777777778
LPPT,2020-01-08,TXOT,265,3502.083333333334,598.2433333333335,2.2575220125786166
LPPT,2020-01-09,TXIT,270,1565.583333333333,229.74999999999997,0.8509259259259259
LPPT,2020-01-09,TXOT,272,3157.916666666667,170.2899999999999,0.6260661764705879
LPPT,2020-01-10,TXIT,299,1782.5833333333323,298.23999999999995,0.997458193979933
LPPT,2020-01-10,TXOT,301,3751.599999999999,475.3200000000002,1.5791362126245854
LPPT,2020-01-11,TXIT,270,1605.95,285.7633333333334,1.0583827160493828
LPPT,2020-01-11,TXOT,271,3334.8000000000006,332.5033333333336,1.226949569495696
LPPT,2020-01-12,TXIT,287,1738.3833333333325,322.43666666666695,1.123472706155634
LPPT,2020-01-12,TXOT,285,3330.633333333336,171.38333333333352,0.6013450292397667
LPPT,2020-01-13,TXIT,281,1605.7666666666669,378.99666666666656,1.348742586002372
LPPT,2020-01-13,TXOT,272,4367.199999999999,1065.26,3.9163970588235295
LPPT,2020-01-14,TXIT,220,1099.6000000000004,121.40333333333324,0.5518333333333328
LPPT,2020-01-14,TXOT,220,2909.6666666666647,236.62666666666655,1.075575757575757
LPPT,2020-01-15,TXIT,213,1121.2333333333336,227.50666666666643,1.0681064162754292
LPPT,2020-01-15,TXOT,212,2916.6166666666663,226.38000000000002,1.0678301886792454
LPPT,2020-01-16,TXIT,248,1280.5499999999993,226.5133333333333,0.9133602150537633
LPPT,2020-01-16,TXOT,257,3491.4666666666653,196.04333333333335,0.7628145265888457
LPPT,2020-01-17,TXIT,285,1488.8333333333335,198.29000000000008,0.6957543859649126
LPPT,2020-01-17,TXOT,282,3880.916666666665,524.42,1.8596453900709218
LPPT,2020-01-18,TXIT,251,1312.5166666666664,145.6233333333333,0.5801726427622841
LPPT,2020-01-18,TXOT,246,3243.3999999999987,368.34,1.4973170731707317
LPPT,2020-01-19,TXIT,270,1643.416666666667,315.39999999999975,1.1681481481481473
LPPT,2020-01-19,TXOT,272,3306.450000000002,318.8799999999999,1.1723529411764702
LPPT,2020-01-20,TXIT,270,1651.2999999999995,317.7933333333331,1.1770123456790116
LPPT,2020-01-20,TXOT,266,3611.4499999999966,690.5533333333335,2.596065162907269
LPPT,2020-01-21,TXIT,231,1356.733333333334,218.48000000000005,0.945800865800866
LPPT,2020-01-21,TXOT,227,2714.233333333332,195.63666666666663,0.861835535976505
LPPT,2020-01-22,TXIT,228,1351.0666666666673,238.11333333333326,1.0443567251461985
LPPT,2020-01-22,TXOT,228,2694.249999999999,176.9766666666666,0.7762134502923974
LPPT,2020-01-23,TXIT,251,1441.2666666666664,221.3966666666667,0.8820584329349271
LPPT,2020-01-23,TXOT,256,3003.549999999999,185.88666666666663,0.7261197916666665
LPPT,2020-01-24,TXIT,286,1728.7499999999995,360.4866666666665,1.26044289044289
LPPT,2020-01-24,TXOT,287,3885.866666666666,634.3500000000001,2.2102787456445996
LPPT,2020-01-25,TXIT,253,1531.5166666666669,300.94666666666666,1.189512516469038
LPPT,2020-01-25,TXOT,254,3099.566666666667,301.14333333333343,1.1856036745406828
LPPT,2020-01-26,TXIT,272,1378.5666666666662,219.27333333333334,0.8061519607843137
LPPT,2020-01-26,TXOT,272,4604.716666666668,1181.3299999999988,4.343124999999995
LPPT,2020-01-27,TXIT,277,1362.3333333333333,197.75666666666677,0.7139229843561977
LPPT,2020-01-27,TXOT,272,4387,927.9900000000002,3.4117279411764714
LPPT,2020-01-28,TXIT,232,1162.9666666666672,175.23000000000002,0.7553017241379311
LPPT,2020-01-28,TXOT,234,3098.749999999999,125.10999999999987,0.5346581196581192
LPPT,2020-01-29,TXIT,241,1144.000000000001,126.23333333333335,0.5237897648686031
LPPT,2020-01-29,TXOT,241,3281.2833333333347,231.76999999999992,0.9617012448132777
LPPT,2020-01-30,TXIT,262,1309.1666666666665,188.08333333333337,0.7178753180661579
LPPT,2020-01-30,TXOT,263,3979.3333333333344,651.6866666666666,2.477896070975919
LPPT,2020-01-31,TXIT,293,1512.7500000000011,268.3700000000001,0.9159385665529014
LPPT,2020-01-31,TXOT,292,4773.716666666669,1091.9499999999998,3.739554794520547
LPPT,2020-02-01,TXIT,261,1255.533333333333,128.67000000000004,0.4929885057471266
LPPT,2020-02-01,TXOT,260,3679,416.45333333333326,1.6017435897435894
LPPT,2020-02-02,TXIT,279,1600.7833333333322,274.64999999999986,0.9844086021505372
LPPT,2020-02-02,TXOT,279,3715,535.9366666666667,1.920919952210275
LPPT,2020-02-03,TXIT,278,1519.2333333333336,213.6333333333334,0.7684652278177461
LPPT,2020-02-03,TXOT,272,3680,508.3499999999997,1.8689338235294106
LPPT,2020-02-04,TXIT,232,1322.116666666666,226.52666666666676,0.9764080459770119
LPPT,2020-02-04,TXOT,236,3018,346.7833333333329,1.4694209039548005
LPPT,2020-02-05,TXIT,243,1441.6333333333337,268.12000000000006,1.103374485596708
LPPT,2020-02-05,TXOT,245,2930,172.66666666666666,0.7047619047619047
LPPT,2020-02-06,TXIT,260,1532.8333333333333,276.8933333333331,1.064974358974358
LPPT,2020-02-06,TXOT,266,3327,325.72,1.2245112781954888
LPPT,2020-02-07,TXIT,295,1610.6166666666672,257.9933333333333,0.874553672316384
LPPT,2020-02-07,TXOT,298,4201,652.2533333333337,2.1887695749440725
LPPT,2020-02-08,TXIT,270,1380.233333333333,173.54666666666668,0.6427654320987655
LPPT,2020-02-08,TXOT,266,3738,489.1433333333336,1.8388847117794496
LPPT,2020-02-09,TXIT,277,1604.633333333333,234.37666666666675,0.8461251504211796
LPPT,2020-02-09,TXOT,276,3419,392.24666666666656,1.4211835748792268
LPPT,2020-02-10,TXIT,280,1523.5500000000006,186.33999999999992,0.6654999999999998
LPPT,2020-02-10,TXOT,273,3708,586.4733333333338,2.14825396825397
LPPT,2020-02-11,TXIT,247,1452.950000000001,222.32000000000002,0.9000809716599191
LPPT,2020-02-11,TXOT,246,3192,483.08333333333337,1.9637533875338755
LPPT,2020-02-12,TXIT,243,1375.5,183.33666666666667,0.7544718792866941
LPPT,2020-02-12,TXOT,245,2867,165.82999999999984,0.6768571428571422
LPPT,2020-02-13,TXIT,273,1579.6000000000004,274.90333333333325,1.0069719169719167
LPPT,2020-02-13,TXOT,276,3494,340.7666666666663,1.234661835748791
LPPT,2020-02-14,TXIT,291,1708.1666666666679,310.07666666666677,1.0655555555555558
LPPT,2020-02-14,TXOT,298,4848,1504.3666666666677,5.048210290827744
LPPT,2020-02-15,TXIT,276,1292.6999999999998,108.31666666666666,0.392451690821256
LPPT,2020-02-15,TXOT,271,3841,424.0099999999998,1.5646125461254605
LPPT,2020-02-16,TXIT,286,1570.1499999999992,323.28999999999985,1.1303846153846149
LPPT,2020-02-16,TXOT,288,4731,1170.4700000000003,4.064131944444445
LPPT,2020-02-17,TXIT,295,1681.1333333333325,236.2766666666665,0.8009378531073441
LPPT,2020-02-17,TXOT,285,3884,723.7733333333333,2.5395555555555553
LPPT,2020-02-18,TXIT,251,1499.1500000000005,260.22,1.0367330677290838
LPPT,2020-02-18,TXOT,253,3504,739.1700000000003,2.921620553359685
LPPT,2020-02-19,TXIT,263,1554.666666666665,259.02666666666687,0.9848922686945508
LPPT,2020-02-19,TXOT,270,3516,566.8466666666666,2.0994320987654316
LPPT,2020-02-20,TXIT,272,1582.683333333334,233.76666666666662,0.8594362745098038
LPPT,2020-02-20,TXOT,275,3434,417.9333333333334,1.519757575757576
LPPT,2020-02-21,TXIT,308,1975.8999999999996,442.99999999999983,1.4383116883116878
LPPT,2020-02-21,TXOT,308,4104,737.9366666666665,2.395898268398268
LPPT,2020-02-22,TXIT,279,1558.616666666667,180.13333333333324,0.6456391875746711
LPPT,2020-02-22,TXOT,281,3656,584.3466666666669,2.0795255041518397
LPPT,2020-02-23,TXIT,298,1782.916666666667,304.04333333333346,1.020279642058166
LPPT,2020-02-23,TXOT,297,3990,734.4700000000003,2.472962962962964
LPPT,2020-02-24,TXIT,297,1769.3000000000006,289.6733333333335,0.9753310886644226
LPPT,2020-02-24,TXOT,288,3836,706.5033333333337,2.453136574074075
LPPT,2020-02-25,TXIT,265,1600.116666666667,287.25000000000006,1.0839622641509437
LPPT,2020-02-25,TXOT,266,3341,422.65999999999997,1.5889473684210524
LPPT,2020-02-26,TXIT,267,1504.0666666666668,184.1299999999999,0.6896254681647936
LPPT,2020-02-26,TXOT,272,3403,458.2600000000001,1.6847794117647064
LPPT,2020-02-27,TXIT,279,1600.7333333333343,210.90333333333328,0.7559259259259258
LPPT,2020-02-27,TXOT,278,3547,519.6266666666666,1.8691606714628293
LPPT,2020-02-28,TXIT,309,1586.8166666666657,181.03333333333336,0.5858683926645093
LPPT,2020-02-28,TXOT,309,4537,841.6666666666666,2.7238403451995685
LPPT,2020-02-29,TXIT,272,1308.0833333333342,145.60333333333318,0.535306372549019
LPPT,2020-02-29,TXOT,278,3979,475.97999999999985,1.7121582733812943
LPPT,2020-03-01,TXIT,293,1414.166666666667,164.10999999999999,0.5601023890784983
LPPT,2020-03-01,TXOT,289,4314.7999999999965,673.0766666666663,2.328985005767011
LPPT,2020-03-02,TXIT,292,1791.7499999999982,336.0333333333334,1.1507990867579911
LPPT,2020-03-02,TXOT,283,3516.7666666666655,437.3466666666664,1.545394581861012
LPPT,2020-03-03,TXIT,256,1230.9333333333334,152.78999999999994,0.5968359374999997
LPPT,2020-03-03,TXOT,265,3747.0500000000025,378.8599999999994,1.4296603773584882
LPPT,2020-03-04,TXIT,262,1190.933333333333,75.74333333333333,0.28909669211195926
LPPT,2020-03-04,TXOT,259,3588.566666666668,300.4866666666668,1.1601801801801808
LPPT,2020-03-05,TXIT,274,1570.9833333333331,232.02999999999994,0.846824817518248
LPPT,2020-03-05,TXOT,279,3602.499999999999,510.1100000000001,1.8283512544802871
LPPT,2020-03-06,TXIT,307,1823.7666666666662,291.55,0.9496742671009772
LPPT,2020-03-06,TXOT,306,4153.599999999998,773.5400000000003,2.527908496732027
LPPT,2020-03-07,TXIT,266,1558.666666666666,239.48333333333332,0.90031328320802
LPPT,2020-03-07,TXOT,270,3332.2166666666653,364.4733333333335,1.349901234567902
LPPT,2020-03-08,TXIT,298,1690.3166666666662,205.5033333333334,0.6896085011185684
LPPT,2020-03-08,TXOT,296,3549.8833333333314,328.21333333333314,1.1088288288288282
LPPT,2020-03-09,TXIT,294,1715.849999999999,247.45666666666673,0.8416893424036284
LPPT,2020-03-09,TXOT,280,3729.4499999999966,649.2799999999999,2.3188571428571425
LPPT,2020-03-10,TXIT,255,1512.0499999999997,235.79999999999984,0.9247058823529406
LPPT,2020-03-10,TXOT,255,3280.1833333333298,486.10999999999996,1.9063137254901958
LPPT,2020-03-11,TXIT,234,1344.4333333333338,195.9199999999999,0.8372649572649569
LPPT,2020-03-11,TXOT,237,2668.9333333333316,69.4766666666667,0.2931504922644165
LPPT,2020-03-12,TXIT,253,1461.6166666666666,195.2666666666666,0.771805006587615
LPPT,2020-03-12,TXOT,259,3000.916666666667,179.7766666666666,0.6941184041184039
LPPT,2020-03-13,TXIT,291,1720.1333333333312,269.69999999999976,0.9268041237113394
LPPT,2020-03-13,TXOT,291,3731.6666666666647,538.9933333333335,1.8522107674684998
LPPT,2020-03-14,TXIT,258,1524.166666666667,236.18000000000004,0.9154263565891474
LPPT,2020-03-14,TXOT,259,3089.1499999999987,201.54000000000002,0.7781467181467182
LPPT,2020-03-15,TXIT,265,1640.6833333333327,326.42333333333335,1.2317861635220126
LPPT,2020-03-15,TXOT,256,3022.0333333333338,195.16333333333338,0.7623567708333335
LPPT,2020-03-16,TXIT,235,1381.3999999999994,201.24333333333348,0.8563546099290786
LPPT,2020-03-16,TXOT,230,3061.15,533.8599999999999,2.3211304347826083
LPPT,2020-03-17,TXIT,157,959.3166666666664,177.29999999999993,1.1292993630573245
LPPT,2020-03-17,TXOT,166,1842.5333333333333,11.12666666666664,0.06702811244979903
LPPT,2020-03-18,TXIT,149,883.6333333333333,132.14666666666656,0.8868903803131984
LPPT,2020-03-18,TXOT,141,1585.0833333333335,31.483333333333324,0.2232860520094562
LPPT,2020-03-19,TXIT,117,682.5166666666665,106.40666666666664,0.9094586894586892
LPPT,2020-03-19,TXOT,115,1188.3166666666666,-61.39666666666668,-0.5338840579710147
LPPT,2020-03-20,TXIT,127,715.3166666666666,132.04000000000002,1.039685039370079
LPPT,2020-03-20,TXOT,128,1400.9833333333336,-55.376666666666694,-0.43263020833333354
LPPT,2020-03-21,TXIT,87,471.15000000000015,62.013333333333314,0.7127969348659001
LPPT,2020-03-21,TXOT,87,880.766666666667,-113.00999999999996,-1.298965517241379
LPPT,2020-03-22,TXIT,87,495.5666666666666,66.31,0.762183908045977
LPPT,2020-03-22,TXOT,88,826.0833333333336,-126.2166666666667,-1.4342803030303033
LPPT,2020-03-23,TXIT,58,316.76666666666665,35.94333333333333,0.6197126436781608
LPPT,2020-03-23,TXOT,49,459.54999999999995,-65.10333333333337,-1.3286394557823136
LPPT,2020-03-24,TXIT,46,244.88333333333333,15.326666666666666,0.33318840579710146
LPPT,2020-03-24,TXOT,50,463.9666666666667,-93.24000000000001,-1.8648000000000002
LPPT,2020-03-25,TXIT,31,195.03333333333333,52.63333333333333,1.6978494623655913
LPPT,2020-03-25,TXOT,33,348.9833333333333,-35.81666666666668,-1.0853535353535357
LPPT,2020-03-26,TXIT,35,204.4,46.559999999999995,1.330285714285714
LPPT,2020-03-26,TXOT,32,376.8999999999999,-2.3666666666666707,-0.07395833333333346
LPPT,2020-03-27,TXIT,40,212.61666666666667,17.35333333333333,0.4338333333333333
LPPT,2020-03-27,TXOT,37,372.9333333333334,-58.486666666666686,-1.5807207207207212
LPPT,2020-03-28,TXIT,25,144.40000000000003,30.233333333333324,1.209333333333333
LPPT,2020-03-28,TXOT,29,313.66666666666663,-25.520000000000003,-0.8800000000000001
LPPT,2020-03-29,TXIT,26,117.50000000000001,7.209999999999999,0.27730769230769226
LPPT,2020-03-29,TXOT,28,323.05,-13.92999999999999,-0.49749999999999966
LPPT,2020-03-30,TXIT,26,148.01666666666668,11.866666666666662,0.45641025641025623
LPPT,2020-03-30,TXOT,25,268.34999999999997,-31.36,-1.2544
LPPT,2020-03-31,TXIT,32,166.55,12.656666666666665,0.39552083333333327
LPPT,2020-03-31,TXOT,26,293.45,-30.88666666666667,-1.187948717948718
LPPT,2020-04-01,TXIT,18,80.86666666666667,3.276666666666666,0.182037037037037
LPPT,2020-04-01,TXOT,17,184.30000000000004,-33.99666666666667,-1.9998039215686276
LPPT,2020-04-02,TXIT,13,73.03333333333333,9.8,0.7538461538461539
LPPT,2020-04-02,TXOT,13,139.65,-14.566666666666666,-1.1205128205128205
LPPT,2020-04-03,TXIT,18,105.96666666666665,10.66,0.5922222222222222
LPPT,2020-04-03,TXOT,18,223.4,-9.263333333333343,-0.5146296296296301
LPPT,2020-04-04,TXIT,17,89.46666666666665,9.553333333333331,0.5619607843137253
LPPT,2020-04-04,TXOT,17,204.23333333333335,9.103333333333332,0.5354901960784313
LPPT,2020-04-05,TXIT,13,89.95,17.616666666666664,1.355128205128205
LPPT,2020-04-05,TXOT,11,112.16666666666667,-26.740000000000002,-2.430909090909091
LPPT,2020-04-06,TXIT,20,104.03333333333335,2.5100000000000007,0.12550000000000003
LPPT,2020-04-06,TXOT,19,242.88333333333333,-34.780000000000015,-1.8305263157894744
LPPT,2020-04-07,TXIT,12,70.03333333333333,-1.3433333333333337,-0.11194444444444447
LPPT,2020-04-07,TXOT,14,131.8,-32.28,-2.3057142857142856
LPPT,2020-04-08,TXIT,20,112.23333333333335,11.199999999999998,0.5599999999999998
LPPT,2020-04-08,TXOT,20,211.4,-53.35333333333334,-2.667666666666667
LPPT,2020-04-09,TXIT,17,97.35000000000001,12.226666666666667,0.7192156862745098
LPPT,2020-04-09,TXOT,18,217.63333333333335,-28.669999999999995,-1.5927777777777774
LPPT,2020-04-10,TXIT,8,40.516666666666666,1.6500000000000004,0.20625000000000004
LPPT,2020-04-10,TXOT,9,113.01666666666667,11.616666666666667,1.2907407407407407
LPPT,2020-04-11,TXIT,4,42.833333333333336,4.016666666666665,1.0041666666666662
LPPT,2020-04-11,TXOT,5,68.53333333333333,-2.2500000000000036,-0.45000000000000073
LPPT,2020-04-12,TXIT,4,26.066666666666666,2.799999999999999,0.6999999999999997
LPPT,2020-04-12,TXOT,3,22.833333333333336,-8.933333333333335,-2.9777777777777783
LPPT,2020-04-13,TXIT,8,65.65,15.41666666666667,1.9270833333333337
LPPT,2020-04-13,TXOT,7,62.366666666666674,-25.369999999999997,-3.624285714285714
LPPT,2020-04-14,TXIT,19,99.06666666666668,7.6400000000000015,0.4021052631578948
LPPT,2020-04-14,TXOT,17,286.5,53.010000000000005,3.1182352941176474
LPPT,2020-04-15,TXIT,19,108.8,4.106666666666667,0.21614035087719302
LPPT,2020-04-15,TXOT,22,255.24999999999994,-51.40000000000001,-2.336363636363637
LPPT,2020-04-16,TXIT,20,126.4,15.23333333333333,0.7616666666666665
LPPT,2020-04-16,TXOT,21,256.98333333333335,-32.93333333333334,-1.5682539682539685
LPPT,2020-04-17,TXIT,19,100.86666666666667,9.083333333333334,0.47807017543859653
LPPT,2020-04-17,TXOT,26,319.41666666666663,-19.920000000000016,-0.7661538461538467
LPPT,2020-04-18,TXIT,11,58.70000000000001,2.2166666666666672,0.20151515151515156
LPPT,2020-04-18,TXOT,14,136.60000000000002,-23.53333333333334,-1.6809523809523814
LPPT,2020-04-19,TXIT,14,67.26666666666667,-2.433333333333332,-0.1738095238095237
LPPT,2020-04-19,TXOT,12,108.51666666666668,-25.496666666666677,-2.124722222222223
LPPT,2020-04-20,TXIT,14,81.05,4.243333333333334,0.30309523809523814
LPPT,2020-04-20,TXOT,15,183.8666666666667,-34.87333333333334,-2.3248888888888897
LPPT,2020-04-21,TXIT,19,163.23333333333338,47.81666666666666,2.5166666666666666
LPPT,2020-04-21,TXOT,19,232.8,-4.366666666666678,-0.22982456140350935
LPPT,2020-04-22,TXIT,14,75.19999999999999,2.716666666666665,0.19404761904761894
LPPT,2020-04-22,TXOT,17,177.1166666666667,-23.310000000000016,-1.3711764705882363
LPPT,2020-04-23,TXIT,15,85.4,8.316666666666665,0.5544444444444443
LPPT,2020-04-23,TXOT,16,175.15,-13.366666666666676,-0.8354166666666673
LPPT,2020-04-24,TXIT,19,102.58333333333333,10.799999999999999,0.5684210526315789
LPPT,2020-04-24,TXOT,16,184.09999999999997,-2.4766666666666755,-0.15479166666666722
LPPT,2020-04-25,TXIT,11,60.2,5.133333333333333,0.4666666666666666
LPPT,2020-04-25,TXOT,11,102.53333333333332,-31.466666666666676,-2.8606060606060613
LPPT,2020-04-26,TXIT,11,45.266666666666666,-4.59,-0.41727272727272724
LPPT,2020-04-26,TXOT,13,169.10000000000002,5.569999999999997,0.4284615384615382
LPPT,2020-04-27,TXIT,13,70.38333333333333,2.7033333333333327,0.2079487179487179
LPPT,2020-04-27,TXOT,16,178.1166666666667,-5.210000000000001,-0.32562500000000005
LPPT,2020-04-28,TXIT,15,73.55,-7.713333333333333,-0.5142222222222222
LPPT,2020-04-28,TXOT,17,152.4,-48.940000000000005,-2.878823529411765
LPPT,2020-04-29,TXIT,16,85.08333333333334,-1.4533333333333314,-0.09083333333333321
LPPT,2020-04-29,TXOT,15,157.6,-51.60666666666666,-3.440444444444444
LPPT,2020-04-30,TXIT,22,115.78333333333333,14.899999999999999,0.6772727272727272
LPPT,2020-04-30,TXOT,21,215.75,-53.20333333333333,-2.5334920634920635
LPPT,2020-05-01,TXIT,12,60.13333333333334,2.910000000000001,0.24250000000000008
LPPT,2020-05-01,TXOT,12,163.13333333333335,-20.950000000000003,-1.7458333333333336
LPPT,2020-05-02,TXIT,17,80.96666666666667,-1.8666666666666663,-0.10980392156862742
LPPT,2020-05-02,TXOT,17,196.01666666666668,-22.21333333333334,-1.3066666666666669
LPPT,2020-05-03,TXIT,13,67.41666666666667,5.846666666666664,0.4497435897435895
LPPT,2020-05-03,TXOT,12,122.3,-20.176666666666673,-1.6813888888888895
LPPT,2020-05-04,TXIT,15,88.08333333333334,3.46,0.23066666666666666
LPPT,2020-05-04,TXOT,18,223.6166666666667,-49.50666666666666,-2.75037037037037
LPPT,2020-05-05,TXIT,21,111.03333333333335,6.080000000000003,0.28952380952380963
LPPT,2020-05-05,TXOT,20,183.4,-60.18666666666666,-3.009333333333333
LPPT,2020-05-06,TXIT,22,139.90000000000003,20.05,0.9113636363636364
LPPT,2020-05-06,TXOT,20,202.05,-49.64000000000001,-2.482
LPPT,2020-05-07,TXIT,13,67.56666666666666,3.949999999999999,0.30384615384615377
LPPT,2020-05-07,TXOT,16,156.48333333333335,-43.92000000000001,-2.7450000000000006
LPPT,2020-05-08,TXIT,25,129.68333333333334,4.966666666666667,0.19866666666666666
LPPT,2020-05-08,TXOT,22,237.26666666666668,-21.340000000000003,-0.9700000000000002
LPPT,2020-05-09,TXIT,15,77.48333333333333,5.883333333333333,0.3922222222222222
LPPT,2020-05-09,TXOT,16,152.0666666666667,-54.543333333333344,-3.408958333333334
LPPT,2020-05-10,TXIT,14,67.73333333333332,-4.413333333333336,-0.31523809523809543
LPPT,2020-05-10,TXOT,13,168.96666666666667,-27.806666666666658,-2.1389743589743584
LPPT,2020-05-11,TXIT,23,116.03333333333333,3.186666666666667,0.13855072463768117
LPPT,2020-05-11,TXOT,25,264.58333333333337,-65.99,-2.6395999999999997
LPPT,2020-05-12,TXIT,17,91.94999999999999,1.893333333333334,0.11137254901960789
LPPT,2020-05-12,TXOT,15,169.45000000000002,-46.43666666666666,-3.0957777777777773
LPPT,2020-05-13,TXIT,17,90.9833333333333,-1.8699999999999988,-0.10999999999999993
LPPT,2020-05-13,TXOT,17,161.4,-46.40333333333333,-2.729607843137255
LPPT,2020-05-14,TXIT,25,133.41666666666666,12.466666666666669,0.49866666666666676
LPPT,2020-05-14,TXOT,25,251.03333333333333,-36.11333333333334,-1.4445333333333334
LPPT,2020-05-15,TXIT,24,122.19999999999999,9.783333333333335,0.40763888888888894
LPPT,2020-05-15,TXOT,25,324.2833333333334,35.32666666666666,1.4130666666666665
LPPT,2020-05-16,TXIT,18,119.66666666666669,28.050000000000004,1.5583333333333336
LPPT,2020-05-16,TXOT,17,150.38333333333335,-40.55000000000001,-2.3852941176470597
LPPT,2020-05-17,TXIT,13,84.05,3.226666666666663,0.2482051282051279
LPPT,2020-05-17,TXOT,12,127.36666666666667,-16.49666666666666,-1.3747222222222215
LPPT,2020-05-18,TXIT,22,110.43333333333334,4.650000000000004,0.21136363636363653
LPPT,2020-05-18,TXOT,21,221.63333333333333,-27.436666666666675,-1.3065079365079368
LPPT,2020-05-19,TXIT,16,127.06666666666668,18.150000000000002,1.1343750000000001
LPPT,2020-05-19,TXOT,17,183.85,-25.40000000000001,-1.494117647058824
LPPT,2020-05-20,TXIT,19,124.61666666666667,8.533333333333335,0.4491228070175439
LPPT,2020-05-20,TXOT,19,194.49999999999997,-37.61666666666669,-1.97982456140351
LPPT,2020-05-21,TXIT,30,180.3166666666667,28.083333333333336,0.9361111111111112
LPPT,2020-05-21,TXOT,30,353.8666666666666,-12.820000000000011,-0.4273333333333337
LPPT,2020-05-22,TXIT,27,158.43333333333334,15.350000000000001,0.5685185185185185
LPPT,2020-05-22,TXOT,28,344.91666666666674,10.429999999999986,0.3724999999999995
LPPT,2020-05-23,TXIT,22,118.80000000000001,17.41,0.7913636363636364
LPPT,2020-05-23,TXOT,21,263.3333333333333,14.313333333333315,0.6815873015873007
LPPT,2020-05-24,TXIT,17,100.10000000000001,7.586666666666666,0.4462745098039215
LPPT,2020-05-24,TXOT,17,189.20000000000002,-8.936666666666673,-0.5256862745098043
LPPT,2020-05-25,TXIT,21,111.8,12.599999999999998,0.5999999999999999
LPPT,2020-05-25,TXOT,21,208.3,-31.073333333333345,-1.4796825396825402
LPPT,2020-05-26,TXIT,20,132.66666666666669,14.983333333333333,0.7491666666666666
LPPT,2020-05-26,TXOT,19,191.46666666666667,-43.45000000000001,-2.2868421052631582
LPPT,2020-05-27,TXIT,24,123.6,9.366666666666667,0.3902777777777778
LPPT,2020-05-27,TXOT,25,260.6833333333334,-25.310000000000002,-1.0124000000000002
LPPT,2020-05-28,TXIT,20,113.25000000000001,12.149999999999999,0.6074999999999999
LPPT,2020-05-28,TXOT,23,278.06666666666666,4.50666666666665,0.19594202898550653
LPPT,2020-05-29,TXIT,32,156.81666666666666,1.8633333333333355,0.058229166666666735
LPPT,2020-05-29,TXOT,26,311.95,-0.29333333333334544,-0.011282051282051748
LPPT,2020-05-30,TXIT,23,127.95,14.693333333333335,0.638840579710145
LPPT,2020-05-30,TXOT,22,234.8,-23.406666666666666,-1.063939393939394
LPPT,2020-05-31,TXIT,17,101.44999999999999,13.816666666666666,0.8127450980392157
LPPT,2020-05-31,TXOT,18,227.91666666666663,-4.940000000000003,-0.2744444444444446
LPPT,2020-06-01,TXIT,23,118.98333333333332,14.566666666666666,0.6333333333333333
LPPT,2020-06-01,TXOT,24,284.7,3.530000000000011,0.1470833333333338
LPPT,2020-06-02,TXIT,21,133.05,7.986666666666667,0.38031746031746033
LPPT,2020-06-02,TXOT,25,266.6166666666667,-56.75,-2.27
LPPT,2020-06-03,TXIT,25,127.53333333333333,4.739999999999998,0.18959999999999994
LPPT,2020-06-03,TXOT,23,261.26666666666665,-39.78333333333332,-1.7297101449275356
LPPT,2020-06-04,TXIT,33,169.31666666666672,14.216666666666665,0.43080808080808075
LPPT,2020-06-04,TXOT,33,341.44999999999993,-44.720000000000006,-1.3551515151515154
LPPT,2020-06-05,TXIT,32,174.64999999999998,8.209999999999997,0.2565624999999999
LPPT,2020-06-05,TXOT,25,275.20000000000005,-11.930000000000017,-0.4772000000000007
LPPT,2020-06-06,TXIT,23,106.08333333333334,0.9766666666666657,0.042463768115941984
LPPT,2020-06-06,TXOT,26,280.35,-32.306666666666665,-1.2425641025641025
LPPT,2020-06-07,TXIT,30,151.5166666666667,7.366666666666667,0.24555555555555558
LPPT,2020-06-07,TXOT,31,333.3333333333333,-26.403333333333332,-0.8517204301075268
LPPT,2020-06-08,TXIT,25,141.51666666666662,12.79333333333333,0.5117333333333332
LPPT,2020-06-08,TXOT,27,252.9333333333333,-54.52000000000001,-2.0192592592592598
LPPT,2020-06-09,TXIT,24,145.95000000000002,12.100000000000001,0.5041666666666668
LPPT,2020-06-09,TXOT,26,295.7166666666667,-15.986666666666668,-0.6148717948717949
LPPT,2020-06-10,TXIT,25,145.93333333333334,28.726666666666667,1.1490666666666667
LPPT,2020-06-10,TXOT,25,240.33333333333334,-47.16666666666667,-1.886666666666667
LPPT,2020-06-11,TXIT,26,122.91666666666667,4.516666666666666,0.17371794871794868
LPPT,2020-06-11,TXOT,29,309.99999999999994,-36.53999999999999,-1.2599999999999998
LPPT,2020-06-12,TXIT,30,148.61666666666667,-2.3900000000000023,-0.07966666666666675
LPPT,2020-06-12,TXOT,29,297.30000000000007,-59.96666666666667,-2.067816091954023
LPPT,2020-06-13,TXIT,21,88.21666666666665,-0.22666666666666524,-0.010793650793650725
LPPT,2020-06-13,TXOT,21,198.88333333333333,-53.53,-2.5490476190476192
LPPT,2020-06-14,TXIT,30,154.13333333333335,10.826666666666664,0.3608888888888888
LPPT,2020-06-14,TXOT,29,310.21666666666664,-39.27000000000001,-1.3541379310344832
LPPT,2020-06-15,TXIT,36,180.76666666666668,12.976666666666667,0.360462962962963
LPPT,2020-06-15,TXOT,35,331.59999999999997,-66.92,-1.9120000000000001
LPPT,2020-06-16,TXIT,32,160.38333333333335,5.22666666666667,0.16333333333333344
LPPT,2020-06-16,TXOT,32,320.95,-60.536666666666676,-1.8917708333333336
LPPT,2020-06-17,TXIT,29,137.01666666666662,4.25,0.14655172413793102
LPPT,2020-06-17,TXOT,30,302.75000000000006,-38.260000000000005,-1.2753333333333334
LPPT,2020-06-18,TXIT,40,231.8666666666667,19.733333333333334,0.49333333333333335
LPPT,2020-06-18,TXOT,42,449.3666666666667,-47.56000000000002,-1.1323809523809527
LPPT,2020-06-19,TXIT,37,196.48333333333332,16.029999999999998,0.4332432432432432
LPPT,2020-06-19,TXOT,36,377.7666666666667,-33.85333333333335,-0.940370370370371
LPPT,2020-06-20,TXIT,30,151.9,9.93333333333333,0.331111111111111
LPPT,2020-06-20,TXOT,28,301.6333333333333,-24.916666666666664,-0.8898809523809523
LPPT,2020-06-21,TXIT,36,203.09999999999997,24.266666666666666,0.674074074074074
LPPT,2020-06-21,TXOT,34,350.4,-32.51666666666665,-0.9563725490196074
LPPT,2020-06-22,TXIT,41,207.7833333333333,20.966666666666665,0.5113821138211382
LPPT,2020-06-22,TXOT,44,439.2666666666667,-51.08999999999999,-1.1611363636363634
LPPT,2020-06-23,TXIT,36,188.04999999999998,25.27,0.7019444444444445
LPPT,2020-06-23,TXOT,30,296.78333333333336,-47.410000000000004,-1.5803333333333334
LPPT,2020-06-24,TXIT,30,162.16666666666669,12.766666666666666,0.4255555555555555
LPPT,2020-06-24,TXOT,31,290.6666666666667,-69.98000000000002,-2.2574193548387105
LPPT,2020-06-25,TXIT,35,165.55,7.45,0.21285714285714286
LPPT,2020-06-25,TXOT,42,449.8833333333333,-32.10333333333331,-0.7643650793650788
LPPT,2020-06-26,TXIT,41,211.59999999999994,8.61,0.21
LPPT,2020-06-26,TXOT,39,354.6666666666666,-80.01,-2.0515384615384615
LPPT,2020-06-27,TXIT,36,188.08333333333334,21.43333333333333,0.5953703703703703
LPPT,2020-06-27,TXOT,35,358.03333333333336,-22.60000000000001,-0.6457142857142859
LPPT,2020-06-28,TXIT,42,206.23333333333332,8.099999999999994,0.19285714285714273
LPPT,2020-06-28,TXOT,43,410.56666666666666,-66.42666666666668,-1.5448062015503878
LPPT,2020-06-29,TXIT,48,264.16666666666663,43.826666666666654,0.9130555555555553
LPPT,2020-06-29,TXOT,46,493.51666666666665,-12.810000000000008,-0.2784782608695654
LPPT,2020-06-30,TXIT,41,204.53333333333336,11.433333333333334,0.2788617886178862
LPPT,2020-06-30,TXOT,36,321.90000000000003,-81.65,-2.2680555555555557
LPPT,2020-07-01,TXIT,74,410.9499999999999,64.87000000000002,0.8766216216216218
LPPT,2020-07-01,TXOT,81,850.5666666666668,-52.82333333333336,-0.6521399176954735
LPPT,2020-07-02,TXIT,87,466.4999999999999,57.139999999999986,0.6567816091954022
LPPT,2020-07-02,TXOT,88,926.9666666666666,-64.56666666666665,-0.733712121212121
LPPT,2020-07-03,TXIT,102,579.7333333333333,92.34333333333332,0.9053267973856208
LPPT,2020-07-03,TXOT,100,1031.4666666666667,-88.78000000000003,-0.8878000000000003
LPPT,2020-07-04,TXIT,93,529.6833333333334,92.1966666666666,0.9913620071684581
LPPT,2020-07-04,TXOT,92,920.7333333333332,-100.60666666666668,-1.0935507246376814
LPPT,2020-07-05,TXIT,89,515.9833333333333,78.54666666666667,0.8825468164794007
LPPT,2020-07-05,TXOT,93,893.3500000000004,-160.3133333333333,-1.7237992831541216
LPPT,2020-07-06,TXIT,94,510.6500000000001,69.09666666666665,0.7350709219858155
LPPT,2020-07-06,TXOT,93,931.1333333333333,-110.80666666666669,-1.1914695340501795
LPPT,2020-07-07,TXIT,87,445.4500000000001,42.76333333333333,0.49153256704980836
LPPT,2020-07-07,TXOT,88,845.5666666666664,-157.79333333333332,-1.7931060606060605
LPPT,2020-07-08,TXIT,85,403.3500000000001,16.78333333333334,0.19745098039215692
LPPT,2020-07-08,TXOT,86,892.5999999999999,-111.63666666666667,-1.2981007751937985
LPPT,2020-07-09,TXIT,89,484.7666666666667,63.05666666666668,0.7085018726591762
LPPT,2020-07-09,TXOT,93,924.3333333333334,-124.27333333333331,-1.3362724014336915
LPPT,2020-07-10,TXIT,111,594.7666666666668,69.63333333333333,0.6273273273273272
LPPT,2020-07-10,TXOT,105,1019.3166666666667,-145.36000000000004,-1.3843809523809527
LPPT,2020-07-11,TXIT,93,518.1666666666666,76.29333333333334,0.8203584229390681
LPPT,2020-07-11,TXOT,94,895.1000000000001,-142.77666666666667,-1.518900709219858
LPPT,2020-07-12,TXIT,91,463.9666666666667,47.97,0.5271428571428571
LPPT,2020-07-12,TXOT,95,931.6166666666667,-161.37333333333345,-1.6986666666666679
LPPT,2020-07-13,TXIT,102,552.9666666666665,78.80666666666669,0.7726143790849676
LPPT,2020-07-13,TXOT,97,976.3166666666672,-95.30333333333334,-0.9825085910652922
LPPT,2020-07-14,TXIT,90,509.45000000000005,77.14333333333333,0.8571481481481481
LPPT,2020-07-14,TXOT,94,968.733333333333,-77.88666666666668,-0.8285815602836881
LPPT,2020-07-15,TXIT,97,507.0500000000001,53.6033333333333,0.5526116838487969
LPPT,2020-07-15,TXOT,96,990.816666666667,-129.72000000000003,-1.3512500000000003
LPPT,2020-07-16,TXIT,104,603.85,112.74666666666664,1.084102564102564
LPPT,2020-07-16,TXOT,103,1034.9333333333336,-107.37666666666665,-1.042491909385113
LPPT,2020-07-17,TXIT,111,659.066666666667,140.44666666666666,1.2652852852852852
LPPT,2020-07-17,TXOT,107,1204.3500000000001,-51.10000000000004,-0.47757009345794427
LPPT,2020-07-18,TXIT,103,511.3333333333331,61.506666666666675,0.5971521035598706
LPPT,2020-07-18,TXOT,101,1011.7499999999997,-162.05666666666664,-1.6045214521452142
LPPT,2020-07-19,TXIT,104,554.9166666666669,65.1433333333333,0.6263782051282049
LPPT,2020-07-19,TXOT,107,1093.9666666666665,-135.64000000000001,-1.2676635514018693
LPPT,2020-07-20,TXIT,108,608.0666666666665,99.3033333333333,0.919475308641975
LPPT,2020-07-20,TXOT,106,1087.7500000000002,-95.93333333333335,-0.9050314465408806
LPPT,2020-07-21,TXIT,96,525.3333333333334,77.29999999999998,0.8052083333333332
LPPT,2020-07-21,TXOT,96,1016.9999999999998,-49.373333333333335,-0.5143055555555556
LPPT,2020-07-22,TXIT,93,486.5666666666667,62.43999999999998,0.6713978494623654
LPPT,2020-07-22,TXOT,91,930.4000000000003,-110.80999999999999,-1.2176923076923076
LPPT,2020-07-23,TXIT,109,629.0666666666665,113.71333333333338,1.0432415902140677
LPPT,2020-07-23,TXOT,113,1169.45,-114.53333333333339,-1.0135693215339239
LPPT,2020-07-24,TXIT,114,678.2333333333335,149.96999999999994,1.3155263157894732
LPPT,2020-07-24,TXOT,111,1767.6500000000008,509.4599999999999,4.589729729729729
LPPT,2020-07-25,TXIT,106,582.2666666666667,87.06666666666666,0.8213836477987421
LPPT,2020-07-25,TXOT,106,1064.5000000000002,-98.05333333333337,-0.9250314465408809
LPPT,2020-07-26,TXIT,107,601.7000000000002,92.19000000000003,0.8615887850467292
LPPT,2020-07-26,TXOT,107,1028.833333333333,-143.46666666666667,-1.340809968847352
LPPT,2020-07-27,TXIT,106,586.6,94.33666666666663,0.8899685534591192
LPPT,2020-07-27,TXOT,104,1005.0166666666664,-133.91666666666674,-1.287660256410257
LPPT,2020-07-28,TXIT,94,472.5166666666668,28.753333333333327,0.30588652482269496
LPPT,2020-07-28,TXOT,95,968.1999999999996,-88.39999999999993,-0.930526315789473
LPPT,2020-07-29,TXIT,100,530.8333333333333,66.69333333333333,0.6669333333333333
LPPT,2020-07-29,TXOT,100,1006.0333333333335,-104.27666666666663,-1.0427666666666662
LPPT,2020-07-30,TXIT,109,619.5166666666667,110.97333333333336,1.0181039755351684
LPPT,2020-07-30,TXOT,111,1092.1166666666663,-188.33666666666662,-1.6967267267267263
LPPT,2020-07-31,TXIT,112,607.1333333333333,82.81666666666668,0.7394345238095239
LPPT,2020-07-31,TXOT,115,1104.5833333333337,-148.11666666666665,-1.2879710144927534
LPPT,2020-08-01,TXIT,146,821.0499999999996,137.49,0.9417123287671233
LPPT,2020-08-01,TXOT,150,1535.0333333333342,-124.78333333333333,-0.8318888888888889
LPPT,2020-08-02,TXIT,151,858.8333333333335,146.00333333333333,0.9669094922737307
LPPT,2020-08-02,TXOT,156,1664.066666666667,-54.18666666666664,-0.34735042735042715
LPPT,2020-08-03,TXIT,154,866.5166666666668,129.2866666666666,0.8395238095238091
LPPT,2020-08-03,TXOT,150,1510.9,-111.39333333333339,-0.7426222222222226
LPPT,2020-08-04,TXIT,135,746.5333333333334,112.29333333333335,0.8318024691358026
LPPT,2020-08-04,TXOT,134,1388.2666666666669,-79.15333333333332,-0.5906965174129353
LPPT,2020-08-05,TXIT,134,706.3499999999998,68.27333333333334,0.5095024875621891
LPPT,2020-08-05,TXOT,137,1364.066666666667,-129.41000000000003,-0.9445985401459855
LPPT,2020-08-06,TXIT,142,767.3500000000004,106.92333333333332,0.7529812206572769
LPPT,2020-08-06,TXOT,142,1417.3833333333337,-156.34666666666658,-1.1010328638497646
LPPT,2020-08-07,TXIT,159,849.0999999999999,99.51666666666664,0.6258909853249474
LPPT,2020-08-07,TXOT,160,1628.1333333333332,-141.84,-0.8865000000000001
LPPT,2020-08-08,TXIT,161,843.0499999999996,85.13,0.5287577639751553
LPPT,2020-08-08,TXOT,155,1579.566666666666,-126.17666666666666,-0.8140430107526881
LPPT,2020-08-09,TXIT,150,829.4499999999997,119.32,0.7954666666666667
LPPT,2020-08-09,TXOT,154,1576.3833333333332,-127.22666666666669,-0.8261471861471863
LPPT,2020-08-10,TXIT,145,805.9833333333332,125.41666666666663,0.8649425287356319
LPPT,2020-08-10,TXOT,142,1479.4333333333327,-71.89000000000001,-0.5062676056338029
LPPT,2020-08-11,TXIT,129,661.4000000000002,57.206666666666685,0.44346253229974175
LPPT,2020-08-11,TXOT,128,1314.0333333333326,-102.9333333333333,-0.8041666666666664
LPPT,2020-08-12,TXIT,137,724.6333333333333,83.35333333333332,0.6084184914841848
LPPT,2020-08-12,TXOT,132,1310.8000000000002,-127.53999999999995,-0.9662121212121209
LPPT,2020-08-13,TXIT,151,868.6666666666671,139.80333333333328,0.9258498896247237
LPPT,2020-08-13,TXOT,156,1629.6000000000001,-63.18333333333332,-0.40502136752136747
LPPT,2020-08-14,TXIT,153,882.9666666666665,171.07333333333338,1.1181263616557737
LPPT,2020-08-14,TXOT,158,1688.9999999999989,-48.66999999999999,-0.3080379746835442
LPPT,2020-08-15,TXIT,157,837.2166666666666,102.76666666666662,0.6545647558386409
LPPT,2020-08-15,TXOT,152,1526.9999999999998,-132.86666666666662,-0.8741228070175435
LPPT,2020-08-16,TXIT,157,782.3499999999997,98.13999999999993,0.6250955414012734
LPPT,2020-08-16,TXOT,162,1835.1666666666674,-70.10666666666664,-0.4327572016460904
LPPT,2020-08-17,TXIT,151,713.4833333333333,76.89333333333335,0.5092273730684328
LPPT,2020-08-17,TXOT,148,1662.5166666666664,-115.32999999999997,-0.7792567567567565
LPPT,2020-08-18,TXIT,134,658.7333333333335,88.88333333333331,0.6633084577114426
LPPT,2020-08-18,TXOT,132,1443.1,-164.37333333333328,-1.2452525252525248
LPPT,2020-08-19,TXIT,144,693.7166666666667,73.41333333333333,0.5098148148148147
LPPT,2020-08-19,TXOT,139,1528.8333333333335,-142.67666666666665,-1.026450839328537
LPPT,2020-08-20,TXIT,150,846.3000000000001,188.66999999999996,1.2577999999999998
LPPT,2020-08-20,TXOT,151,1763.1166666666668,-43.503333333333345,-0.2881015452538632
LPPT,2020-08-21,TXIT,155,861.9166666666666,132.03333333333333,0.8518279569892473
LPPT,2020-08-21,TXOT,160,1817.733333333333,41.82333333333334,0.2613958333333334
LPPT,2020-08-22,TXIT,159,950.3833333333332,208.7600000000001,1.312955974842768
LPPT,2020-08-22,TXOT,154,1559.116666666667,-138.71000000000004,-0.9007142857142859
LPPT,2020-08-23,TXIT,172,1009.0166666666668,199.06666666666678,1.1573643410852719
LPPT,2020-08-23,TXOT,173,1897.5333333333333,-0.07333333333332792,-4.2389210019264697e-4
LPPT,2020-08-24,TXIT,153,859.6500000000007,142.83666666666662,0.933572984749455
LPPT,2020-08-24,TXOT,157,1582.2333333333338,-130.2399999999999,-0.8295541401273878
LPPT,2020-08-25,TXIT,145,857.016666666667,181.16666666666666,1.2494252873563219
LPPT,2020-08-25,TXOT,143,1511.7166666666656,-68.25333333333332,-0.4772960372960372
LPPT,2020-08-26,TXIT,134,784.4999999999998,156.06999999999994,1.164701492537313
LPPT,2020-08-26,TXOT,136,1491.883333333334,-2.66333333333334,-0.019583333333333383
LPPT,2020-08-27,TXIT,149,816.35,98.61333333333329,0.6618344519015656
LPPT,2020-08-27,TXOT,151,1576.866666666667,-80.02333333333334,-0.5299558498896247
LPPT,2020-08-28,TXIT,162,919.0666666666667,159.09999999999988,0.9820987654320981
LPPT,2020-08-28,TXOT,161,1752.1833333333332,-17.016666666666683,-0.1056935817805384
LPPT,2020-08-29,TXIT,157,876.2833333333332,126.36666666666666,0.8048832271762207
LPPT,2020-08-29,TXOT,146,1534.1166666666672,-95.60333333333328,-0.6548173515981731
LPPT,2020-08-30,TXIT,149,880.8500000000003,154.10000000000002,1.0342281879194632
LPPT,2020-08-30,TXOT,159,1593.5666666666666,-164.24333333333334,-1.0329769392033543
LPPT,2020-08-31,TXIT,147,848.516666666667,151.92333333333343,1.0334920634920641
LPPT,2020-08-31,TXOT,145,1452.3500000000001,-129.25666666666672,-0.8914252873563222
LPPT,2020-09-01,TXIT,127,723.8166666666666,127.25999999999993,1.0020472440944876
LPPT,2020-09-01,TXOT,122,1276.8166666666666,-70.4566666666667,-0.5775136612021862
LPPT,2020-09-02,TXIT,117,645.766666666667,96.97999999999996,0.8288888888888886
LPPT,2020-09-02,TXOT,125,1292.4500000000003,-109.87666666666667,-0.8790133333333333
LPPT,2020-09-03,TXIT,146,859.8500000000005,169.33333333333348,1.1598173515981745
LPPT,2020-09-03,TXOT,145,1603.3999999999992,11.07333333333334,0.07636781609195406
LPPT,2020-09-04,TXIT,146,813.4833333333336,125.14666666666666,0.8571689497716894
LPPT,2020-09-04,TXOT,151,1669.6833333333327,1.250000000000039,0.008278145695364498
LPPT,2020-09-05,TXIT,146,811.4333333333336,126.58,0.866986301369863
LPPT,2020-09-05,TXOT,148,1493.05,-140.99333333333334,-0.9526576576576578
LPPT,2020-09-06,TXIT,157,853.8666666666666,127.73333333333333,0.8135881104033971
LPPT,2020-09-06,TXOT,152,1618.7499999999995,-105.57999999999998,-0.6946052631578946
LPPT,2020-09-07,TXIT,148,915.65,210.00333333333342,1.418941441441442
LPPT,2020-09-07,TXOT,141,1489.0833333333335,-55.38000000000002,-0.39276595744680864
LPPT,2020-09-08,TXIT,108,589.4666666666668,97.79000000000002,0.9054629629629631
LPPT,2020-09-08,TXOT,108,1093.966666666667,-145.50000000000003,-1.3472222222222225
LPPT,2020-09-09,TXIT,122,731.8,193.6133333333333,1.5869945355191253
LPPT,2020-09-09,TXOT,125,1458.9333333333327,-44.00333333333334,-0.3520266666666667
LPPT,2020-09-10,TXIT,142,812.5166666666668,162.9133333333333,1.147276995305164
LPPT,2020-09-10,TXOT,142,1562.5666666666662,-29.769999999999996,-0.20964788732394363
LPPT,2020-09-11,TXIT,139,760.75,130.29666666666662,0.937386091127098
LPPT,2020-09-11,TXOT,144,1533.5666666666666,-90.42666666666666,-0.627962962962963
LPPT,2020-09-12,TXIT,137,680.4,62.663333333333306,0.45739659367396573
LPPT,2020-09-12,TXOT,135,1378.3000000000002,-155.7533333333334,-1.1537283950617288
LPPT,2020-09-13,TXIT,153,848.0999999999998,170.9666666666667,1.1174291938997822
LPPT,2020-09-13,TXOT,155,1757.0999999999997,-96.21333333333341,-0.6207311827956994
LPPT,2020-09-14,TXIT,142,651.3833333333331,46.20666666666668,0.3253990610328639
LPPT,2020-09-14,TXOT,139,1582.0333333333335,-126.0933333333334,-0.9071462829736217
LPPT,2020-09-15,TXIT,110,515.0666666666665,46.04333333333332,0.4185757575757575
LPPT,2020-09-15,TXOT,110,1168.0833333333333,-188.35333333333338,-1.7123030303030307
LPPT,2020-09-16,TXIT,117,538.75,33.213333333333324,0.2838746438746438
LPPT,2020-09-16,TXOT,119,1307.6833333333332,-127.93333333333337,-1.0750700280112047
LPPT,2020-09-17,TXIT,141,770.2333333333332,146.3166666666666,1.0377068557919618
LPPT,2020-09-17,TXOT,138,1514.1666666666672,-97.86,-0.7091304347826087
LPPT,2020-09-18,TXIT,154,764.7666666666667,96.36666666666667,0.6257575757575758
LPPT,2020-09-18,TXOT,152,1909.5999999999997,50.06666666666664,0.32938596491228056
LPPT,2020-09-19,TXIT,128,595.1000000000001,53.73666666666668,0.41981770833333343
LPPT,2020-09-19,TXOT,131,1435.7833333333326,-162.6633333333333,-1.2417048346055977
LPPT,2020-09-20,TXIT,145,740.1166666666664,111.63333333333338,0.7698850574712647
LPPT,2020-09-20,TXOT,144,1623.6000000000006,-137.76333333333338,-0.9566898148148151
LPPT,2020-09-21,TXIT,132,701.0833333333333,76.17666666666669,0.5770959595959598
LPPT,2020-09-21,TXOT,129,1290.9833333333336,-138.70333333333332,-1.075219638242894
LPPT,2020-09-22,TXIT,100,468.9333333333332,35.68333333333333,0.3568333333333333
LPPT,2020-09-22,TXOT,101,1037.7833333333335,-158.8033333333334,-1.572310231023103
LPPT,2020-09-23,TXIT,108,510.8999999999999,42.233333333333334,0.3910493827160494
LPPT,2020-09-23,TXOT,115,1245.7166666666662,-154.8366666666666,-1.3464057971014487
LPPT,2020-09-24,TXIT,134,770.95,123.32333333333325,0.9203233830845765
LPPT,2020-09-24,TXOT,134,1341.7500000000007,-150.3466666666667,-1.121990049751244
LPPT,2020-09-25,TXIT,154,828.8833333333332,104.57333333333328,0.6790476190476187
LPPT,2020-09-25,TXOT,154,1707.383333333334,-4.043333333333324,-0.026255411255411195
LPPT,2020-09-26,TXIT,130,658.0999999999997,46.08666666666666,0.35451282051282046
LPPT,2020-09-26,TXOT,132,1292.033333333333,-163.61666666666667,-1.239520202020202
LPPT,2020-09-27,TXIT,155,919.216666666667,187.41666666666674,1.209139784946237
LPPT,2020-09-27,TXOT,156,1677.6500000000003,-44.90333333333331,-0.2878418803418802
LPPT,2020-09-28,TXIT,144,786.3999999999997,113.15000000000002,0.785763888888889
LPPT,2020-09-28,TXOT,136,1360.933333333334,-120.32333333333327,-0.8847303921568622
LPPT,2020-09-29,TXIT,103,528.6500000000002,41.730000000000004,0.4051456310679612
LPPT,2020-09-29,TXOT,113,1123.9500000000005,-132.4566666666667,-1.1721828908554577
LPPT,2020-09-30,TXIT,119,613.9833333333336,53.16666666666667,0.44677871148459386
LPPT,2020-09-30,TXOT,119,1255.5833333333335,-73.21666666666661,-0.6152661064425766
LPPT,2020-10-01,TXIT,137,758.2333333333335,121.87666666666667,0.889610705596107
LPPT,2020-10-01,TXOT,135,1482.4333333333327,-28.81666666666667,-0.2134567901234568
LPPT,2020-10-02,TXIT,152,797.9833333333335,87.81666666666665,0.5777412280701754
LPPT,2020-10-02,TXOT,157,1638.3666666666663,-130.33666666666662,-0.8301698513800422
LPPT,2020-10-03,TXIT,131,688.6166666666669,74.2933333333333,0.5671246819338419
LPPT,2020-10-03,TXOT,131,1338.3833333333332,-142.76000000000005,-1.0897709923664125
LPPT,2020-10-04,TXIT,151,806.7000000000002,100.08666666666664,0.6628256070640175
LPPT,2020-10-04,TXOT,148,1478.5999999999997,-166.44666666666666,-1.1246396396396396
LPPT,2020-10-05,TXIT,143,738.6166666666664,60.973333333333315,0.42638694638694624
LPPT,2020-10-05,TXOT,137,1359.1999999999994,-158.49333333333325,-1.1568856447688558
LPPT,2020-10-06,TXIT,107,580.4666666666668,67.63000000000001,0.6320560747663553
LPPT,2020-10-06,TXOT,111,1139.4333333333327,-102.0933333333333,-0.9197597597597595
LPPT,2020-10-07,TXIT,107,597.1333333333332,92.35000000000001,0.8630841121495328
LPPT,2020-10-07,TXOT,108,1096.5666666666662,-118.08666666666667,-1.0933950617283952
LPPT,2020-10-08,TXIT,137,735.1000000000001,96.41666666666664,0.7037712895377127
LPPT,2020-10-08,TXOT,128,1347.5000000000005,-85.26333333333332,-0.6661197916666666
LPPT,2020-10-09,TXIT,149,800.983333333333,74.87666666666665,0.5025279642058165
LPPT,2020-10-09,TXOT,155,1642.8833333333332,-94.0033333333333,-0.6064731182795697
LPPT,2020-10-10,TXIT,130,714.3333333333334,106.65333333333331,0.8204102564102562
LPPT,2020-10-10,TXOT,134,1340.3833333333337,-156.67999999999998,-1.1692537313432834
LPPT,2020-10-11,TXIT,148,829.6166666666663,127.46666666666664,0.8612612612612611
LPPT,2020-10-11,TXOT,149,1598.0999999999995,-62.733333333333334,-0.4210290827740492
LPPT,2020-10-12,TXIT,127,687.3166666666667,93.90333333333334,0.7393963254593177
LPPT,2020-10-12,TXOT,124,1223.4166666666667,-146.8533333333333,-1.184301075268817
LPPT,2020-10-13,TXIT,99,512.2666666666667,49.18666666666666,0.4968350168350168
LPPT,2020-10-13,TXOT,98,999.8333333333335,-103.48666666666665,-1.055986394557823
LPPT,2020-10-14,TXIT,101,549.4833333333335,76.6133333333333,0.7585478547854783
LPPT,2020-10-14,TXOT,101,1016.95,-117.0833333333333,-1.1592409240924089
LPPT,2020-10-15,TXIT,127,684.6999999999998,70.56666666666666,0.5556430446194225
LPPT,2020-10-15,TXOT,124,1245.5000000000002,-129.23000000000005,-1.042177419354839
LPPT,2020-10-16,TXIT,132,680.35,62.916666666666664,0.47664141414141414
LPPT,2020-10-16,TXOT,141,1421.4500000000003,-140.1466666666667,-0.9939479905437355
LPPT,2020-10-17,TXIT,121,575.4333333333335,23.029999999999994,0.19033057851239665
LPPT,2020-10-17,TXOT,120,1205.066666666666,-180.36666666666662,-1.5030555555555551
LPPT,2020-10-18,TXIT,134,676.7833333333334,104.70999999999994,0.7814179104477608
LPPT,2020-10-18,TXOT,134,1595.1499999999996,1.1833333333333353,0.008830845771144293
LPPT,2020-10-19,TXIT,123,596.9333333333335,76.60999999999999,0.6228455284552844
LPPT,2020-10-19,TXOT,116,1355.9833333333336,-49.43999999999997,-0.4262068965517239
LPPT,2020-10-20,TXIT,94,445.6166666666666,35.60000000000001,0.37872340425531925
LPPT,2020-10-20,TXOT,91,1013.7499999999999,-82.65333333333335,-0.9082783882783885
LPPT,2020-10-21,TXIT,96,500.91666666666686,80.81333333333332,0.8418055555555554
LPPT,2020-10-21,TXOT,106,1151.6833333333334,-151.6500000000001,-1.4306603773584914
LPPT,2020-10-22,TXIT,110,528.8833333333333,49.25333333333333,0.44775757575757574
LPPT,2020-10-22,TXOT,107,1227.8166666666666,-77.03666666666665,-0.7199688473520247
LPPT,2020-10-23,TXIT,134,721.1833333333333,87.24,0.6510447761194029
LPPT,2020-10-23,TXOT,139,1404.5166666666664,-136.21666666666667,-0.9799760191846523
LPPT,2020-10-24,TXIT,122,563.4333333333335,32.31666666666666,0.2648907103825136
LPPT,2020-10-24,TXOT,114,1206.9833333333333,-182.67000000000007,-1.602368421052632
LPPT,2020-10-25,TXIT,136,718.4333333333335,106.5933333333333,0.7837745098039214
LPPT,2020-10-25,TXOT,135,1462.6166666666668,-162.55666666666667,-1.2041234567901236
LPPT,2020-10-26,TXIT,125,689.5166666666669,98.18999999999996,0.7855199999999997
LPPT,2020-10-26,TXOT,121,1246.3833333333332,-111.32666666666663,-0.9200550964187324
LPPT,2020-10-27,TXIT,93,438.48333333333346,43.75000000000001,0.4704301075268818
LPPT,2020-10-27,TXOT,88,919.3166666666666,-143.0233333333333,-1.6252651515151513
LPPT,2020-10-28,TXIT,90,473.4833333333334,57.423333333333325,0.638037037037037
LPPT,2020-10-28,TXOT,106,1067.95,-138.23999999999998,-1.3041509433962262
LPPT,2020-10-29,TXIT,112,612.4666666666667,72.75999999999998,0.649642857142857
LPPT,2020-10-29,TXOT,108,1117.7499999999998,-93.91333333333336,-0.8695679012345681
LPPT,2020-10-30,TXIT,132,685.0666666666665,61.28666666666665,0.46429292929292915
LPPT,2020-10-30,TXOT,137,1380.5833333333335,-128.89000000000004,-0.9408029197080295
LPPT,2020-10-31,TXIT,109,575.866666666667,62.90333333333335,0.5770948012232417
LPPT,2020-10-31,TXOT,115,1204.0666666666668,-103.89000000000004,-0.9033913043478264
LPPT,2020-11-01,TXIT,133,714.6833333333336,85.46666666666663,0.6426065162907265
LPPT,2020-11-01,TXOT,133,1379.3500000000004,-129.32333333333332,-0.9723558897243108
LPPT,2020-11-02,TXIT,126,658.0999999999999,59.67666666666667,0.47362433862433867
LPPT,2020-11-02,TXOT,120,1222.8499999999997,-116.69000000000005,-0.9724166666666672
LPPT,2020-11-03,TXIT,83,430.13333333333327,37.61666666666668,0.4532128514056227
LPPT,2020-11-03,TXOT,82,835.7666666666668,-81.67666666666665,-0.9960569105691055
LPPT,2020-11-04,TXIT,87,469.29999999999995,63.63000000000001,0.7313793103448277
LPPT,2020-11-04,TXOT,89,891.65,-117.8533333333334,-1.3241947565543077
LPPT,2020-11-05,TXIT,94,475.33333333333337,46.74000000000001,0.4972340425531916
LPPT,2020-11-05,TXOT,88,887.1833333333334,-145.18,-1.6497727272727274
LPPT,2020-11-06,TXIT,119,595.7000000000002,79.62,0.6690756302521009
LPPT,2020-11-06,TXOT,124,1372.9666666666672,-143.29666666666665,-1.1556182795698924
LPPT,2020-11-07,TXIT,89,448.06666666666683,50.75333333333333,0.5702621722846442
LPPT,2020-11-07,TXOT,92,1072.5666666666664,-58.53333333333334,-0.636231884057971
LPPT,2020-11-08,TXIT,123,592.85,57.10333333333334,0.4642547425474255
LPPT,2020-11-08,TXOT,116,1328.4333333333334,-116.42666666666665,-1.00367816091954
LPPT,2020-11-09,TXIT,93,475.94999999999993,29.519999999999992,0.3174193548387096
LPPT,2020-11-09,TXOT,97,1000.7833333333336,-77.79666666666671,-0.8020274914089351
LPPT,2020-11-10,TXIT,72,366.48333333333335,36.59999999999999,0.5083333333333332
LPPT,2020-11-10,TXOT,73,803.7166666666668,-65.21666666666668,-0.8933789954337902
LPPT,2020-11-11,TXIT,75,377.3666666666666,30.693333333333328,0.40924444444444436
LPPT,2020-11-11,TXOT,79,744.45,-158.72999999999996,-2.0092405063291134
LPPT,2020-11-12,TXIT,87,461.78333333333336,55.75666666666665,0.6408812260536397
LPPT,2020-11-12,TXOT,86,825.1499999999997,-148.57333333333338,-1.7275968992248067
LPPT,2020-11-13,TXIT,111,611.9166666666666,75.12666666666665,0.6768168168168167
LPPT,2020-11-13,TXOT,112,1123.6500000000003,-139.60333333333332,-1.2464583333333332
LPPT,2020-11-14,TXIT,87,442.8333333333335,49.28333333333334,0.5664750957854406
LPPT,2020-11-14,TXOT,87,1100.5666666666666,42.13666666666667,0.48432950191570884
LPPT,2020-11-15,TXIT,113,559.05,69.24,0.6127433628318584
LPPT,2020-11-15,TXOT,114,1226.3000000000002,-143.03000000000006,-1.254649122807018
LPPT,2020-11-16,TXIT,94,461.40000000000003,33.57999999999999,0.3572340425531914
LPPT,2020-11-16,TXOT,91,1005.9499999999999,-46.22999999999999,-0.5080219780219779
LPPT,2020-11-17,TXIT,62,311.8,35.666666666666664,0.575268817204301
LPPT,2020-11-17,TXOT,58,624.6499999999999,-77.49333333333331,-1.336091954022988
LPPT,2020-11-18,TXIT,69,347.18333333333334,35.50999999999999,0.5146376811594202
LPPT,2020-11-18,TXOT,77,819.6333333333334,-60.883333333333326,-0.7906926406926406
LPPT,2020-11-19,TXIT,75,405.01666666666665,52.02999999999998,0.6937333333333331
LPPT,2020-11-19,TXOT,71,698.9166666666667,-104.23666666666668,-1.4681220657276997
LPPT,2020-11-20,TXIT,94,492.3666666666665,44.830000000000005,0.47691489361702133
LPPT,2020-11-20,TXOT,100,1000.7500000000005,-107.13666666666668,-1.0713666666666668
LPPT,2020-11-21,TXIT,74,384.0666666666666,36.99666666666667,0.499954954954955
LPPT,2020-11-21,TXOT,77,763.2166666666668,-107.08000000000001,-1.390649350649351
LPPT,2020-11-22,TXIT,97,530.4166666666667,65.36999999999999,0.6739175257731957
LPPT,2020-11-22,TXOT,93,916.1333333333333,-118.68333333333332,-1.2761648745519711
LPPT,2020-11-23,TXIT,86,440.03333333333336,27.613333333333326,0.3210852713178294
LPPT,2020-11-23,TXOT,87,798.4333333333335,-166.41,-1.9127586206896552
LPPT,2020-11-24,TXIT,60,318.69999999999993,39.903333333333336,0.6650555555555556
LPPT,2020-11-24,TXOT,51,546.5833333333333,-55.21333333333336,-1.0826143790849678
LPPT,2020-11-25,TXIT,63,332.50000000000006,31.78000000000001,0.5044444444444446
LPPT,2020-11-25,TXOT,68,729.2166666666667,-68.24,-1.0035294117647058
LPPT,2020-11-26,TXIT,66,344.6833333333334,39.86333333333334,0.6039898989898991
LPPT,2020-11-26,TXOT,68,710.8,-74.05000000000004,-1.0889705882352947
LPPT,2020-11-27,TXIT,96,508.29999999999995,49.74999999999997,0.5182291666666664
LPPT,2020-11-27,TXOT,92,919.333333333333,-112.0033333333334,-1.2174275362318847
LPPT,2020-11-28,TXIT,67,313.01666666666665,9.579999999999995,0.1429850746268656
LPPT,2020-11-28,TXOT,74,806.1166666666668,-101.03999999999999,-1.3654054054054052
LPPT,2020-11-29,TXIT,98,526.8166666666666,55.0033333333333,0.5612585034013602
LPPT,2020-11-29,TXOT,94,955.2166666666666,-118.79666666666668,-1.2637943262411349
LPPT,2020-11-30,TXIT,84,459.7499999999999,32.87666666666665,0.3913888888888887
LPPT,2020-11-30,TXOT,87,868.5333333333331,-102.87666666666671,-1.182490421455939
LPPT,2020-12-01,TXIT,61,298.8666666666667,16.843333333333323,0.2761202185792348
LPPT,2020-12-01,TXOT,55,589.85,-46.48000000000001,-0.8450909090909093
LPPT,2020-12-02,TXIT,74,381.75,29.880000000000006,0.4037837837837839
LPPT,2020-12-02,TXOT,73,798.1999999999997,-36.876666666666665,-0.5051598173515982
LPPT,2020-12-03,TXIT,64,379.8166666666666,81.72333333333336,1.2769270833333337
LPPT,2020-12-03,TXOT,61,678.3333333333334,-30.76333333333333,-0.5043169398907102
LPPT,2020-12-04,TXIT,91,482.65,48.39666666666666,0.5318315018315017
LPPT,2020-12-04,TXOT,96,1026.6,-57.5,-0.5989583333333334
LPPT,2020-12-05,TXIT,71,368.75000000000006,38.54333333333334,0.5428638497652583
LPPT,2020-12-05,TXOT,73,736.4500000000003,-93.75666666666663,-1.2843378995433785
LPPT,2020-12-06,TXIT,90,457.8666666666667,48.64666666666665,0.5405185185185183
LPPT,2020-12-06,TXOT,84,930.3666666666667,-75.82333333333334,-0.9026587301587302
LPPT,2020-12-07,TXIT,75,374.4,21.986666666666657,0.29315555555555545
LPPT,2020-12-07,TXOT,80,807.6333333333333,-94.65666666666665,-1.1832083333333332
LPPT,2020-12-08,TXIT,61,332.2666666666667,43.84666666666666,0.7187978142076501
LPPT,2020-12-08,TXOT,57,578.1666666666665,-65.89999999999999,-1.1561403508771928
LPPT,2020-12-09,TXIT,70,358.6,30.57666666666667,0.43680952380952387
LPPT,2020-12-09,TXOT,69,722.45,-101.08666666666666,-1.4650241545893719
LPPT,2020-12-10,TXIT,79,401.09999999999997,42.716666666666676,0.5407172995780591
LPPT,2020-12-10,TXOT,78,889.8666666666666,-72.72666666666666,-0.9323931623931623
LPPT,2020-12-11,TXIT,106,518.9333333333332,50.45333333333332,0.47597484276729546
LPPT,2020-12-11,TXOT,107,1205.6999999999998,-103.87333333333335,-0.9707788161993771
LPPT,2020-12-12,TXIT,83,390.83333333333326,24.246666666666666,0.2921285140562249
LPPT,2020-12-12,TXOT,88,945.35,-102.03333333333337,-1.1594696969696974
LPPT,2020-12-13,TXIT,102,486.01666666666654,28.10333333333333,0.2755228758169935
LPPT,2020-12-13,TXOT,101,1111.033333333333,-155.93666666666672,-1.5439273927392745
LPPT,2020-12-14,TXIT,97,441.3333333333333,22.399999999999995,0.23092783505154635
LPPT,2020-12-14,TXOT,93,1069.4333333333336,-102.76666666666667,-1.1050179211469533
LPPT,2020-12-15,TXIT,77,379.2833333333333,39.76666666666667,0.5164502164502165
LPPT,2020-12-15,TXOT,73,815.6333333333332,-65.6566666666667,-0.8994063926940643
LPPT,2020-12-16,TXIT,82,442.23333333333346,59.703333333333305,0.7280894308943086
LPPT,2020-12-16,TXOT,92,981.666666666667,-86.15,-0.9364130434782609
LPPT,2020-12-17,TXIT,119,670.0000000000003,98.58999999999996,0.8284873949579828
LPPT,2020-12-17,TXOT,120,1276.1499999999999,-64.55000000000004,-0.537916666666667
LPPT,2020-12-18,TXIT,145,762.6166666666671,131.15333333333336,0.9045057471264369
LPPT,2020-12-18,TXOT,147,1709.1000000000015,-31.636666666666656,-0.2152154195011337
LPPT,2020-12-19,TXIT,134,704.4333333333335,86.22999999999998,0.643507462686567
LPPT,2020-12-19,TXOT,140,1548.7333333333336,-86.93666666666671,-0.6209761904761908
LPPT,2020-12-20,TXIT,155,838.1999999999999,124.39666666666666,0.8025591397849462
LPPT,2020-12-20,TXOT,144,1593.4,-102.94333333333336,-0.7148842592592595
LPPT,2020-12-21,TXIT,123,632.9000000000001,78.46000000000005,0.637886178861789
LPPT,2020-12-21,TXOT,125,1346.8333333333335,-99.06666666666668,-0.7925333333333334
LPPT,2020-12-22,TXIT,99,516.1833333333333,66.31333333333336,0.6698316498316501
LPPT,2020-12-22,TXOT,96,950.233333333333,-132.00666666666666,-1.3750694444444445
LPPT,2020-12-23,TXIT,120,635.1999999999999,91.35333333333334,0.7612777777777778
LPPT,2020-12-23,TXOT,129,1470.2166666666667,-66.99333333333337,-0.5193281653746773
LPPT,2020-12-24,TXIT,119,630.7166666666665,71.3633333333334,0.5996918767507008
LPPT,2020-12-24,TXOT,106,1089.8500000000001,-89.43666666666671,-0.8437421383647803
LPPT,2020-12-25,TXIT,73,388.1333333333334,44.386666666666656,0.6080365296803651
LPPT,2020-12-25,TXOT,79,798.9666666666669,-85.24333333333334,-1.079029535864979
LPPT,2020-12-26,TXIT,109,584.8166666666668,68.99999999999999,0.6330275229357797
LPPT,2020-12-26,TXOT,116,1217.8833333333332,-73.15000000000002,-0.6306034482758622
LPPT,2020-12-27,TXIT,138,727.7333333333333,97.27,0.7048550724637681
LPPT,2020-12-27,TXOT,138,1487.283333333334,-124.41999999999996,-0.9015942028985504
LPPT,2020-12-28,TXIT,128,682.2333333333337,82.9933333333333,0.6483854166666664
LPPT,2020-12-28,TXOT,124,1271.683333333334,-125.80666666666664,-1.0145698924731181
LPPT,2020-12-29,TXIT,100,529.6666666666669,59.15333333333331,0.591533333333333
LPPT,2020-12-29,TXOT,97,1051.15,-34.50333333333335,-0.35570446735395206
LPPT,2020-12-30,TXIT,104,548.2,67.11333333333332,0.6453205128205126
LPPT,2020-12-30,TXOT,116,1190.8333333333328,-113.63666666666666,-0.9796264367816091
LPPT,2020-12-31,TXIT,100,507.06666666666666,53.460000000000015,0.5346000000000002
LPPT,2020-12-31,TXOT,92,1032.4500000000003,-67.15999999999998,-0.7299999999999998
LPPT,2021-01-01,TXIT,103,557.0499999999997,78.52000000000001,0.7623300970873788
LPPT,2021-01-01,TXOT,107,1151.2166666666667,-66.30333333333334,-0.6196573208722742
LPPT,2021-01-02,TXIT,132,724.0166666666669,105.44333333333331,0.7988131313131311
LPPT,2021-01-02,TXOT,137,1386.1833333333332,-121.92333333333332,-0.8899513381995132
LPPT,2021-01-03,TXIT,152,864.9166666666664,162.90333333333336,1.0717324561403512
LPPT,2021-01-03,TXOT,152,1612.25,-79.88666666666664,-0.5255701754385963
LPPT,2021-01-04,TXIT,139,724.9,85.75333333333332,0.6169304556354915
LPPT,2021-01-04,TXOT,132,1336.2666666666676,-148.55333333333337,-1.1254040404040406
LPPT,2021-01-05,TXIT,94,487.98333333333346,58.79666666666664,0.625496453900709
LPPT,2021-01-05,TXOT,84,916.3999999999999,-45.980000000000025,-0.5473809523809526
LPPT,2021-01-06,TXIT,97,485.59999999999985,28.536666666666658,0.29419243986254284
LPPT,2021-01-06,TXOT,107,1171.8833333333332,-55.1866666666667,-0.5157632398753897
LPPT,2021-01-07,TXIT,104,558.7499999999998,72.69333333333336,0.6989743589743592
LPPT,2021-01-07,TXOT,98,1023.3166666666665,-87.41333333333331,-0.891972789115646
LPPT,2021-01-08,TXIT,114,612.5500000000003,70.13666666666664,0.6152339181286548
LPPT,2021-01-08,TXOT,122,1265.6833333333334,-102.68666666666662,-0.8416939890710379
LPPT,2021-01-09,TXIT,107,579.0833333333335,71.69333333333336,0.6700311526479753
LPPT,2021-01-09,TXOT,107,1127.9833333333331,-68.65666666666668,-0.6416510903426793
LPPT,2021-01-10,TXIT,118,646.2166666666667,86.65666666666664,0.7343785310734461
LPPT,2021-01-10,TXOT,114,1112.8999999999999,-154.4733333333333,-1.3550292397660817
LPPT,2021-01-11,TXIT,90,480.45,57.19000000000002,0.6354444444444447
LPPT,2021-01-11,TXOT,88,894.5666666666667,-88.15666666666668,-1.0017803030303032
LPPT,2021-01-12,TXIT,52,265.23333333333335,25.383333333333333,0.48814102564102563
LPPT,2021-01-12,TXOT,46,503.0333333333333,-19.81333333333334,-0.43072463768115954
LPPT,2021-01-13,TXIT,52,257.98333333333335,18.553333333333324,0.3567948717948716
LPPT,2021-01-13,TXOT,57,608.0333333333333,-43.00666666666667,-0.7545029239766082
LPPT,2021-01-14,TXIT,74,376.9666666666666,29.73333333333332,0.40180180180180164
LPPT,2021-01-14,TXOT,79,820.55,-94.85333333333334,-1.200675105485232
LPPT,2021-01-15,TXIT,84,439.3666666666667,38.19333333333334,0.4546825396825398
LPPT,2021-01-15,TXOT,92,977.0166666666667,-65.10666666666665,-0.7076811594202898
LPPT,2021-01-16,TXIT,73,368.1666666666666,24.040000000000003,0.32931506849315073
LPPT,2021-01-16,TXOT,75,732.1000000000001,-108.84333333333333,-1.4512444444444446
LPPT,2021-01-17,TXIT,92,487.5000000000001,54.54333333333332,0.5928623188405796
LPPT,2021-01-17,TXOT,87,852.3166666666668,-114.79666666666664,-1.319501915708812
LPPT,2021-01-18,TXIT,87,468.56666666666666,30.669999999999995,0.35252873563218384
LPPT,2021-01-18,TXOT,78,813.8833333333331,-55.92666666666668,-0.7170085470085471
LPPT,2021-01-19,TXIT,46,243.35000000000005,34.16666666666667,0.7427536231884059
LPPT,2021-01-19,TXOT,43,542.9000000000001,16.526666666666657,0.3843410852713176
LPPT,2021-01-20,TXIT,46,242.8333333333333,27.876666666666665,0.6060144927536232
LPPT,2021-01-20,TXOT,49,579.3666666666667,-27.10666666666668,-0.5531972789115649
LPPT,2021-01-21,TXIT,66,337.3666666666666,34.23333333333333,0.5186868686868686
LPPT,2021-01-21,TXOT,76,848.4333333333333,-116.07333333333331,-1.5272807017543857
LPPT,2021-01-22,TXIT,83,391.83333333333337,22.753333333333323,0.2741365461847388
LPPT,2021-01-22,TXOT,91,1024.8000000000002,-107.23333333333326,-1.1783882783882775
LPPT,2021-01-23,TXIT,77,373.20000000000016,21.593333333333323,0.2804329004329003
LPPT,2021-01-23,TXOT,78,873.6166666666668,-84.53999999999996,-1.0838461538461535
LPPT,2021-01-24,TXIT,82,370.71666666666664,8.323333333333334,0.10150406504065042
LPPT,2021-01-24,TXOT,73,738.5166666666665,-150.8233333333333,-2.06607305936073
LPPT,2021-01-25,TXIT,81,372.65000000000003,10.509999999999994,0.12975308641975303
LPPT,2021-01-25,TXOT,79,869.7833333333331,-109.88333333333328,-1.3909282700421934
LPPT,2021-01-26,TXIT,48,226.13333333333333,1.5533333333333315,0.03236111111111107
LPPT,2021-01-26,TXOT,41,422.5166666666666,-69.96666666666667,-1.7065040650406504
LPPT,2021-01-27,TXIT,51,254.48333333333332,18.25666666666667,0.3579738562091504
LPPT,2021-01-27,TXOT,52,576.5500000000001,-24.663333333333334,-0.4742948717948718
LPPT,2021-01-28,TXIT,67,359.0666666666667,50.09666666666667,0.7477114427860697
LPPT,2021-01-28,TXOT,71,759.1333333333332,-59.57,-0.8390140845070423
LPPT,2021-01-29,TXIT,79,383.05,28.706666666666678,0.36337552742616047
LPPT,2021-01-29,TXOT,87,980.5166666666671,-93.57333333333335,-1.0755555555555558
LPPT,2021-01-30,TXIT,68,354.64999999999986,46.489999999999995,0.6836764705882352
LPPT,2021-01-30,TXOT,70,676.3499999999998,-176.63999999999996,-2.5234285714285707
LPPT,2021-01-31,TXIT,77,340.86666666666673,3.67333333333333,0.04770562770562766
LPPT,2021-01-31,TXOT,65,694.1000000000001,-108.25000000000001,-1.6653846153846157
LPPT,2021-02-01,TXIT,73,340.65000000000003,21.80333333333333,0.29867579908675795
LPPT,2021-02-01,TXOT,69,721.4833333333331,-116.64000000000003,-1.690434782608696
LPPT,2021-02-02,TXIT,36,180.16666666666669,12.236666666666666,0.3399074074074074
LPPT,2021-02-02,TXOT,35,375.03333333333325,-65.79333333333334,-1.8798095238095238
LPPT,2021-02-03,TXIT,41,209.95,21.720000000000002,0.5297560975609756
LPPT,2021-02-03,TXOT,45,507.9166666666667,-71.27333333333335,-1.5838518518518523
LPPT,2021-02-04,TXIT,55,286.54999999999995,24.376666666666654,0.443212121212121
LPPT,2021-02-04,TXOT,63,651.6500000000002,-83.88000000000001,-1.3314285714285716
LPPT,2021-02-05,TXIT,58,298.4333333333334,22.240000000000002,0.383448275862069
LPPT,2021-02-05,TXOT,56,561.3166666666667,-72.5166666666667,-1.2949404761904766
LPPT,2021-02-06,TXIT,47,228.11666666666667,6.443333333333335,0.13709219858156033
LPPT,2021-02-06,TXOT,54,565.1500000000001,-52.410000000000025,-0.9705555555555561
LPPT,2021-02-07,TXIT,58,306.68333333333334,28.98333333333333,0.4997126436781609
LPPT,2021-02-07,TXOT,47,469.9833333333333,-105.83000000000003,-2.2517021276595752
LPPT,2021-02-08,TXIT,49,227.04999999999998,8.429999999999998,0.17204081632653057
LPPT,2021-02-08,TXOT,46,540.2333333333335,-67.62000000000003,-1.4700000000000006
LPPT,2021-02-09,TXIT,21,127.91666666666667,7.7866666666666635,0.3707936507936506
LPPT,2021-02-09,TXOT,24,331.05000000000007,-29.23333333333332,-1.218055555555555
LPPT,2021-02-10,TXIT,33,167.08333333333334,0.9366666666666665,0.02838383838383838
LPPT,2021-02-10,TXOT,31,310.96666666666664,-68.10666666666667,-2.196989247311828
LPPT,2021-02-11,TXIT,48,244.31666666666666,17.42666666666667,0.36305555555555563
LPPT,2021-02-11,TXOT,46,511.20000000000016,-79.18333333333332,-1.7213768115942027
LPPT,2021-02-12,TXIT,56,270.85,16.599999999999994,0.2964285714285713
LPPT,2021-02-12,TXOT,58,603.7166666666667,-89.92333333333333,-1.5504022988505748
LPPT,2021-02-13,TXIT,48,247.28333333333336,18.249999999999996,0.38020833333333326
LPPT,2021-02-13,TXOT,53,633.2499999999995,-12.456666666666662,-0.2350314465408804
LPPT,2021-02-14,TXIT,51,260.6,19.00333333333333,0.37261437908496725
LPPT,2021-02-14,TXOT,52,512.2333333333335,-77.09333333333333,-1.4825641025641025
LPPT,2021-02-15,TXIT,46,222.51666666666665,6.73,0.14630434782608698
LPPT,2021-02-15,TXOT,39,382.3166666666668,-55.239999999999995,-1.4164102564102563
LPPT,2021-02-16,TXIT,33,150.08333333333334,-2.02,-0.06121212121212121
LPPT,2021-02-16,TXOT,33,384.29999999999995,-67.62666666666665,-2.0492929292929287
LPPT,2021-02-17,TXIT,31,139.31666666666666,-2.9900000000000007,-0.09645161290322583
LPPT,2021-02-17,TXOT,34,368.33333333333337,-72.08666666666666,-2.1201960784313725
LPPT,2021-02-18,TXIT,44,213.16666666666666,8.436666666666667,0.19174242424242427
LPPT,2021-02-18,TXOT,47,573.0666666666666,-54.133333333333326,-1.15177304964539
LPPT,2021-02-19,TXIT,60,276.4333333333334,2.5933333333333297,0.04322222222222216
LPPT,2021-02-19,TXOT,60,652.4166666666667,-89.42666666666666,-1.4904444444444445
LPPT,2021-02-20,TXIT,58,284.5333333333334,15.493333333333327,0.2671264367816091
LPPT,2021-02-20,TXOT,55,625.2166666666667,-48.17999999999999,-0.8759999999999999
LPPT,2021-02-21,TXIT,60,298.7833333333333,15.43999999999999,0.2573333333333332
LPPT,2021-02-21,TXOT,57,586.4166666666667,-65.80000000000001,-1.154385964912281
LPPT,2021-02-22,TXIT,53,264.71666666666664,16.936666666666667,0.319559748427673
LPPT,2021-02-22,TXOT,52,534.4333333333335,-100.68999999999997,-1.9363461538461533
LPPT,2021-02-23,TXIT,30,144.56666666666672,8.54,0.2846666666666666
LPPT,2021-02-23,TXOT,33,325.4666666666666,-86.57333333333332,-2.6234343434343432
LPPT,2021-02-24,TXIT,34,168.5666666666667,4.3,0.1264705882352941
LPPT,2021-02-24,TXOT,31,362.7833333333333,-59.01333333333333,-1.9036559139784945
LPPT,2021-02-25,TXIT,42,225.63333333333333,27.62666666666666,0.6577777777777777
LPPT,2021-02-25,TXOT,47,485.2166666666667,-56.873333333333306,-1.210070921985815
LPPT,2021-02-26,TXIT,54,272.2833333333334,20.676666666666648,0.38290123456790087
LPPT,2021-02-26,TXOT,57,579.3666666666666,-79.19666666666664,-1.389415204678362
LPPT,2021-02-27,TXIT,56,274.8666666666667,10.176666666666662,0.1817261904761904
LPPT,2021-02-27,TXOT,56,571.6833333333335,-70.67000000000002,-1.261964285714286
LPPT,2021-02-28,TXIT,65,326.08333333333337,33.140000000000015,0.5098461538461541
LPPT,2021-02-28,TXOT,53,551.0666666666667,-56.99333333333334,-1.0753459119496855
LPPT,2021-03-01,TXIT,50,250.6333333333334,17.410000000000004,0.34820000000000007
LPPT,2021-03-01,TXOT,49,476.2166666666667,-84.88000000000001,-1.7322448979591838
LPPT,2021-03-02,TXIT,28,140.96666666666667,6.21666666666667,0.22202380952380965
LPPT,2021-03-02,TXOT,32,323.73333333333335,-72.18333333333332,-2.2557291666666663
LPPT,2021-03-03,TXIT,29,142.88333333333333,3.8566666666666656,0.1329885057471264
LPPT,2021-03-03,TXOT,32,331.9166666666667,-67.73666666666666,-2.1167708333333333
LPPT,2021-03-04,TXIT,41,210.98333333333326,10.926666666666664,0.26650406504065033
LPPT,2021-03-04,TXOT,47,500.6666666666667,-89.47666666666667,-1.9037588652482271
LPPT,2021-03-05,TXIT,60,306.66666666666674,20.599999999999994,0.3433333333333332
LPPT,2021-03-05,TXOT,56,545.1666666666669,-90.91333333333336,-1.6234523809523813
LPPT,2021-03-06,TXIT,55,266.4333333333334,7.70999999999999,0.140181818181818
LPPT,2021-03-06,TXOT,57,582.8333333333334,-78.68333333333337,-1.3804093567251468
LPPT,2021-03-07,TXIT,56,276.1666666666667,15.276666666666664,0.272797619047619
LPPT,2021-03-07,TXOT,56,557.1500000000001,-71.73666666666665,-1.2810119047619044
LPPT,2021-03-08,TXIT,56,302.00000000000006,33.516666666666666,0.5985119047619047
LPPT,2021-03-08,TXOT,49,456.9500000000001,-106.30000000000001,-2.169387755102041
LPPT,2021-03-09,TXIT,29,146.25,6.359999999999997,0.2193103448275861
LPPT,2021-03-09,TXOT,29,280.04999999999995,-58.503333333333345,-2.0173563218390806
LPPT,2021-03-10,TXIT,34,167.48333333333338,6.043333333333333,0.17774509803921568
LPPT,2021-03-10,TXOT,30,292.4333333333334,-55.04333333333334,-1.8347777777777778
LPPT,2021-03-11,TXIT,45,249.65,32.216666666666654,0.7159259259259256
LPPT,2021-03-11,TXOT,56,651.5500000000002,-22.126666666666658,-0.3951190476190475
LPPT,2021-03-12,TXIT,53,268.1499999999999,19.813333333333322,0.37383647798742115
LPPT,2021-03-12,TXOT,53,574.4666666666666,-24.18333333333334,-0.45628930817610075
LPPT,2021-03-13,TXIT,57,285.9166666666667,17.516666666666662,0.30730994152046776
LPPT,2021-03-13,TXOT,56,543.3666666666667,-96.82999999999998,-1.7291071428571425
LPPT,2021-03-14,TXIT,51,262.59999999999997,20.486666666666665,0.4016993464052287
LPPT,2021-03-14,TXOT,51,506.5833333333334,-61.53000000000001,-1.2064705882352942
LPPT,2021-03-15,TXIT,52,269.9,16.616666666666667,0.3195512820512821
LPPT,2021-03-15,TXOT,47,431.75000000000006,-105.87,-2.252553191489362
LPPT,2021-03-16,TXIT,27,140.20000000000002,10.106666666666667,0.37432098765432104
LPPT,2021-03-16,TXOT,33,335.9,-56.84,-1.7224242424242426
LPPT,2021-03-17,TXIT,42,218.91666666666669,19.199999999999996,0.457142857142857
LPPT,2021-03-17,TXOT,34,308.8166666666666,-80.13666666666666,-2.356960784313725
LPPT,2021-03-18,TXIT,46,247.31666666666666,21.559999999999995,0.46869565217391296
LPPT,2021-03-18,TXOT,50,500.75000000000006,-68.86333333333336,-1.377266666666667
LPPT,2021-03-19,TXIT,58,307.63333333333327,31.843333333333334,0.5490229885057472
LPPT,2021-03-19,TXOT,60,578.8833333333332,-103.4733333333333,-1.724555555555555
LPPT,2021-03-20,TXIT,60,333.3666666666667,43.41666666666666,0.723611111111111
LPPT,2021-03-20,TXOT,58,587.4166666666666,-78.04333333333332,-1.345574712643678
LPPT,2021-03-21,TXIT,59,325.3999999999999,41.36666666666668,0.7011299435028251
LPPT,2021-03-21,TXOT,64,640.6333333333332,-88.75000000000001,-1.3867187500000002
LPPT,2021-03-22,TXIT,57,295.11666666666673,22.439999999999998,0.39368421052631575
LPPT,2021-03-22,TXOT,50,480.80000000000007,-89.26666666666668,-1.7853333333333337
LPPT,2021-03-23,TXIT,34,191.60000000000002,19.876666666666665,0.5846078431372549
LPPT,2021-03-23,TXOT,33,358.1833333333334,-36.14999999999999,-1.0954545454545452
LPPT,2021-03-24,TXIT,41,196.11666666666665,-0.45000000000000595,-0.010975609756097706
LPPT,2021-03-24,TXOT,36,353,-59.29666666666667,-1.6471296296296296
LPPT,2021-03-25,TXIT,55,284.6166666666666,21.44666666666666,0.3899393939393938
LPPT,2021-03-25,TXOT,65,652.9666666666668,-92.33000000000001,-1.4204615384615387
LPPT,2021-03-26,TXIT,79,428.9833333333333,50.223333333333315,0.6357383966244723
LPPT,2021-03-26,TXOT,71,721.6666666666664,-70.03999999999996,-0.9864788732394361
LPPT,2021-03-27,TXIT,83,442.99999999999994,40.03333333333333,0.4823293172690763
LPPT,2021-03-27,TXOT,75,757.3833333333332,-93.3233333333333,-1.2443111111111107
LPPT,2021-03-28,TXIT,105,569.0833333333336,71.4433333333333,0.6804126984126981
LPPT,2021-03-28,TXOT,125,1288.9166666666663,-104.80666666666666,-0.8384533333333333
LPPT,2021-03-29,TXIT,109,562.4166666666666,52.746666666666655,0.4839143730886849
LPPT,2021-03-29,TXOT,90,916.7500000000001,-120.63000000000002,-1.3403333333333336
LPPT,2021-03-30,TXIT,55,309.40000000000003,35.55999999999998,0.6465454545454542
LPPT,2021-03-30,TXOT,55,539.2166666666667,-74.44333333333334,-1.3535151515151518
LPPT,2021-03-31,TXIT,81,423.9666666666665,57.70333333333334,0.7123868312757202
LPPT,2021-03-31,TXOT,85,845.4333333333335,-158.94666666666663,-1.8699607843137251
LPPT,2021-04-01,TXIT,96,474.4833333333334,40.719999999999985,0.4241666666666665
LPPT,2021-04-01,TXOT,94,1078.0666666666664,-88.09333333333335,-0.937163120567376
LPPT,2021-04-02,TXIT,110,556.9499999999998,57.36333333333332,0.5214848484848484
LPPT,2021-04-02,TXOT,114,1238.1333333333334,-142.06,-1.246140350877193
LPPT,2021-04-03,TXIT,114,598.7500000000001,57.800000000000004,0.5070175438596491
LPPT,2021-04-03,TXOT,117,1188.35,-144.38666666666663,-1.2340740740740737
LPPT,2021-04-04,TXIT,124,629.8333333333335,45.64333333333333,0.3680913978494623
LPPT,2021-04-04,TXOT,119,1227.083333333334,-133.0533333333333,-1.118095238095238
LPPT,2021-04-05,TXIT,111,589.8,78.39666666666669,0.7062762762762765
LPPT,2021-04-05,TXOT,99,1029.0000000000002,-121.46000000000004,-1.2268686868686873
LPPT,2021-04-06,TXIT,49,247.88333333333327,13.04,0.2661224489795918
LPPT,2021-04-06,TXOT,53,688.8499999999998,47.37999999999998,0.893962264150943
LPPT,2021-04-07,TXIT,72,379.0333333333334,42.126666666666665,0.5850925925925926
LPPT,2021-04-07,TXOT,77,788.3500000000001,-100.10999999999999,-1.30012987012987
LPPT,2021-04-08,TXIT,89,459.5166666666668,47.113333333333344,0.52936329588015
LPPT,2021-04-08,TXOT,85,855.6500000000002,-157.33666666666664,-1.851019607843137
LPPT,2021-04-09,TXIT,116,564.5833333333335,60.83,0.5243965517241379
LPPT,2021-04-09,TXOT,119,1198.716666666666,-269.71333333333325,-2.266498599439775
LPPT,2021-04-10,TXIT,109,544.4666666666665,59.69999999999998,0.5477064220183484
LPPT,2021-04-10,TXOT,107,1241.9500000000003,-77.0500000000001,-0.7200934579439261
LPPT,2021-04-11,TXIT,117,615.9166666666664,58.02999999999999,0.4959829059829059
LPPT,2021-04-11,TXOT,121,1256.033333333333,-99.07999999999996,-0.8188429752066112
LPPT,2021-04-12,TXIT,101,498.43333333333334,39.42333333333334,0.3903300330033004
LPPT,2021-04-12,TXOT,93,958.1999999999999,-121.24999999999996,-1.3037634408602146
LPPT,2021-04-13,TXIT,48,227.1833333333333,10.256666666666657,0.21368055555555535
LPPT,2021-04-13,TXOT,48,485.58333333333337,-108.05999999999999,-2.2512499999999998
LPPT,2021-04-14,TXIT,74,378.1166666666667,31.92,0.4313513513513514
LPPT,2021-04-14,TXOT,74,789.8166666666667,-50.593333333333334,-0.6836936936936937
LPPT,2021-04-15,TXIT,82,448.8833333333333,53.896666666666675,0.6572764227642277
LPPT,2021-04-15,TXOT,87,899.9500000000003,-95.14333333333335,-1.0936015325670498
LPPT,2021-04-16,TXIT,113,603.65,64.39666666666665,0.5698820058997048
LPPT,2021-04-16,TXOT,123,1293.9666666666665,-97.70333333333335,-0.7943360433604337
LPPT,2021-04-17,TXIT,106,582.6166666666668,88.88333333333331,0.8385220125786161
LPPT,2021-04-17,TXOT,104,1138.5333333333333,-40.29333333333334,-0.38743589743589746
LPPT,2021-04-18,TXIT,115,568.7833333333331,52.44666666666665,0.45605797101449264
LPPT,2021-04-18,TXOT,117,1141.6166666666666,-232.76000000000002,-1.9894017094017096
LPPT,2021-04-19,TXIT,112,621.7333333333332,88.31,0.7884821428571429
LPPT,2021-04-19,TXOT,102,1060.1666666666667,-79.12666666666667,-0.775751633986928
LPPT,2021-04-20,TXIT,52,277.9333333333333,25.509999999999998,0.490576923076923
LPPT,2021-04-20,TXOT,53,489.8500000000001,-111.27999999999999,-2.0996226415094337
LPPT,2021-04-21,TXIT,70,349.46666666666664,32.646666666666654,0.4663809523809522
LPPT,2021-04-21,TXOT,69,766.1666666666669,-88.73,-1.2859420289855072
LPPT,2021-04-22,TXIT,98,490.0500000000001,44.47333333333332,0.4538095238095237
LPPT,2021-04-22,TXOT,93,1054.0166666666667,-97.17999999999996,-1.0449462365591393
LPPT,2021-04-23,TXIT,116,566.7500000000001,42.193333333333335,0.3637356321839081
LPPT,2021-04-23,TXOT,125,1400.8333333333328,-160.5166666666666,-1.2841333333333327
LPPT,2021-04-24,TXIT,111,547.0333333333333,58.173333333333325,0.524084084084084
LPPT,2021-04-24,TXOT,113,1227.5833333333335,-152.11999999999998,-1.3461946902654864
LPPT,2021-04-25,TXIT,115,559.5833333333333,42.29666666666669,0.3677971014492756
LPPT,2021-04-25,TXOT,117,1265.1166666666657,-154.22999999999996,-1.318205128205128
LPPT,2021-04-26,TXIT,106,580.2500000000001,81.75,0.7712264150943396
LPPT,2021-04-26,TXOT,94,912.2666666666662,-170.96333333333342,-1.8187588652482278
LPPT,2021-04-27,TXIT,55,281.8333333333333,25.08,0.45599999999999996
LPPT,2021-04-27,TXOT,54,527.6666666666667,-90.03333333333336,-1.6672839506172845
LPPT,2021-04-28,TXIT,70,359.28333333333325,27.679999999999996,0.39542857142857135
LPPT,2021-04-28,TXOT,75,726.55,-133.53666666666666,-1.7804888888888888
LPPT,2021-04-29,TXIT,91,492.9500000000001,62.09999999999997,0.6824175824175821
LPPT,2021-04-29,TXOT,96,966.5500000000001,-122.04,-1.27125
LPPT,2021-04-30,TXIT,112,603.7999999999997,70.53666666666668,0.6297916666666667
LPPT,2021-04-30,TXOT,121,1218.033333333333,-141.25,-1.1673553719008265
LPPT,2021-05-01,TXIT,123,666.9666666666666,91.05999999999995,0.7403252032520321
LPPT,2021-05-01,TXOT,121,1279.433333333333,-86.98000000000002,-0.7188429752066117
LPPT,2021-05-02,TXIT,133,735.6666666666667,98.5866666666667,0.7412531328320805
LPPT,2021-05-02,TXOT,129,1307.8166666666668,-124.29333333333331,-0.9635142118863047
LPPT,2021-05-03,TXIT,113,603.4,66.00666666666659,0.5841297935103238
LPPT,2021-05-03,TXOT,100,970.6666666666665,-140.59000000000003,-1.4059000000000004
LPPT,2021-05-04,TXIT,63,356.28333333333325,49.779999999999994,0.7901587301587301
LPPT,2021-05-04,TXOT,69,680.4499999999998,-109.20999999999998,-1.5827536231884054
LPPT,2021-05-05,TXIT,89,485.06666666666666,61.199999999999996,0.6876404494382022
LPPT,2021-05-05,TXOT,87,861.5833333333331,-118.77333333333333,-1.3652107279693486
LPPT,2021-05-06,TXIT,97,516.45,53.01999999999999,0.5465979381443298
LPPT,2021-05-06,TXOT,100,1045.0166666666669,-84.95666666666666,-0.8495666666666666
LPPT,2021-05-07,TXIT,118,653.1166666666667,83.96666666666667,0.7115819209039548
LPPT,2021-05-07,TXOT,125,1244.7166666666665,-127.85999999999997,-1.0228799999999998
LPPT,2021-05-08,TXIT,121,593.0666666666666,57.59666666666666,0.4760055096418732
LPPT,2021-05-08,TXOT,114,1211.4833333333333,-150.00000000000003,-1.3157894736842108
LPPT,2021-05-09,TXIT,122,637.2333333333333,83.18666666666667,0.6818579234972678
LPPT,2021-05-09,TXOT,125,1442.3166666666666,-88.60000000000002,-0.7088000000000002
LPPT,2021-05-10,TXIT,113,549.2833333333334,53.87333333333331,0.47675516224188774
LPPT,2021-05-10,TXOT,100,1087.5333333333333,-166.23000000000002,-1.6623000000000001
LPPT,2021-05-11,TXIT,63,309.5833333333333,24.33000000000001,0.3861904761904763
LPPT,2021-05-11,TXOT,66,728.05,-75.85666666666665,-1.1493434343434341
LPPT,2021-05-12,TXIT,88,445.7,26.119999999999987,0.29681818181818165
LPPT,2021-05-12,TXOT,91,926.7000000000002,-123.50000000000004,-1.3571428571428577
LPPT,2021-05-13,TXIT,111,618.0333333333332,119.47333333333333,1.0763363363363363
LPPT,2021-05-13,TXOT,117,1354.05,-84.40333333333334,-0.7213960113960114
LPPT,2021-05-14,TXIT,113,599.7500000000002,56.37666666666665,0.49890855457227123
LPPT,2021-05-14,TXOT,119,1292.8,-43.25333333333336,-0.3634733893557425
LPPT,2021-05-15,TXIT,129,700.5166666666669,91.08000000000004,0.7060465116279073
LPPT,2021-05-15,TXOT,117,1177.0666666666664,-129.85333333333332,-1.1098575498575498
LPPT,2021-05-16,TXIT,125,695.9333333333333,99.30999999999997,0.7944799999999997
LPPT,2021-05-16,TXOT,135,1387.0666666666668,-115.30666666666674,-0.854123456790124
LPPT,2021-05-17,TXIT,115,628.3166666666667,82.34999999999998,0.7160869565217389
LPPT,2021-05-17,TXOT,106,1105.2500000000002,-80.52999999999999,-0.7597169811320753
LPPT,2021-05-18,TXIT,67,363.43333333333334,43.243333333333325,0.6454228855721392
LPPT,2021-05-18,TXOT,68,658.0833333333333,-99.69333333333336,-1.4660784313725495
LPPT,2021-05-19,TXIT,91,497.91666666666674,57.75,0.6346153846153846
LPPT,2021-05-19,TXOT,88,937.4499999999999,-57.7333333333333,-0.6560606060606057
LPPT,2021-05-20,TXIT,113,618.3499999999998,78.38333333333331,0.6936578171091443
LPPT,2021-05-20,TXOT,111,1162.1833333333327,-76.41000000000007,-0.688378378378379
LPPT,2021-05-21,TXIT,132,743.9333333333333,120.13333333333328,0.9101010101010097
LPPT,2021-05-21,TXOT,141,1463.049999999999,-106.23333333333332,-0.7534278959810874
LPPT,2021-05-22,TXIT,129,725.5499999999998,117.88666666666667,0.9138501291989665
LPPT,2021-05-22,TXOT,127,1329.433333333333,-107.08000000000004,-0.8431496062992129
LPPT,2021-05-23,TXIT,140,812.9,146.15000000000003,1.0439285714285718
LPPT,2021-05-23,TXOT,149,1564.8833333333332,-93.43666666666667,-0.6270917225950783
LPPT,2021-05-24,TXIT,124,657.9999999999998,76.68666666666664,0.6184408602150535
LPPT,2021-05-24,TXOT,112,1174.3666666666668,-60.03666666666666,-0.5360416666666666
LPPT,2021-05-25,TXIT,74,409.20000000000005,54.05,0.7304054054054053
LPPT,2021-05-25,TXOT,74,728.5166666666665,-98.49999999999999,-1.331081081081081
LPPT,2021-05-26,TXIT,124,764.0166666666667,172.55999999999997,1.3916129032258062
LPPT,2021-05-26,TXOT,113,1248.533333333334,-52.55666666666667,-0.46510324483775817
LPPT,2021-05-27,TXIT,126,706.7499999999999,112.27666666666667,0.8910846560846561
LPPT,2021-05-27,TXOT,127,1381.6,-55.05999999999998,-0.43354330708661404
LPPT,2021-05-28,TXIT,157,969.0500000000002,218.60666666666663,1.3923991507430995
LPPT,2021-05-28,TXOT,165,1941.9000000000003,83.1633333333333,0.5040202020202018
LPPT,2021-05-29,TXIT,150,886.0833333333338,176.11000000000007,1.174066666666667
LPPT,2021-05-29,TXOT,138,1515.9500000000005,-25.46333333333333,-0.18451690821256037
LPPT,2021-05-30,TXIT,148,836.8333333333335,138.96999999999994,0.9389864864864861
LPPT,2021-05-30,TXOT,172,1837.916666666667,-70.04666666666665,-0.4072480620155038
LPPT,2021-05-31,TXIT,127,634.9333333333333,68.45666666666665,0.539028871391076
LPPT,2021-05-31,TXOT,112,1147.75,-179.0233333333333,-1.598422619047619
LPPT,2021-06-01,TXIT,102,467,23.869999999999997,0.23401960784313722
LPPT,2021-06-01,TXOT,99,1013,-193.39,-1.9534343434343433
LPPT,2021-06-02,TXIT,122,676,121.85666666666664,0.9988251366120217
LPPT,2021-06-02,TXOT,124,1418,-33.67666666666667,-0.27158602150537636
LPPT,2021-06-03,TXIT,152,794,73.71666666666667,0.4849780701754386
LPPT,2021-06-03,TXOT,158,1859,120.95000000000002,0.7655063291139241
LPPT,2021-06-04,TXIT,174,936,103.78666666666665,0.5964750957854406
LPPT,2021-06-04,TXOT,178,2058,125.26666666666671,0.7037453183520601
LPPT,2021-06-05,TXIT,187,968,76.90333333333326,0.41124777183600675
LPPT,2021-06-05,TXOT,187,2097,43.183333333333366,0.23092691622103403
LPPT,2021-06-06,TXIT,201,1170,218.40333333333322,1.086583747927031
LPPT,2021-06-06,TXOT,207,2504,170.37999999999997,0.8230917874396134
LPPT,2021-06-07,TXIT,179,995,149.1633333333333,0.8333147113594039
LPPT,2021-06-07,TXOT,155,1769,69.07333333333335,0.44563440860215064
LPPT,2021-06-08,TXIT,109,615,101.17666666666658,0.9282262996941888
LPPT,2021-06-08,TXOT,105,1194,23.036666666666676,0.21939682539682548
LPPT,2021-06-09,TXIT,120,667,97.50333333333333,0.8125277777777777
LPPT,2021-06-09,TXOT,132,1481,9.776666666666667,0.07406565656565657
LPPT,2021-06-10,TXIT,154,798,75.64999999999999,0.4912337662337662
LPPT,2021-06-10,TXOT,158,1761,-8.799999999999978,-0.05569620253164543
LPPT,2021-06-11,TXIT,163,851,82.99666666666664,0.5091820040899794
LPPT,2021-06-11,TXOT,171,1899,13.636666666666681,0.0797465886939572
LPPT,2021-06-12,TXIT,170,884,102.89333333333333,0.6052549019607844
LPPT,2021-06-12,TXOT,161,1782,-54.38666666666666,-0.3378053830227743
LPPT,2021-06-13,TXIT,194,1027,144.6966666666667,0.7458591065292097
LPPT,2021-06-13,TXOT,196,2299,-42.080000000000005,-0.21469387755102043
LPPT,2021-06-14,TXIT,168,871,86.9466666666666,0.5175396825396822
LPPT,2021-06-14,TXOT,154,1643,-90.20666666666665,-0.5857575757575757
LPPT,2021-06-15,TXIT,109,546,55.64000000000001,0.5104587155963304
LPPT,2021-06-15,TXOT,108,1191,-80.33333333333329,-0.7438271604938267
LPPT,2021-06-16,TXIT,139,679,77.26666666666668,0.5558752997601919
LPPT,2021-06-16,TXOT,153,1823,-53.56999999999999,-0.3501307189542483
LPPT,2021-06-17,TXIT,169,863,67.05000000000001,0.3967455621301776
LPPT,2021-06-17,TXOT,170,1860,-35.05333333333334,-0.2061960784313726
LPPT,2021-06-18,TXIT,187,967,119.99666666666658,0.6416934046345807
LPPT,2021-06-18,TXOT,192,2441,250.55999999999983,1.304999999999999
LPPT,2021-06-19,TXIT,178,932,101.50666666666659,0.5702621722846437
LPPT,2021-06-19,TXOT,184,2193,138.99333333333328,0.7553985507246374
LPPT,2021-06-20,TXIT,213,997,79.22666666666665,0.37195618153364624
LPPT,2021-06-20,TXOT,206,2618,77.47333333333339,0.37608414239482224
LPPT,2021-06-21,TXIT,185,945,92.4599999999999,0.4997837837837832
LPPT,2021-06-21,TXOT,176,2043,10.786666666666683,0.061287878787878884
LPPT,2021-06-22,TXIT,109,556,39.00999999999999,0.35788990825688066
LPPT,2021-06-22,TXOT,109,1145,-82.4666666666667,-0.7565749235474009
LPPT,2021-06-23,TXIT,143,776,101.18333333333325,0.707575757575757
LPPT,2021-06-23,TXOT,155,1751,47.520000000000024,0.30658064516129047
LPPT,2021-06-24,TXIT,178,937,101.49666666666663,0.5702059925093631
LPPT,2021-06-24,TXOT,176,2010,23.49666666666667,0.1335037878787879
LPPT,2021-06-25,TXIT,191,993,110.39666666666655,0.577993019197207
LPPT,2021-06-25,TXOT,194,2290,120.16000000000001,0.6193814432989692
LPPT,2021-06-26,TXIT,187,913,46.60999999999999,0.24925133689839568
LPPT,2021-06-26,TXOT,197,2313,58.936666666666696,0.2991708967851101
LPPT,2021-06-27,TXIT,222,1186,126.41666666666657,0.569444444444444
LPPT,2021-06-27,TXOT,220,2513,95.55999999999999,0.4343636363636363
LPPT,2021-06-28,TXIT,202,1090,133.7833333333333,0.6622937293729372
LPPT,2021-06-28,TXOT,181,2070,91.67333333333332,0.5064825046040515
LPPT,2021-06-29,TXIT,120,687,105.89999999999996,0.8824999999999997
LPPT,2021-06-29,TXOT,114,1194,-60.69999999999999,-0.5324561403508771
LPPT,2021-06-30,TXIT,152,861,125.69999999999997,0.8269736842105262
LPPT,2021-06-30,TXOT,180,1987,-15.363333333333278,-0.08535185185185154
LPPT,2021-07-01,TXIT,205,1194.5833333333342,184.88333333333333,0.901869918699187
LPPT,2021-07-01,TXOT,201,2217.3500000000004,46.63333333333335,0.2320066334991709
LPPT,2021-07-02,TXIT,237,1427.1166666666666,274.6566666666668,1.1588888888888895
LPPT,2021-07-02,TXOT,245,2792.2333333333327,102.19000000000003,0.4171020408163266
LPPT,2021-07-03,TXIT,236,1227.4499999999996,167.5633333333332,0.7100141242937847
LPPT,2021-07-03,TXOT,231,2792.4,18.339999999999954,0.0793939393939392
LPPT,2021-07-04,TXIT,247,1451.7000000000005,245.4833333333333,0.9938596491228069
LPPT,2021-07-04,TXOT,253,2803.8666666666663,10.120000000000008,0.04000000000000003
LPPT,2021-07-05,TXIT,235,1363.45,207.79999999999993,0.8842553191489358
LPPT,2021-07-05,TXOT,208,2342.3833333333337,80.42333333333332,0.38665064102564095
LPPT,2021-07-06,TXIT,144,839.0833333333333,126.3666666666667,0.8775462962962965
LPPT,2021-07-06,TXOT,146,1490.2499999999993,-96.18666666666675,-0.6588127853881285
LPPT,2021-07-07,TXIT,177,1022.9333333333332,143.8466666666667,0.812693032015066
LPPT,2021-07-07,TXOT,194,2165.666666666667,46.00666666666667,0.23714776632302406
LPPT,2021-07-08,TXIT,193,1108.5833333333328,166.02666666666664,0.8602417962003452
LPPT,2021-07-08,TXOT,188,2008.0666666666673,-21.99666666666667,-0.1170035460992908
LPPT,2021-07-09,TXIT,226,1476.7499999999998,353.6733333333335,1.5649262536873165
LPPT,2021-07-09,TXOT,237,2713.0500000000015,151.12000000000003,0.6376371308016879
LPPT,2021-07-10,TXIT,231,1402.0499999999995,263.88,1.1423376623376622
LPPT,2021-07-10,TXOT,232,2717.35,192.38333333333327,0.8292385057471262
LPPT,2021-07-11,TXIT,250,1468.7166666666665,239.32999999999987,0.9573199999999995
LPPT,2021-07-11,TXOT,250,2838.366666666664,71.35333333333328,0.28541333333333313
LPPT,2021-07-12,TXIT,231,1334.2666666666669,196.35333333333324,0.8500144300144296
LPPT,2021-07-12,TXOT,202,2370.016666666667,179.81666666666672,0.8901815181518155
LPPT,2021-07-13,TXIT,141,835.2833333333332,136.0666666666667,0.9650118203309694
LPPT,2021-07-13,TXOT,145,1419.0499999999997,-150.60666666666668,-1.0386666666666668
LPPT,2021-07-14,TXIT,171,1004.366666666667,157.03666666666658,0.9183430799220268
LPPT,2021-07-14,TXOT,184,2017.0333333333342,15.713333333333365,0.08539855072463785
LPPT,2021-07-15,TXIT,193,1120.6166666666663,225.87333333333322,1.1703281519861826
LPPT,2021-07-15,TXOT,191,2254.6166666666663,33.36999999999999,0.1747120418848167
LPPT,2021-07-16,TXIT,231,1417.8166666666655,334.58333333333326,1.4484126984126982
LPPT,2021-07-16,TXOT,241,3020.5499999999997,271.37333333333316,1.1260304287690173
LPPT,2021-07-17,TXIT,123,2502.933333333334,1607.9833333333331,13.073035230352302
LPPT,2021-07-17,TXOT,103,962.5500000000005,-126.63999999999993,-1.2295145631067954
LPPT,2021-07-18,TXIT,95,603.8833333333332,106.98666666666665,1.126175438596491
LPPT,2021-07-18,TXOT,98,878.4500000000003,-150.97000000000003,-1.540510204081633
LPPT,2021-07-19,TXIT,231,1417.8666666666677,266.74999999999994,1.1547619047619044
LPPT,2021-07-19,TXOT,223,2561.466666666668,142.47333333333324,0.6388938714499248
LPPT,2021-07-20,TXIT,152,939.5500000000003,181.47333333333322,1.193903508771929
LPPT,2021-07-20,TXOT,163,1651.2833333333328,-114.89333333333336,-0.7048670756646218
LPPT,2021-07-21,TXIT,184,1103.45,179.07999999999998,0.9732608695652173
LPPT,2021-07-21,TXOT,192,1984.0333333333335,-81.07000000000001,-0.4222395833333334
LPPT,2021-07-22,TXIT,203,1173.6500000000005,167.50000000000006,0.8251231527093599
LPPT,2021-07-22,TXOT,198,2105.6333333333328,-43.583333333333364,-0.22011784511784527
LPPT,2021-07-23,TXIT,243,1598.7666666666667,373.81000000000006,1.5383127572016464
LPPT,2021-07-23,TXOT,256,3095.183333333334,324.5866666666664,1.2679166666666657
LPPT,2021-07-24,TXIT,244,1529.5333333333335,324.01000000000033,1.3279098360655752
LPPT,2021-07-24,TXOT,240,2711.633333333333,105.28999999999996,0.4387083333333332
LPPT,2021-07-25,TXIT,259,1446.033333333334,238.04999999999987,0.9191119691119686
LPPT,2021-07-25,TXOT,255,2959.200000000001,-38.616666666666674,-0.15143790849673205
LPPT,2021-07-26,TXIT,221,1364.8500000000004,264.5600000000001,1.1971040723981905
LPPT,2021-07-26,TXOT,205,2305.7666666666664,79.36333333333332,0.38713821138211374
LPPT,2021-07-27,TXIT,169,1111.7833333333335,275.0433333333334,1.6274753451676534
LPPT,2021-07-27,TXOT,170,1875.6166666666663,43.54333333333328,0.2561372549019605
LPPT,2021-07-28,TXIT,183,1204.9,261.0666666666667,1.4265938069216761
LPPT,2021-07-28,TXOT,194,1993.7833333333326,-127.66666666666674,-0.6580756013745709
LPPT,2021-07-29,TXIT,194,1147.0666666666668,189.0566666666667,0.9745189003436427
LPPT,2021-07-29,TXOT,195,1975.5499999999997,-152.9366666666667,-0.7842905982905984
LPPT,2021-07-30,TXIT,241,1427.116666666667,226.72999999999988,0.940788381742738
LPPT,2021-07-30,TXOT,252,2996.2333333333354,236.0866666666666,0.9368518518518515
LPPT,2021-07-31,TXIT,242,1422.5833333333337,225.86333333333334,0.9333195592286502
LPPT,2021-07-31,TXOT,244,2872.5666666666643,188.47333333333324,0.7724316939890706
LPPT,2021-08-01,TXIT,264,1713.8000000000002,403.91666666666646,1.529987373737373
LPPT,2021-08-01,TXOT,268,2948.4999999999995,-11.650000000000016,-0.043470149253731404
LPPT,2021-08-02,TXIT,246,1483.2000000000007,265.8166666666666,1.0805555555555553
LPPT,2021-08-02,TXOT,216,2366.183333333334,15.526666666666687,0.0718827160493828
LPPT,2021-08-03,TXIT,168,1014.7000000000003,184.0233333333333,1.095376984126984
LPPT,2021-08-03,TXOT,174,1731.8333333333335,-147.8833333333332,-0.8499042145593863
LPPT,2021-08-04,TXIT,185,1139.2166666666665,210.1666666666667,1.1360360360360362
LPPT,2021-08-04,TXOT,198,2154.8333333333335,22.466666666666633,0.1134680134680133
LPPT,2021-08-05,TXIT,208,1260.4,227.17666666666673,1.0921955128205132
LPPT,2021-08-05,TXOT,210,2256.966666666665,-7.496666666666661,-0.035698412698412674
LPPT,2021-08-06,TXIT,244,1521.6499999999994,306.54333333333324,1.2563251366120214
LPPT,2021-08-06,TXOT,249,2816.999999999998,98.92999999999994,0.3973092369477909
LPPT,2021-08-07,TXIT,243,1439.3666666666663,246.58999999999997,1.0147736625514403
LPPT,2021-08-07,TXOT,244,2717.600000000001,38.503333333333316,0.15780054644808736
LPPT,2021-08-08,TXIT,265,1593.7999999999997,288.42666666666656,1.08840251572327
LPPT,2021-08-08,TXOT,269,3057.7000000000003,126.61,0.47066914498141266
LPPT,2021-08-09,TXIT,248,1531.7333333333338,307.70000000000005,1.2407258064516131
LPPT,2021-08-09,TXOT,220,2359.4000000000005,-48.39333333333335,-0.21996969696969706
LPPT,2021-08-10,TXIT,171,1087.7666666666667,233.24333333333328,1.363996101364522
LPPT,2021-08-10,TXOT,172,1802.3666666666672,-64.84000000000009,-0.37697674418604704
LPPT,2021-08-11,TXIT,196,1231.1666666666663,258.65666666666664,1.319676870748299
LPPT,2021-08-11,TXOT,204,2181.9166666666656,-20.17333333333333,-0.09888888888888886
LPPT,2021-08-12,TXIT,210,1223.7000000000003,182.01333333333335,0.8667301587301588
LPPT,2021-08-12,TXOT,213,2283.016666666666,-33.01666666666665,-0.1550078247261345
LPPT,2021-08-13,TXIT,237,1410.55,237.23666666666668,1.0009985935302392
LPPT,2021-08-13,TXOT,251,2769.95,18.806666666666665,0.07492695883134129
LPPT,2021-08-14,TXIT,251,1550.3333333333326,319.193333333333,1.2716865869853904
LPPT,2021-08-14,TXOT,254,2841.5833333333326,42.920000000000044,0.16897637795275608
LPPT,2021-08-15,TXIT,264,1775.7500000000007,459.1100000000001,1.7390530303030307
LPPT,2021-08-15,TXOT,269,3036.7333333333327,79.84666666666665,0.29682775712515486
LPPT,2021-08-16,TXIT,252,1557.5166666666669,293.5966666666667,1.1650661375661377
LPPT,2021-08-16,TXOT,219,2448.383333333333,90.78666666666676,0.4145509893455103
LPPT,2021-08-17,TXIT,166,1049.1500000000005,219.00999999999982,1.3193373493975893
LPPT,2021-08-17,TXOT,168,1769.7833333333324,-29.819999999999993,-0.17749999999999996
LPPT,2021-08-18,TXIT,188,1163.8999999999996,227.9499999999999,1.2124999999999995
LPPT,2021-08-18,TXOT,194,2071.0666666666666,-35.15333333333334,-0.18120274914089352
LPPT,2021-08-19,TXIT,215,1294.7166666666665,223.18333333333322,1.0380620155038756
LPPT,2021-08-19,TXOT,219,2282.149999999999,-89.21666666666667,-0.4073820395738204
LPPT,2021-08-20,TXIT,239,1538.933333333333,346.4933333333332,1.4497629009762896
LPPT,2021-08-20,TXOT,247,2795.7999999999997,97.67000000000002,0.39542510121457497
LPPT,2021-08-21,TXIT,244,1481.0666666666666,272.9366666666667,1.1185928961748637
LPPT,2021-08-21,TXOT,250,2828.650000000001,81.49666666666661,0.3259866666666664
LPPT,2021-08-22,TXIT,270,1778,439.9266666666669,1.6293580246913588
LPPT,2021-08-22,TXOT,270,3228.9833333333327,279.6166666666666,1.035617283950617
LPPT,2021-08-23,TXIT,256,1506.2166666666667,231.8766666666668,0.9057682291666672
LPPT,2021-08-23,TXOT,228,2483.7833333333338,21.806666666666644,0.09564327485380107
LPPT,2021-08-24,TXIT,174,957.8166666666665,186.6033333333334,1.0724329501915713
LPPT,2021-08-24,TXOT,175,1948.0500000000004,-110.62333333333339,-0.6321333333333337
LPPT,2021-08-25,TXIT,197,1035.8166666666668,212.2133333333333,1.0772250423011842
LPPT,2021-08-25,TXOT,211,2543.816666666666,-131.6866666666667,-0.6241074249605056
LPPT,2021-08-26,TXIT,204,1212.4166666666665,325.62333333333333,1.5961928104575163
LPPT,2021-08-26,TXOT,203,2397.25,-132.03333333333345,-0.6504105090311992
LPPT,2021-08-27,TXIT,243,1206.0999999999995,185.34333333333336,0.762729766803841
LPPT,2021-08-27,TXOT,253,3246.500000000001,53.06666666666663,0.2097496706192357
LPPT,2021-08-28,TXIT,243,1389.3166666666668,242.70666666666662,0.9987928669410149
LPPT,2021-08-28,TXOT,246,2943.1166666666672,50.36000000000001,0.20471544715447157
LPPT,2021-08-29,TXIT,281,1716.0666666666668,384.1733333333335,1.3671648873072366
LPPT,2021-08-29,TXOT,277,3307.0333333333347,134.02333333333323,0.48383874849578784
LPPT,2021-08-30,TXIT,257,1491.9500000000003,304.22000000000014,1.1837354085603118
LPPT,2021-08-30,TXOT,235,2753.783333333333,-26.393333333333324,-0.11231205673758861
LPPT,2021-08-31,TXIT,173,1042.3833333333334,212.14333333333346,1.2262620423892108
LPPT,2021-08-31,TXOT,177,1960.0833333333342,-23.33000000000002,-0.13180790960451988
LPPT,2021-09-01,TXIT,201,1029.166666666666,139.04000000000008,0.6917412935323387
LPPT,2021-09-01,TXOT,219,2473.7166666666676,-152.27333333333343,-0.6953120243531207
LPPT,2021-09-02,TXIT,222,1292.3500000000004,207.83333333333323,0.9361861861861858
LPPT,2021-09-02,TXOT,212,2272.883333333332,-91.61999999999999,-0.43216981132075466
LPPT,2021-09-03,TXIT,245,1542.216666666667,336.66999999999996,1.3741632653061222
LPPT,2021-09-03,TXOT,255,3059.1833333333343,258.76,1.0147450980392156
LPPT,2021-09-04,TXIT,241,1350.033333333333,213.32999999999993,0.8851867219917009
LPPT,2021-09-04,TXOT,241,2671.1000000000026,-56.79333333333334,-0.2356569847856155
LPPT,2021-09-05,TXIT,266,1470.0333333333333,276.3866666666667,1.0390476190476192
LPPT,2021-09-05,TXOT,266,3371.3166666666652,179.13666666666663,0.6734461152882204
LPPT,2021-09-06,TXIT,241,1203.183333333333,191.01333333333315,0.7925864453665276
LPPT,2021-09-06,TXOT,218,2614.100000000001,-134.6833333333334,-0.6178134556574927
LPPT,2021-09-07,TXIT,154,834.0000000000003,182.08333333333331,1.1823593073593073
LPPT,2021-09-07,TXOT,154,1804.966666666666,-115.27,-0.7485064935064935
LPPT,2021-09-08,TXIT,192,1028.616666666667,224.5099999999999,1.169322916666666
LPPT,2021-09-08,TXOT,204,2538.7,-19.906666666666688,-0.09758169934640533
LPPT,2021-09-09,TXIT,202,1134.2166666666667,142.49333333333337,0.7054125412541256
LPPT,2021-09-09,TXOT,205,2151.633333333333,-98.73333333333335,-0.48162601626016266
LPPT,2021-09-10,TXIT,238,1391.1499999999996,236.24333333333337,0.9926190476190477
LPPT,2021-09-10,TXOT,243,2781.6,75.46666666666665,0.3105624142661179
LPPT,2021-09-11,TXIT,241,1380.3166666666666,290.60000000000014,1.205809128630706
LPPT,2021-09-11,TXOT,240,2942.683333333334,121.32333333333342,0.5055138888888893
LPPT,2021-09-12,TXIT,261,1454.966666666666,331.58333333333326,1.2704342273307787
LPPT,2021-09-12,TXOT,263,3273.533333333334,14.099999999999987,0.05361216730038018
LPPT,2021-09-13,TXIT,241,1293.0166666666662,274.16,1.1375933609958506
LPPT,2021-09-13,TXOT,214,2749.833333333332,98.24666666666664,0.4590965732087226
LPPT,2021-09-14,TXIT,158,852.3,164.26666666666665,1.0396624472573839
LPPT,2021-09-14,TXOT,161,1874.1500000000003,-77.40666666666672,-0.480786749482402
LPPT,2021-09-15,TXIT,192,1131.6666666666665,223.12,1.1620833333333334
LPPT,2021-09-15,TXOT,201,2250.2,11.849999999999985,0.058955223880596944
LPPT,2021-09-16,TXIT,197,1140.65,163.30999999999997,0.828984771573604
LPPT,2021-09-16,TXOT,202,2111.6166666666663,-83,-0.41089108910891087
LPPT,2021-09-17,TXIT,241,1535.616666666665,335.6566666666665,1.3927662517289068
LPPT,2021-09-17,TXOT,248,2730.6166666666672,25.35000000000001,0.1022177419354839
LPPT,2021-09-18,TXIT,230,1410.216666666666,273.74000000000007,1.1901739130434785
LPPT,2021-09-18,TXOT,236,2618.433333333332,19.143333333333324,0.08111581920903951
LPPT,2021-09-19,TXIT,260,1661.5833333333335,376.4366666666668,1.4478333333333337
LPPT,2021-09-19,TXOT,266,2986.116666666666,86.98333333333329,0.3270050125313282
LPPT,2021-09-20,TXIT,243,1514.8999999999999,304.8399999999999,1.2544855967078186
LPPT,2021-09-20,TXOT,215,2308.116666666666,-16.23000000000001,-0.07548837209302331
LPPT,2021-09-21,TXIT,157,937.0166666666667,159.2766666666667,1.0145010615711254
LPPT,2021-09-21,TXOT,159,1668.8333333333328,-52.02333333333337,-0.3271907756813419
LPPT,2021-09-22,TXIT,195,1318.316666666667,344.9933333333331,1.76919658119658
LPPT,2021-09-22,TXOT,205,2223.6833333333348,0.4966666666666706,0.0024227642276422956
LPPT,2021-09-23,TXIT,210,1288.3999999999994,252.79333333333332,1.2037777777777778
LPPT,2021-09-23,TXOT,212,2219.7999999999997,-95.17333333333332,-0.4489308176100628
LPPT,2021-09-24,TXIT,244,1370.083333333333,277.3899999999998,1.1368442622950812
LPPT,2021-09-24,TXOT,245,3131.0166666666655,202.77666666666647,0.8276598639455774
LPPT,2021-09-25,TXIT,230,1228.1499999999999,252.97666666666663,1.0998985507246375
LPPT,2021-09-25,TXOT,231,2847.7999999999984,-41.336666666666666,-0.17894660894660894
LPPT,2021-09-26,TXIT,264,1658.0166666666667,436.4266666666666,1.653131313131313
LPPT,2021-09-26,TXOT,271,3339.9166666666674,199.21,0.7350922509225093
LPPT,2021-09-27,TXIT,255,1559.666666666667,299.4533333333335,1.1743267973856215
LPPT,2021-09-27,TXOT,230,2457.016666666667,-38.75666666666666,-0.16850724637681158
LPPT,2021-09-28,TXIT,164,998.3499999999999,189.74999999999991,1.1570121951219507
LPPT,2021-09-28,TXOT,164,1739.9666666666662,-57.7333333333334,-0.35203252032520366
LPPT,2021-09-29,TXIT,194,1244.1166666666672,274.28333333333325,1.4138316151202746
LPPT,2021-09-29,TXOT,213,2292.3833333333337,-36.539999999999985,-0.1715492957746478
LPPT,2021-09-30,TXIT,207,1243.1666666666665,217.13999999999993,1.0489855072463765
LPPT,2021-09-30,TXOT,208,2307.8999999999996,16.736666666666668,0.08046474358974359
LPPT,2021-10-01,TXIT,250,1565.8833333333328,325.19999999999993,1.3007999999999997
LPPT,2021-10-01,TXOT,255,2880.050000000001,103.96666666666663,0.4077124183006534
LPPT,2021-10-02,TXIT,239,1425.1999999999996,325.55999999999995,1.362175732217573
LPPT,2021-10-02,TXOT,236,2857.416666666666,112.98,0.47872881355932206
LPPT,2021-10-03,TXIT,261,1749.766666666667,472.2433333333334,1.8093614303959134
LPPT,2021-10-03,TXOT,265,3239.4500000000003,322.62666666666695,1.2174591194968565
LPPT,2021-10-04,TXIT,247,1521.7999999999997,290.2233333333332,1.1749932523616728
LPPT,2021-10-04,TXOT,227,2520.0999999999995,61.31333333333336,0.2701027900146844
LPPT,2021-10-05,TXIT,154,934.3666666666667,163.49333333333328,1.0616450216450213
LPPT,2021-10-05,TXOT,153,1487.9833333333343,-165.88333333333335,-1.0842047930283225
LPPT,2021-10-06,TXIT,187,1288.3500000000001,350.0133333333334,1.8717290552584673
LPPT,2021-10-06,TXOT,196,2101.6166666666672,-12.730000000000027,-0.06494897959183688
LPPT,2021-10-07,TXIT,207,1257.6166666666663,239.4633333333334,1.1568276972624802
LPPT,2021-10-07,TXOT,211,2284.5166666666664,-3.4666666666666472,-0.016429699842022024
LPPT,2021-10-08,TXIT,250,1556.0666666666664,310.3766666666664,1.2415066666666654
LPPT,2021-10-08,TXOT,253,2761.866666666665,12.62999999999996,0.04992094861660063
LPPT,2021-10-09,TXIT,236,1319.5500000000004,166.3666666666667,0.704943502824859
LPPT,2021-10-09,TXOT,235,2672.799999999999,92.0233333333333,0.3915886524822694
LPPT,2021-10-10,TXIT,263,1675.4999999999998,425.6333333333338,1.618377693282638
LPPT,2021-10-10,TXOT,265,3135.3833333333364,115.75666666666675,0.4368176100628934
LPPT,2021-10-11,TXIT,244,1520.7666666666664,311.9399999999999,1.2784426229508192
LPPT,2021-10-11,TXOT,226,2462.366666666667,23.273333333333333,0.10297935103244837
LPPT,2021-10-12,TXIT,149,939.7500000000003,203.03000000000003,1.3626174496644297
LPPT,2021-10-12,TXOT,148,1550.8333333333344,-40.76666666666667,-0.27545045045045047
LPPT,2021-10-13,TXIT,179,1153.916666666666,266.99999999999994,1.4916201117318433
LPPT,2021-10-13,TXOT,190,2024.7000000000007,-70.20999999999998,-0.3695263157894736
LPPT,2021-10-14,TXIT,200,1134.733333333333,200.4500000000001,1.0022500000000005
LPPT,2021-10-14,TXOT,204,2268.3833333333323,-22.60000000000003,-0.11078431372549034
LPPT,2021-10-15,TXIT,254,1533.9499999999998,311.38,1.2259055118110236
LPPT,2021-10-15,TXOT,255,2982.4666666666676,176.68999999999994,0.6929019607843135
LPPT,2021-10-16,TXIT,236,1431.4166666666679,268.86666666666656,1.1392655367231634
LPPT,2021-10-16,TXOT,239,2600.5333333333324,-9.943333333333321,-0.04160390516039046
LPPT,2021-10-17,TXIT,262,1460.1833333333343,331.8166666666664,1.2664758269720091
LPPT,2021-10-17,TXOT,261,3389.1499999999996,127.12666666666675,0.48707535121328255
LPPT,2021-10-18,TXIT,240,1436.3333333333344,315.8833333333332,1.316180555555555
LPPT,2021-10-18,TXOT,219,2758.8999999999987,247.18999999999997,1.1287214611872145
LPPT,2021-10-19,TXIT,152,831.0499999999997,137.90999999999997,0.9073026315789472
LPPT,2021-10-19,TXOT,149,1552.7166666666658,-217.43666666666675,-1.45930648769575
LPPT,2021-10-20,TXIT,183,1063.1166666666668,230.4866666666666,1.2594899817850633
LPPT,2021-10-20,TXOT,199,2167.783333333334,-198.5433333333334,-0.9977051926298162
LPPT,2021-10-21,TXIT,201,1242.95,247.66666666666677,1.2321724709784416
LPPT,2021-10-21,TXOT,205,2159.3833333333337,-64.44666666666667,-0.31437398373983744
LPPT,2021-10-22,TXIT,256,1569.133333333333,300.2100000000001,1.1726953125000004
LPPT,2021-10-22,TXOT,261,2949.7000000000003,104.15999999999998,0.39908045977011486
LPPT,2021-10-23,TXIT,239,1422.383333333333,246.93333333333322,1.0331938633193858
LPPT,2021-10-23,TXOT,243,2646.833333333332,-7.76666666666671,-0.03196159122085066
LPPT,2021-10-24,TXIT,259,1586.8000000000015,307.3433333333333,1.1866537966537964
LPPT,2021-10-24,TXOT,255,2869.649999999999,99.35666666666663,0.3896339869281044
LPPT,2021-10-25,TXIT,246,1530.8166666666664,304.63,1.2383333333333333
LPPT,2021-10-25,TXOT,230,2428.383333333333,-59.80000000000004,-0.2600000000000002
LPPT,2021-10-26,TXIT,158,937.8,145.77333333333326,0.9226160337552738
LPPT,2021-10-26,TXOT,151,1495.9333333333343,-122.51666666666671,-0.8113686534216338
LPPT,2021-10-27,TXIT,185,1352.5833333333335,418.9700000000001,2.2647027027027034
LPPT,2021-10-27,TXOT,198,2121.1000000000004,-37.88333333333339,-0.19132996632996663
LPPT,2021-10-28,TXIT,214,1331.516666666667,366.7400000000001,1.71373831775701
LPPT,2021-10-28,TXOT,217,2680.799999999999,90.21333333333325,0.41572964669738827
LPPT,2021-10-29,TXIT,253,1407.7166666666662,331.58000000000015,1.3105928853754947
LPPT,2021-10-29,TXOT,260,3614.516666666667,318.8366666666667,1.2262948717948718
LPPT,2021-10-30,TXIT,243,1294.5000000000005,258.65666666666675,1.06443072702332
LPPT,2021-10-30,TXOT,241,3376.25,350.76666666666677,1.4554633471645924
LPPT,2021-10-31,TXIT,251,1490.150000000001,426.7666666666667,1.7002656042496682
LPPT,2021-10-31,TXOT,257,3583.866666666666,334.4666666666669,1.301426718547342
LPPT,2021-11-01,TXIT,260,1615.5500000000009,330.1333333333334,1.26974358974359
LPPT,2021-11-01,TXOT,242,2843.0000000000014,188.07000000000002,0.7771487603305786
LPPT,2021-11-02,TXIT,197,1142.533333333333,288.3799999999999,1.463857868020304
LPPT,2021-11-02,TXOT,186,2288.833333333334,-17.006666666666746,-0.09143369175627283
LPPT,2021-11-03,TXIT,195,1288.3999999999999,322.1600000000001,1.6521025641025646
LPPT,2021-11-03,TXOT,214,2441.583333333332,113.55999999999999,0.5306542056074766
LPPT,2021-11-04,TXIT,225,1451.4999999999993,340.29333333333324,1.5124148148148144
LPPT,2021-11-04,TXOT,227,2679.2833333333324,164.89999999999986,0.7264317180616734
LPPT,2021-11-05,TXIT,257,1908.5333333333335,631.3700000000007,2.4566926070038937
LPPT,2021-11-05,TXOT,262,3118.0833333333326,257.53999999999996,0.9829770992366411
LPPT,2021-11-06,TXIT,250,1502.633333333333,268.30666666666656,1.0732266666666663
LPPT,2021-11-06,TXOT,250,3128.7000000000007,350.0566666666668,1.4002266666666672
LPPT,2021-11-07,TXIT,269,1739.4666666666667,407.68666666666684,1.5155638166047094
LPPT,2021-11-07,TXOT,270,3130.0833333333335,178.3866666666666,0.6606913580246911
LPPT,2021-11-08,TXIT,255,1675.1166666666682,404.29666666666674,1.5854771241830068
LPPT,2021-11-08,TXOT,243,2750.116666666668,112.87666666666667,0.46451303155006857
LPPT,2021-11-09,TXIT,207,1316.7666666666664,299.99666666666656,1.4492592592592588
LPPT,2021-11-09,TXOT,200,2201.2166666666662,6.206666666666633,0.031033333333333166
LPPT,2021-11-10,TXIT,200,1259.483333333333,278.2733333333334,1.391366666666667
LPPT,2021-11-10,TXOT,215,2310.5333333333338,-37.22000000000002,-0.17311627906976754
LPPT,2021-11-11,TXIT,249,1588.5500000000002,351.6466666666666,1.4122356091030788
LPPT,2021-11-11,TXOT,244,3014.983333333334,327.7633333333335,1.3432923497267766
LPPT,2021-11-12,TXIT,263,1735.2833333333324,426.05333333333334,1.6199746514575413
LPPT,2021-11-12,TXOT,271,3174.0833333333308,198.33333333333331,0.7318573185731857
LPPT,2021-11-13,TXIT,243,1476.5166666666669,275.77333333333326,1.1348696844993138
LPPT,2021-11-13,TXOT,245,2809.833333333333,105.58666666666676,0.4309659863945582
LPPT,2021-11-14,TXIT,271,1717.8166666666664,374.5733333333332,1.3821894218942186
LPPT,2021-11-14,TXOT,272,3185.5333333333338,191.6799999999999,0.7047058823529407
LPPT,2021-11-15,TXIT,256,1524.7500000000007,260.70333333333343,1.0183723958333337
LPPT,2021-11-15,TXOT,247,2749.699999999999,54.276666666666635,0.21974358974358962
LPPT,2021-11-16,TXIT,202,1274.8499999999997,280.2433333333332,1.3873432343234318
LPPT,2021-11-16,TXOT,193,2067.0666666666657,-47.17333333333335,-0.24442141623488783
LPPT,2021-11-17,TXIT,198,1180.4833333333333,207.83,1.0496464646464647
LPPT,2021-11-17,TXOT,212,2384.6500000000005,44.103333333333296,0.20803459119496837
LPPT,2021-11-18,TXIT,233,1446.016666666667,297.31,1.2760085836909871
LPPT,2021-11-18,TXOT,232,2920.2499999999995,362.39666666666653,1.5620545977011489
LPPT,2021-11-19,TXIT,270,1729.9833333333338,390.60333333333324,1.4466790123456787
LPPT,2021-11-19,TXOT,266,3272.5833333333317,386.7199999999999,1.453834586466165
LPPT,2021-11-20,TXIT,238,1410.1500000000003,242.42666666666668,1.0185994397759104
LPPT,2021-11-20,TXOT,244,2810.116666666667,124.4166666666667,0.5099043715846996
LPPT,2021-11-21,TXIT,261,1555.1333333333325,259.82,0.9954789272030651
LPPT,2021-11-21,TXOT,262,2986.0000000000023,126.84333333333329,0.4841348600508904
LPPT,2021-11-22,TXIT,244,1446.4499999999991,226.59666666666655,0.9286748633879777
LPPT,2021-11-22,TXOT,238,2812.683333333333,237.5799999999998,0.9982352941176462
LPPT,2021-11-23,TXIT,201,1152.4166666666665,172.46666666666667,0.8580431177446103
LPPT,2021-11-23,TXOT,192,2065.399999999999,-36.03333333333334,-0.18767361111111114
LPPT,2021-11-24,TXIT,193,1196.5666666666673,240.78666666666655,1.2475993091537128
LPPT,2021-11-24,TXOT,204,2339.583333333334,99.39999999999999,0.48725490196078425
LPPT,2021-11-25,TXIT,237,1484.8500000000008,320.4399999999997,1.352067510548522
LPPT,2021-11-25,TXOT,237,2686.799999999999,78.53999999999992,0.3313924050632908
LPPT,2021-11-26,TXIT,262,1664.883333333333,362.89999999999986,1.3851145038167934
LPPT,2021-11-26,TXOT,267,3075.8833333333314,160.87666666666658,0.6025343320848936
LPPT,2021-11-27,TXIT,245,1501.8999999999999,299.42000000000013,1.2221224489795923
LPPT,2021-11-27,TXOT,242,2880.2166666666667,212.5700000000002,0.8783884297520669
LPPT,2021-11-28,TXIT,254,1631.8499999999992,358.73333333333295,1.412335958005248
LPPT,2021-11-28,TXOT,260,3000.4666666666662,152.40666666666664,0.5861794871794871
LPPT,2021-11-29,TXIT,248,1445.6499999999999,216.14999999999995,0.8715725806451611
LPPT,2021-11-29,TXOT,237,2705.9666666666685,139.42666666666668,0.5882981715893109
LPPT,2021-11-30,TXIT,191,1138.0166666666667,191.50333333333336,1.0026352530541014
LPPT,2021-11-30,TXOT,181,1885.7333333333331,-82.77000000000001,-0.4572928176795581
LPPT,2021-12-01,TXIT,182,1047.233333333333,190.00333333333333,1.0439743589743589
LPPT,2021-12-01,TXOT,200,2261.9666666666667,-23.92666666666667,-0.11963333333333334
LPPT,2021-12-02,TXIT,213,1266.7499999999998,217.30333333333346,1.0202034428794997
LPPT,2021-12-02,TXOT,209,2307.433333333333,23.14666666666667,0.11074960127591707
LPPT,2021-12-03,TXIT,252,1490.3833333333328,248.16333333333344,0.9847751322751327
LPPT,2021-12-03,TXOT,259,2984.699999999997,163.66333333333327,0.6319047619047616
LPPT,2021-12-04,TXIT,231,1284.233333333334,198.50333333333333,0.8593217893217893
LPPT,2021-12-04,TXOT,229,2798.6833333333348,98.42000000000002,0.4297816593886464
LPPT,2021-12-05,TXIT,242,1408.5166666666667,222.22333333333327,0.9182782369146003
LPPT,2021-12-05,TXOT,239,2730.1999999999994,88.78999999999996,0.3715062761506275
LPPT,2021-12-06,TXIT,238,1311.4833333333327,187.3233333333333,0.7870728291316526
LPPT,2021-12-06,TXOT,231,2696.8166666666657,87.79999999999988,0.3800865800865796
LPPT,2021-12-07,TXIT,192,1005.7666666666665,167.00666666666672,0.8698263888888892
LPPT,2021-12-07,TXOT,184,2176.0166666666664,-101.88333333333334,-0.5537137681159421
LPPT,2021-12-08,TXIT,195,1139.7000000000005,171.92999999999992,0.8816923076923073
LPPT,2021-12-08,TXOT,215,2420.5000000000014,84.82000000000001,0.3945116279069768
LPPT,2021-12-09,TXIT,217,1228.6166666666666,149.68666666666664,0.6898003072196619
LPPT,2021-12-09,TXOT,210,2275.6166666666672,-11.49333333333336,-0.05473015873015886
LPPT,2021-12-10,TXIT,248,1481.4000000000008,240.64,0.9703225806451612
LPPT,2021-12-10,TXOT,254,2779.983333333332,25.0266666666666,0.09853018372703386
LPPT,2021-12-11,TXIT,232,1360.5833333333335,218.1799999999999,0.9404310344827581
LPPT,2021-12-11,TXOT,233,2720.6666666666692,165.94999999999996,0.7122317596566522
LPPT,2021-12-12,TXIT,241,1439.5333333333328,257.5166666666666,1.0685338865836789
LPPT,2021-12-12,TXOT,241,2793.783333333333,131.78000000000006,0.5468049792531122
LPPT,2021-12-13,TXIT,240,1463.566666666666,266.2833333333333,1.1095138888888887
LPPT,2021-12-13,TXOT,232,2517.366666666666,14.60666666666665,0.06295977011494246
LPPT,2021-12-14,TXIT,197,1150.616666666666,167.08333333333331,0.8481387478849407
LPPT,2021-12-14,TXOT,191,1990.3666666666668,-70.92333333333335,-0.3713263525305411
LPPT,2021-12-15,TXIT,200,1181.6500000000003,185.96666666666687,0.9298333333333343
LPPT,2021-12-15,TXOT,216,2203.6333333333337,-143.86,-0.6660185185185186
LPPT,2021-12-16,TXIT,239,1409.0499999999997,229.33999999999978,0.959581589958158
LPPT,2021-12-16,TXOT,230,2536.016666666667,26.606666666666648,0.11568115942028977
LPPT,2021-12-17,TXIT,268,1648.7499999999995,315.6666666666667,1.177860696517413
LPPT,2021-12-17,TXOT,275,3196.75,191.79666666666668,0.6974424242424243
LPPT,2021-12-18,TXIT,263,1547.766666666667,245.3833333333334,0.9330164765525986
LPPT,2021-12-18,TXOT,262,3097.249999999999,228.66333333333324,0.8727608142493635
LPPT,2021-12-19,TXIT,263,1637.266666666666,351.35666666666685,1.3359569074778208
LPPT,2021-12-19,TXOT,270,3216.4499999999985,219.04666666666654,0.8112839506172834
LPPT,2021-12-20,TXIT,268,1589.7999999999995,453.0566666666666,1.690509950248756
LPPT,2021-12-20,TXOT,253,3577.7666666666655,388.2433333333332,1.5345586297760208
LPPT,2021-12-21,TXIT,225,1267.5166666666669,317.4099999999999,1.4107111111111108
LPPT,2021-12-21,TXOT,216,2723.7999999999993,14.843333333333293,0.06871913580246895
LPPT,2021-12-22,TXIT,234,1483.7333333333327,484.01333333333383,2.0684330484330506
LPPT,2021-12-22,TXOT,251,3673.6333333333323,581.3966666666662,2.3163213811420964
LPPT,2021-12-23,TXIT,244,1237.9166666666672,206.36999999999995,0.8457786885245899
LPPT,2021-12-23,TXOT,241,3139.7166666666653,114.61999999999989,0.4756016597510369
LPPT,2021-12-24,TXIT,229,1264.4166666666663,291.50999999999976,1.2729694323144094
LPPT,2021-12-24,TXOT,226,3098.016666666669,248.35999999999996,1.098938053097345
LPPT,2021-12-25,TXIT,182,1015.8166666666665,200.69666666666652,1.1027289377289369
LPPT,2021-12-25,TXOT,182,2205.183333333333,41.736666666666636,0.22932234432234416
LPPT,2021-12-26,TXIT,246,1393.3166666666668,339.4399999999998,1.3798373983739831
LPPT,2021-12-26,TXOT,249,3305.833333333332,164.64333333333335,0.6612182061579652
LPPT,2021-12-27,TXIT,266,1606.9166666666674,421.8933333333332,1.5860651629072677
LPPT,2021-12-27,TXOT,251,3248.3833333333337,87.45666666666662,0.34843293492695865
LPPT,2021-12-28,TXIT,223,1294.2666666666667,355.74,1.5952466367713005
LPPT,2021-12-28,TXOT,214,2608.116666666668,-79.46333333333332,-0.37132398753894075
LPPT,2021-12-29,TXIT,234,1309.9833333333324,283.6033333333333,1.2119800569800567
LPPT,2021-12-29,TXOT,256,3381.4833333333345,181.66666666666683,0.7096354166666673
LPPT,2021-12-30,TXIT,242,1358.866666666666,280.0733333333333,1.15732782369146
LPPT,2021-12-30,TXOT,243,3052.9666666666662,78.92333333333337,0.32478737997256535
LPPT,2021-12-31,TXIT,239,1451.8499999999995,254.41000000000008,1.0644769874476991
LPPT,2021-12-31,TXOT,234,2758.6666666666656,232.57999999999998,0.9939316239316238
LPPT,2022-01-01,TXIT,220,1234.1166666666668,223.4766666666666,1.01580303030303
LPPT,2022-01-01,TXOT,230,2663.3500000000004,-2.0833333333333304,-0.00905797101449274
LPPT,2022-01-02,TXIT,257,1839.6666666666656,560.7566666666667,2.1819325551232165
LPPT,2022-01-02,TXOT,260,3801.983333333331,948.6199999999997,3.64853846153846
LPPT,2022-01-03,TXIT,271,2807.2666666666673,1543.3766666666663,5.69511685116851
LPPT,2022-01-03,TXOT,257,3943.4833333333327,932.8466666666669,3.6297535667963694
LPPT,2022-01-04,TXIT,217,1280.816666666666,242.8633333333332,1.1191858678955446
LPPT,2022-01-04,TXOT,210,2343.250000000001,-40.64666666666672,-0.19355555555555581
LPPT,2022-01-05,TXIT,196,1119.4499999999996,271.2366666666665,1.3838605442176863
LPPT,2022-01-05,TXOT,213,2649.2999999999997,60.023333333333355,0.2817996870109547
LPPT,2022-01-06,TXIT,209,1191.7999999999995,159.5,0.7631578947368421
LPPT,2022-01-06,TXOT,209,2270.2833333333333,6.38666666666666,0.03055821371610842
LPPT,2022-01-07,TXIT,245,1558.7666666666664,339.11,1.3841224489795918
LPPT,2022-01-07,TXOT,246,2834.233333333332,158.29333333333332,0.6434688346883468
LPPT,2022-01-08,TXIT,242,1443.2833333333333,247.10666666666668,1.0211019283746556
LPPT,2022-01-08,TXOT,238,2757.066666666666,169.92333333333312,0.7139635854341728
LPPT,2022-01-09,TXIT,243,1509.7999999999997,310.0400000000001,1.2758847736625518
LPPT,2022-01-09,TXOT,249,2736.3333333333344,23.793333333333315,0.09555555555555548
LPPT,2022-01-10,TXIT,218,1292.9500000000003,217.62000000000003,0.9982568807339451
LPPT,2022-01-10,TXOT,208,2229.7000000000003,-29.070000000000014,-0.13975961538461545
LPPT,2022-01-11,TXIT,157,888.3333333333331,132.68333333333334,0.8451167728237792
LPPT,2022-01-11,TXOT,142,1534.8833333333332,-20.453333333333294,-0.14403755868544574
LPPT,2022-01-12,TXIT,152,989.0500000000003,250.49333333333328,1.6479824561403504
LPPT,2022-01-12,TXOT,173,1839.1166666666668,-68.53000000000009,-0.3961271676300583
LPPT,2022-01-13,TXIT,175,963.5666666666664,114.17333333333336,0.6524190476190478
LPPT,2022-01-13,TXOT,161,1636.5833333333321,-108.27333333333333,-0.6725051759834368
LPPT,2022-01-14,TXIT,213,1243.6833333333338,188.34,0.884225352112676
LPPT,2022-01-14,TXOT,230,2478.116666666668,-25.936666666666632,-0.11276811594202883
LPPT,2022-01-15,TXIT,203,1137.1333333333325,149.1366666666666,0.7346633825944168
LPPT,2022-01-15,TXOT,197,2093.266666666667,-69.90666666666675,-0.3548561759729277
LPPT,2022-01-16,TXIT,215,1279.433333333333,225.98000000000002,1.0510697674418605
LPPT,2022-01-16,TXOT,217,2429.5666666666666,59.85333333333339,0.2758218125960064
LPPT,2022-01-17,TXIT,223,1299.5499999999993,200.20333333333335,0.8977727952167415
LPPT,2022-01-17,TXOT,208,2291.0499999999984,23.65999999999994,0.11374999999999971
LPPT,2022-01-18,TXIT,147,838.1833333333333,127.2233333333333,0.8654648526077096
LPPT,2022-01-18,TXOT,135,1344.6166666666666,-152.6200000000001,-1.1305185185185191
LPPT,2022-01-19,TXIT,144,829.2333333333335,125.41333333333331,0.8709259259259258
LPPT,2022-01-19,TXOT,172,1787.9,-97.40666666666665,-0.5663178294573643
LPPT,2022-01-20,TXIT,175,1021.0500000000002,164.88999999999993,0.942228571428571
LPPT,2022-01-20,TXOT,156,1710.85,0.036666666666674175,2.3504273504278318e-4
LPPT,2022-01-21,TXIT,212,1289.7333333333333,230.44333333333324,1.0869968553459115
LPPT,2022-01-21,TXOT,224,2517.3333333333335,83.98333333333333,0.37492559523809527
LPPT,2022-01-22,TXIT,191,1072.466666666666,142.3966666666666,0.7455322862129141
LPPT,2022-01-22,TXOT,185,1989.8333333333337,-45.35666666666666,-0.24517117117117115
LPPT,2022-01-23,TXIT,201,1241.6500000000005,247.60999999999981,1.2318905472636807
LPPT,2022-01-23,TXOT,210,2323.3,39.506666666666675,0.18812698412698417
LPPT,2022-01-24,TXIT,223,1331.2000000000003,225.2033333333334,1.0098804185351273
LPPT,2022-01-24,TXOT,209,2302.083333333333,26.35000000000003,0.1260765550239236
LPPT,2022-01-25,TXIT,147,856.9333333333336,148.77,1.0120408163265306
LPPT,2022-01-25,TXOT,141,1472.0500000000002,-78.62666666666668,-0.5576359338061466
LPPT,2022-01-26,TXIT,150,952.6999999999995,223.34000000000003,1.4889333333333334
LPPT,2022-01-26,TXOT,170,1909.9166666666674,24.493333333333318,0.14407843137254894
LPPT,2022-01-27,TXIT,171,981.666666666667,159.4333333333333,0.9323586744639375
LPPT,2022-01-27,TXOT,159,1620.7999999999995,-121.46666666666673,-0.7639412997903567
LPPT,2022-01-28,TXIT,218,1296.2499999999998,205.35333333333327,0.9419877675840975
LPPT,2022-01-28,TXOT,229,2487.633333333333,29.16000000000001,0.12733624454148476
LPPT,2022-01-29,TXIT,190,1106.0666666666664,177.22,0.9327368421052632
LPPT,2022-01-29,TXOT,193,2164.5666666666657,36.96333333333327,0.19151986183074232
LPPT,2022-01-30,TXIT,218,1285.9500000000014,214.7199999999999,0.9849541284403666
LPPT,2022-01-30,TXOT,216,2349.9666666666676,-12.299999999999995,-0.05694444444444442
LPPT,2022-01-31,TXIT,216,1281.6666666666665,204.99999999999994,0.9490740740740738
LPPT,2022-01-31,TXOT,200,2156.6333333333346,5.989999999999986,0.02994999999999993
LPPT,2022-02-01,TXIT,154,954.2999999999995,192.9833333333334,1.2531385281385286
LPPT,2022-02-01,TXOT,143,1436.8333333333326,-109.73000000000002,-0.7673426573426575
LPPT,2022-02-02,TXIT,151,1066.7333333333338,300.3299999999999,1.988940397350993
LPPT,2022-02-02,TXOT,174,1893.3999999999996,-13.766666666666591,-0.07911877394635972
LPPT,2022-02-03,TXIT,190,1084.5333333333338,148.15666666666672,0.7797719298245617
LPPT,2022-02-03,TXOT,182,1904.9166666666667,-75.70333333333336,-0.41595238095238113
LPPT,2022-02-04,TXIT,218,1250.749999999999,165.47,0.7590366972477064
LPPT,2022-02-04,TXOT,226,2536.35,87.45999999999998,0.3869911504424778
LPPT,2022-02-05,TXIT,210,1218.0333333333328,177.23333333333326,0.8439682539682536
LPPT,2022-02-05,TXOT,211,2313.7999999999997,17.873333333333335,0.08470774091627173
LPPT,2022-02-06,TXIT,208,1238.9999999999995,201.99333333333342,0.9711217948717953
LPPT,2022-02-06,TXOT,210,2252.466666666665,-17.159999999999997,-0.0817142857142857
LPPT,2022-02-07,TXIT,226,1340.5,209.81333333333336,0.928377581120944
LPPT,2022-02-07,TXOT,205,2065.3500000000013,-110.7933333333333,-0.5404552845528453
LPPT,2022-02-08,TXIT,154,888.3666666666666,121.4633333333333,0.7887229437229435
LPPT,2022-02-08,TXOT,150,1482.5500000000004,-115.71000000000004,-0.7714000000000002
LPPT,2022-02-09,TXIT,157,900.4833333333328,113.39666666666668,0.722271762208068
LPPT,2022-02-09,TXOT,173,1760.3666666666666,-111.3433333333333,-0.6436030828516376
LPPT,2022-02-10,TXIT,210,1216.4,180.80333333333317,0.8609682539682532
LPPT,2022-02-10,TXOT,212,2354.6833333333343,8.419999999999991,0.03971698113207543
LPPT,2022-02-11,TXIT,241,1290.7000000000005,205.01999999999995,0.8507053941908712
LPPT,2022-02-11,TXOT,248,3005.5166666666655,54.69000000000003,0.22052419354838723
LPPT,2022-02-12,TXIT,236,1316.1333333333334,204.67666666666668,0.867274011299435
LPPT,2022-02-12,TXOT,237,2743.7999999999997,64.53666666666663,0.27230661040787607
LPPT,2022-02-13,TXIT,235,1258.2333333333327,255.53666666666666,1.0873900709219857
LPPT,2022-02-13,TXOT,234,2902.983333333334,-8.40666666666667,-0.03592592592592594
LPPT,2022-02-14,TXIT,248,1426.0666666666668,194.76333333333335,0.7853360215053764
LPPT,2022-02-14,TXOT,226,2548.733333333333,115.41,0.5106637168141592
LPPT,2022-02-15,TXIT,166,1000.9833333333333,174.77333333333343,1.0528514056224905
LPPT,2022-02-15,TXOT,164,1630.5166666666669,-126.43000000000006,-0.7709146341463419
LPPT,2022-02-16,TXIT,174,1057,185.90333333333342,1.0684099616858242
LPPT,2022-02-16,TXOT,199,2113.116666666666,-44.03666666666665,-0.221289782244556
LPPT,2022-02-17,TXIT,213,1259.0833333333337,197.37333333333322,0.9266353677621278
LPPT,2022-02-17,TXOT,205,2329.0333333333333,97.16999999999996,0.4739999999999998
LPPT,2022-02-18,TXIT,240,1411.7500000000007,212.31666666666675,0.8846527777777781
LPPT,2022-02-18,TXOT,248,2697.2666666666673,14.10666666666665,0.05688172043010746
LPPT,2022-02-19,TXIT,248,1492.3166666666666,260.2566666666665,1.049422043010752
LPPT,2022-02-19,TXOT,246,2843.3500000000017,147.15333333333325,0.5981842818428181
LPPT,2022-02-20,TXIT,236,1519.533333333333,353.67,1.4986016949152543
LPPT,2022-02-20,TXOT,238,2675.9833333333354,83.69666666666659,0.35166666666666635
LPPT,2022-02-21,TXIT,245,1424.933333333333,200.46666666666667,0.8182312925170068
LPPT,2022-02-21,TXOT,229,2562.616666666667,87.64666666666666,0.3827365356622998
LPPT,2022-02-22,TXIT,186,1141.1833333333334,208.70666666666662,1.1220788530465948
LPPT,2022-02-22,TXOT,172,1772.3833333333323,-77.35333333333334,-0.4497286821705427
LPPT,2022-02-23,TXIT,187,1220.3833333333334,281.1100000000002,1.5032620320855625
LPPT,2022-02-23,TXOT,210,2180.65,-93.19333333333333,-0.44377777777777777
LPPT,2022-02-24,TXIT,225,1328.9166666666667,203.2400000000001,0.9032888888888894
LPPT,2022-02-24,TXOT,233,2589.716666666667,43.41000000000001,0.18630901287553653
LPPT,2022-02-25,TXIT,261,1579.1999999999991,271.4533333333332,1.0400510855683265
LPPT,2022-02-25,TXOT,259,2996.499999999999,182.11999999999992,0.7031660231660228
LPPT,2022-02-26,TXIT,250,1482.1666666666667,245.82666666666657,0.9833066666666663
LPPT,2022-02-26,TXOT,253,2887.366666666668,97.37666666666665,0.3848880105401844
LPPT,2022-02-27,TXIT,246,1436.4833333333324,214.27666666666684,0.8710433604336051
LPPT,2022-02-27,TXOT,249,3026.0166666666655,288.8166666666668,1.159906291834003
LPPT,2022-02-28,TXIT,266,1540.483333333334,254.9299999999998,0.9583834586466158
LPPT,2022-02-28,TXOT,252,2917.683333333332,94.43666666666668,0.37474867724867733
LPPT,2022-03-01,TXIT,201,983.6333333333336,133.91,0.6662189054726368
LPPT,2022-03-01,TXOT,186,2158.783333333334,-182.82000000000005,-0.9829032258064518
LPPT,2022-03-02,TXIT,192,1166.4666666666672,221.66000000000003,1.1544791666666667
LPPT,2022-03-02,TXOT,209,2188.7833333333324,-106.06666666666666,-0.5074960127591707
LPPT,2022-03-03,TXIT,223,1358.3500000000004,267.01000000000016,1.197354260089687
LPPT,2022-03-03,TXOT,224,2737.1000000000013,236.92666666666665,1.0577083333333333
LPPT,2022-03-04,TXIT,259,1604.9500000000007,309.5133333333335,1.1950321750321757
LPPT,2022-03-04,TXOT,271,3385.7499999999986,437.7666666666665,1.6153751537515368
LPPT,2022-03-05,TXIT,255,1454.9333333333336,270.6499999999999,1.0613725490196075
LPPT,2022-03-05,TXOT,250,3175.3999999999987,200.95333333333318,0.8038133333333327
LPPT,2022-03-06,TXIT,257,1585.2833333333335,314.40666666666664,1.2233722438391699
LPPT,2022-03-06,TXOT,262,3129.7333333333345,257.96999999999997,0.9846183206106869
LPPT,2022-03-07,TXIT,262,1542.3,299.9266666666666,1.1447582697201015
LPPT,2022-03-07,TXOT,241,2830.366666666668,84.8666666666667,0.3521438450899033
LPPT,2022-03-08,TXIT,191,1014.9166666666665,209.1799999999999,1.095183246073298
LPPT,2022-03-08,TXOT,179,2206.9333333333334,-47.556666666666715,-0.2656797020484174
LPPT,2022-03-09,TXIT,189,974.6166666666669,178.62666666666664,0.9451146384479716
LPPT,2022-03-09,TXOT,209,2703.5499999999997,55.17666666666666,0.26400318979266346
LPPT,2022-03-10,TXIT,224,1161.7833333333338,225.75666666666675,1.0078422619047622
LPPT,2022-03-10,TXOT,223,2931.8833333333346,118.49666666666657,0.5313751868460385
LPPT,2022-03-11,TXIT,258,1391.1666666666663,310.9066666666667,1.2050645994832043
LPPT,2022-03-11,TXOT,265,3409.8666666666654,39.873333333333306,0.15046540880503134
LPPT,2022-03-12,TXIT,248,1269.5333333333344,209.97,0.8466532258064516
LPPT,2022-03-12,TXOT,250,3225.8166666666684,85.36,0.34144
LPPT,2022-03-13,TXIT,257,1390.3666666666659,294.7666666666666,1.1469520103761346
LPPT,2022-03-13,TXOT,259,3307.0999999999995,79.28999999999992,0.3061389961389958
LPPT,2022-03-14,TXIT,250,1523.8666666666666,283.57666666666665,1.1343066666666666
LPPT,2022-03-14,TXOT,233,2684.9500000000007,152.61333333333334,0.6549928469241775
LPPT,2022-03-15,TXIT,189,1111.0833333333337,165.07666666666663,0.8734215167548499
LPPT,2022-03-15,TXOT,185,1992.9166666666665,-7.7966666666666695,-0.042144144144144156
LPPT,2022-03-16,TXIT,205,1302.8000000000004,283.0566666666667,1.3807642276422765
LPPT,2022-03-16,TXOT,218,2475.900000000001,99.61333333333329,0.4569418960244646
LPPT,2022-03-17,TXIT,228,1341.7333333333331,203.5999999999999,0.8929824561403504
LPPT,2022-03-17,TXOT,232,2707.5,186.00666666666677,0.8017528735632189
LPPT,2022-03-18,TXIT,270,1625.3166666666662,284.2266666666667,1.0526913580246915
LPPT,2022-03-18,TXOT,275,3457.1000000000026,477.5199999999996,1.7364363636363622
LPPT,2022-03-19,TXIT,255,1541.9833333333343,289.0633333333334,1.1335816993464054
LPPT,2022-03-19,TXOT,255,3042.7833333333333,227.47333333333327,0.8920522875816991
LPPT,2022-03-20,TXIT,264,1564.5666666666662,278.7433333333333,1.0558459595959595
LPPT,2022-03-20,TXOT,264,3229.816666666666,326.1233333333331,1.2353156565656558
LPPT,2022-03-21,TXIT,267,1624.616666666666,393.0399999999998,1.4720599250936321
LPPT,2022-03-21,TXOT,246,3097.1833333333325,244.37333333333328,0.9933875338753385
LPPT,2022-03-22,TXIT,205,1097.3833333333334,235.6166666666667,1.1493495934959352
LPPT,2022-03-22,TXOT,195,2501.0833333333326,40.5733333333333,0.20806837606837592
LPPT,2022-03-23,TXIT,197,1286.55,300.29333333333335,1.524331641285956
LPPT,2022-03-23,TXOT,215,2468.950000000002,141.6600000000001,0.6588837209302331
LPPT,2022-03-24,TXIT,227,1420.9500000000003,286.7699999999999,1.263303964757709
LPPT,2022-03-24,TXOT,238,2857.3499999999995,284.87666666666644,1.1969607843137244
LPPT,2022-03-25,TXIT,272,1701.0500000000002,337.6699999999999,1.2414338235294113
LPPT,2022-03-25,TXOT,268,3356.4666666666662,455.2600000000004,1.6987313432835836
LPPT,2022-03-26,TXIT,253,1455.7666666666667,196.94999999999993,0.7784584980237151
LPPT,2022-03-26,TXOT,259,3001.9,158.42666666666676,0.611685971685972
LPPT,2022-03-27,TXIT,282,1755.9500000000003,361.7466666666669,1.2827895981087478
LPPT,2022-03-27,TXOT,291,3393.0333333333315,223.51333333333332,0.7680870561282932
LPPT,2022-03-28,TXIT,275,1675.9166666666667,304.30333333333334,1.1065575757575759
LPPT,2022-03-28,TXOT,255,2846.3666666666672,73.32,0.28752941176470587
LPPT,2022-03-29,TXIT,232,1435.0166666666669,284.0700000000001,1.2244396551724142
LPPT,2022-03-29,TXOT,227,2572.433333333333,105.35666666666667,0.46412628487518354
LPPT,2022-03-30,TXIT,240,1467.3333333333333,266.3933333333332,1.1099722222222217
LPPT,2022-03-30,TXOT,256,2951.133333333334,194.16666666666669,0.7584635416666667
LPPT,2022-03-31,TXIT,272,1623.1666666666677,261.44333333333316,0.9611887254901954
LPPT,2022-03-31,TXOT,275,3244.2333333333363,253.7066666666668,0.9225696969696974
LPPT,2022-04-01,TXIT,288,1828.2666666666673,392.99,1.3645486111111111
LPPT,2022-04-01,TXOT,290,3709.1000000000017,553.7766666666666,1.9095747126436782
LPPT,2022-04-02,TXIT,277,1819.7000000000016,442.42,1.5971841155234658
LPPT,2022-04-02,TXOT,275,3233.0499999999984,227.75666666666672,0.8282060606060608
LPPT,2022-04-03,TXIT,285,1704.3166666666662,282.2066666666666,0.9901988304093564
LPPT,2022-04-03,TXOT,286,3462.549999999997,330.42666666666673,1.1553379953379956
LPPT,2022-04-04,TXIT,283,1748.3166666666673,331.40999999999985,1.1710600706713776
LPPT,2022-04-04,TXOT,263,3210.5833333333326,349.1300000000002,1.3274904942965788
LPPT,2022-04-05,TXIT,238,1522.2500000000005,340.21,1.429453781512605
LPPT,2022-04-05,TXOT,231,2672.0666666666657,150.63666666666663,0.652106782106782
LPPT,2022-04-06,TXIT,249,1597.3499999999992,346.5066666666669,1.3915930388219553
LPPT,2022-04-06,TXOT,266,3022.633333333335,134.4566666666666,0.5054761904761902
LPPT,2022-04-07,TXIT,268,1543.2499999999995,349.8833333333334,1.305534825870647
LPPT,2022-04-07,TXOT,277,3572.683333333333,177.02666666666667,0.6390854392298436
LPPT,2022-04-08,TXIT,288,1488.6999999999998,277.3899999999999,0.9631597222222218
LPPT,2022-04-08,TXOT,296,3920.8000000000006,170.05999999999986,0.5745270270270265
LPPT,2022-04-09,TXIT,286,1676.649999999999,443.2100000000001,1.5496853146853151
LPPT,2022-04-09,TXOT,286,3895.066666666667,277.49333333333317,0.9702564102564096
LPPT,2022-04-10,TXIT,275,1623.783333333333,452.4899999999998,1.645418181818181
LPPT,2022-04-10,TXOT,272,4034.9833333333345,558.3699999999998,2.05283088235294
LPPT,2022-04-11,TXIT,285,1480.233333333333,277.73666666666657,0.9745146198830406
LPPT,2022-04-11,TXOT,270,3441.5500000000006,27.58999999999996,0.10218518518518505
LPPT,2022-04-12,TXIT,251,1740.9166666666665,610.966666666667,2.434130146082339
LPPT,2022-04-12,TXOT,244,3107.9666666666676,169.38000000000002,0.6941803278688525
LPPT,2022-04-13,TXIT,259,1608.1999999999987,315.30666666666656,1.217400257400257
LPPT,2022-04-13,TXOT,274,3270.116666666667,282.3466666666665,1.0304622871046223
LPPT,2022-04-14,TXIT,275,1706.1999999999996,337.7733333333333,1.2282666666666666
LPPT,2022-04-14,TXOT,279,3209.1000000000026,154.68000000000006,0.5544086021505379
LPPT,2022-04-15,TXIT,288,1783.7499999999995,351.4766666666667,1.2204050925925927
LPPT,2022-04-15,TXOT,293,3389.716666666667,183.98666666666665,0.6279408418657565
LPPT,2022-04-16,TXIT,295,1705.8500000000001,252.59000000000003,0.8562372881355933
LPPT,2022-04-16,TXOT,296,3621.6666666666674,386.6266666666667,1.3061711711711714
LPPT,2022-04-17,TXIT,299,1924.2166666666656,443.58333333333326,1.4835562987736899
LPPT,2022-04-17,TXOT,295,3490.966666666665,269.1833333333333,0.9124858757062145
LPPT,2022-04-18,TXIT,296,1856.933333333334,383.9800000000003,1.2972297297297308
LPPT,2022-04-18,TXOT,281,3332.966666666667,280.0466666666667,0.9966073546856465
LPPT,2022-04-19,TXIT,246,1698.3166666666673,476.8099999999996,1.9382520325203236
LPPT,2022-04-19,TXOT,241,3201.8500000000004,569.48,2.36298755186722
LPPT,2022-04-20,TXIT,267,1673.8999999999987,331.6399999999999,1.2420973782771532
LPPT,2022-04-20,TXOT,283,3416.033333333334,339.8766666666667,1.2009776207302711
LPPT,2022-04-21,TXIT,284,1712.9,427.0699999999998,1.5037676056338023
LPPT,2022-04-21,TXOT,285,3665.216666666665,249.15333333333342,0.8742222222222226
LPPT,2022-04-22,TXIT,298,1712.0666666666666,458.11666666666673,1.5373042505592844
LPPT,2022-04-22,TXOT,305,4295.583333333338,422.72999999999973,1.3859999999999992
LPPT,2022-04-23,TXIT,298,1648.8833333333334,360.52666666666676,1.2098210290827744
LPPT,2022-04-23,TXOT,298,4186.216666666667,433.2699999999998,1.4539261744966436
LPPT,2022-04-24,TXIT,303,1687.55,391.7466666666667,1.292893289328933
LPPT,2022-04-24,TXOT,300,4101.533333333335,327.3999999999998,1.0913333333333326
LPPT,2022-04-25,TXIT,297,1642.7000000000003,353.6466666666665,1.1907295173961834
LPPT,2022-04-25,TXOT,279,4003.3333333333317,511.06666666666683,1.8317801672640388
LPPT,2022-04-26,TXIT,255,1373.2999999999997,298.2066666666667,1.1694379084967321
LPPT,2022-04-26,TXOT,255,3142.366666666669,-100.45666666666664,-0.3939477124183005
LPPT,2022-04-27,TXIT,271,1719.0999999999995,370.2533333333336,1.3662484624846258
LPPT,2022-04-27,TXOT,273,3127.2000000000003,181.30999999999995,0.664139194139194
LPPT,2022-04-28,TXIT,275,1971.483333333333,605.25,2.2009090909090907
LPPT,2022-04-28,TXOT,283,3794.083333333334,684.2966666666667,2.4180094228504125
LPPT,2022-04-29,TXIT,299,1821.983333333334,336.7066666666666,1.1261092530657746
LPPT,2022-04-29,TXOT,300,3553.9166666666642,302.2033333333332,1.007344444444444
LPPT,2022-04-30,TXIT,298,1838.6499999999992,386.68999999999994,1.2976174496644293
LPPT,2022-04-30,TXOT,307,3682.150000000001,283.3066666666665,0.922823018458197
LPPT,2022-05-01,TXIT,303,1824.5500000000002,331.27666666666653,1.0933223322332228
LPPT,2022-05-01,TXOT,304,3648.949999999998,313.70666666666637,1.0319298245614026
LPPT,2022-05-02,TXIT,298,1913.4500000000007,438.70333333333315,1.4721588366890375
LPPT,2022-05-02,TXOT,277,3287.983333333334,266.5533333333332,0.9622864019253907
LPPT,2022-05-03,TXIT,248,1696.6333333333328,452.4500000000001,1.824395161290323
LPPT,2022-05-03,TXOT,243,2815.8000000000006,170.65999999999985,0.7023045267489706
LPPT,2022-05-04,TXIT,267,1687.9166666666667,349.2833333333331,1.3081772784019965
LPPT,2022-05-04,TXOT,284,3187.816666666667,93.76999999999998,0.3301760563380281
LPPT,2022-05-05,TXIT,284,1784.4666666666653,402.5033333333332,1.417265258215962
LPPT,2022-05-05,TXOT,289,3597.3666666666663,343.88666666666654,1.1899192618223755
LPPT,2022-05-06,TXIT,297,1814.45,386.5733333333332,1.3015937149270478
LPPT,2022-05-06,TXOT,301,3618.616666666668,236.85666666666677,0.7868992248062019
LPPT,2022-05-07,TXIT,288,1655.7000000000007,220.16000000000005,0.7644444444444446
LPPT,2022-05-07,TXOT,294,3750.2500000000005,503.4700000000001,1.7124829931972791
LPPT,2022-05-08,TXIT,301,1919.4833333333322,424.27999999999986,1.4095681063122918
LPPT,2022-05-08,TXOT,294,3395.566666666668,195.73999999999995,0.6657823129251699
LPPT,2022-05-09,TXIT,300,1757.05,266.0199999999998,0.8867333333333327
LPPT,2022-05-09,TXOT,282,3482.6500000000005,407.1299999999999,1.4437234042553186
LPPT,2022-05-10,TXIT,250,1367.1333333333341,217.31666666666666,0.8692666666666666
LPPT,2022-05-10,TXOT,246,2978.0166666666673,82.07666666666665,0.33364498644986446
LPPT,2022-05-11,TXIT,270,1713.2166666666672,357.4166666666665,1.3237654320987648
LPPT,2022-05-11,TXOT,286,3180.850000000001,75.59999999999994,0.26433566433566413
LPPT,2022-05-12,TXIT,283,1886.733333333334,482.1,1.7035335689045936
LPPT,2022-05-12,TXOT,284,3558.866666666666,463.93999999999994,1.6335915492957744
LPPT,2022-05-13,TXIT,296,1863.8333333333317,389.1566666666667,1.3147184684684685
LPPT,2022-05-13,TXOT,300,3448.133333333333,191.55666666666664,0.6385222222222221
LPPT,2022-05-14,TXIT,290,1547.3999999999999,284.63666666666643,0.981505747126436
LPPT,2022-05-14,TXOT,290,3908.7499999999986,275.63333333333327,0.9504597701149423
LPPT,2022-05-15,TXIT,299,1604.833333333334,322.09333333333313,1.0772352285395757
LPPT,2022-05-15,TXOT,301,4178.6833333333325,410.1133333333334,1.3625027685492803
LPPT,2022-05-16,TXIT,303,1638.0833333333344,340.5066666666667,1.1237843784378438
LPPT,2022-05-16,TXOT,283,4017.9166666666642,429.3033333333335,1.5169729093050655
LPPT,2022-05-17,TXIT,248,1357.8833333333332,267.46666666666675,1.0784946236559143
LPPT,2022-05-17,TXOT,244,3103.7833333333324,105.81666666666666,0.4336748633879781
LPPT,2022-05-18,TXIT,262,1608.5499999999997,270.33999999999986,1.0318320610687017
LPPT,2022-05-18,TXOT,280,3317.7833333333347,205.78999999999988,0.7349642857142853
LPPT,2022-05-19,TXIT,33,1783.25,84.51666666666667,2.561111111111111
LPPT,2022-05-19,TXOT,11,3524.2999999999997,49.08333333333333,4.462121212121212
LPPT,2022-05-20,TXIT,31,1907.600000000001,69.6,2.2451612903225806
LPPT,2022-05-20,TXOT,16,3755.483333333332,72.65,4.540625
LPPT,2022-05-21,TXIT,35,1595.9333333333345,68.13333333333334,1.9466666666666668
LPPT,2022-05-21,TXOT,10,3785.5166666666646,55.71666666666667,5.571666666666667
LPPT,2022-05-22,TXIT,32,1859.566666666666,78.68333333333335,2.4588541666666672
LPPT,2022-05-22,TXOT,12,4075.2500000000023,85.3,7.108333333333333
LPPT,2022-05-23,TXIT,28,1882.1500000000003,67.8,2.4214285714285713
LPPT,2022-05-23,TXOT,12,3663.55,139.96666666666667,11.66388888888889
LPPT,2022-05-24,TXIT,29,1644.3666666666675,60.016666666666666,2.0695402298850576
LPPT,2022-05-24,TXOT,9,3409.483333333334,32.41666666666667,3.6018518518518525
LPPT,2022-05-25,TXIT,30,1821.9166666666667,88.66666666666667,2.9555555555555557
LPPT,2022-05-25,TXOT,13,3513.2666666666664,45.61666666666666,3.5089743589743585
LPPT,2022-05-26,TXIT,38,1885.6499999999992,87.44999999999999,2.301315789473684
LPPT,2022-05-26,TXOT,10,3684.6499999999965,50.266666666666666,5.026666666666666
LPPT,2022-05-27,TXIT,29,1867.6166666666657,57.16666666666667,1.9712643678160922
LPPT,2022-05-27,TXOT,14,3573.5499999999975,38.01666666666667,2.715476190476191
LPPT,2022-05-28,TXIT,27,1632.9333333333336,26.833333333333332,0.9938271604938271
LPPT,2022-05-28,TXOT,11,3939.233333333336,55.73333333333334,5.066666666666667
LPPT,2022-05-29,TXIT,31,1624.2666666666664,45.60000000000001,1.470967741935484
LPPT,2022-05-29,TXOT,13,3897.95,24.866666666666667,1.912820512820513
LPPT,2022-05-30,TXIT,29,1782.099999999998,70.01666666666668,2.4143678160919544
LPPT,2022-05-30,TXOT,8,4174.550000000002,44.00000000000001,5.500000000000001
LPPT,2022-05-31,TXIT,29,1652.983333333335,50.116666666666674,1.72816091954023
LPPT,2022-05-31,TXOT,12,3909.0333333333333,77.23333333333335,6.436111111111113
LPPT,2022-06-01,TXIT,25,1574.6333333333337,24.36666666666667,0.9746666666666668
LPPT,2022-06-01,TXOT,10,4160.416666666667,63.699999999999996,6.369999999999999
LPPT,2022-06-02,TXIT,29,1629.3999999999999,44.699999999999996,1.5413793103448274
LPPT,2022-06-02,TXOT,5,4080.8333333333358,8.550000000000004,1.7100000000000009
LPPT,2022-06-03,TXIT,32,1599.9166666666656,42.516666666666666,1.3286458333333333
LPPT,2022-06-03,TXOT,12,4406.516666666664,63.95,5.329166666666667
LPPT,2022-06-04,TXIT,26,1702.2333333333338,39.28333333333333,1.5108974358974359
LPPT,2022-06-04,TXOT,12,4422.599999999997,78.8,6.566666666666666
LPPT,2022-06-05,TXIT,21,1876.3833333333325,48.900000000000006,2.3285714285714287
LPPT,2022-06-05,TXOT,10,3831.8333333333376,77.93333333333334,7.793333333333334
LPPT,2022-06-06,TXIT,31,1944.7833333333347,74.31666666666668,2.3973118279569894
LPPT,2022-06-06,TXOT,11,3482.233333333335,44.43333333333334,4.03939393939394
LPPT,2022-06-07,TXIT,34,1966.2666666666673,85.9,2.5264705882352945
LPPT,2022-06-07,TXOT,9,3513.849999999998,70.60000000000001,7.844444444444445
LPPT,2022-06-08,TXIT,28,1911.7833333333338,63.41666666666667,2.2648809523809526
LPPT,2022-06-08,TXOT,13,3603.2000000000025,31.333333333333343,2.410256410256411
LPPT,2022-06-09,TXIT,33,2076.066666666667,47.80000000000001,1.448484848484849
LPPT,2022-06-09,TXOT,16,4207.516666666664,148.08333333333334,9.255208333333334
LPPT,2022-06-10,TXIT,24,1951.4166666666677,35.03333333333334,1.4597222222222224
LPPT,2022-06-10,TXOT,11,4232.916666666669,61.866666666666674,5.624242424242425
LPPT,2022-06-11,TXIT,22,1877.4166666666663,43.2,1.9636363636363638
LPPT,2022-06-11,TXOT,11,3999.9833333333336,41.53333333333334,3.7757575757575763
LPPT,2022-06-12,TXIT,31,1984.0833333333323,48.15000000000002,1.5532258064516136
LPPT,2022-06-12,TXOT,12,3719.566666666665,16.71666666666667,1.3930555555555557
LPPT,2022-06-13,TXIT,24,1741.1000000000001,29.250000000000004,1.2187500000000002
LPPT,2022-06-13,TXOT,11,3969.5833333333353,52.900000000000006,4.8090909090909095
LPPT,2022-06-14,TXIT,23,1621.0000000000007,53.099999999999994,2.308695652173913
LPPT,2022-06-14,TXOT,10,4135.766666666666,114.46666666666665,11.446666666666665
LPPT,2022-06-15,TXIT,42,1625,63.11666666666667,1.5027777777777778
LPPT,2022-06-15,TXOT,11,4487.749999999999,62.46666666666667,5.678787878787879
LPPT,2022-06-16,TXIT,28,1671.0666666666673,51.33333333333333,1.8333333333333333
LPPT,2022-06-16,TXOT,7,4239.166666666666,27.000000000000004,3.8571428571428577
LPPT,2022-06-17,TXIT,28,2033.6000000000004,90.88333333333335,3.245833333333334
LPPT,2022-06-17,TXOT,5,4315.35,14.050000000000002,2.8100000000000005
LPPT,2022-06-18,TXIT,20,1774.4666666666667,20.73333333333334,1.036666666666667
LPPT,2022-06-18,TXOT,7,4432.516666666666,44.516666666666666,6.359523809523809
LPPT,2022-06-19,TXIT,25,1887.9166666666679,46.06666666666667,1.842666666666667
LPPT,2022-06-19,TXOT,10,4363.800000000002,57.38333333333334,5.738333333333334
LPPT,2022-06-20,TXIT,27,1894.4666666666672,52.93333333333334,1.960493827160494
LPPT,2022-06-20,TXOT,9,3799.2000000000007,43.35000000000001,4.816666666666667
LPPT,2022-06-21,TXIT,27,1623.3833333333343,31.400000000000006,1.1629629629629632
LPPT,2022-06-21,TXOT,10,4060.583333333333,66.26666666666667,6.626666666666667
LPPT,2022-06-22,TXIT,34,1653.4833333333343,56.4,1.6588235294117646
LPPT,2022-06-22,TXOT,13,4236.983333333335,116.26666666666668,8.943589743589744
LPPT,2022-06-23,TXIT,35,1853.433333333334,59.11666666666667,1.6890476190476191
LPPT,2022-06-23,TXOT,11,3958.4166666666674,23.866666666666674,2.1696969696969703
LPPT,2022-06-24,TXIT,30,1758.0333333333342,54.13333333333333,1.8044444444444445
LPPT,2022-06-24,TXOT,12,3990.833333333334,91.68333333333334,7.640277777777778
LPPT,2022-06-25,TXIT,23,1985.0500000000004,61.23333333333332,2.6623188405797094
LPPT,2022-06-25,TXOT,9,4116.949999999996,62.88333333333334,6.987037037037037
LPPT,2022-06-26,TXIT,34,2026.3333333333342,56.75,1.6691176470588236
LPPT,2022-06-26,TXOT,16,4113.583333333334,89.20000000000002,5.575000000000001
LPPT,2022-06-27,TXIT,27,2078.9999999999995,68.30000000000001,2.52962962962963
LPPT,2022-06-27,TXOT,10,3824.4166666666647,51.31666666666667,5.131666666666667
LPPT,2022-06-28,TXIT,32,2205.9499999999994,107.68333333333334,3.365104166666667
LPPT,2022-06-28,TXOT,15,3679.233333333332,122.46666666666667,8.164444444444445
LPPT,2022-06-29,TXIT,36,1861.5499999999995,92.86666666666667,2.57962962962963
LPPT,2022-06-29,TXOT,21,4057.3499999999976,219.5166666666667,10.453174603174606
LPPT,2022-06-30,TXIT,32,2092.3833333333337,116.2666666666667,3.633333333333334
LPPT,2022-06-30,TXOT,15,3859.8333333333308,112.06666666666668,7.471111111111112
LPPT,2022-07-01,TXIT,25,2086.85,54.366666666666674,2.174666666666667
LPPT,2022-07-01,TXOT,12,3815.5499999999993,32.88333333333334,2.7402777777777785
LPPT,2022-07-02,TXIT,28,1868.5666666666643,51.35,1.8339285714285716
LPPT,2022-07-02,TXOT,9,4017.5500000000034,77.25,8.583333333333334
LPPT,2022-07-03,TXIT,28,1908.4500000000012,52.68333333333334,1.8815476190476192
LPPT,2022-07-03,TXOT,9,4538.950000000003,64.56666666666666,7.174074074074074
LPPT,2022-07-04,TXIT,30,1935.783333333333,62.39999999999999,2.0799999999999996
LPPT,2022-07-04,TXOT,9,4023.499999999999,31.866666666666667,3.5407407407407407
LPPT,2022-07-05,TXIT,24,1814.466666666666,65.66666666666667,2.736111111111111
LPPT,2022-07-05,TXOT,9,3724.950000000001,55.06666666666668,6.11851851851852
LPPT,2022-07-06,TXIT,36,1880.5166666666667,74.48333333333335,2.0689814814814818
LPPT,2022-07-06,TXOT,21,4267.383333333333,141.63333333333335,6.744444444444445
LPPT,2022-07-07,TXIT,34,1939.7666666666653,54.983333333333334,1.617156862745098
LPPT,2022-07-07,TXOT,15,3774.5499999999984,126.58333333333334,8.43888888888889
LPPT,2022-07-08,TXIT,34,2047.216666666665,54.666666666666664,1.6078431372549018
LPPT,2022-07-08,TXOT,17,3991.1166666666695,99.05,5.826470588235294
LPPT,2022-07-09,TXIT,38,2010.916666666667,66.06666666666666,1.73859649122807
LPPT,2022-07-09,TXOT,18,3863.2833333333315,52.066666666666684,2.8925925925925937
LPPT,2022-07-10,TXIT,31,2108.9666666666653,66.60000000000001,2.148387096774194
LPPT,2022-07-10,TXOT,12,4113.166666666667,80.08333333333333,6.673611111111111
LPPT,2022-07-11,TXIT,33,2111.8500000000013,66.78333333333335,2.023737373737374
LPPT,2022-07-11,TXOT,17,3906.4000000000024,113.01666666666667,6.648039215686275
LPPT,2022-07-12,TXIT,29,1905.8333333333342,90.55000000000001,3.1224137931034486
LPPT,2022-07-12,TXOT,14,4095.8166666666657,62.18333333333334,4.441666666666667
LPPT,2022-07-13,TXIT,33,1779.7833333333326,54.26666666666666,1.6444444444444442
LPPT,2022-07-13,TXOT,16,4076.249999999999,80.01666666666667,5.001041666666667
LPPT,2022-07-14,TXIT,47,2019.1833333333336,110.43333333333332,2.3496453900709215
LPPT,2022-07-14,TXOT,28,4604.700000000003,221.8,7.921428571428572
LPPT,2022-07-15,TXIT,35,1815.6166666666668,55.750000000000014,1.5928571428571432
LPPT,2022-07-15,TXOT,12,4473.450000000001,55.866666666666674,4.655555555555556
LPPT,2022-07-16,TXIT,28,2024.9833333333333,70.81666666666666,2.5291666666666663
LPPT,2022-07-16,TXOT,10,4276.016666666667,54.46666666666667,5.446666666666667
LPPT,2022-07-17,TXIT,34,2170.5666666666666,99.68333333333335,2.93186274509804
LPPT,2022-07-17,TXOT,16,4490.633333333333,50.06666666666668,3.1291666666666673
LPPT,2022-07-18,TXIT,31,1769.2833333333328,34.50000000000001,1.1129032258064517
LPPT,2022-07-18,TXOT,10,4840.8499999999985,71,7.1
LPPT,2022-07-19,TXIT,36,2137.983333333334,81.4,2.261111111111111
LPPT,2022-07-19,TXOT,18,4013.1000000000017,197.4666666666667,10.970370370370372
LPPT,2022-07-20,TXIT,39,1947.0833333333321,85.91666666666669,2.2029914529914536
LPPT,2022-07-20,TXOT,18,4140.316666666667,131.31666666666666,7.29537037037037
LPPT,2022-07-21,TXIT,30,2161.8166666666684,62.98333333333334,2.099444444444445
LPPT,2022-07-21,TXOT,15,4107.5333333333365,81.55,5.4366666666666665
LPPT,2022-07-22,TXIT,31,2236.7166666666662,74.11666666666667,2.3908602150537637
LPPT,2022-07-22,TXOT,11,3890.283333333334,52.25000000000001,4.750000000000001
LPPT,2022-07-23,TXIT,24,2014.7000000000005,52.150000000000006,2.172916666666667
LPPT,2022-07-23,TXOT,11,4047.6999999999994,85.5,7.7727272727272725
LPPT,2022-07-24,TXIT,31,2171.5000000000005,79.78333333333333,2.5736559139784947
LPPT,2022-07-24,TXOT,9,4185.933333333332,35.96666666666667,3.9962962962962965
LPPT,2022-07-25,TXIT,26,1944.35,58.833333333333336,2.2628205128205128
LPPT,2022-07-25,TXOT,9,3868.483333333333,39.81666666666667,4.424074074074074
LPPT,2022-07-26,TXIT,32,2068.699999999999,87.26666666666667,2.7270833333333333
LPPT,2022-07-26,TXOT,7,3740.15,8.883333333333338,1.2690476190476196
LPPT,2022-07-27,TXIT,29,1973.5833333333337,76.4,2.63448275862069
LPPT,2022-07-27,TXOT,5,3752.416666666665,7.333333333333339,1.466666666666668
LPPT,2022-07-28,TXIT,32,2092.2666666666682,81.60000000000001,2.5500000000000003
LPPT,2022-07-28,TXOT,16,4123.100000000001,154.64999999999998,9.665624999999999
LPPT,2022-07-29,TXIT,35,2112.2333333333336,92.05000000000001,2.6300000000000003
LPPT,2022-07-29,TXOT,14,4008.0333333333315,107.95,7.710714285714286
LPPT,2022-07-30,TXIT,26,1956.6333333333341,42.93333333333335,1.651282051282052
LPPT,2022-07-30,TXOT,13,4255.066666666665,73.85,5.68076923076923
LPPT,2022-07-31,TXIT,30,2085.6,50.483333333333334,1.6827777777777777
LPPT,2022-07-31,TXOT,9,4426.5333333333365,30.050000000000004,3.3388888888888895
LPPT,2022-08-01,TXIT,26,2048.3000000000006,88.26666666666667,3.394871794871795
LPPT,2022-08-01,TXOT,9,3917.049999999999,46.21666666666667,5.135185185185185
LPPT,2022-08-02,TXIT,26,2062.866666666667,66.10000000000001,2.5423076923076926
LPPT,2022-08-02,TXOT,6,3950.933333333334,21.56666666666667,3.594444444444445
LPPT,2022-08-03,TXIT,35,1941.8999999999994,79.33333333333334,2.266666666666667
LPPT,2022-08-03,TXOT,11,3989.8666666666654,55.45000000000001,5.040909090909092
LPPT,2022-08-04,TXIT,32,1943.1333333333337,54.06666666666668,1.6895833333333337
LPPT,2022-08-04,TXOT,13,3977.766666666667,119.58333333333333,9.198717948717949
LPPT,2022-08-05,TXIT,31,2019.4499999999985,65.48333333333333,2.1123655913978494
LPPT,2022-08-05,TXOT,14,4145.183333333334,110.05,7.860714285714286
LPPT,2022-08-06,TXIT,26,1917.2999999999993,34.833333333333336,1.3397435897435899
LPPT,2022-08-06,TXOT,10,4425.216666666667,37.03333333333334,3.703333333333334
LPPT,2022-08-07,TXIT,24,1784.6666666666663,13.41666666666667,0.5590277777777779
LPPT,2022-08-07,TXOT,12,4489.733333333338,42.033333333333346,3.5027777777777787
LPPT,2022-08-08,TXIT,26,2003.449999999999,47.75000000000001,1.836538461538462
LPPT,2022-08-08,TXOT,10,4295.416666666665,50.71666666666667,5.071666666666667
LPPT,2022-08-09,TXIT,30,2004.016666666667,61.00000000000001,2.0333333333333337
LPPT,2022-08-09,TXOT,12,4168.1500000000005,69.6,5.8
LPPT,2022-08-10,TXIT,28,1735.8166666666664,33.83333333333334,1.2083333333333337
LPPT,2022-08-10,TXOT,10,4718.5,53.300000000000004,5.33
LPPT,2022-08-11,TXIT,28,1783.166666666666,38.183333333333344,1.3636904761904767
LPPT,2022-08-11,TXOT,16,4522.183333333336,81.01666666666668,5.0635416666666675
LPPT,2022-08-12,TXIT,26,2133.4666666666653,51.96666666666667,1.9987179487179487
LPPT,2022-08-12,TXOT,12,4012.4666666666662,45.78333333333334,3.815277777777778
LPPT,2022-08-13,TXIT,28,2030.5166666666662,53.26666666666666,1.902380952380952
LPPT,2022-08-13,TXOT,12,4027.1333333333355,29.483333333333334,2.4569444444444444
LPPT,2022-08-14,TXIT,28,2032.6333333333325,58.683333333333344,2.0958333333333337
LPPT,2022-08-14,TXOT,11,3983.816666666664,91.11666666666667,8.283333333333333
LPPT,2022-08-15,TXIT,29,1957.616666666666,55.26666666666668,1.905747126436782
LPPT,2022-08-15,TXOT,7,3702.7333333333318,38.03333333333333,5.433333333333333
LPPT,2022-08-16,TXIT,34,2138.083333333332,94.24999999999997,2.772058823529411
LPPT,2022-08-16,TXOT,13,3978.2499999999986,53.75000000000001,4.134615384615385
LPPT,2022-08-17,TXIT,31,1935.5000000000002,81.36666666666667,2.624731182795699
LPPT,2022-08-17,TXOT,14,4099.750000000003,112.90000000000002,8.064285714285715
LPPT,2022-08-18,TXIT,28,1928.983333333332,42.650000000000006,1.5232142857142859
LPPT,2022-08-18,TXOT,12,3770.833333333333,61.1,5.091666666666667
LPPT,2022-08-19,TXIT,31,1986.2999999999997,55.400000000000006,1.7870967741935486
LPPT,2022-08-19,TXOT,13,4253.1833333333325,70.9666666666667,5.458974358974361
LPPT,2022-08-20,TXIT,26,2022.2833333333344,57.75,2.2211538461538463
LPPT,2022-08-20,TXOT,7,4105.966666666666,37.233333333333334,5.319047619047619
LPPT,2022-08-21,TXIT,35,2070.4833333333336,71.91666666666667,2.054761904761905
LPPT,2022-08-21,TXOT,14,4186.083333333333,74.68333333333334,5.33452380952381
LPPT,2022-08-22,TXIT,33,2086.4333333333334,64.91666666666669,1.9671717171717178
LPPT,2022-08-22,TXOT,6,3889.9833333333304,26.450000000000003,4.408333333333334
LPPT,2022-08-23,TXIT,24,1928.9500000000003,53.31666666666666,2.2215277777777778
LPPT,2022-08-23,TXOT,17,3894.366666666666,94.81666666666666,5.577450980392157
LPPT,2022-08-24,TXIT,31,1981.4166666666674,64.53333333333335,2.081720430107527
LPPT,2022-08-24,TXOT,7,3896.600000000002,28.183333333333337,4.026190476190477
LPPT,2022-08-25,TXIT,28,2006.016666666667,118.91666666666669,4.24702380952381
LPPT,2022-08-25,TXOT,11,3810.0666666666693,49.06666666666668,4.460606060606062
LPPT,2022-08-26,TXIT,30,1795.0833333333326,94.71666666666668,3.157222222222223
LPPT,2022-08-26,TXOT,7,3555.633333333333,28.950000000000003,4.135714285714286
LPPT,2022-08-27,TXIT,26,1934.05,49.250000000000014,1.8942307692307698
LPPT,2022-08-27,TXOT,11,3978.116666666667,59.78333333333333,5.434848484848485
LPPT,2022-08-28,TXIT,29,1645.599999999999,23.900000000000006,0.824137931034483
LPPT,2022-08-28,TXOT,7,4055.8166666666652,34.400000000000006,4.9142857142857155
LPPT,2022-08-29,TXIT,30,2053.883333333334,69.93333333333332,2.331111111111111
LPPT,2022-08-29,TXOT,10,4486.333333333331,70.75,7.075
LPPT,2022-08-30,TXIT,39,2200.6999999999994,85.58333333333333,2.194444444444444
LPPT,2022-08-30,TXOT,19,3902.666666666669,126.83333333333334,6.675438596491229
LPPT,2022-08-31,TXIT,32,1972.799999999999,60.43333333333332,1.8885416666666663
LPPT,2022-08-31,TXOT,16,4089.0000000000045,101.91666666666667,6.369791666666667
LPPT,2022-09-01,TXIT,31,1952.1499999999996,72.15000000000002,2.3274193548387103
LPPT,2022-09-01,TXOT,17,3619.5833333333317,68.21666666666667,4.012745098039216
LPPT,2022-09-02,TXIT,25,1969.9999999999995,45.033333333333324,1.801333333333333
LPPT,2022-09-02,TXOT,9,3991.966666666666,41.733333333333334,4.637037037037037
LPPT,2022-09-03,TXIT,34,2064.5166666666664,76.35000000000001,2.245588235294118
LPPT,2022-09-03,TXOT,14,3947.866666666665,80.05000000000001,5.717857142857143
LPPT,2022-09-04,TXIT,36,1952.3833333333318,51.30000000000001,1.4250000000000003
LPPT,2022-09-04,TXOT,17,4650.600000000001,90.3,5.311764705882353
LPPT,2022-09-05,TXIT,32,1769.3000000000002,62.11666666666667,1.9411458333333333
LPPT,2022-09-05,TXOT,16,4593.616666666665,102.16666666666669,6.385416666666668
LPPT,2022-09-06,TXIT,27,1688.3666666666666,43.81666666666666,1.6228395061728393
LPPT,2022-09-06,TXOT,12,3731.8500000000004,15.566666666666675,1.297222222222223
LPPT,2022-09-07,TXIT,39,1842.233333333334,58.13333333333334,1.4905982905982909
LPPT,2022-09-07,TXOT,14,3883.4166666666674,98.91666666666669,7.065476190476192
LPPT,2022-09-08,TXIT,32,1858.9999999999989,40.46666666666667,1.2645833333333334
LPPT,2022-09-08,TXOT,14,4027.199999999997,98.15,7.010714285714286
LPPT,2022-09-09,TXIT,41,2118.8333333333326,94.96666666666665,2.3162601626016257
LPPT,2022-09-09,TXOT,20,4212.283333333334,139.33333333333334,6.966666666666667
LPPT,2022-09-10,TXIT,29,1942.016666666668,29.983333333333338,1.0339080459770116
LPPT,2022-09-10,TXOT,10,4193.4000000000015,27.199999999999996,2.7199999999999998
LPPT,2022-09-11,TXIT,33,1843.7166666666662,58.166666666666664,1.7626262626262625
LPPT,2022-09-11,TXOT,15,4751.133333333335,152.65,10.176666666666668
LPPT,2022-09-12,TXIT,28,1835.4500000000007,54.866666666666674,1.95952380952381
LPPT,2022-09-12,TXOT,10,4782.966666666666,73.30000000000001,7.330000000000001
LPPT,2022-09-13,TXIT,34,1842.8833333333328,55.65000000000001,1.6367647058823533
LPPT,2022-09-13,TXOT,15,4819.850000000001,174.71666666666667,11.647777777777778
LPPT,2022-09-14,TXIT,37,1779.183333333332,80.26666666666667,2.1693693693693694
LPPT,2022-09-14,TXOT,16,4571.899999999994,105.43333333333334,6.589583333333334
LPPT,2022-09-15,TXIT,36,1896.9166666666665,32.183333333333344,0.8939814814814818
LPPT,2022-09-15,TXOT,14,4182.850000000001,82.35000000000001,5.882142857142858
LPPT,2022-09-16,TXIT,26,1939.8666666666659,45.78333333333333,1.7608974358974359
LPPT,2022-09-16,TXOT,16,3787.350000000001,125.80000000000001,7.862500000000001
LPPT,2022-09-17,TXIT,27,2023.2333333333336,80.68333333333334,2.9882716049382716
LPPT,2022-09-17,TXOT,9,3685.3333333333358,18.483333333333334,2.053703703703704
LPPT,2022-09-18,TXIT,25,1930.0666666666668,48.26666666666668,1.9306666666666672
LPPT,2022-09-18,TXOT,12,4266.066666666668,62.21666666666667,5.184722222222223
LPPT,2022-09-19,TXIT,33,1885.3499999999979,63.06666666666668,1.9111111111111114
LPPT,2022-09-19,TXOT,6,4106.850000000001,33.21666666666667,5.536111111111111
LPPT,2022-09-20,TXIT,27,2173.066666666666,66.41666666666667,2.4598765432098766
LPPT,2022-09-20,TXOT,14,3974.4333333333325,74.10000000000001,5.292857142857144
LPPT,2022-09-21,TXIT,22,1809.8333333333321,54.466666666666676,2.475757575757576
LPPT,2022-09-21,TXOT,9,3918.766666666668,51.60000000000001,5.733333333333334
LPPT,2022-09-22,TXIT,26,1957.283333333333,54.266666666666666,2.0871794871794873
LPPT,2022-09-22,TXOT,8,3696.3666666666663,43.75000000000001,5.468750000000001
LPPT,2022-09-23,TXIT,31,2018.500000000001,65.73333333333333,2.120430107526882
LPPT,2022-09-23,TXOT,9,3901.7499999999986,37.68333333333334,4.187037037037038
LPPT,2022-09-24,TXIT,30,1960.816666666667,59.56666666666668,1.985555555555556
LPPT,2022-09-24,TXOT,8,3938.6000000000017,26.750000000000007,3.343750000000001
LPPT,2022-09-25,TXIT,31,1973.733333333333,100.08333333333336,3.228494623655915
LPPT,2022-09-25,TXOT,12,4207.599999999997,77.43333333333334,6.452777777777778
LPPT,2022-09-26,TXIT,31,1931.1833333333316,60.18333333333333,1.9413978494623654
LPPT,2022-09-26,TXOT,14,3630.533333333333,96.28333333333335,6.877380952380953
LPPT,2022-09-27,TXIT,30,1889.8333333333335,87.01666666666668,2.900555555555556
LPPT,2022-09-27,TXOT,12,4152.866666666669,112.38333333333334,9.365277777777779
LPPT,2022-09-28,TXIT,40,1881.6333333333328,69.16666666666669,1.7291666666666672
LPPT,2022-09-28,TXOT,23,4425.133333333333,167.61666666666667,7.28768115942029
LPPT,2022-09-29,TXIT,26,1945.2333333333333,70.46666666666665,2.71025641025641
LPPT,2022-09-29,TXOT,10,4179.7666666666655,78.55,7.8549999999999995
LPPT,2022-09-30,TXIT,35,2362.833333333335,94.13333333333334,2.6895238095238096
LPPT,2022-09-30,TXOT,12,4278.816666666664,32.73333333333334,2.7277777777777783
LPPT,2022-10-01,TXIT,35,1982.9833333333333,88.93333333333334,2.540952380952381
LPPT,2022-10-01,TXOT,14,3901.4666666666644,46.51666666666668,3.3226190476190487
LPPT,2022-10-02,TXIT,27,1936.1333333333346,50.900000000000006,1.8851851851851853
LPPT,2022-10-02,TXOT,12,3880.6166666666677,66.9,5.575
LPPT,2022-10-03,TXIT,28,1833.1833333333336,58.99999999999999,2.1071428571428568
LPPT,2022-10-03,TXOT,10,4327.4666666666635,108.8,10.879999999999999
LPPT,2022-10-04,TXIT,34,1814.7499999999995,100.65000000000002,2.9602941176470594
LPPT,2022-10-04,TXOT,11,3815.1833333333343,125.80000000000001,11.436363636363637
LPPT,2022-10-05,TXIT,33,1874.3666666666668,75.48333333333335,2.2873737373737377
LPPT,2022-10-05,TXOT,9,3986.5166666666664,37.10000000000001,4.122222222222224
LPPT,2022-10-06,TXIT,24,1749.4000000000015,36.083333333333336,1.5034722222222223
LPPT,2022-10-06,TXOT,10,3862.6333333333314,81.43333333333334,8.143333333333334
LPPT,2022-10-07,TXIT,37,2039.8666666666666,46.733333333333334,1.263063063063063
LPPT,2022-10-07,TXOT,17,3998.5333333333333,69.68333333333334,4.099019607843138
LPPT,2022-10-08,TXIT,25,1906.2833333333333,90.83333333333334,3.6333333333333337
LPPT,2022-10-08,TXOT,10,4023.2833333333347,50.583333333333336,5.058333333333334
LPPT,2022-10-09,TXIT,32,1910.1500000000012,64.91666666666669,2.028645833333334
LPPT,2022-10-09,TXOT,11,3982.3666666666654,78.36666666666667,7.124242424242425
LPPT,2022-10-10,TXIT,35,1859.1000000000006,64.36666666666667,1.8390476190476193
LPPT,2022-10-10,TXOT,9,4337.633333333332,114.48333333333332,12.720370370370368
LPPT,2022-10-11,TXIT,26,1807.3999999999987,77.10000000000001,2.9653846153846155
LPPT,2022-10-11,TXOT,13,3738.5166666666687,132.65,10.203846153846154
LPPT,2022-10-12,TXIT,35,1901.4500000000005,100.15000000000003,2.8614285714285725
LPPT,2022-10-12,TXOT,10,3876.3333333333335,51.68333333333334,5.168333333333334
LPPT,2022-10-13,TXIT,33,1993.4833333333343,84.78333333333333,2.569191919191919
LPPT,2022-10-13,TXOT,12,4153.833333333332,84.28333333333335,7.023611111111112
LPPT,2022-10-14,TXIT,34,2031.8666666666675,61.65,1.813235294117647
LPPT,2022-10-14,TXOT,16,4143.1333333333305,88.78333333333335,5.548958333333334
LPPT,2022-10-15,TXIT,32,1934.9166666666679,60.53333333333334,1.8916666666666668
LPPT,2022-10-15,TXOT,10,3935.4000000000005,36.53333333333334,3.6533333333333338
LPPT,2022-10-16,TXIT,28,1608.133333333333,47.16666666666667,1.6845238095238098
LPPT,2022-10-16,TXOT,6,4466.716666666664,18.78333333333334,3.1305555555555564
LPPT,2022-10-17,TXIT,23,1678.1333333333337,35.866666666666674,1.5594202898550729
LPPT,2022-10-17,TXOT,9,4008.400000000001,46.15,5.127777777777777
LPPT,2022-10-18,TXIT,25,1505.5666666666666,43.30000000000001,1.7320000000000004
LPPT,2022-10-18,TXOT,13,3925.5500000000006,102.23333333333333,7.864102564102565
LPPT,2022-10-19,TXIT,30,1693.0000000000005,45.06666666666666,1.5022222222222221
LPPT,2022-10-19,TXOT,12,4178.950000000002,46.43333333333334,3.869444444444445
LPPT,2022-10-20,TXIT,32,1690.75,60.46666666666667,1.8895833333333334
LPPT,2022-10-20,TXOT,11,4137.53333333333,58.00000000000001,5.272727272727273
LPPT,2022-10-21,TXIT,24,1647.2333333333336,28.433333333333334,1.1847222222222222
LPPT,2022-10-21,TXOT,10,4362.183333333333,70.06666666666668,7.006666666666668
LPPT,2022-10-22,TXIT,31,1883.266666666667,40.6,1.3096774193548388
LPPT,2022-10-22,TXOT,10,4656.283333333334,113.35,11.334999999999999
LPPT,2022-10-23,TXIT,27,1663.983333333332,46.03333333333333,1.7049382716049382
LPPT,2022-10-23,TXOT,5,4454.033333333332,24.03333333333334,4.8066666666666675
LPPT,2022-10-24,TXIT,35,1647.0666666666666,49.93333333333334,1.4266666666666667
LPPT,2022-10-24,TXOT,14,4258.45,154.56666666666666,11.04047619047619
LPPT,2022-10-25,TXIT,35,1684.3833333333316,49.21666666666668,1.4061904761904767
LPPT,2022-10-25,TXOT,10,3922.183333333332,40.46666666666666,4.046666666666666
LPPT,2022-10-26,TXIT,28,1692.8166666666652,57.23333333333333,2.044047619047619
LPPT,2022-10-26,TXOT,10,4339.049999999999,44.183333333333344,4.418333333333335
LPPT,2022-10-27,TXIT,32,1684.333333333334,70.45,2.2015625
LPPT,2022-10-27,TXOT,15,4380.016666666665,109.55,7.303333333333333
LPPT,2022-10-28,TXIT,35,1791.516666666666,70.7,2.02
LPPT,2022-10-28,TXOT,17,4638.400000000002,125.4,7.3764705882352946
LPPT,2022-10-29,TXIT,30,1740.866666666667,20.416666666666664,0.6805555555555555
LPPT,2022-10-29,TXOT,15,4427.483333333332,106.35000000000001,7.090000000000001
LPPT,2022-10-30,TXIT,26,1911.233333333334,67.61666666666666,2.6006410256410253
LPPT,2022-10-30,TXOT,8,3703.016666666667,40,5
LPPT,2022-10-31,TXIT,26,1895.6166666666675,62.41666666666667,2.400641025641026
LPPT,2022-10-31,TXOT,9,3827.9666666666676,15.783333333333339,1.7537037037037042
LPPT,2022-11-01,TXIT,16,1713.7333333333327,70.23333333333333,4.389583333333333
LPPT,2022-11-01,TXOT,7,3285.7166666666644,39.5,5.642857142857143
LPPT,2022-11-02,TXIT,23,1675.3166666666682,27.25,1.184782608695652
LPPT,2022-11-02,TXOT,10,3445.949999999999,109.71666666666667,10.971666666666668
LPPT,2022-11-03,TXIT,31,1541.7499999999993,74.60000000000002,2.4064516129032265
LPPT,2022-11-03,TXOT,12,4169.299999999999,95.96666666666667,7.997222222222223
LPPT,2022-11-04,TXIT,37,2062.6000000000004,70.23333333333335,1.8981981981981986
LPPT,2022-11-04,TXOT,17,4375.983333333334,100.85,5.93235294117647
LPPT,2022-11-05,TXIT,30,1818.7333333333331,53.81666666666666,1.7938888888888889
LPPT,2022-11-05,TXOT,10,3543.3999999999996,30.466666666666676,3.0466666666666677
LPPT,2022-11-06,TXIT,28,1617.6999999999996,48.06666666666667,1.7166666666666668
LPPT,2022-11-06,TXOT,11,3919.9833333333313,56.050000000000004,5.095454545454546
LPPT,2022-11-07,TXIT,26,1708.9000000000003,51.01666666666667,1.9621794871794873
LPPT,2022-11-07,TXOT,8,4190.316666666667,42.13333333333334,5.2666666666666675
LPPT,2022-11-08,TXIT,41,1637.183333333333,153.61666666666667,3.746747967479675
LPPT,2022-11-08,TXOT,18,3892.0833333333335,194.55,10.808333333333334
LPPT,2022-11-09,TXIT,20,1546.9499999999998,33.75,1.6875
LPPT,2022-11-09,TXOT,7,3156.900000000001,51.650000000000006,7.378571428571429
LPPT,2022-11-10,TXIT,26,1673.6000000000006,59.98333333333334,2.3070512820512823
LPPT,2022-11-10,TXOT,5,3675.166666666664,20.650000000000002,4.130000000000001
LPPT,2022-11-11,TXIT,23,1863.9333333333325,56.699999999999996,2.4652173913043476
LPPT,2022-11-11,TXOT,7,3836.8166666666643,27.6,3.942857142857143
LPPT,2022-11-12,TXIT,26,1724.6499999999999,61.38333333333335,2.3608974358974364
LPPT,2022-11-12,TXOT,6,3585.2666666666682,27.41666666666667,4.5694444444444455
LPPT,2022-11-13,TXIT,25,1672.0666666666666,50.13333333333334,2.0053333333333336
LPPT,2022-11-13,TXOT,9,4496.55,68.68333333333332,7.63148148148148
LPPT,2022-11-14,TXIT,31,1743.2333333333313,69.43333333333337,2.23978494623656
LPPT,2022-11-14,TXOT,11,3890.316666666668,65.35000000000001,5.940909090909091
LPPT,2022-11-15,TXIT,28,1469.2833333333338,38.66666666666667,1.3809523809523812
LPPT,2022-11-15,TXOT,10,3580.883333333334,113.31666666666666,11.331666666666667
LPPT,2022-11-16,TXIT,26,1362.1499999999996,32.83333333333333,1.2628205128205126
LPPT,2022-11-16,TXOT,18,3591.516666666667,124.68333333333332,6.926851851851851
LPPT,2022-11-17,TXIT,27,1522.4999999999998,52.783333333333346,1.9549382716049388
LPPT,2022-11-17,TXOT,10,3532.166666666665,36.43333333333333,3.643333333333333
LPPT,2022-11-18,TXIT,36,1917.6333333333323,53.91666666666667,1.4976851851851853
LPPT,2022-11-18,TXOT,12,4111.649999999997,84.86666666666667,7.072222222222223
LPPT,2022-11-19,TXIT,30,1692.3833333333353,33.183333333333344,1.1061111111111115
LPPT,2022-11-19,TXOT,13,3403.4833333333345,56.483333333333334,4.3448717948717945
LPPT,2022-11-20,TXIT,23,1636.2166666666678,30.75,1.3369565217391304
LPPT,2022-11-20,TXOT,13,4052.9499999999994,80.45000000000002,6.18846153846154
LPPT,2022-11-21,TXIT,37,1773.2833333333324,111.51666666666667,3.013963963963964
LPPT,2022-11-21,TXOT,13,3488.816666666666,74.43333333333334,5.725641025641026
LPPT,2022-11-22,TXIT,23,1373.5166666666667,42.28333333333333,1.8384057971014491
LPPT,2022-11-22,TXOT,10,3334.2999999999956,41.41666666666667,4.1416666666666675
LPPT,2022-11-23,TXIT,26,1327.6166666666668,39.33333333333334,1.5128205128205132
LPPT,2022-11-23,TXOT,14,3571.216666666668,123.83333333333337,8.845238095238098
LPPT,2022-11-24,TXIT,23,1481.7500000000005,35.23333333333334,1.531884057971015
LPPT,2022-11-24,TXOT,8,3799.2500000000014,64.23333333333333,8.029166666666667
LPPT,2022-11-25,TXIT,37,1885.583333333332,85.73333333333333,2.317117117117117
LPPT,2022-11-25,TXOT,13,3940.633333333334,100.71666666666665,7.747435897435897
LPPT,2022-11-26,TXIT,25,1736.9166666666672,46.75,1.87
LPPT,2022-11-26,TXOT,6,3429.5666666666666,10.416666666666671,1.7361111111111118
LPPT,2022-11-27,TXIT,32,1768.6833333333336,39.26666666666667,1.2270833333333335
LPPT,2022-11-27,TXOT,12,3814.1833333333316,30.483333333333334,2.540277777777778
LPPT,2022-11-28,TXIT,33,1791.9499999999994,70.7,2.1424242424242426
LPPT,2022-11-28,TXOT,12,3643.1999999999975,92.11666666666667,7.67638888888889
LPPT,2022-11-29,TXIT,21,1515.0000000000005,22.51666666666667,1.0722222222222224
LPPT,2022-11-29,TXOT,9,2883.500000000001,70.16666666666666,7.796296296296295
LPPT,2022-11-30,TXIT,23,1548.5166666666664,59.849999999999994,2.6021739130434782
LPPT,2022-11-30,TXOT,6,3874.466666666663,37.38333333333334,6.230555555555557
LPPT,2022-12-01,TXIT,26,1572.466666666666,54.916666666666664,2.1121794871794872
LPPT,2022-12-01,TXOT,9,3374.233333333331,43.733333333333334,4.859259259259259
LPPT,2022-12-02,TXIT,23,1903.3833333333332,60.01666666666666,2.609420289855072
LPPT,2022-12-02,TXOT,7,3820.850000000001,20.183333333333337,2.8833333333333337
LPPT,2022-12-03,TXIT,19,1699.7166666666674,35.38333333333333,1.8622807017543859
LPPT,2022-12-03,TXOT,6,3151.816666666668,22.733333333333334,3.788888888888889
LPPT,2022-12-04,TXIT,24,2154.3333333333326,55.56666666666667,2.3152777777777778
LPPT,2022-12-04,TXOT,10,3767.833333333333,44.43333333333334,4.443333333333333
LPPT,2022-12-05,TXIT,31,1899.5333333333324,90.31666666666666,2.9134408602150534
LPPT,2022-12-05,TXOT,13,3566.6166666666645,84.21666666666667,6.478205128205128
LPPT,2022-12-06,TXIT,22,1500.7500000000005,27.416666666666675,1.2462121212121215
LPPT,2022-12-06,TXOT,5,3031.9000000000005,8.066666666666668,1.6133333333333337
LPPT,2022-12-07,TXIT,26,1695.6500000000005,77.36666666666666,2.9756410256410253
LPPT,2022-12-07,TXOT,12,4258.7666666666655,113.68333333333334,9.473611111111111
LPPT,2022-12-08,TXIT,24,1346.7833333333333,68.3,2.845833333333333
LPPT,2022-12-08,TXOT,4,2538.849999999999,31.333333333333336,7.833333333333334
LPPT,2022-12-09,TXIT,27,1357.033333333333,47.76666666666668,1.7691358024691364
LPPT,2022-12-09,TXOT,5,2586.049999999999,30,6
LPPT,2022-12-10,TXIT,27,1452.6833333333343,51.13333333333334,1.8938271604938275
LPPT,2022-12-10,TXOT,10,3823.3333333333326,38.266666666666666,3.8266666666666667
LPPT,2022-12-11,TXIT,18,1392.066666666667,39.01666666666667,2.1675925925925927
LPPT,2022-12-11,TXOT,6,3734.833333333334,54,9
LPPT,2022-12-12,TXIT,31,1692.1166666666668,57.61666666666666,1.8586021505376342
LPPT,2022-12-12,TXOT,11,4023.116666666666,70.35000000000001,6.395454545454546
LPPT,2022-12-13,TXIT,25,1420.9666666666665,18.950000000000003,0.7580000000000001
LPPT,2022-12-13,TXOT,12,3864.233333333336,129.83333333333334,10.819444444444445
LPPT,2022-12-14,TXIT,18,1397.0000000000002,17.083333333333332,0.949074074074074
LPPT,2022-12-14,TXOT,11,3645.6666666666647,85.13333333333334,7.73939393939394
LPPT,2022-12-15,TXIT,24,1495.3333333333335,21.850000000000005,0.9104166666666669
LPPT,2022-12-15,TXOT,9,3723.900000000003,35.2,3.9111111111111114
LPPT,2022-12-16,TXIT,28,1820.0833333333333,43.81666666666666,1.5648809523809522
LPPT,2022-12-16,TXOT,9,4124.549999999998,34.75,3.861111111111111
LPPT,2022-12-17,TXIT,27,1671.6,57.38333333333334,2.125308641975309
LPPT,2022-12-17,TXOT,8,4162.766666666667,63.71666666666668,7.964583333333335
LPPT,2022-12-18,TXIT,33,1574.4333333333332,42.616666666666674,1.2914141414141416
LPPT,2022-12-18,TXOT,9,4007.6999999999985,56.083333333333336,6.231481481481482
LPPT,2022-12-19,TXIT,31,1787.2499999999995,86.05,2.7758064516129033
LPPT,2022-12-19,TXOT,8,4176.533333333334,41.86666666666667,5.233333333333333
LPPT,2022-12-20,TXIT,32,1563.2999999999997,60.11666666666666,1.8786458333333331
LPPT,2022-12-20,TXOT,6,3830.1166666666677,16.833333333333336,2.805555555555556
LPPT,2022-12-21,TXIT,22,1457.583333333334,16.6,0.7545454545454546
LPPT,2022-12-21,TXOT,7,3884.349999999998,19.216666666666676,2.7452380952380966
LPPT,2022-12-22,TXIT,32,1634.2000000000003,62.16666666666667,1.9427083333333335
LPPT,2022-12-22,TXOT,17,4333.433333333333,256.2,15.070588235294117
LPPT,2022-12-23,TXIT,33,1759.4500000000005,63.300000000000004,1.9181818181818182
LPPT,2022-12-23,TXOT,12,4339.45,74.18333333333332,6.181944444444444
LPPT,2022-12-24,TXIT,20,1405.8,23.383333333333347,1.1691666666666674
LPPT,2022-12-24,TXOT,5,3353.16666666667,18.283333333333335,3.656666666666667
LPPT,2022-12-25,TXIT,18,1280.5166666666662,11.883333333333336,0.6601851851851853
LPPT,2022-12-25,TXOT,11,3143.383333333329,64.28333333333333,5.843939393939394
LPPT,2022-12-26,TXIT,29,1785.7166666666674,53.599999999999994,1.8482758620689652
LPPT,2022-12-26,TXOT,9,4055.5499999999984,51.18333333333334,5.687037037037038
LPPT,2022-12-27,TXIT,34,1826.4000000000003,90.16666666666667,2.651960784313726
LPPT,2022-12-27,TXOT,11,3922.5,74.81666666666666,6.801515151515151
LPPT,2022-12-28,TXIT,30,2167.483333333333,115.4,3.8466666666666667
LPPT,2022-12-28,TXOT,5,4340.449999999999,79.4,15.88
LPPT,2022-12-29,TXIT,28,1535.7666666666676,40.01666666666667,1.429166666666667
LPPT,2022-12-29,TXOT,14,4168.283333333335,86.65,6.189285714285715
LPPT,2022-12-30,TXIT,27,1723.3666666666663,52.916666666666664,1.9598765432098764
LPPT,2022-12-30,TXOT,14,4518.366666666669,47.40000000000001,3.3857142857142866
LPPT,2022-12-31,TXIT,29,1436.416666666667,40.58333333333333,1.3994252873563218
LPPT,2022-12-31,TXOT,10,3881.5166666666664,66.11666666666666,6.611666666666666
LPPT,2023-01-01,TXIT,26,1647.8666666666643,44.833333333333336,1.7243589743589745
LPPT,2023-01-01,TXOT,10,4606,72.33333333333334,7.233333333333334
LPPT,2023-01-02,TXIT,30,2001.5333333333328,69.28333333333336,2.3094444444444453
LPPT,2023-01-02,TXOT,15,4190,106.4,7.093333333333334
LPPT,2023-01-03,TXIT,33,2024.783333333334,105.01666666666668,3.182323232323233
LPPT,2023-01-03,TXOT,15,3754,94.46666666666667,6.297777777777778
LPPT,2023-01-04,TXIT,22,1799.5166666666669,51.58333333333334,2.34469696969697
LPPT,2023-01-04,TXOT,12,3777,53.333333333333336,4.444444444444445
LPPT,2023-01-05,TXIT,31,1812.4166666666665,60.683333333333344,1.9575268817204305
LPPT,2023-01-05,TXOT,13,3669,92.86666666666666,7.143589743589743
LPPT,2023-01-06,TXIT,33,1869.7500000000007,56.58333333333333,1.7146464646464645
LPPT,2023-01-06,TXOT,9,4371,33.333333333333336,3.703703703703704
LPPT,2023-01-07,TXIT,33,1735.15,49.933333333333344,1.5131313131313135
LPPT,2023-01-07,TXOT,13,4538,81.6,6.276923076923077
LPPT,2023-01-08,TXIT,31,1649.0666666666666,36,1.1612903225806452
LPPT,2023-01-08,TXOT,12,4429,84.33333333333333,7.027777777777778
LPPT,2023-01-09,TXIT,33,1902.2166666666662,82.73333333333336,2.507070707070708
LPPT,2023-01-09,TXOT,13,3723,58.13333333333333,4.471794871794872
LPPT,2023-01-10,TXIT,23,1493.2833333333342,38.31666666666667,1.6659420289855074
LPPT,2023-01-10,TXOT,12,3770,63.86666666666667,5.322222222222222
LPPT,2023-01-11,TXIT,20,1412.3666666666672,13.000000000000007,0.6500000000000004
LPPT,2023-01-11,TXOT,12,3165,77.06666666666666,6.422222222222222
LPPT,2023-01-12,TXIT,22,1544.6833333333348,22.28333333333334,1.0128787878787882
LPPT,2023-01-12,TXOT,8,3238,21.06666666666667,2.6333333333333337
LPPT,2023-01-13,TXIT,29,1695.0666666666668,56,1.9310344827586208
LPPT,2023-01-13,TXOT,11,3681,72.33333333333333,6.575757575757575
LPPT,2023-01-14,TXIT,31,1661.6666666666667,63.63333333333334,2.052688172043011
LPPT,2023-01-14,TXOT,13,3530,55.599999999999994,4.276923076923077
LPPT,2023-01-15,TXIT,24,1647.066666666668,41.16666666666667,1.715277777777778
LPPT,2023-01-15,TXOT,10,3491,29.13333333333334,2.913333333333334
LPPT,2023-01-16,TXIT,33,1557.916666666666,48.400000000000006,1.4666666666666668
LPPT,2023-01-16,TXOT,9,3638,28.333333333333336,3.1481481481481484
LPPT,2023-01-17,TXIT,29,1407.1333333333337,45.35,1.563793103448276
LPPT,2023-01-17,TXOT,12,2958,70.46666666666665,5.872222222222221
LPPT,2023-01-18,TXIT,22,1378.9999999999993,44.10000000000001,2.004545454545455
LPPT,2023-01-18,TXOT,13,2914,35.93333333333334,2.7641025641025645
LPPT,2023-01-19,TXIT,27,1585.116666666667,49.133333333333326,1.8197530864197529
LPPT,2023-01-19,TXOT,10,3202,20.866666666666667,2.086666666666667
LPPT,2023-01-20,TXIT,26,1746.7166666666642,37.13333333333334,1.4282051282051285
LPPT,2023-01-20,TXOT,11,3691,26.866666666666667,2.4424242424242424
LPPT,2023-01-21,TXIT,26,1619.9833333333327,56.03333333333333,2.155128205128205
LPPT,2023-01-21,TXOT,16,3442,47.666666666666664,2.9791666666666665
LPPT,2023-01-22,TXIT,20,1625.6666666666665,36.16666666666668,1.808333333333334
LPPT,2023-01-22,TXOT,12,3520,106.86666666666667,8.905555555555557
LPPT,2023-01-23,TXIT,30,1700.466666666666,51.63333333333334,1.7211111111111113
LPPT,2023-01-23,TXOT,10,3335,46.66666666666667,4.666666666666667
LPPT,2023-01-24,TXIT,23,1351.0333333333328,37,1.608695652173913
LPPT,2023-01-24,TXOT,12,2710,52.86666666666667,4.405555555555556
LPPT,2023-01-25,TXIT,32,1471.0833333333328,55.63333333333333,1.7385416666666667
LPPT,2023-01-25,TXOT,20,3123,133.73333333333332,6.686666666666666
LPPT,2023-01-26,TXIT,24,1537.2,51.51666666666668,2.1465277777777785
LPPT,2023-01-26,TXOT,7,3304,34.333333333333336,4.904761904761905
LPPT,2023-01-27,TXIT,26,1717.8500000000008,44.65,1.7173076923076922
LPPT,2023-01-27,TXOT,13,3877,93.4,7.184615384615385
LPPT,2023-01-28,TXIT,37,1645.4333333333338,83.68333333333337,2.2617117117117127
LPPT,2023-01-28,TXOT,19,3688,70.53333333333335,3.7122807017543864
LPPT,2023-01-29,TXIT,30,1680.683333333334,53.13333333333334,1.7711111111111113
LPPT,2023-01-29,TXOT,13,3674,72.39999999999999,5.569230769230769
LPPT,2023-01-30,TXIT,34,1678.9500000000003,49.83333333333334,1.4656862745098043
LPPT,2023-01-30,TXOT,14,3391,90.93333333333334,6.495238095238095
LPPT,2023-01-31,TXIT,27,1418.5833333333335,63,2.3333333333333335
LPPT,2023-01-31,TXOT,13,3051,77.4,5.953846153846154
LPPT,2023-02-01,TXIT,20,1357.0666666666668,31.38333333333334,1.569166666666667
LPPT,2023-02-01,TXOT,12,2825.733333333335,47.60000000000001,3.9666666666666672
LPPT,2023-02-02,TXIT,26,1478.0000000000005,44.71666666666667,1.719871794871795
LPPT,2023-02-02,TXOT,11,3216.549999999999,52.349999999999994,4.759090909090909
LPPT,2023-02-03,TXIT,30,1728.9999999999989,52.95,1.7650000000000001
LPPT,2023-02-03,TXOT,9,3475.283333333335,-0.13333333333332664,-0.014814814814814071
LPPT,2023-02-04,TXIT,27,1598.7833333333344,37.9,1.4037037037037037
LPPT,2023-02-04,TXOT,10,3297.5833333333335,35.6,3.56
LPPT,2023-02-05,TXIT,31,1643.0333333333326,47.85,1.5435483870967743
LPPT,2023-02-05,TXOT,15,3437.316666666667,79.96666666666667,5.331111111111111
LPPT,2023-02-06,TXIT,34,1745.05,72.5,2.1323529411764706
LPPT,2023-02-06,TXOT,13,3438.500000000002,89.28333333333333,6.8679487179487175
LPPT,2023-02-07,TXIT,24,1407.6833333333323,59.86666666666667,2.4944444444444445
LPPT,2023-02-07,TXOT,8,2794.3499999999995,42.16666666666667,5.270833333333334
LPPT,2023-02-08,TXIT,29,1524.1333333333343,72.68333333333334,2.50632183908046
LPPT,2023-02-08,TXOT,14,3250.116666666666,112.44999999999999,8.032142857142857
LPPT,2023-02-09,TXIT,24,1574.3666666666663,40.550000000000004,1.6895833333333334
LPPT,2023-02-09,TXOT,8,3250.599999999999,11.466666666666672,1.433333333333334
LPPT,2023-02-10,TXIT,25,1830.7666666666673,59.18333333333333,2.3673333333333333
LPPT,2023-02-10,TXOT,8,3671.8666666666677,31.000000000000004,3.8750000000000004
LPPT,2023-02-11,TXIT,24,1646.05,48.900000000000006,2.0375
LPPT,2023-02-11,TXOT,8,3361.1499999999987,64.26666666666667,8.033333333333333
LPPT,2023-02-12,TXIT,21,1749.8,34.050000000000004,1.6214285714285717
LPPT,2023-02-12,TXOT,10,3639.3999999999987,42.150000000000006,4.215000000000001
LPPT,2023-02-13,TXIT,37,2014.5499999999993,72.13333333333334,1.9495495495495496
LPPT,2023-02-13,TXOT,13,3831.2333333333336,73.95,5.688461538461539
LPPT,2023-02-14,TXIT,25,1491.5833333333335,32.60000000000001,1.3040000000000003
LPPT,2023-02-14,TXOT,10,3542.8666666666686,67.7,6.7700000000000005
LPPT,2023-02-15,TXIT,27,1617.8666666666666,28.70000000000001,1.0629629629629633
LPPT,2023-02-15,TXOT,13,3349.0999999999995,56.35,4.334615384615384
LPPT,2023-02-16,TXIT,26,1602.1500000000008,35.266666666666666,1.3564102564102565
LPPT,2023-02-16,TXOT,12,3692.150000000002,95.3,7.941666666666666
LPPT,2023-02-17,TXIT,34,2063.6666666666647,61.58333333333334,1.8112745098039218
LPPT,2023-02-17,TXOT,16,4058.966666666664,98.05000000000001,6.128125000000001
LPPT,2023-02-18,TXIT,31,1868.016666666666,91.26666666666665,2.9440860215053757
LPPT,2023-02-18,TXOT,10,4028.9,59.050000000000004,5.905
LPPT,2023-02-19,TXIT,36,1783.1666666666656,57.35000000000001,1.593055555555556
LPPT,2023-02-19,TXOT,12,3963.2166666666662,62.41666666666668,5.20138888888889
LPPT,2023-02-20,TXIT,27,1931.0000000000011,55.883333333333326,2.0697530864197526
LPPT,2023-02-20,TXOT,13,3772.683333333334,91.51666666666665,7.039743589743589
LPPT,2023-02-21,TXIT,28,1555.2333333333338,36.150000000000006,1.2910714285714289
LPPT,2023-02-21,TXOT,12,3163.2166666666644,70.98333333333335,5.915277777777779
LPPT,2023-02-22,TXIT,27,1601.4499999999998,57.199999999999996,2.1185185185185182
LPPT,2023-02-22,TXOT,8,3591.766666666664,36.48333333333334,4.560416666666668
LPPT,2023-02-23,TXIT,30,1747.933333333333,62.166666666666664,2.072222222222222
LPPT,2023-02-23,TXOT,15,4263.750000000001,132.98333333333335,8.865555555555556
LPPT,2023-02-24,TXIT,36,1838.5333333333344,53.5,1.4861111111111112
LPPT,2023-02-24,TXOT,13,4447.1833333333325,51.11666666666668,3.932051282051283
LPPT,2023-02-25,TXIT,27,1633.9500000000005,53.43333333333334,1.9790123456790125
LPPT,2023-02-25,TXOT,7,4452.466666666668,67.5,9.642857142857142
LPPT,2023-02-26,TXIT,28,1829.816666666666,60.31666666666667,2.154166666666667
LPPT,2023-02-26,TXOT,14,4233.033333333333,107.23333333333333,7.65952380952381
LPPT,2023-02-27,TXIT,33,1906.3666666666677,46.666666666666664,1.4141414141414141
LPPT,2023-02-27,TXOT,11,4003.433333333333,69.91666666666669,6.356060606060608
LPPT,2023-02-28,TXIT,32,1742.4666666666672,77.66666666666667,2.4270833333333335
LPPT,2023-02-28,TXOT,11,3540.1333333333323,96.93333333333334,8.812121212121212
LPPT,2023-03-01,TXIT,28,1747.0000000000002,46.366666666666674,1.6559523809523813
LPPT,2023-03-01,TXOT,12,3675.1166666666663,61.28333333333333,5.106944444444444
LPPT,2023-03-02,TXIT,29,1683.8500000000004,55.03333333333333,1.8977011494252873
LPPT,2023-03-02,TXOT,9,3906.55,33.35,3.7055555555555557
LPPT,2023-03-03,TXIT,33,1854.7833333333333,90.00000000000001,2.7272727272727275
LPPT,2023-03-03,TXOT,13,4361.133333333333,54.916666666666664,4.2243589743589745
LPPT,2023-03-04,TXIT,24,1669.8999999999999,45.800000000000004,1.9083333333333334
LPPT,2023-03-04,TXOT,10,3869.650000000002,53.366666666666674,5.336666666666668
LPPT,2023-03-05,TXIT,29,1630.7000000000003,41,1.4137931034482758
LPPT,2023-03-05,TXOT,9,4576.483333333333,68.71666666666667,7.635185185185185
LPPT,2023-03-06,TXIT,30,1667.8666666666663,42.6,1.4200000000000002
LPPT,2023-03-06,TXOT,13,4451.200000000002,61.16666666666668,4.705128205128206
LPPT,2023-03-07,TXIT,27,1429.4666666666662,40.65,1.5055555555555555
LPPT,2023-03-07,TXOT,7,3714.050000000001,31.350000000000005,4.4785714285714295
LPPT,2023-03-08,TXIT,27,1416.7166666666678,29,1.0740740740740742
LPPT,2023-03-08,TXOT,12,3985.116666666666,125.2,10.433333333333334
LPPT,2023-03-09,TXIT,29,1476.6666666666663,29.8,1.0275862068965518
LPPT,2023-03-09,TXOT,9,3936.533333333334,39.98333333333334,4.442592592592593
LPPT,2023-03-10,TXIT,25,1538.45,40.73333333333334,1.6293333333333337
LPPT,2023-03-10,TXOT,9,4293.166666666669,40.53333333333333,4.503703703703703
LPPT,2023-03-11,TXIT,22,1572.6999999999998,35.78333333333333,1.6265151515151515
LPPT,2023-03-11,TXOT,7,3717.599999999999,42.483333333333334,6.069047619047619
LPPT,2023-03-12,TXIT,26,1656.5333333333344,44.716666666666676,1.7198717948717952
LPPT,2023-03-12,TXOT,11,3952.916666666666,57.7,5.245454545454546
LPPT,2023-03-13,TXIT,28,1795.5000000000023,51.03333333333333,1.8226190476190476
LPPT,2023-03-13,TXOT,8,3958.0500000000015,9.633333333333338,1.2041666666666673
LPPT,2023-03-14,TXIT,27,1687.2,48.98333333333334,1.8141975308641978
LPPT,2023-03-14,TXOT,7,3510.183333333334,45.06666666666667,6.438095238095238
LPPT,2023-03-15,TXIT,32,1558.2500000000007,71.91666666666667,2.2473958333333335
LPPT,2023-03-15,TXOT,21,3928.8833333333323,185.08333333333334,8.813492063492063
LPPT,2023-03-16,TXIT,26,1483.6999999999996,32.3,1.2423076923076921
LPPT,2023-03-16,TXOT,11,3974.7666666666646,74.38333333333333,6.762121212121212
LPPT,2023-03-17,TXIT,27,1677.883333333334,30.050000000000004,1.1129629629629632
LPPT,2023-03-17,TXOT,10,5042.683333333336,83.61666666666667,8.361666666666668
LPPT,2023-03-18,TXIT,30,1770.733333333333,50.90000000000001,1.696666666666667
LPPT,2023-03-18,TXOT,9,3822.933333333334,30.216666666666672,3.357407407407408
LPPT,2023-03-19,TXIT,24,1868.3000000000009,74.33333333333333,3.097222222222222
LPPT,2023-03-19,TXOT,14,4311.6833333333325,99.23333333333332,7.088095238095237
LPPT,2023-03-20,TXIT,28,1797.1000000000006,57.38333333333334,2.049404761904762
LPPT,2023-03-20,TXOT,8,3822.2666666666705,11.700000000000003,1.4625000000000004
LPPT,2023-03-21,TXIT,31,1654.9500000000005,52.53333333333334,1.6946236559139787
LPPT,2023-03-21,TXOT,14,3359.516666666667,87.93333333333334,6.280952380952381
LPPT,2023-03-22,TXIT,26,1581.5666666666677,41.86666666666668,1.6102564102564108
LPPT,2023-03-22,TXOT,12,3420.5000000000005,45.66666666666667,3.805555555555556
LPPT,2023-03-23,TXIT,23,1514.2833333333347,42.11666666666667,1.8311594202898551
LPPT,2023-03-23,TXOT,8,3798.916666666666,79.15,9.89375
LPPT,2023-03-24,TXIT,33,1796.5666666666673,119.78333333333339,3.6297979797979814
LPPT,2023-03-24,TXOT,15,4481.2,83.46666666666665,5.564444444444444
LPPT,2023-03-25,TXIT,28,1701.5166666666657,45.449999999999996,1.6232142857142855
LPPT,2023-03-25,TXOT,9,4032.7833333333333,30.25,3.361111111111111
LPPT,2023-03-26,TXIT,28,1879.849999999999,66.31666666666666,2.3684523809523808
LPPT,2023-03-26,TXOT,9,3902.95,30.73333333333334,3.414814814814816
LPPT,2023-03-27,TXIT,25,1715.0000000000007,32.21666666666667,1.2886666666666668
LPPT,2023-03-27,TXOT,11,3397.3333333333335,26.933333333333337,2.4484848484848487
LPPT,2023-03-28,TXIT,31,1525.5833333333337,59.76666666666668,1.9279569892473123
LPPT,2023-03-28,TXOT,12,3638.0166666666664,67.68333333333334,5.640277777777778
LPPT,2023-03-29,TXIT,32,1699.35,75.31666666666666,2.353645833333333
LPPT,2023-03-29,TXOT,15,4492.65,153.55000000000004,10.23666666666667
LPPT,2023-03-30,TXIT,32,1746.0333333333344,62.733333333333356,1.9604166666666674
LPPT,2023-03-30,TXOT,10,4490.7,86.95,8.695
LPPT,2023-03-31,TXIT,36,1808.5333333333342,79.56666666666668,2.2101851851851855
LPPT,2023-03-31,TXOT,13,4583.15,86.03333333333333,6.6179487179487175
LPPT,2023-04-01,TXIT,28,1929.7499999999995,40.050000000000004,1.430357142857143
LPPT,2023-04-01,TXOT,16,4066.9666666666676,119.98333333333333,7.498958333333333
LPPT,2023-04-02,TXIT,27,1793.7333333333333,43.65,1.6166666666666667
LPPT,2023-04-02,TXOT,13,3972.0000000000023,42.46666666666667,3.2666666666666666
LPPT,2023-04-03,TXIT,33,1832.983333333332,104.00000000000004,3.1515151515151527
LPPT,2023-04-03,TXOT,11,3592.2,34.00000000000001,3.0909090909090917
LPPT,2023-04-04,TXIT,32,1823.583333333334,58.216666666666676,1.8192708333333336
LPPT,2023-04-04,TXOT,11,3581.233333333331,72.15,6.5590909090909095
LPPT,2023-04-05,TXIT,29,1957.5833333333323,76.56666666666666,2.640229885057471
LPPT,2023-04-05,TXOT,13,4135.949999999998,86,6.615384615384615
LPPT,2023-04-06,TXIT,29,1883.6999999999998,63.966666666666676,2.205747126436782
LPPT,2023-04-06,TXOT,8,3988.1666666666674,35.216666666666676,4.4020833333333345
LPPT,2023-04-07,TXIT,24,1721.8,30.716666666666672,1.2798611111111113
LPPT,2023-04-07,TXOT,7,4472.533333333332,51.78333333333333,7.397619047619047
LPPT,2023-04-08,TXIT,28,2025.2499999999986,86.9,3.1035714285714286
LPPT,2023-04-08,TXOT,12,4283.366666666666,46.81666666666666,3.9013888888888886
LPPT,2023-04-09,TXIT,34,1999.466666666666,109.7,3.226470588235294
LPPT,2023-04-09,TXOT,10,4225.583333333333,57.56666666666668,5.756666666666668
LPPT,2023-04-10,TXIT,29,1987.266666666667,70.50000000000003,2.431034482758622
LPPT,2023-04-10,TXOT,10,3984.233333333333,32.96666666666667,3.296666666666667
LPPT,2023-04-11,TXIT,24,1837.216666666666,58.983333333333334,2.457638888888889
LPPT,2023-04-11,TXOT,9,3793.850000000003,46.86666666666667,5.207407407407407
LPPT,2023-04-12,TXIT,32,1898.6166666666666,60.216666666666676,1.8817708333333336
LPPT,2023-04-12,TXOT,16,4160.516666666669,100.83333333333334,6.302083333333334
LPPT,2023-04-13,TXIT,31,1959.6666666666665,49.05000000000002,1.5822580645161297
LPPT,2023-04-13,TXOT,9,3719.7333333333336,42.10000000000001,4.677777777777779
LPPT,2023-04-14,TXIT,31,2018.5333333333335,55.50000000000001,1.7903225806451615
LPPT,2023-04-14,TXOT,13,4318.5499999999975,47.00000000000001,3.615384615384616
LPPT,2023-04-15,TXIT,32,2172.4166666666674,97.33333333333336,3.0416666666666674
LPPT,2023-04-15,TXOT,11,4474.700000000004,61.51666666666667,5.592424242424243
LPPT,2023-04-16,TXIT,33,2051.0499999999993,59.25000000000001,1.7954545454545456
LPPT,2023-04-16,TXOT,20,4501.966666666665,172.20000000000002,8.610000000000001
LPPT,2023-04-17,TXIT,27,2169.833333333335,67.65000000000002,2.5055555555555564
LPPT,2023-04-17,TXOT,8,4114.533333333332,28.583333333333336,3.572916666666667
LPPT,2023-04-18,TXIT,30,2332.616666666666,102.63333333333335,3.4211111111111117
LPPT,2023-04-18,TXOT,7,4353.616666666668,69.98333333333333,9.997619047619049
LPPT,2023-04-19,TXIT,30,2068.65,78.08333333333336,2.6027777777777787
LPPT,2023-04-19,TXOT,12,4457.383333333335,89.66666666666666,7.472222222222221
LPPT,2023-04-20,TXIT,35,1892.3666666666659,46.98333333333332,1.342380952380952
LPPT,2023-04-20,TXOT,13,4361.3833333333305,67.91666666666669,5.224358974358976
LPPT,2023-04-21,TXIT,36,1761.8666666666668,58.85,1.6347222222222222
LPPT,2023-04-21,TXOT,16,4899.8666666666695,124.8,7.8
LPPT,2023-04-22,TXIT,29,1862.4333333333338,28.11666666666667,0.9695402298850576
LPPT,2023-04-22,TXOT,11,4681.800000000003,69.46666666666668,6.315151515151516
LPPT,2023-04-23,TXIT,35,1989.633333333334,56.96666666666667,1.6276190476190477
LPPT,2023-04-23,TXOT,11,4336.250000000001,47.08333333333334,4.280303030303031
LPPT,2023-04-24,TXIT,37,1934.8166666666657,59.366666666666674,1.6045045045045048
LPPT,2023-04-24,TXOT,14,4175.2999999999975,104.75,7.482142857142857
LPPT,2023-04-25,TXIT,29,1845.0000000000002,65.95,2.274137931034483
LPPT,2023-04-25,TXOT,11,3684.150000000002,51.38333333333333,4.671212121212121
LPPT,2023-04-26,TXIT,38,1912.2000000000005,78.85000000000001,2.075
LPPT,2023-04-26,TXOT,19,4323.833333333336,129.89999999999998,6.836842105263156
LPPT,2023-04-27,TXIT,35,1919.583333333333,73.11666666666667,2.0890476190476193
LPPT,2023-04-27,TXOT,12,4114.666666666666,48.06666666666667,4.0055555555555555
LPPT,2023-04-28,TXIT,21,1876.7833333333324,50.3,2.395238095238095
LPPT,2023-04-28,TXOT,7,4206.033333333334,55.266666666666666,7.895238095238095
LPPT,2023-04-29,TXIT,28,1781.9666666666672,30.350000000000005,1.0839285714285716
LPPT,2023-04-29,TXOT,10,3930.433333333334,39.38333333333334,3.938333333333334
LPPT,2023-04-30,TXIT,31,1961.033333333334,68.25000000000001,2.201612903225807
LPPT,2023-04-30,TXOT,12,4464.333333333333,63.866666666666674,5.322222222222223
LPPT,2023-05-01,TXIT,25,1948.516666666667,50.366666666666674,2.014666666666667
LPPT,2023-05-01,TXOT,11,3836.6000000000026,44.400000000000006,4.036363636363637
LPPT,2023-05-02,TXIT,33,1868.7666666666667,71.95,2.18030303030303
LPPT,2023-05-02,TXOT,7,3958.9833333333318,47.116666666666674,6.730952380952382
LPPT,2023-05-03,TXIT,30,1814.4999999999998,14.133333333333344,0.4711111111111114
LPPT,2023-05-03,TXOT,16,4724.016666666668,124.86666666666667,7.804166666666667
LPPT,2023-05-04,TXIT,32,1962.2833333333342,53.08333333333335,1.6588541666666672
LPPT,2023-05-04,TXOT,17,4585.683333333332,107,6.294117647058823
LPPT,2023-05-05,TXIT,24,1901.216666666666,45.56666666666667,1.8986111111111112
LPPT,2023-05-05,TXOT,12,4134.850000000001,82.6,6.883333333333333
LPPT,2023-05-06,TXIT,40,1971.616666666667,54.00000000000001,1.35
LPPT,2023-05-06,TXOT,14,4604.86666666667,65.7,4.692857142857143
LPPT,2023-05-07,TXIT,38,2072.15,67.65,1.780263157894737
LPPT,2023-05-07,TXOT,15,4412.333333333333,61.18333333333334,4.078888888888889
LPPT,2023-05-08,TXIT,34,2145.916666666666,45.76666666666667,1.3460784313725491
LPPT,2023-05-08,TXOT,18,4713.200000000001,103.7,5.761111111111111
LPPT,2023-05-09,TXIT,35,1929.2,88.66666666666664,2.5333333333333328
LPPT,2023-05-09,TXOT,23,3971.2499999999995,218.95000000000002,9.519565217391305
LPPT,2023-05-10,TXIT,37,1955.733333333333,72.73333333333332,1.9657657657657654
LPPT,2023-05-10,TXOT,12,4078.8500000000013,37.93333333333334,3.1611111111111114
LPPT,2023-05-11,TXIT,30,2030.5999999999985,65.63333333333335,2.1877777777777783
LPPT,2023-05-11,TXOT,13,4270.1833333333325,95.93333333333334,7.37948717948718
LPPT,2023-05-12,TXIT,31,1952.1499999999994,60.36666666666666,1.947311827956989
LPPT,2023-05-12,TXOT,13,4520.166666666664,62.53333333333334,4.810256410256411
LPPT,2023-05-13,TXIT,31,1885.8000000000004,63.49999999999999,2.0483870967741935
LPPT,2023-05-13,TXOT,10,4414.249999999999,35.216666666666676,3.5216666666666674
LPPT,2023-05-14,TXIT,31,2054.116666666668,43.36666666666667,1.3989247311827957
LPPT,2023-05-14,TXOT,11,4205.216666666665,24.483333333333338,2.225757575757576
LPPT,2023-05-15,TXIT,32,1857.383333333333,61.800000000000004,1.9312500000000001
LPPT,2023-05-15,TXOT,14,4319.8333333333285,131.61666666666667,9.401190476190477
LPPT,2023-05-16,TXIT,26,1937.6500000000003,56.78333333333334,2.183974358974359
LPPT,2023-05-16,TXOT,8,3990.6833333333343,104.08333333333334,13.010416666666668
LPPT,2023-05-17,TXIT,29,2032.2333333333331,81.76666666666667,2.8195402298850576
LPPT,2023-05-17,TXOT,9,4379.23333333333,29.316666666666677,3.2574074074074084
LPPT,2023-05-18,TXIT,33,2101.650000000001,78.99999999999999,2.3939393939393936
LPPT,2023-05-18,TXOT,11,4304.633333333331,60.766666666666666,5.524242424242424
LPPT,2023-05-19,TXIT,29,1956.3833333333337,78.81666666666666,2.717816091954023
LPPT,2023-05-19,TXOT,11,3910.383333333333,59.63333333333334,5.421212121212122
LPPT,2023-05-20,TXIT,33,2047.4000000000003,85.13333333333333,2.5797979797979798
LPPT,2023-05-20,TXOT,11,4199.4833333333345,51.68333333333334,4.698484848484849
LPPT,2023-05-21,TXIT,31,1988.9833333333322,53.21666666666667,1.7166666666666668
LPPT,2023-05-21,TXOT,17,4375.1833333333325,109.93333333333331,6.466666666666665
LPPT,2023-05-22,TXIT,33,1946.1666666666674,80.25,2.4318181818181817
LPPT,2023-05-22,TXOT,18,4077.9666666666662,60.81666666666668,3.3787037037037044
LPPT,2023-05-23,TXIT,31,1904.166666666668,49.233333333333334,1.5881720430107527
LPPT,2023-05-23,TXOT,10,4093.0833333333344,45.300000000000004,4.53
LPPT,2023-05-24,TXIT,30,2014.2000000000014,65.43333333333334,2.1811111111111114
LPPT,2023-05-24,TXOT,15,3941.249999999998,217.15000000000003,14.476666666666668
LPPT,2023-05-25,TXIT,36,2150.1666666666665,61.85,1.7180555555555557
LPPT,2023-05-25,TXOT,12,4228.066666666664,76.03333333333333,6.336111111111111
LPPT,2023-05-26,TXIT,25,1665.483333333333,69.78333333333335,2.7913333333333337
LPPT,2023-05-26,TXOT,8,4753.750000000001,49.06666666666666,6.133333333333333
LPPT,2023-05-27,TXIT,28,1907.4833333333338,45.80000000000001,1.6357142857142861
LPPT,2023-05-27,TXOT,15,4876.700000000001,174.45,11.629999999999999
LPPT,2023-05-28,TXIT,23,1879.5333333333322,51.78333333333334,2.251449275362319
LPPT,2023-05-28,TXOT,5,3748.566666666665,30.41666666666667,6.083333333333334
LPPT,2023-05-29,TXIT,29,1714.7499999999995,25.633333333333336,0.8839080459770116
LPPT,2023-05-29,TXOT,10,4743.033333333338,34.3,3.4299999999999997
LPPT,2023-05-30,TXIT,26,1820.05,53.916666666666664,2.0737179487179485
LPPT,2023-05-30,TXOT,14,3927.583333333333,124.31666666666666,8.879761904761905
LPPT,2023-05-31,TXIT,28,1792.1666666666672,54.816666666666656,1.957738095238095
LPPT,2023-05-31,TXOT,11,4229.683333333334,64.23333333333335,5.839393939393941
LPPT,2023-06-01,TXIT,28,1950.849999999999,53.11666666666666,1.8970238095238092
LPPT,2023-06-01,TXOT,10,4031.6500000000005,25.91666666666667,2.5916666666666672
LPPT,2023-06-02,TXIT,39,1964.716666666666,55.21666666666667,1.4158119658119659
LPPT,2023-06-02,TXOT,17,4514.916666666669,109.68333333333335,6.4519607843137265
LPPT,2023-06-03,TXIT,30,2037.5833333333323,90.28333333333332,3.0094444444444437
LPPT,2023-06-03,TXOT,11,3940.2333333333363,66.81666666666668,6.074242424242425
LPPT,2023-06-04,TXIT,31,2091.0833333333326,47.96666666666667,1.5473118279569893
LPPT,2023-06-04,TXOT,13,4403.500000000005,105.48333333333332,8.114102564102563
LPPT,2023-06-05,TXIT,40,2084.2333333333345,97.63333333333334,2.4408333333333334
LPPT,2023-06-05,TXOT,19,4441.050000000002,90.11666666666666,4.742982456140351
LPPT,2023-06-06,TXIT,24,1774.9333333333327,37.38333333333334,1.5576388888888892
LPPT,2023-06-06,TXOT,11,4069.700000000002,47.8,4.345454545454545
LPPT,2023-06-07,TXIT,34,1773.8333333333337,30.8,0.9058823529411765
LPPT,2023-06-07,TXOT,15,4937.499999999997,55.51666666666667,3.7011111111111115
LPPT,2023-06-08,TXIT,32,2228.5166666666664,73.36666666666667,2.2927083333333336
LPPT,2023-06-08,TXOT,13,5433.83333333333,71.61666666666667,5.50897435897436
LPPT,2023-06-09,TXIT,31,1801.6833333333336,29.833333333333336,0.9623655913978495
LPPT,2023-06-09,TXOT,13,5264.766666666663,63.91666666666667,4.916666666666667
LPPT,2023-06-10,TXIT,34,1846.5833333333337,44.88333333333334,1.3200980392156865
LPPT,2023-06-10,TXOT,16,4992.383333333328,68.38333333333333,4.273958333333333
LPPT,2023-06-11,TXIT,32,1819.2833333333328,27,0.84375
LPPT,2023-06-11,TXOT,13,4959.350000000003,73.65,5.665384615384616
LPPT,2023-06-12,TXIT,30,2013.333333333333,57.08333333333334,1.9027777777777781
LPPT,2023-06-12,TXOT,10,4869.416666666666,49.400000000000006,4.94
LPPT,2023-06-13,TXIT,32,1981.0666666666668,44.11666666666667,1.3786458333333333
LPPT,2023-06-13,TXOT,9,4032.7333333333363,30.81666666666667,3.4240740740740745
LPPT,2023-06-14,TXIT,39,2029.9166666666672,66.20000000000002,1.6974358974358978
LPPT,2023-06-14,TXOT,17,4302.5166666666655,100.70000000000002,5.923529411764707
LPPT,2023-06-15,TXIT,32,2161.716666666666,81.95000000000002,2.5609375000000005
LPPT,2023-06-15,TXOT,13,4475.583333333336,75.43333333333335,5.802564102564104
LPPT,2023-06-16,TXIT,35,2032.8833333333332,73.1666666666667,2.0904761904761915
LPPT,2023-06-16,TXOT,13,4774.683333333331,77.96666666666667,5.9974358974358974
LPPT,2023-06-17,TXIT,34,2039.3999999999999,68.33333333333334,2.009803921568628
LPPT,2023-06-17,TXOT,14,4508.716666666672,69.16666666666669,4.940476190476192
LPPT,2023-06-18,TXIT,32,2281.2499999999995,103.85,3.2453125
LPPT,2023-06-18,TXOT,11,4413.700000000001,48.03333333333334,4.366666666666667
LPPT,2023-06-19,TXIT,35,2169.4333333333334,134.3166666666667,3.8376190476190484
LPPT,2023-06-19,TXOT,15,5003.100000000001,85.15,5.676666666666667
LPPT,2023-06-20,TXIT,31,2155.450000000001,53.63333333333333,1.7301075268817203
LPPT,2023-06-20,TXOT,12,4087.266666666666,29.316666666666674,2.443055555555556
LPPT,2023-06-21,TXIT,38,2098.6000000000004,85.88333333333334,2.260087719298246
LPPT,2023-06-21,TXOT,19,4654.600000000001,118.58333333333334,6.241228070175439
LPPT,2023-06-22,TXIT,40,2501.4833333333327,111.95000000000003,2.798750000000001
LPPT,2023-06-22,TXOT,16,4513.0999999999995,58.283333333333346,3.642708333333334
LPPT,2023-06-23,TXIT,33,2099.0333333333333,77.88333333333335,2.360101010101011
LPPT,2023-06-23,TXOT,11,4819.1833333333325,53.88333333333333,4.898484848484848
LPPT,2023-06-24,TXIT,26,2098.266666666668,50.36666666666667,1.9371794871794872
LPPT,2023-06-24,TXOT,13,4585.916666666667,67.85000000000002,5.219230769230771
LPPT,2023-06-25,TXIT,35,2043.2166666666665,81.60000000000002,2.3314285714285723
LPPT,2023-06-25,TXOT,16,4765.7000000000035,126.65,7.915625
LPPT,2023-06-26,TXIT,34,2185.3499999999985,53.38333333333333,1.5700980392156862
LPPT,2023-06-26,TXOT,17,4584.2,90.76666666666667,5.3392156862745095
LPPT,2023-06-27,TXIT,32,2358.8666666666663,81.60000000000001,2.5500000000000003
LPPT,2023-06-27,TXOT,13,4388.0666666666675,78.15000000000002,6.011538461538463
LPPT,2023-06-28,TXIT,42,1920.5000000000014,67.48333333333335,1.606746031746032
LPPT,2023-06-28,TXOT,16,4314.499999999999,70.55000000000001,4.409375000000001
LPPT,2023-06-29,TXIT,33,2600.4333333333334,155.4666666666667,4.711111111111112
LPPT,2023-06-29,TXOT,12,4536.449999999998,53.933333333333344,4.494444444444445
LPPT,2023-06-30,TXIT,38,2055.183333333333,73.91666666666666,1.945175438596491
LPPT,2023-06-30,TXOT,13,4712.9333333333325,81.35000000000001,6.2576923076923086
LPPT,2023-07-01,TXIT,35,2204.1166666666672,67.2166666666667,1.9204761904761913
LPPT,2023-07-01,TXOT,14,4437.03333333333,58.48333333333334,4.177380952380953
LPPT,2023-07-02,TXIT,34,2097.6000000000004,95.65,2.8132352941176473
LPPT,2023-07-02,TXOT,14,4662.383333333334,85.43333333333334,6.102380952380953
LPPT,2023-07-03,TXIT,34,2111.5333333333324,67.35,1.9808823529411763
LPPT,2023-07-03,TXOT,14,4649.95,62.633333333333354,4.473809523809526
LPPT,2023-07-04,TXIT,30,2061.733333333333,78.9,2.6300000000000003
LPPT,2023-07-04,TXOT,8,4340.033333333334,35.400000000000006,4.425000000000001
LPPT,2023-07-05,TXIT,36,2142.0833333333335,126.75,3.5208333333333335
LPPT,2023-07-05,TXOT,13,4575.799999999999,53.86666666666667,4.143589743589744
LPPT,2023-07-06,TXIT,26,2250.2333333333336,43.63333333333334,1.6782051282051285
LPPT,2023-07-06,TXOT,14,4510.883333333338,57.06666666666668,4.076190476190477
LPPT,2023-07-07,TXIT,33,2024.9000000000003,64.48333333333336,1.954040404040405
LPPT,2023-07-07,TXOT,13,4396.333333333328,63.75000000000001,4.903846153846154
LPPT,2023-07-08,TXIT,33,2463.8499999999976,73.55000000000001,2.228787878787879
LPPT,2023-07-08,TXOT,13,5217.066666666664,103.55000000000001,7.965384615384616
LPPT,2023-07-09,TXIT,36,2145.433333333333,58.66666666666666,1.6296296296296293
LPPT,2023-07-09,TXOT,13,4702.316666666665,45.26666666666668,3.482051282051283
LPPT,2023-07-10,TXIT,35,2104.516666666667,75.13333333333334,2.146666666666667
LPPT,2023-07-10,TXOT,15,4473.066666666663,70.61666666666667,4.707777777777778
LPPT,2023-07-11,TXIT,32,2020.783333333334,85.45000000000002,2.6703125000000005
LPPT,2023-07-11,TXOT,14,4261.4,54.06666666666666,3.8619047619047615
LPPT,2023-07-12,TXIT,33,2065.733333333334,44.21666666666668,1.3398989898989904
LPPT,2023-07-12,TXOT,17,4707.783333333332,62.900000000000006,3.7
LPPT,2023-07-13,TXIT,37,2318.6666666666656,194.36666666666667,5.2531531531531535
LPPT,2023-07-13,TXOT,11,4578.700000000001,34.300000000000004,3.1181818181818186
LPPT,2023-07-14,TXIT,33,2069.0333333333324,81.35000000000001,2.4651515151515153
LPPT,2023-07-14,TXOT,20,4577.583333333335,126.46666666666668,6.323333333333334
LPPT,2023-07-15,TXIT,34,2045.0499999999995,59.233333333333334,1.742156862745098
LPPT,2023-07-15,TXOT,16,4400.483333333331,66.86666666666667,4.179166666666667
LPPT,2023-07-16,TXIT,32,2182.0666666666675,55.68333333333333,1.7401041666666666
LPPT,2023-07-16,TXOT,13,4796.533333333335,144.53333333333336,11.11794871794872
LPPT,2023-07-17,TXIT,35,2205.2500000000014,100.65,2.875714285714286
LPPT,2023-07-17,TXOT,14,4715.96666666667,96.46666666666667,6.890476190476191
LPPT,2023-07-18,TXIT,40,2280.4333333333334,87.53333333333332,2.188333333333333
LPPT,2023-07-18,TXOT,16,4250.499999999997,69.13333333333334,4.320833333333334
LPPT,2023-07-19,TXIT,36,2437.0833333333358,71.40000000000002,1.9833333333333338
LPPT,2023-07-19,TXOT,11,4512.3666666666695,41.76666666666667,3.7969696969696973
LPPT,2023-07-20,TXIT,38,2244.5166666666664,90.44999999999999,2.3802631578947366
LPPT,2023-07-20,TXOT,17,4537.4000000000005,73.15,4.302941176470589
LPPT,2023-07-21,TXIT,34,1927.4999999999984,57.95,1.7044117647058825
LPPT,2023-07-21,TXOT,12,4370.949999999997,42.06666666666667,3.505555555555556
LPPT,2023-07-22,TXIT,28,2023.4166666666665,55.6,1.9857142857142858
LPPT,2023-07-22,TXOT,8,4188.550000000005,61.43333333333334,7.679166666666667
LPPT,2023-07-23,TXIT,33,2018.183333333334,49.866666666666674,1.5111111111111113
LPPT,2023-07-23,TXOT,13,4235.466666666668,61.48333333333334,4.7294871794871804
LPPT,2023-07-24,TXIT,26,2131.750000000001,57.916666666666664,2.2275641025641026
LPPT,2023-07-24,TXOT,9,4152.166666666668,40.300000000000004,4.477777777777778
LPPT,2023-07-25,TXIT,31,2048.316666666666,63.31666666666666,2.04247311827957
LPPT,2023-07-25,TXOT,10,4323.283333333332,25.016666666666673,2.5016666666666674
LPPT,2023-07-26,TXIT,44,2271.4333333333343,96.56666666666668,2.19469696969697
LPPT,2023-07-26,TXOT,17,4685.949999999998,100.71666666666668,5.92450980392157
LPPT,2023-07-27,TXIT,33,2335.5499999999984,87.06666666666668,2.6383838383838385
LPPT,2023-07-27,TXOT,9,4510.4333333333325,64.05,7.116666666666666
LPPT,2023-07-28,TXIT,28,2562.983333333333,66.55000000000001,2.3767857142857145
LPPT,2023-07-28,TXOT,13,4965.7000000000035,89.85000000000001,6.911538461538462
LPPT,2023-07-29,TXIT,30,2268.2999999999993,65.30000000000001,2.176666666666667
LPPT,2023-07-29,TXOT,10,4364.133333333334,49.03333333333333,4.903333333333333
LPPT,2023-07-30,TXIT,28,2134.166666666667,54.23333333333334,1.9369047619047621
LPPT,2023-07-30,TXOT,12,4672.399999999998,73.45,6.120833333333334
LPPT,2023-07-31,TXIT,33,2191.983333333333,75.83333333333333,2.297979797979798
LPPT,2023-07-31,TXOT,20,4249.366666666668,126.46666666666665,6.323333333333332
LPPT,2023-08-01,TXIT,32,2141.383333333334,82.13333333333335,2.5666666666666673
LPPT,2023-08-01,TXOT,13,4637.250000000001,64.76666666666668,4.982051282051283
LPPT,2023-08-02,TXIT,36,2268.9833333333327,98.80000000000001,2.744444444444445
LPPT,2023-08-02,TXOT,13,4641.283333333332,50.41666666666667,3.8782051282051286
LPPT,2023-08-03,TXIT,36,2197.55,62.83333333333334,1.7453703703703707
LPPT,2023-08-03,TXOT,12,4838.833333333334,89.05,7.420833333333333
LPPT,2023-08-04,TXIT,26,1967.4499999999996,35.53333333333333,1.3666666666666667
LPPT,2023-08-04,TXOT,10,4416.866666666665,53.433333333333344,5.343333333333335
LPPT,2023-08-05,TXIT,34,2227.433333333332,89.35,2.6279411764705882
LPPT,2023-08-05,TXOT,12,4798.083333333334,71.53333333333333,5.961111111111111
LPPT,2023-08-06,TXIT,33,2148.033333333334,68.10000000000001,2.063636363636364
LPPT,2023-08-06,TXOT,16,4797.833333333334,75.33333333333334,4.708333333333334
LPPT,2023-08-07,TXIT,32,1935.7833333333335,41.31666666666668,1.2911458333333337
LPPT,2023-08-07,TXOT,14,4936.966666666667,98.9,7.064285714285715
LPPT,2023-08-08,TXIT,31,2087.266666666668,46.300000000000004,1.4935483870967743
LPPT,2023-08-08,TXOT,12,4965.833333333332,54.483333333333334,4.540277777777778
LPPT,2023-08-09,TXIT,36,1998.9000000000008,45.233333333333334,1.2564814814814815
LPPT,2023-08-09,TXOT,10,4941.400000000004,20.333333333333343,2.033333333333334
LPPT,2023-08-10,TXIT,37,2173.4666666666667,55.20000000000001,1.4918918918918922
LPPT,2023-08-10,TXOT,15,4377.833333333333,37.75000000000001,2.516666666666667
LPPT,2023-08-11,TXIT,30,2037.6833333333336,61.11666666666666,2.037222222222222
LPPT,2023-08-11,TXOT,9,4577.533333333332,38.41666666666667,4.268518518518519
LPPT,2023-08-12,TXIT,31,2122.583333333333,71.25,2.2983870967741935
LPPT,2023-08-12,TXOT,13,4475.633333333336,56.83333333333334,4.371794871794872
LPPT,2023-08-13,TXIT,32,2263.783333333332,65.45000000000002,2.0453125000000005
LPPT,2023-08-13,TXOT,15,4629.283333333336,72.91666666666669,4.8611111111111125
LPPT,2023-08-14,TXIT,31,2161.666666666666,52.666666666666664,1.6989247311827955
LPPT,2023-08-14,TXOT,13,4466.533333333329,55.050000000000004,4.234615384615385
LPPT,2023-08-15,TXIT,31,2064.716666666667,70.83333333333333,2.2849462365591395
LPPT,2023-08-15,TXOT,15,4354.916666666669,88.43333333333334,5.895555555555556
LPPT,2023-08-16,TXIT,38,2251.333333333333,64.50000000000001,1.6973684210526319
LPPT,2023-08-16,TXOT,17,4961.466666666665,125.85000000000002,7.4029411764705895
LPPT,2023-08-17,TXIT,30,2191.749999999999,74.4,2.48
LPPT,2023-08-17,TXOT,13,4417.750000000002,26.01666666666668,2.001282051282052
LPPT,2023-08-18,TXIT,32,1961.2333333333333,31.616666666666667,0.9880208333333333
LPPT,2023-08-18,TXOT,13,5369.9000000000015,52.30000000000001,4.023076923076924
LPPT,2023-08-19,TXIT,30,2136.9166666666656,57.88333333333335,1.929444444444445
LPPT,2023-08-19,TXOT,15,4579.6,39.33333333333334,2.6222222222222227
LPPT,2023-08-20,TXIT,39,2184.3500000000004,85.25000000000001,2.185897435897436
LPPT,2023-08-20,TXOT,13,4717.3499999999985,44.15000000000001,3.396153846153847
LPPT,2023-08-21,TXIT,32,2123.7833333333333,59.21666666666667,1.8505208333333334
LPPT,2023-08-21,TXOT,11,4310.133333333334,60.78333333333334,5.525757575757576
LPPT,2023-08-22,TXIT,30,2155.233333333333,52.949999999999996,1.765
LPPT,2023-08-22,TXOT,14,5073.316666666672,84.70000000000002,6.050000000000002
LPPT,2023-08-23,TXIT,30,2014.0833333333321,75.68333333333335,2.5227777777777782
LPPT,2023-08-23,TXOT,10,4814.383333333337,24.650000000000006,2.4650000000000007
LPPT,2023-08-24,TXIT,31,2148.0999999999995,91.06666666666668,2.937634408602151
LPPT,2023-08-24,TXOT,7,4447.08333333333,13.400000000000006,1.914285714285715
LPPT,2023-08-25,TXIT,33,2114.2333333333327,91.23333333333332,2.7646464646464644
LPPT,2023-08-25,TXOT,13,4470.616666666667,42.50000000000001,3.2692307692307696
LPPT,2023-08-26,TXIT,32,2076.633333333333,57.699999999999996,1.8031249999999999
LPPT,2023-08-26,TXOT,10,4539.1833333333325,32.98333333333334,3.2983333333333342
LPPT,2023-08-27,TXIT,28,2243.1833333333334,72.58333333333331,2.592261904761904
LPPT,2023-08-27,TXOT,14,4823.066666666666,75.41666666666667,5.386904761904762
LPPT,2023-08-28,TXIT,31,2106.3166666666666,68,2.193548387096774
LPPT,2023-08-28,TXOT,10,4143.1,10.700000000000005,1.0700000000000005
LPPT,2023-08-29,TXIT,26,2187.016666666668,66.96666666666667,2.575641025641026
LPPT,2023-08-29,TXOT,8,4466.1166666666695,26.53333333333334,3.3166666666666673
LPPT,2023-08-30,TXIT,33,2212.7166666666685,60.81666666666667,1.842929292929293
LPPT,2023-08-30,TXOT,14,4747.433333333339,89.81666666666669,6.415476190476192
LPPT,2023-08-31,TXIT,29,2231.0166666666664,74.91666666666667,2.5833333333333335
LPPT,2023-08-31,TXOT,8,4536.916666666669,11.866666666666669,1.4833333333333336
LPPT,2023-09-01,TXIT,31,2273.349999999999,116.01666666666667,3.74247311827957
LPPT,2023-09-01,TXOT,19,4687.46666666667,126.11666666666667,6.637719298245615
LPPT,2023-09-02,TXIT,31,2085.15,64.5,2.0806451612903225
LPPT,2023-09-02,TXOT,12,4427.116666666666,73.75,6.145833333333333
LPPT,2023-09-03,TXIT,27,2108.45,36.333333333333336,1.345679012345679
LPPT,2023-09-03,TXOT,13,4920.6666666666615,86.69999999999999,6.669230769230769
LPPT,2023-09-04,TXIT,35,2165.8333333333344,47.13333333333334,1.346666666666667
LPPT,2023-09-04,TXOT,9,5429.166666666665,52.300000000000004,5.811111111111112
LPPT,2023-09-05,TXIT,30,2336.8166666666652,27.20000000000001,0.906666666666667
LPPT,2023-09-05,TXOT,16,5411.166666666668,97.8,6.1125
LPPT,2023-09-06,TXIT,30,1843.3833333333325,47.433333333333344,1.5811111111111116
LPPT,2023-09-06,TXOT,14,5051.066666666668,64.61666666666667,4.615476190476191
LPPT,2023-09-07,TXIT,32,2229.2333333333345,39.10000000000001,1.2218750000000003
LPPT,2023-09-07,TXOT,15,5324.5499999999965,76.53333333333335,5.102222222222223
LPPT,2023-09-08,TXIT,26,1973.2000000000003,61.35000000000001,2.359615384615385
LPPT,2023-09-08,TXOT,13,5262.716666666669,92.46666666666668,7.112820512820514
LPPT,2023-09-09,TXIT,39,2216.3499999999985,59.3,1.5205128205128204
LPPT,2023-09-09,TXOT,17,5679.433333333336,141.05,8.297058823529412
LPPT,2023-09-10,TXIT,34,2101.6333333333337,54.183333333333344,1.5936274509803925
LPPT,2023-09-10,TXOT,12,5284.349999999998,64.11666666666669,5.343055555555558
LPPT,2023-09-11,TXIT,36,2317.4666666666662,92.03333333333333,2.5564814814814816
LPPT,2023-09-11,TXOT,15,4954.916666666665,92.39999999999999,6.159999999999999
LPPT,2023-09-12,TXIT,35,2174.65,89.20000000000003,2.5485714285714294
LPPT,2023-09-12,TXOT,12,4695.450000000001,130.4,10.866666666666667
LPPT,2023-09-13,TXIT,34,2132.8499999999995,57.58333333333333,1.693627450980392
LPPT,2023-09-13,TXOT,14,4422.600000000001,45.90000000000003,3.2785714285714307
LPPT,2023-09-14,TXIT,30,2112.9166666666674,53.083333333333336,1.7694444444444446
LPPT,2023-09-14,TXOT,12,4443.166666666665,31.733333333333338,2.644444444444445
LPPT,2023-09-15,TXIT,31,2003.3833333333328,54.31666666666666,1.7521505376344084
LPPT,2023-09-15,TXOT,11,4981.800000000002,72.83333333333333,6.621212121212121
LPPT,2023-09-16,TXIT,31,1981.9833333333333,26.75,0.8629032258064516
LPPT,2023-09-16,TXOT,14,5603.799999999995,119.73333333333335,8.552380952380954
LPPT,2023-09-17,TXIT,25,1971.2999999999993,17.56666666666667,0.7026666666666668
LPPT,2023-09-17,TXOT,9,5442.75,55.2,6.133333333333334
LPPT,2023-09-18,TXIT,36,1979.8666666666672,73.13333333333335,2.031481481481482
LPPT,2023-09-18,TXOT,12,4897.399999999997,63.650000000000006,5.304166666666667
LPPT,2023-09-19,TXIT,28,2074.2000000000003,53.81666666666668,1.9220238095238098
LPPT,2023-09-19,TXOT,9,3965.666666666665,1.366666666666669,0.1518518518518521
LPPT,2023-09-20,TXIT,32,1915.716666666667,65.73333333333335,2.054166666666667
LPPT,2023-09-20,TXOT,8,4885.0166666666655,39.199999999999996,4.8999999999999995
LPPT,2023-09-21,TXIT,26,2138.6666666666647,42.75000000000001,1.6442307692307696
LPPT,2023-09-21,TXOT,6,4361.7666666666655,12.783333333333335,2.130555555555556
LPPT,2023-09-22,TXIT,35,2060.0166666666655,64.11666666666666,1.8319047619047617
LPPT,2023-09-22,TXOT,11,4387.550000000004,45.50000000000001,4.136363636363637
LPPT,2023-09-23,TXIT,25,2100.5166666666646,68,2.72
LPPT,2023-09-23,TXOT,17,4589.6,156.50000000000003,9.205882352941178
LPPT,2023-09-24,TXIT,30,2131.3166666666666,69.61666666666666,2.3205555555555555
LPPT,2023-09-24,TXOT,15,4419.116666666668,74.95,4.996666666666667
LPPT,2023-09-25,TXIT,34,2116.3833333333337,44.683333333333344,1.31421568627451
LPPT,2023-09-25,TXOT,13,4280.749999999999,58.53333333333333,4.5025641025641026
LPPT,2023-09-26,TXIT,28,2458.783333333334,79.53333333333335,2.840476190476191
LPPT,2023-09-26,TXOT,13,4376.249999999997,74.75,5.75
LPPT,2023-09-27,TXIT,33,2269.6499999999987,83.4,2.5272727272727273
LPPT,2023-09-27,TXOT,15,4576.9000000000005,72.68333333333334,4.845555555555555
LPPT,2023-09-28,TXIT,29,2080.8666666666654,58.63333333333333,2.02183908045977
LPPT,2023-09-28,TXOT,10,4586.983333333332,38.26666666666667,3.826666666666667
LPPT,2023-09-29,TXIT,36,2131.6499999999983,102.75,2.8541666666666665
LPPT,2023-09-29,TXOT,13,4569.883333333335,55.016666666666666,4.232051282051282
LPPT,2023-09-30,TXIT,30,2313.3999999999983,85.13333333333335,2.8377777777777786
LPPT,2023-09-30,TXOT,9,4402.733333333334,45.38333333333334,5.042592592592594
LPPT,2023-10-01,TXIT,37,2144.3000000000006,47.60000000000001,1.2864864864864867
LPPT,2023-10-01,TXOT,14,4926.583333333334,100.60000000000001,7.185714285714286
LPPT,2023-10-02,TXIT,28,1989.25,49.68333333333334,1.774404761904762
LPPT,2023-10-02,TXOT,7,4695.333333333333,20.53333333333334,2.933333333333334
LPPT,2023-10-03,TXIT,33,2149.3166666666652,71.31666666666666,2.161111111111111
LPPT,2023-10-03,TXOT,17,4606.633333333333,187.9666666666667,11.05686274509804
LPPT,2023-10-04,TXIT,33,2109.2999999999997,53.33333333333334,1.6161616161616164
LPPT,2023-10-04,TXOT,11,4588.883333333333,63.70000000000001,5.790909090909092
LPPT,2023-10-05,TXIT,29,2004.3166666666677,52.866666666666674,1.8229885057471267
LPPT,2023-10-05,TXOT,11,4547.750000000001,50.06666666666666,4.551515151515151
LPPT,2023-10-06,TXIT,32,1920.0999999999983,56.15,1.7546875
LPPT,2023-10-06,TXOT,18,4706.049999999996,108.36666666666667,6.020370370370371
LPPT,2023-10-07,TXIT,41,1985.7666666666657,36.866666666666674,0.8991869918699189
LPPT,2023-10-07,TXOT,14,4796.433333333333,71.93333333333334,5.1380952380952385
LPPT,2023-10-08,TXIT,32,2093.049999999999,58.88333333333334,1.8401041666666669
LPPT,2023-10-08,TXOT,17,4417.166666666663,65.85000000000001,3.8735294117647063
LPPT,2023-10-09,TXIT,33,2075.266666666666,44.16666666666667,1.3383838383838385
LPPT,2023-10-09,TXOT,16,4321.866666666669,101.73333333333335,6.358333333333334
LPPT,2023-10-10,TXIT,31,1939.549999999999,47.13333333333334,1.520430107526882
LPPT,2023-10-10,TXOT,15,4382.483333333332,108.68333333333335,7.245555555555557
LPPT,2023-10-11,TXIT,38,2005.9,81.33333333333334,2.140350877192983
LPPT,2023-10-11,TXOT,16,4785.933333333336,85.9,5.36875
LPPT,2023-10-12,TXIT,40,1973.3166666666673,50.98333333333333,1.2745833333333332
LPPT,2023-10-12,TXOT,19,4802.249999999998,138.53333333333333,7.291228070175438
LPPT,2023-10-13,TXIT,38,1857.7166666666656,49.433333333333344,1.3008771929824565
LPPT,2023-10-13,TXOT,18,4969.133333333333,106.96666666666668,5.942592592592593
LPPT,2023-10-14,TXIT,32,2111.8666666666654,57.21666666666668,1.7880208333333338
LPPT,2023-10-14,TXOT,11,4471.483333333332,36.38333333333334,3.307575757575758
LPPT,2023-10-15,TXIT,33,2111.5499999999993,78,2.3636363636363638
LPPT,2023-10-15,TXOT,15,5418.916666666666,127.38333333333335,8.492222222222223
LPPT,2023-10-16,TXIT,36,2076.5666666666657,70.38333333333334,1.9550925925925928
LPPT,2023-10-16,TXOT,18,5590.733333333335,145.0666666666667,8.05925925925926
LPPT,2023-10-17,TXIT,24,2283.4833333333345,62.883333333333326,2.6201388888888886
LPPT,2023-10-17,TXOT,14,5536.0166666666755,124.73333333333333,8.90952380952381
LPPT,2023-10-18,TXIT,31,1934.0999999999988,66.75,2.153225806451613
LPPT,2023-10-18,TXOT,7,4972.200000000003,63.93333333333334,9.133333333333335
LPPT,2023-10-19,TXIT,25,2028.5499999999986,64.81666666666665,2.592666666666666
LPPT,2023-10-19,TXOT,10,5256.783333333334,77.41666666666667,7.741666666666667
LPPT,2023-10-20,TXIT,37,2109.233333333334,94.80000000000003,2.5621621621621626
LPPT,2023-10-20,TXOT,13,4466.483333333334,42.533333333333346,3.2717948717948726
LPPT,2023-10-21,TXIT,27,2131.2,63.35000000000001,2.3462962962962965
LPPT,2023-10-21,TXOT,10,4852.800000000006,57.7,5.7700000000000005
LPPT,2023-10-22,TXIT,33,2154.7166666666667,91.03333333333335,2.758585858585859
LPPT,2023-10-22,TXOT,13,4581.349999999998,78.15,6.011538461538462
LPPT,2023-10-23,TXIT,36,2144.366666666667,65.35000000000001,1.815277777777778
LPPT,2023-10-23,TXOT,12,4181.483333333334,50.083333333333336,4.173611111111112
LPPT,2023-10-24,TXIT,28,1950.9666666666665,44.266666666666666,1.5809523809523809
LPPT,2023-10-24,TXOT,9,5257.316666666668,40.05000000000001,4.450000000000001
LPPT,2023-10-25,TXIT,31,2002.9833333333318,50.46666666666667,1.6279569892473118
LPPT,2023-10-25,TXOT,13,5370.083333333336,75.13333333333334,5.77948717948718
LPPT,2023-10-26,TXIT,32,1998.166666666667,59.93333333333335,1.8729166666666672
LPPT,2023-10-26,TXOT,13,5084.3,117.25,9.01923076923077
LPPT,2023-10-27,TXIT,29,1817.7666666666662,36.70000000000001,1.2655172413793108
LPPT,2023-10-27,TXOT,19,5207.616666666665,132.89999999999998,6.994736842105262
LPPT,2023-10-28,TXIT,23,1832.8499999999992,37.616666666666674,1.6355072463768119
LPPT,2023-10-28,TXOT,12,5179.433333333334,97.25,8.104166666666666
LPPT,2023-10-29,TXIT,28,1671.533333333333,25.116666666666667,0.8970238095238096
LPPT,2023-10-29,TXOT,12,4748.5666666666675,77.58333333333334,6.465277777777779
LPPT,2023-10-30,TXIT,27,1746.7000000000007,38.28333333333334,1.4179012345679014
LPPT,2023-10-30,TXOT,8,4459.9333333333325,43.083333333333336,5.385416666666667
LPPT,2023-10-31,TXIT,26,1678.0166666666664,42.58333333333333,1.6378205128205126
LPPT,2023-10-31,TXOT,11,4118.066666666668,93.78333333333333,8.525757575757575
LPPT,2023-11-01,TXIT,24,1589.8,20.850000000000005,0.8687500000000002
LPPT,2023-11-01,TXOT,6,4467.316666666664,33.583333333333336,5.597222222222222
LPPT,2023-11-02,TXIT,25,1842.5666666666673,46.199999999999996,1.8479999999999999
LPPT,2023-11-02,TXOT,9,4541.899999999998,41.56666666666667,4.618518518518519
LPPT,2023-11-03,TXIT,29,1696.1499999999999,38.38333333333334,1.3235632183908048
LPPT,2023-11-03,TXOT,8,4395.000000000001,15.36666666666667,1.9208333333333338
LPPT,2023-11-04,TXIT,27,1603.7833333333338,31.3,1.1592592592592592
LPPT,2023-11-04,TXOT,9,4637.683333333335,53.91666666666667,5.990740740740741
LPPT,2023-11-05,TXIT,24,1966.483333333334,52.333333333333336,2.180555555555556
LPPT,2023-11-05,TXOT,9,4152.933333333333,24.983333333333338,2.7759259259259266
LPPT,2023-11-06,TXIT,30,1919.7166666666667,58.96666666666667,1.9655555555555557
LPPT,2023-11-06,TXOT,9,3856.4333333333334,21.08333333333334,2.3425925925925934
LPPT,2023-11-07,TXIT,23,1649.466666666667,46.916666666666664,2.039855072463768
LPPT,2023-11-07,TXOT,9,3994.5499999999997,78.61666666666667,8.735185185185186
LPPT,2023-11-08,TXIT,28,1556.2166666666658,68.13333333333334,2.4333333333333336
LPPT,2023-11-08,TXOT,12,4378.266666666667,122.51666666666667,10.209722222222222
LPPT,2023-11-09,TXIT,23,1922.3166666666657,51.40000000000002,2.234782608695653
LPPT,2023-11-09,TXOT,7,4038.4333333333316,20.31666666666667,2.9023809523809527
LPPT,2023-11-10,TXIT,27,1664.7666666666662,24.683333333333326,0.9141975308641973
LPPT,2023-11-10,TXOT,15,5117.716666666667,106.96666666666667,7.131111111111111
LPPT,2023-11-11,TXIT,23,1564.3499999999997,27.750000000000007,1.206521739130435
LPPT,2023-11-11,TXOT,7,4129.733333333335,32.650000000000006,4.6642857142857155
LPPT,2023-11-12,TXIT,26,1672.8333333333342,34.45,1.3250000000000002
LPPT,2023-11-12,TXOT,9,4595.91666666667,37.51666666666667,4.168518518518519
LPPT,2023-11-13,TXIT,24,1595.3833333333325,37.416666666666664,1.5590277777777777
LPPT,2023-11-13,TXOT,10,4280.6,41.7,4.17
LPPT,2023-11-14,TXIT,29,1675.5166666666653,56.30000000000001,1.941379310344828
LPPT,2023-11-14,TXOT,13,3626.4500000000016,140.8166666666667,10.832051282051284
LPPT,2023-11-15,TXIT,26,1579.0666666666668,61.98333333333335,2.3839743589743594
LPPT,2023-11-15,TXOT,11,3510.6499999999987,63.71666666666666,5.792424242424242
LPPT,2023-11-16,TXIT,32,1865.0500000000002,81.53333333333333,2.5479166666666666
LPPT,2023-11-16,TXOT,14,4111.216666666667,89.15,6.367857142857143
LPPT,2023-11-17,TXIT,31,1928.4999999999995,79.36666666666667,2.560215053763441
LPPT,2023-11-17,TXOT,17,4819.066666666666,235.01666666666668,13.82450980392157
LPPT,2023-11-18,TXIT,27,1746.8166666666666,80.01666666666667,2.96358024691358
LPPT,2023-11-18,TXOT,11,4129.916666666668,75.71666666666668,6.883333333333335
LPPT,2023-11-19,TXIT,28,1951.7166666666667,72.18333333333334,2.5779761904761904
LPPT,2023-11-19,TXOT,7,4525.416666666667,32.58333333333333,4.654761904761904
LPPT,2023-11-20,TXIT,32,1939.9833333333336,101.05,3.1578125
LPPT,2023-11-20,TXOT,11,3787.2166666666662,80.1,7.281818181818181
LPPT,2023-11-21,TXIT,24,1657.3499999999988,57.916666666666686,2.413194444444445
LPPT,2023-11-21,TXOT,8,3493.866666666667,34.21666666666667,4.277083333333334
LPPT,2023-11-22,TXIT,24,1592.2166666666667,36.31666666666667,1.5131944444444445
LPPT,2023-11-22,TXOT,15,3591.2166666666676,165.91666666666669,11.061111111111112
LPPT,2023-11-23,TXIT,31,2030.516666666667,107.76666666666665,3.4763440860215047
LPPT,2023-11-23,TXOT,13,3859.1333333333337,43.35000000000001,3.334615384615385
LPPT,2023-11-24,TXIT,29,1782.066666666666,35.56666666666667,1.2264367816091954
LPPT,2023-11-24,TXOT,21,3936.7500000000023,173.88333333333335,8.280158730158732
LPPT,2023-11-25,TXIT,26,1690.7500000000002,37.550000000000004,1.4442307692307694
LPPT,2023-11-25,TXOT,13,3651.716666666669,68.64999999999999,5.28076923076923
LPPT,2023-11-26,TXIT,34,1978.4333333333338,68.51666666666667,2.0151960784313725
LPPT,2023-11-26,TXOT,12,3989.683333333331,57.36666666666667,4.780555555555556
LPPT,2023-11-27,TXIT,31,1760.0833333333335,51.18333333333334,1.6510752688172043
LPPT,2023-11-27,TXOT,11,4427.766666666668,65.86666666666667,5.987878787878788
LPPT,2023-11-28,TXIT,20,1457.9500000000007,30.86666666666667,1.5433333333333334
LPPT,2023-11-28,TXOT,6,3922.483333333334,35.38333333333333,5.897222222222222
LPPT,2023-11-29,TXIT,26,1376.6499999999999,39.1,1.5038461538461538
LPPT,2023-11-29,TXOT,7,3952.516666666666,21.916666666666668,3.130952380952381
LPPT,2023-11-30,TXIT,28,1823.0166666666644,60.53333333333333,2.1619047619047618
LPPT,2023-11-30,TXOT,14,5134.983333333332,126.96666666666668,9.06904761904762
LPPT,2023-12-01,TXIT,26,1727.8833333333341,40.550000000000004,1.5596153846153848
LPPT,2023-12-01,TXOT,9,3906.95,32.60000000000001,3.622222222222223
LPPT,2023-12-02,TXIT,27,1718.7833333333328,70.53333333333335,2.6123456790123463
LPPT,2023-12-02,TXOT,12,3491.999999999999,72.18333333333332,6.015277777777777
LPPT,2023-12-03,TXIT,25,1895.3166666666677,64.68333333333332,2.587333333333333
LPPT,2023-12-03,TXOT,14,4840.7666666666655,111.08333333333333,7.934523809523809
LPPT,2023-12-04,TXIT,36,1957.4833333333336,66.4,1.8444444444444446
LPPT,2023-12-04,TXOT,9,3957.633333333334,14.416666666666671,1.6018518518518523
LPPT,2023-12-05,TXIT,35,1781.099999999998,99.80000000000001,2.851428571428572
LPPT,2023-12-05,TXOT,22,3701.9500000000016,111.9,5.086363636363637
LPPT,2023-12-06,TXIT,29,1714.7333333333338,70.66666666666666,2.436781609195402
LPPT,2023-12-06,TXOT,10,3628.066666666665,59.733333333333334,5.973333333333334
LPPT,2023-12-07,TXIT,28,1733,63.76666666666666,2.2773809523809523
LPPT,2023-12-07,TXOT,11,4408.316666666665,89.69999999999999,8.154545454545454
LPPT,2023-12-08,TXIT,35,1566.7666666666678,68.41666666666669,1.9547619047619054
LPPT,2023-12-08,TXOT,13,4349.2,76.46666666666667,5.8820512820512825
LPPT,2023-12-09,TXIT,25,1596.55,28.31666666666667,1.1326666666666667
LPPT,2023-12-09,TXOT,9,4409.966666666664,60.28333333333333,6.698148148148148
LPPT,2023-12-10,TXIT,26,1868.7833333333322,32.68333333333334,1.2570512820512822
LPPT,2023-12-10,TXOT,11,5146.216666666669,113.18333333333335,10.28939393939394
LPPT,2023-12-11,TXIT,38,1721.4833333333322,46.250000000000014,1.2171052631578951
LPPT,2023-12-11,TXOT,16,4322.666666666664,166.01666666666668,10.376041666666667
LPPT,2023-12-12,TXIT,29,1627.300000000001,53.266666666666666,1.8367816091954023
LPPT,2023-12-12,TXOT,16,3880.8666666666672,135.29999999999998,8.456249999999999
LPPT,2023-12-13,TXIT,23,1614.6499999999992,49.300000000000004,2.1434782608695655
LPPT,2023-12-13,TXOT,10,3654.116666666667,50.01666666666667,5.001666666666667
LPPT,2023-12-14,TXIT,29,1878.650000000001,48.866666666666674,1.685057471264368
LPPT,2023-12-14,TXOT,12,4157.950000000001,89.10000000000001,7.425000000000001
LPPT,2023-12-15,TXIT,29,1886.8666666666677,52.533333333333346,1.8114942528735636
LPPT,2023-12-15,TXOT,15,4263.733333333332,96.91666666666667,6.461111111111111
LPPT,2023-12-16,TXIT,27,1801.9333333333332,49.433333333333344,1.8308641975308646
LPPT,2023-12-16,TXOT,8,4024.866666666666,16.35000000000001,2.043750000000001
LPPT,2023-12-17,TXIT,25,1929.6166666666686,42.66666666666667,1.7066666666666668
LPPT,2023-12-17,TXOT,10,4163.5166666666655,49.31666666666668,4.9316666666666675
LPPT,2023-12-18,TXIT,29,1913.3833333333337,79.68333333333335,2.747701149425288
LPPT,2023-12-18,TXOT,13,4064.583333333335,52.400000000000006,4.0307692307692315
LPPT,2023-12-19,TXIT,24,1731.6833333333332,56.28333333333333,2.3451388888888887
LPPT,2023-12-19,TXOT,12,3909.6333333333346,81.58333333333333,6.798611111111111
LPPT,2023-12-20,TXIT,23,1688.866666666668,57.63333333333334,2.5057971014492755
LPPT,2023-12-20,TXOT,6,3882.5500000000006,48.41666666666667,8.069444444444445
LPPT,2023-12-21,TXIT,27,1901.3000000000002,68.75,2.5462962962962963
LPPT,2023-12-21,TXOT,12,4203.633333333336,99.73333333333333,8.311111111111112
LPPT,2023-12-22,TXIT,25,1935.7166666666667,58.783333333333324,2.351333333333333
LPPT,2023-12-22,TXOT,8,3967.633333333338,17.833333333333336,2.229166666666667
LPPT,2023-12-23,TXIT,24,1852.3666666666652,52.11666666666667,2.171527777777778
LPPT,2023-12-23,TXOT,11,4038.7333333333345,76.43333333333334,6.948484848484849
LPPT,2023-12-24,TXIT,22,1632.650000000002,40.66666666666667,1.8484848484848486
LPPT,2023-12-24,TXOT,5,3370.7666666666664,0.6333333333333382,0.12666666666666765
LPPT,2023-12-25,TXIT,24,1620.8500000000001,65.15,2.7145833333333336
LPPT,2023-12-25,TXOT,9,3051.833333333331,37.216666666666676,4.135185185185186
LPPT,2023-12-26,TXIT,23,1722.216666666667,67.08333333333334,2.916666666666667
LPPT,2023-12-26,TXOT,10,3880.1000000000013,31.81666666666667,3.181666666666667
LPPT,2023-12-27,TXIT,25,1765.7333333333343,40.13333333333333,1.6053333333333333
LPPT,2023-12-27,TXOT,9,4189.516666666669,66.01666666666668,7.335185185185186
LPPT,2023-12-28,TXIT,26,1929.4166666666674,33.95,1.3057692307692308
LPPT,2023-12-28,TXOT,14,4007.433333333333,82.76666666666668,5.911904761904763
LPPT,2023-12-29,TXIT,41,1955.749999999999,75.35,1.8378048780487803
LPPT,2023-12-29,TXOT,15,3996.816666666665,49.66666666666667,3.3111111111111113
LPPT,2023-12-30,TXIT,24,1823.116666666667,50.7,2.1125000000000003
LPPT,2023-12-30,TXOT,9,4428.750000000001,40.5,4.5
LPPT,2023-12-31,TXIT,19,1764.1333333333341,21.716666666666672,1.1429824561403512
LPPT,2023-12-31,TXOT,10,3744.133333333334,109.81666666666666,10.981666666666666
LPPT,2024-01-01,TXIT,27,2053.233333333332,85.00000000000003,3.1481481481481493
LPPT,2024-01-01,TXOT,5,3825.166666666664,20.083333333333336,4.0166666666666675
LPPT,2024-01-02,TXIT,24,1720.9833333333331,42.68333333333334,1.7784722222222225
LPPT,2024-01-02,TXOT,8,5046.666666666669,37.91666666666667,4.739583333333334
LPPT,2024-01-03,TXIT,34,1881.8333333333337,70.21666666666667,2.0651960784313728
LPPT,2024-01-03,TXOT,16,4552.21666666667,147.18333333333334,9.198958333333334
LPPT,2024-01-04,TXIT,26,1857.3500000000006,46.00000000000001,1.7692307692307696
LPPT,2024-01-04,TXOT,11,4269.583333333331,52.91666666666667,4.810606060606061
LPPT,2024-01-05,TXIT,27,1974.1833333333332,65.93333333333334,2.4419753086419753
LPPT,2024-01-05,TXOT,12,4177.483333333331,42.01666666666667,3.5013888888888896
LPPT,2024-01-06,TXIT,22,1921.916666666666,67.99999999999997,3.0909090909090895
LPPT,2024-01-06,TXOT,8,3919.883333333333,24.466666666666676,3.0583333333333345
LPPT,2024-01-07,TXIT,24,1899.166666666666,59.99999999999999,2.4999999999999996
LPPT,2024-01-07,TXOT,8,4659.71666666667,49.81666666666667,6.227083333333334
LPPT,2024-01-08,TXIT,34,1942.3500000000008,94.20000000000002,2.770588235294118
LPPT,2024-01-08,TXOT,11,4056.6333333333328,67.28333333333335,6.116666666666668
LPPT,2024-01-09,TXIT,20,1600.2333333333331,39.900000000000006,1.9950000000000003
LPPT,2024-01-09,TXOT,8,3527.6333333333346,13.550000000000002,1.6937500000000003
LPPT,2024-01-10,TXIT,27,1492.3666666666677,45.55,1.687037037037037
LPPT,2024-01-10,TXOT,6,3572.699999999999,60.81666666666667,10.136111111111111
LPPT,2024-01-11,TXIT,26,1553.416666666668,43.66666666666667,1.6794871794871797
LPPT,2024-01-11,TXOT,8,3488.2333333333286,25.18333333333334,3.1479166666666676
LPPT,2024-01-12,TXIT,29,1627.250000000001,59.95,2.067241379310345
LPPT,2024-01-12,TXOT,14,3919.933333333334,139.58333333333334,9.970238095238097
LPPT,2024-01-13,TXIT,25,1581.066666666668,48.95,1.9580000000000002
LPPT,2024-01-13,TXOT,11,3846.7833333333338,86.03333333333333,7.821212121212121
LPPT,2024-01-14,TXIT,29,1591.7833333333338,25.90000000000001,0.8931034482758624
LPPT,2024-01-14,TXOT,12,4513.833333333334,96.05,8.004166666666666
LPPT,2024-01-15,TXIT,30,1497.6500000000017,45.50000000000001,1.5166666666666668
LPPT,2024-01-15,TXOT,12,3848.266666666666,86.28333333333333,7.190277777777777
LPPT,2024-01-16,TXIT,23,1241.1333333333332,40.11666666666666,1.7442028985507243
LPPT,2024-01-16,TXOT,5,3257.799999999997,8.683333333333334,1.7366666666666668
LPPT,2024-01-17,TXIT,24,1220.7,41.366666666666674,1.7236111111111114
LPPT,2024-01-17,TXOT,11,3342.083333333333,73.08333333333334,6.6439393939393945
LPPT,2024-01-18,TXIT,24,1459.9166666666665,37.01666666666667,1.5423611111111113
LPPT,2024-01-18,TXOT,10,3538.933333333334,50.68333333333334,5.068333333333333
LPPT,2024-01-19,TXIT,30,1806.850000000001,52.2,1.74
LPPT,2024-01-19,TXOT,14,3542.8166666666675,164.5,11.75
LPPT,2024-01-20,TXIT,24,1555.6666666666665,48.18333333333333,2.0076388888888888
LPPT,2024-01-20,TXOT,7,3097.4666666666653,12.46666666666667,1.7809523809523815
LPPT,2024-01-21,TXIT,25,1582.9499999999998,65.23333333333333,2.6093333333333333
LPPT,2024-01-21,TXOT,11,3397.5833333333317,52.56666666666666,4.778787878787878
LPPT,2024-01-22,TXIT,28,1559.95,47.199999999999996,1.6857142857142855
LPPT,2024-01-22,TXOT,11,3302.1499999999996,131.15,11.922727272727274
LPPT,2024-01-23,TXIT,18,1483.7499999999998,61.76666666666666,3.431481481481481
LPPT,2024-01-23,TXOT,9,3377.633333333337,61.80000000000001,6.866666666666668
LPPT,2024-01-24,TXIT,19,1440.1166666666666,31.15,1.6394736842105262
LPPT,2024-01-24,TXOT,6,2765.8166666666657,23.46666666666667,3.9111111111111114
LPPT,2024-01-25,TXIT,25,1549.2833333333324,47.36666666666667,1.8946666666666667
LPPT,2024-01-25,TXOT,8,3201.833333333335,23.550000000000004,2.9437500000000005
LPPT,2024-01-26,TXIT,26,1555.6499999999992,40.433333333333344,1.5551282051282056
LPPT,2024-01-26,TXOT,9,3335.2333333333336,43.050000000000004,4.783333333333334
LPPT,2024-01-27,TXIT,27,1386.6833333333345,34.86666666666667,1.291358024691358
LPPT,2024-01-27,TXOT,9,3403.883333333333,76.33333333333334,8.481481481481483
LPPT,2024-01-28,TXIT,25,1570.2666666666669,32.85,1.314
LPPT,2024-01-28,TXOT,10,3873.316666666668,27.63333333333334,2.763333333333334
LPPT,2024-01-29,TXIT,30,1512.533333333333,60.26666666666667,2.008888888888889
LPPT,2024-01-29,TXOT,11,3089.183333333334,83.60000000000001,7.6000000000000005
LPPT,2024-01-30,TXIT,21,1482.0333333333333,42.06666666666667,2.003174603174603
LPPT,2024-01-30,TXOT,5,2641.1833333333343,16.833333333333336,3.366666666666667
LPPT,2024-01-31,TXIT,25,1372.9499999999998,47.55,1.902
LPPT,2024-01-31,TXOT,11,3235.483333333333,41.45,3.7681818181818185
LPPT,2024-02-01,TXIT,28,1656.249999999999,60.21666666666666,2.150595238095238
LPPT,2024-02-01,TXOT,5,3305.333333333335,20.483333333333334,4.096666666666667
LPPT,2024-02-02,TXIT,24,1663.9666666666665,37.966666666666676,1.5819444444444448
LPPT,2024-02-02,TXOT,10,3431.2500000000005,46.75,4.675
LPPT,2024-02-03,TXIT,22,1695.5166666666664,39.61666666666667,1.8007575757575758
LPPT,2024-02-03,TXOT,7,3113.6333333333314,25.5,3.642857142857143
LPPT,2024-02-04,TXIT,19,1805.2166666666665,51.88333333333333,2.730701754385965
LPPT,2024-02-04,TXOT,12,3862.483333333338,91.63333333333334,7.636111111111112
LPPT,2024-02-05,TXIT,22,1705.2333333333324,39.15,1.7795454545454545
LPPT,2024-02-05,TXOT,11,3510.3166666666634,42.26666666666668,3.8424242424242436
LPPT,2024-02-06,TXIT,20,1377.9833333333327,30.91666666666667,1.5458333333333336
LPPT,2024-02-06,TXOT,10,3158.516666666669,47.41666666666667,4.741666666666667
LPPT,2024-02-07,TXIT,16,1261.9333333333336,23.48333333333333,1.4677083333333332
LPPT,2024-02-07,TXOT,6,3537.25,39.233333333333334,6.538888888888889
LPPT,2024-02-08,TXIT,17,1615.6166666666675,25.466666666666665,1.4980392156862745
LPPT,2024-02-08,TXOT,10,4609.749999999997,79,7.9
LPPT,2024-02-09,TXIT,19,1629.7500000000002,20.28333333333334,1.0675438596491231
LPPT,2024-02-09,TXOT,13,4839.166666666668,96.91666666666667,7.455128205128205
LPPT,2024-02-10,TXIT,27,1703.8500000000001,46.05,1.7055555555555555
LPPT,2024-02-10,TXOT,5,4071.499999999999,29.15,5.83
LPPT,2024-02-11,TXIT,23,1689.0499999999997,30.583333333333336,1.3297101449275364
LPPT,2024-02-11,TXOT,11,5020.250000000001,82.55000000000001,7.504545454545456
LPPT,2024-02-12,TXIT,30,1620.9999999999998,42.21666666666668,1.4072222222222228
LPPT,2024-02-12,TXOT,8,3961.3999999999996,32.36666666666667,4.045833333333333
LPPT,2024-02-13,TXIT,18,1503.0833333333328,34.73333333333334,1.92962962962963
LPPT,2024-02-13,TXOT,4,3736.2666666666682,39.266666666666666,9.816666666666666
LPPT,2024-02-14,TXIT,34,1749.5333333333333,88.21666666666667,2.594607843137255
LPPT,2024-02-14,TXOT,15,3724.7833333333347,84.41666666666667,5.627777777777778
LPPT,2024-02-15,TXIT,27,1609.8500000000001,39.20000000000001,1.4518518518518522
LPPT,2024-02-15,TXOT,8,4529.333333333334,37.983333333333334,4.747916666666667
LPPT,2024-02-16,TXIT,25,1764.6500000000003,44.53333333333334,1.7813333333333334
LPPT,2024-02-16,TXOT,10,4093.566666666666,65.96666666666667,6.596666666666667
LPPT,2024-02-17,TXIT,36,1794.716666666667,75.1,2.086111111111111
LPPT,2024-02-17,TXOT,14,4345.416666666669,91.80000000000001,6.557142857142858
LPPT,2024-02-18,TXIT,31,1947.9833333333327,52.88333333333334,1.7059139784946238
LPPT,2024-02-18,TXOT,8,4039.550000000001,15.833333333333336,1.979166666666667
LPPT,2024-02-19,TXIT,30,1918.383333333332,84.11666666666666,2.803888888888889
LPPT,2024-02-19,TXOT,12,4261.333333333334,117.95,9.829166666666667
LPPT,2024-02-20,TXIT,29,1649.7666666666669,50.95,1.756896551724138
LPPT,2024-02-20,TXOT,12,3417.3499999999995,80.1,6.675
LPPT,2024-02-21,TXIT,26,1665.9333333333332,41.36666666666667,1.5910256410256411
LPPT,2024-02-21,TXOT,7,3444.433333333332,26.200000000000003,3.7428571428571433
LPPT,2024-02-22,TXIT,26,1802.099999999999,50.050000000000004,1.9250000000000003
LPPT,2024-02-22,TXOT,8,4305.949999999999,48.5,6.0625
LPPT,2024-02-23,TXIT,24,1880.1999999999996,66.5,2.7708333333333335
LPPT,2024-02-23,TXOT,9,3987.7500000000014,16.350000000000005,1.8166666666666673
LPPT,2024-02-24,TXIT,33,1852.4999999999995,88.53333333333333,2.682828282828283
LPPT,2024-02-24,TXOT,11,3981.700000000002,43.31666666666668,3.937878787878789
LPPT,2024-02-25,TXIT,25,1699.3166666666657,38.39999999999999,1.5359999999999996
LPPT,2024-02-25,TXOT,9,4616.866666666672,52.13333333333333,5.792592592592593
LPPT,2024-02-26,TXIT,31,1913.7999999999993,64.5,2.0806451612903225
LPPT,2024-02-26,TXOT,8,3918.4999999999977,27.200000000000003,3.4000000000000004
LPPT,2024-02-27,TXIT,24,1585.8833333333325,40.300000000000004,1.679166666666667
LPPT,2024-02-27,TXOT,5,3296.9666666666667,7.41666666666667,1.4833333333333338
LPPT,2024-02-28,TXIT,35,1675.9999999999998,50.833333333333336,1.4523809523809526
LPPT,2024-02-28,TXOT,14,3696.8833333333337,108.60000000000001,7.757142857142858
LPPT,2024-02-29,TXIT,30,1827.149999999999,45.650000000000006,1.521666666666667
LPPT,2024-02-29,TXOT,10,4049.1833333333366,59.366666666666674,5.936666666666667
LPPT,2024-03-01,TXIT,26,1820.7000000000003,44.90000000000002,1.7269230769230777
LPPT,2024-03-01,TXOT,11,4429.016666666669,85.73333333333333,7.793939393939394
LPPT,2024-03-02,TXIT,22,1620.1166666666672,30.866666666666667,1.403030303030303
LPPT,2024-03-02,TXOT,6,4761.950000000002,34.71666666666667,5.786111111111111
LPPT,2024-03-03,TXIT,26,1803.433333333333,44.449999999999996,1.7096153846153845
LPPT,2024-03-03,TXOT,11,4403.916666666668,50.43333333333334,4.584848484848485
LPPT,2024-03-04,TXIT,31,1912.7500000000005,53.13333333333334,1.713978494623656
LPPT,2024-03-04,TXOT,16,4364.41666666667,124.08333333333333,7.755208333333333
LPPT,2024-03-05,TXIT,22,1726.550000000001,41.800000000000004,1.9000000000000001
LPPT,2024-03-05,TXOT,7,3706.8000000000006,26.483333333333338,3.783333333333334
LPPT,2024-03-06,TXIT,28,1692.9499999999982,88.66666666666667,3.166666666666667
LPPT,2024-03-06,TXOT,8,4576.15,60.56666666666667,7.570833333333334
LPPT,2024-03-07,TXIT,37,1681.7333333333331,61.98333333333334,1.6752252252252255
LPPT,2024-03-07,TXOT,14,4849.4500000000035,122.7,8.764285714285714
LPPT,2024-03-08,TXIT,38,1762.8000000000004,69.9,1.8394736842105264
LPPT,2024-03-08,TXOT,17,5291.833333333331,168.08333333333337,9.887254901960787
LPPT,2024-03-09,TXIT,24,1735.0499999999993,34.466666666666676,1.4361111111111116
LPPT,2024-03-09,TXOT,13,4775.249999999997,122.83333333333334,9.448717948717949
LPPT,2024-03-10,TXIT,30,2031.0833333333337,66.35000000000001,2.211666666666667
LPPT,2024-03-10,TXOT,11,4605.800000000004,169.5333333333333,15.412121212121209
LPPT,2024-03-11,TXIT,35,1960.7833333333347,59.88333333333334,1.7109523809523812
LPPT,2024-03-11,TXOT,13,4233.633333333334,74.31666666666668,5.716666666666668
LPPT,2024-03-12,TXIT,33,1683.866666666667,96.13333333333334,2.9131313131313132
LPPT,2024-03-12,TXOT,7,3378.333333333335,38.583333333333336,5.511904761904762
LPPT,2024-03-13,TXIT,21,1514.4333333333323,27.93333333333334,1.3301587301587305
LPPT,2024-03-13,TXOT,11,3752.5666666666675,131.91666666666669,11.992424242424244
LPPT,2024-03-14,TXIT,31,2022.1833333333338,73.75000000000001,2.3790322580645165
LPPT,2024-03-14,TXOT,15,5063.616666666669,119.48333333333335,7.965555555555556
LPPT,2024-03-15,TXIT,37,1942.1999999999998,73.2,1.9783783783783784
LPPT,2024-03-15,TXOT,13,4841.95,74.80000000000001,5.753846153846155
LPPT,2024-03-16,TXIT,25,1663.1166666666657,23.53333333333334,0.9413333333333336
LPPT,2024-03-16,TXOT,12,4162.01666666667,71.30000000000001,5.941666666666667
LPPT,2024-03-17,TXIT,24,1814.4500000000014,23.683333333333337,0.9868055555555557
LPPT,2024-03-17,TXOT,10,4205.466666666665,25.60000000000001,2.560000000000001
LPPT,2024-03-18,TXIT,26,1978.2833333333333,41.16666666666667,1.5833333333333335
LPPT,2024-03-18,TXOT,11,4021.099999999997,94.95,8.631818181818183
LPPT,2024-03-19,TXIT,26,1655.1833333333334,39.03333333333334,1.5012820512820515
LPPT,2024-03-19,TXOT,8,3383.5833333333317,45.45,5.68125
LPPT,2024-03-20,TXIT,28,1738.5833333333342,74.71666666666665,2.6684523809523806
LPPT,2024-03-20,TXOT,12,3747.399999999999,134.26666666666668,11.18888888888889
LPPT,2024-03-21,TXIT,31,1921.55,58.51666666666668,1.887634408602151
LPPT,2024-03-21,TXOT,12,4079.7666666666655,65.05000000000001,5.420833333333334
LPPT,2024-03-22,TXIT,31,1822.8333333333333,51.15,1.65
LPPT,2024-03-22,TXOT,13,4258.200000000001,116.86666666666666,8.98974358974359
LPPT,2024-03-23,TXIT,30,1856.9166666666656,48.81666666666667,1.6272222222222223
LPPT,2024-03-23,TXOT,13,4034.0166666666696,64.66666666666667,4.9743589743589745
LPPT,2024-03-24,TXIT,29,1951.2,62.2,2.1448275862068966
LPPT,2024-03-24,TXOT,7,4131.083333333331,21.300000000000004,3.0428571428571436
LPPT,2024-03-25,TXIT,37,2031.983333333334,61.733333333333334,1.6684684684684685
LPPT,2024-03-25,TXOT,10,4017.35,23.06666666666667,2.306666666666667
LPPT,2024-03-26,TXIT,24,1832.466666666667,55.48333333333333,2.3118055555555554
LPPT,2024-03-26,TXOT,9,4638.833333333336,45.366666666666674,5.040740740740741
LPPT,2024-03-27,TXIT,25,1530.3,39.483333333333334,1.5793333333333335
LPPT,2024-03-27,TXOT,8,4673.366666666666,47.50000000000001,5.937500000000001
LPPT,2024-03-28,TXIT,25,1651.1333333333337,44.76666666666667,1.7906666666666669
LPPT,2024-03-28,TXOT,6,5134.250000000004,30.416666666666664,5.069444444444444
LPPT,2024-03-29,TXIT,35,1777.4000000000003,55.8,1.5942857142857143
LPPT,2024-03-29,TXOT,14,4786.7666666666655,115.31666666666666,8.236904761904762
LPPT,2024-03-30,TXIT,28,1616.666666666667,29.266666666666666,1.0452380952380953
LPPT,2024-03-30,TXOT,12,4809.283333333331,80.85,6.7375
LPPT,2024-03-31,TXIT,31,1838.1166666666668,32.55000000000001,1.0500000000000003
LPPT,2024-03-31,TXOT,14,5155.616666666665,120.18333333333334,8.58452380952381
LPPT,2024-04-01,TXIT,28,1713.2499999999995,20,0.7142857142857143
LPPT,2024-04-01,TXOT,10,4817.150000000002,58.58333333333334,5.858333333333334
LPPT,2024-04-02,TXIT,38,1901.7333333333336,89.5,2.3552631578947367
LPPT,2024-04-02,TXOT,15,5436.2000000000035,193.55,12.903333333333334
LPPT,2024-04-03,TXIT,43,1827.8000000000002,53.01666666666668,1.2329457364341088
LPPT,2024-04-03,TXOT,16,5130.800000000005,101.1,6.31875
LPPT,2024-04-04,TXIT,25,1776.1833333333336,23.65,0.946
LPPT,2024-04-04,TXOT,18,5817.533333333328,162.13333333333335,9.007407407407408
LPPT,2024-04-05,TXIT,38,1788.1833333333336,51.383333333333326,1.35219298245614
LPPT,2024-04-05,TXOT,18,5428.700000000001,208.78333333333336,11.599074074074075
LPPT,2024-04-06,TXIT,33,1815.15,12.316666666666674,0.3732323232323234
LPPT,2024-04-06,TXOT,18,4938.850000000004,109.8,6.1
LPPT,2024-04-07,TXIT,26,1914.7833333333342,37.71666666666666,1.4506410256410254
LPPT,2024-04-07,TXOT,14,4847.949999999998,75.86666666666667,5.419047619047619
LPPT,2024-04-08,TXIT,38,2041.8999999999987,75.19999999999999,1.9789473684210523
LPPT,2024-04-08,TXOT,17,4289.783333333332,128.73333333333335,7.572549019607844
LPPT,2024-04-09,TXIT,33,1918.8333333333333,66.43333333333334,2.0131313131313133
LPPT,2024-04-09,TXOT,14,4394.883333333333,43.550000000000004,3.110714285714286
LPPT,2024-04-10,TXIT,34,1839.383333333333,76.51666666666667,2.2504901960784314
LPPT,2024-04-10,TXOT,12,3940.9666666666612,45.016666666666666,3.7513888888888887
LPPT,2024-04-11,TXIT,29,2202.3000000000006,86.55,2.9844827586206897
LPPT,2024-04-11,TXOT,11,4417.300000000003,90.03333333333335,8.184848484848485
LPPT,2024-04-12,TXIT,25,1947.8666666666672,71.08333333333333,2.8433333333333333
LPPT,2024-04-12,TXOT,11,4102.833333333333,43.516666666666666,3.956060606060606
LPPT,2024-04-13,TXIT,31,2131.0333333333333,83.5166666666667,2.694086021505377
LPPT,2024-04-13,TXOT,13,4128.400000000003,62.150000000000006,4.7807692307692315
LPPT,2024-04-14,TXIT,29,2126.366666666667,56.73333333333333,1.9563218390804595
LPPT,2024-04-14,TXOT,12,4367.299999999999,42.31666666666666,3.5263888888888886
LPPT,2024-04-15,TXIT,34,2082.466666666667,80.11666666666667,2.356372549019608
LPPT,2024-04-15,TXOT,12,4181.333333333334,29.566666666666677,2.46388888888889
LPPT,2024-04-16,TXIT,31,2051.5499999999997,43.400000000000006,1.4000000000000001
LPPT,2024-04-16,TXOT,10,4263.3499999999995,59.28333333333334,5.928333333333334
LPPT,2024-04-17,TXIT,34,1870.9000000000003,44.7,1.3147058823529412
LPPT,2024-04-17,TXOT,17,4308.499999999999,103.9,6.111764705882353
LPPT,2024-04-18,TXIT,28,1919.683333333334,71.20000000000002,2.5428571428571436
LPPT,2024-04-18,TXOT,8,4568.000000000001,36.333333333333336,4.541666666666667
LPPT,2024-04-19,TXIT,29,1803.9000000000015,40.466666666666676,1.395402298850575
LPPT,2024-04-19,TXOT,13,4929.533333333333,110.26666666666667,8.482051282051282
LPPT,2024-04-20,TXIT,27,1927.716666666667,45.08333333333335,1.6697530864197536
LPPT,2024-04-20,TXOT,12,4296.96666666667,52.78333333333334,4.398611111111111
LPPT,2024-04-21,TXIT,30,2087.033333333333,158.43333333333334,5.2811111111111115
LPPT,2024-04-21,TXOT,9,4334.6833333333325,72.28333333333333,8.031481481481482
LPPT,2024-04-22,TXIT,38,2095.133333333334,85.25,2.2434210526315788
LPPT,2024-04-22,TXOT,15,4271.683333333334,119.43333333333335,7.962222222222223
LPPT,2024-04-23,TXIT,39,1871.0166666666662,70.81666666666668,1.815811965811966
LPPT,2024-04-23,TXOT,11,4174.633333333334,98.91666666666669,8.992424242424244
LPPT,2024-04-24,TXIT,38,2019.2833333333333,165.4,4.352631578947369
LPPT,2024-04-24,TXOT,13,4030.900000000001,68.78333333333333,5.291025641025641
LPPT,2024-04-25,TXIT,27,1878.8833333333332,94.30000000000001,3.492592592592593
LPPT,2024-04-25,TXOT,9,3811.283333333334,44.683333333333344,4.964814814814816
LPPT,2024-04-26,TXIT,27,1754.7333333333331,20.783333333333342,0.7697530864197534
LPPT,2024-04-26,TXOT,16,5162.666666666666,127.01666666666665,7.938541666666666
LPPT,2024-04-27,TXIT,30,2077.616666666669,50.20000000000002,1.673333333333334
LPPT,2024-04-27,TXOT,12,4409.333333333332,74.88333333333334,6.240277777777778
LPPT,2024-04-28,TXIT,27,1977.8000000000009,44.61666666666667,1.6524691358024692
LPPT,2024-04-28,TXOT,11,4487.716666666669,45.33333333333334,4.121212121212122
LPPT,2024-04-29,TXIT,33,2029.4166666666667,73.53333333333335,2.2282828282828286
LPPT,2024-04-29,TXOT,12,4230.833333333332,72.03333333333335,6.002777777777779
LPPT,2024-04-30,TXIT,35,1851.5666666666668,75.88333333333334,2.1680952380952383
LPPT,2024-04-30,TXOT,13,4793.566666666666,86.58333333333334,6.660256410256411
LPPT,2024-05-01,TXIT,31,1929.2166666666674,47.05000000000001,1.5177419354838713
LPPT,2024-05-01,TXOT,5,4355.833333333335,10.983333333333338,2.1966666666666677
LPPT,2024-05-02,TXIT,21,1790.8499999999997,14.416666666666664,0.6865079365079364
LPPT,2024-05-02,TXOT,10,4861.0999999999995,58.81666666666666,5.881666666666666
LPPT,2024-05-03,TXIT,31,1792.9833333333331,9.166666666666679,0.2956989247311832
LPPT,2024-05-03,TXOT,16,5234.583333333335,163.78333333333336,10.236458333333335
LPPT,2024-05-04,TXIT,28,1921.466666666667,31.600000000000005,1.1285714285714288
LPPT,2024-05-04,TXOT,16,5726.266666666667,135.4,8.4625
LPPT,2024-05-05,TXIT,28,1947.7333333333343,52.25,1.8660714285714286
LPPT,2024-05-05,TXOT,10,5339.916666666664,76.25000000000001,7.625000000000002
LPPT,2024-05-06,TXIT,33,2056.3166666666684,60.61666666666667,1.836868686868687
LPPT,2024-05-06,TXOT,13,4652,116.18333333333334,8.937179487179488
LPPT,2024-05-07,TXIT,29,2023.8166666666675,74.33333333333334,2.563218390804598
LPPT,2024-05-07,TXOT,11,4261.666666666668,71.36666666666667,6.487878787878788
LPPT,2024-05-08,TXIT,31,2005.3166666666664,63.733333333333334,2.055913978494624
LPPT,2024-05-08,TXOT,18,4572.266666666667,162.70000000000002,9.03888888888889
LPPT,2024-05-09,TXIT,30,2049.1166666666654,50.91666666666667,1.6972222222222224
LPPT,2024-05-09,TXOT,12,5140.616666666664,79.61666666666667,6.634722222222223
LPPT,2024-05-10,TXIT,28,2151.0333333333338,69.05,2.4660714285714285
LPPT,2024-05-10,TXOT,12,4535.350000000001,31.15,2.595833333333333
LPPT,2024-05-11,TXIT,36,2179.399999999999,66.56666666666668,1.8490740740740743
LPPT,2024-05-11,TXOT,15,4893.000000000001,93.64999999999999,6.243333333333333
LPPT,2024-05-12,TXIT,31,2079.1666666666665,59.68333333333335,1.9252688172043018
LPPT,2024-05-12,TXOT,12,4851.866666666668,98.45,8.204166666666667
LPPT,2024-05-13,TXIT,34,2265.8500000000004,101.20000000000002,2.9764705882352946
LPPT,2024-05-13,TXOT,16,4454.816666666666,117.33333333333334,7.333333333333334
LPPT,2024-05-14,TXIT,29,2029.616666666666,54.650000000000006,1.8844827586206898
LPPT,2024-05-14,TXOT,10,4204.4833333333345,37.266666666666666,3.7266666666666666
LPPT,2024-05-15,TXIT,35,2216.3000000000006,90.26666666666665,2.5790476190476186
LPPT,2024-05-15,TXOT,11,4474.600000000003,50.58333333333334,4.5984848484848495
LPPT,2024-05-16,TXIT,23,1831.5,46.08333333333334,2.0036231884057973
LPPT,2024-05-16,TXOT,9,5614.133333333334,52.31666666666668,5.812962962962964
LPPT,2024-05-17,TXIT,23,1948.9333333333343,47.7,2.073913043478261
LPPT,2024-05-17,TXOT,9,4760.9333333333325,39.716666666666676,4.412962962962964
LPPT,2024-05-18,TXIT,32,2145.7666666666664,73.66666666666667,2.3020833333333335
LPPT,2024-05-18,TXOT,9,4444.649999999999,13.533333333333342,1.5037037037037047
LPPT,2024-05-19,TXIT,25,1969.3833333333332,41.383333333333326,1.655333333333333
LPPT,2024-05-19,TXOT,12,4704.549999999998,95.63333333333335,7.969444444444446
LPPT,2024-05-20,TXIT,44,2137.9833333333327,72.08333333333334,1.638257575757576
LPPT,2024-05-20,TXOT,23,4364.733333333331,150.21666666666667,6.531159420289855
LPPT,2024-05-21,TXIT,30,1927.733333333333,74.4,2.48
LPPT,2024-05-21,TXOT,9,4277.983333333332,22.433333333333337,2.492592592592593
LPPT,2024-05-22,TXIT,37,2015.4833333333345,74.41666666666667,2.0112612612612613
LPPT,2024-05-22,TXOT,22,4656.033333333333,166.71666666666664,7.578030303030302
LPPT,2024-05-23,TXIT,30,2184.249999999999,61.483333333333334,2.0494444444444446
LPPT,2024-05-23,TXOT,10,4770.899999999999,54.13333333333334,5.413333333333334
LPPT,2024-05-24,TXIT,35,2315.1499999999996,69.35000000000001,1.9814285714285718
LPPT,2024-05-24,TXOT,9,4892.866666666667,-1.6833333333333265,-0.18703703703703628
LPPT,2024-05-25,TXIT,26,2098.533333333332,63.51666666666668,2.4429487179487186
LPPT,2024-05-25,TXOT,13,4242.1833333333325,62.18333333333334,4.783333333333333
LPPT,2024-05-26,TXIT,29,2074.516666666667,49.916666666666664,1.721264367816092
LPPT,2024-05-26,TXOT,10,4536.133333333337,48.26666666666667,4.826666666666667
LPPT,2024-05-27,TXIT,33,2130.183333333332,59.433333333333344,1.8010101010101014
LPPT,2024-05-27,TXOT,14,4355.166666666667,75.38333333333334,5.38452380952381
LPPT,2024-05-28,TXIT,43,1979.7499999999986,132.86666666666667,3.0899224806201553
LPPT,2024-05-28,TXOT,20,4542.41666666667,93.1,4.654999999999999
LPPT,2024-05-29,TXIT,32,2156.233333333333,64.53333333333335,2.016666666666667
LPPT,2024-05-29,TXOT,11,4634.1333333333305,82.06666666666668,7.460606060606062
LPPT,2024-05-30,TXIT,31,2057.9333333333348,68.75000000000001,2.2177419354838714
LPPT,2024-05-30,TXOT,12,4631.016666666667,84.80000000000001,7.066666666666667
LPPT,2024-05-31,TXIT,32,2212.7499999999986,62.16666666666667,1.9427083333333335
LPPT,2024-05-31,TXOT,15,5014.833333333327,108.5,7.233333333333333
LPPT,2024-06-01,TXIT,35,2059.716666666666,66.93333333333331,1.9123809523809516
LPPT,2024-06-01,TXOT,20,5241.700000000002,130.43333333333334,6.5216666666666665
LPPT,2024-06-02,TXIT,37,1970.1500000000008,69.74999999999999,1.8851351351351346
LPPT,2024-06-02,TXOT,14,5212.1500000000015,137.43333333333334,9.816666666666666
LPPT,2024-06-03,TXIT,27,1932.833333333333,21.78333333333333,0.80679012345679
LPPT,2024-06-03,TXOT,11,4859.2,76.23333333333333,6.930303030303031
LPPT,2024-06-04,TXIT,30,2156.5500000000006,81.55,2.7183333333333333
LPPT,2024-06-04,TXOT,9,4579.6833333333325,55.21666666666667,6.135185185185185
LPPT,2024-06-05,TXIT,34,2127.7999999999984,67.66666666666667,1.9901960784313726
LPPT,2024-06-05,TXOT,11,4504.816666666663,76.96666666666667,6.996969696969697
LPPT,2024-06-06,TXIT,28,2152.683333333333,49.16666666666667,1.7559523809523812
LPPT,2024-06-06,TXOT,11,4957.466666666664,84.58333333333334,7.68939393939394
LPPT,2024-06-07,TXIT,37,1977.6666666666672,68.43333333333334,1.8495495495495498
LPPT,2024-06-07,TXOT,16,5744.0499999999975,125.2,7.825
LPPT,2024-06-08,TXIT,27,1899.733333333333,109.13333333333334,4.041975308641976
LPPT,2024-06-08,TXOT,8,5459.649999999993,48.46666666666667,6.058333333333334
LPPT,2024-06-09,TXIT,33,2032.750000000001,80.26666666666667,2.4323232323232324
LPPT,2024-06-09,TXOT,13,4754.15,107.85000000000001,8.296153846153846
LPPT,2024-06-10,TXIT,35,2118.7833333333338,80.3,2.294285714285714
LPPT,2024-06-10,TXOT,18,4733.316666666669,99.1,5.5055555555555555
LPPT,2024-06-11,TXIT,36,2259.999999999998,75.55,2.098611111111111
LPPT,2024-06-11,TXOT,17,4526.833333333335,161.10000000000002,9.476470588235296
LPPT,2024-06-12,TXIT,31,2028.6000000000001,36.96666666666667,1.19247311827957
LPPT,2024-06-12,TXOT,11,4592.716666666667,63.466666666666676,5.76969696969697
LPPT,2024-06-13,TXIT,32,2123.833333333333,53.033333333333346,1.657291666666667
LPPT,2024-06-13,TXOT,9,4489.883333333334,27.000000000000007,3.000000000000001
LPPT,2024-06-14,TXIT,35,2098.6333333333337,73.75000000000003,2.107142857142858
LPPT,2024-06-14,TXOT,20,4926.600000000001,167.83333333333337,8.39166666666667
LPPT,2024-06-15,TXIT,30,2017.1833333333332,53.18333333333334,1.772777777777778
LPPT,2024-06-15,TXOT,12,4804.233333333332,73.68333333333335,6.140277777777779
LPPT,2024-06-16,TXIT,33,2058.8666666666663,71.26666666666668,2.15959595959596
LPPT,2024-06-16,TXOT,10,4605.883333333332,53.033333333333346,5.303333333333335
LPPT,2024-06-17,TXIT,28,1900.4833333333333,32.05,1.144642857142857
LPPT,2024-06-17,TXOT,10,5662.033333333331,53.016666666666666,5.301666666666667
LPPT,2024-06-18,TXIT,27,1802.1999999999991,26.550000000000004,0.9833333333333335
LPPT,2024-06-18,TXOT,11,5397.550000000004,73.91666666666667,6.71969696969697
LPPT,2024-06-19,TXIT,31,2005.9333333333348,49.616666666666674,1.6005376344086024
LPPT,2024-06-19,TXOT,18,5097.433333333332,119.91666666666669,6.662037037037038
LPPT,2024-06-20,TXIT,36,2111.633333333335,100.69999999999999,2.797222222222222
LPPT,2024-06-20,TXOT,18,4837.250000000002,68.43333333333334,3.8018518518518523
LPPT,2024-06-21,TXIT,30,2054.7000000000003,45.45000000000001,1.5150000000000003
LPPT,2024-06-21,TXOT,11,4805.35,54.300000000000004,4.9363636363636365
LPPT,2024-06-22,TXIT,36,2136.966666666668,56.25000000000001,1.5625000000000002
LPPT,2024-06-22,TXOT,14,5228.666666666668,90.4,6.457142857142857
LPPT,2024-06-23,TXIT,31,2167.6333333333323,43.31666666666667,1.3973118279569894
LPPT,2024-06-23,TXOT,12,4428.316666666667,33.51666666666666,2.7930555555555547
LPPT,2024-06-24,TXIT,32,2230.1499999999983,62.15,1.9421875
LPPT,2024-06-24,TXOT,8,4568,54.866666666666674,6.858333333333334
LPPT,2024-06-25,TXIT,34,2056.0000000000005,59.13333333333333,1.7392156862745098
LPPT,2024-06-25,TXOT,17,4780.366666666666,183.96666666666667,10.821568627450981
LPPT,2024-06-26,TXIT,34,1799.3333333333328,25.45000000000001,0.7485294117647062
LPPT,2024-06-26,TXOT,15,5496.833333333336,120.58333333333336,8.03888888888889
LPPT,2024-06-27,TXIT,33,2045.4000000000008,50.35000000000001,1.525757575757576
LPPT,2024-06-27,TXOT,10,5151.816666666665,58.06666666666667,5.806666666666667
LPPT,2024-06-28,TXIT,37,2070.900000000001,61.73333333333334,1.6684684684684687
LPPT,2024-06-28,TXOT,11,5024.216666666662,56.50000000000001,5.136363636363637
LPPT,2024-06-29,TXIT,29,2107.916666666668,37.25000000000001,1.28448275862069
LPPT,2024-06-29,TXOT,13,4818.449999999996,80.05000000000001,6.157692307692309
LPPT,2024-06-30,TXIT,27,1959.733333333333,47.31666666666668,1.7524691358024695
LPPT,2024-06-30,TXOT,9,4801.383333333335,41.41666666666667,4.601851851851852
LPPT,2024-07-01,TXIT,32,2076.783333333333,54.04999999999999,1.6890624999999997
LPPT,2024-07-01,TXOT,15,4829.333333333329,87.91666666666666,5.861111111111111
LPPT,2024-07-02,TXIT,38,2297.7166666666653,77.7,2.044736842105263
LPPT,2024-07-02,TXOT,15,5266.999999999996,126.01666666666667,8.401111111111112
LPPT,2024-07-03,TXIT,38,2114.049999999998,85.35,2.246052631578947
LPPT,2024-07-03,TXOT,12,4782.183333333329,76.38333333333333,6.365277777777777
LPPT,2024-07-04,TXIT,44,2112.3666666666663,63.716666666666676,1.4481060606060607
LPPT,2024-07-04,TXOT,17,5104.699999999994,122.41666666666667,7.200980392156863
LPPT,2024-07-05,TXIT,33,2195.4166666666674,74.08333333333334,2.2449494949494953
LPPT,2024-07-05,TXOT,16,4918.666666666669,106.44999999999999,6.653124999999999
LPPT,2024-07-06,TXIT,39,2141.466666666667,93.68333333333334,2.402136752136752
LPPT,2024-07-06,TXOT,13,4685.799999999999,75.96666666666667,5.843589743589744
LPPT,2024-07-07,TXIT,32,2099.1333333333323,78.83333333333333,2.4635416666666665
LPPT,2024-07-07,TXOT,13,4393.06666666667,71.3,5.484615384615385
LPPT,2024-07-08,TXIT,33,2117.933333333333,43.85000000000001,1.328787878787879
LPPT,2024-07-08,TXOT,14,4757.516666666666,55.81666666666667,3.986904761904762
LPPT,2024-07-09,TXIT,33,2193.733333333334,69.25,2.0984848484848486
LPPT,2024-07-09,TXOT,13,5479.783333333335,109.98333333333335,8.460256410256411
LPPT,2024-07-10,TXIT,32,1955.3166666666652,41.45,1.2953125
LPPT,2024-07-10,TXOT,13,5442.833333333333,89.26666666666668,6.866666666666668
LPPT,2024-07-11,TXIT,35,2108.5499999999997,63.41666666666667,1.8119047619047621
LPPT,2024-07-11,TXOT,16,4618.250000000002,100.21666666666667,6.263541666666667
LPPT,2024-07-12,TXIT,34,2278.1333333333337,73.41666666666667,2.1593137254901964
LPPT,2024-07-12,TXOT,16,4951.916666666672,122.31666666666668,7.644791666666667
LPPT,2024-07-13,TXIT,27,2243.55,69.31666666666668,2.567283950617284
LPPT,2024-07-13,TXOT,7,4743.883333333328,39.233333333333334,5.604761904761905
LPPT,2024-07-14,TXIT,35,1939.2666666666664,57.016666666666666,1.629047619047619
LPPT,2024-07-14,TXOT,15,5379.0166666666655,92.71666666666668,6.181111111111112
LPPT,2024-07-15,TXIT,32,2150.9999999999995,73.7,2.303125
LPPT,2024-07-15,TXOT,14,4570.916666666668,83.51666666666668,5.965476190476191
LPPT,2024-07-16,TXIT,25,2228.349999999999,100.71666666666665,4.028666666666666
LPPT,2024-07-16,TXOT,9,4550.1500000000015,62.61666666666666,6.957407407407406
LPPT,2024-07-17,TXIT,38,2108.3833333333323,75.96666666666668,1.9991228070175442
LPPT,2024-07-17,TXOT,12,4909.266666666667,80.65,6.720833333333334
LPPT,2024-07-18,TXIT,30,2402.2333333333327,56.800000000000004,1.8933333333333335
LPPT,2024-07-18,TXOT,7,4735.066666666666,37.983333333333334,5.4261904761904765
LPPT,2024-07-19,TXIT,33,2135.3333333333326,75.9,2.3000000000000003
LPPT,2024-07-19,TXOT,12,5013.150000000002,90.21666666666667,7.518055555555556
LPPT,2024-07-20,TXIT,33,2226.816666666667,87.25000000000004,2.6439393939393954
LPPT,2024-07-20,TXOT,10,4767.400000000002,59.85,5.985
LPPT,2024-07-21,TXIT,28,2059.4499999999994,56.95,2.0339285714285715
LPPT,2024-07-21,TXOT,16,5360.800000000006,128.40000000000003,8.025000000000002
LPPT,2024-07-22,TXIT,40,2423.949999999999,85.21666666666665,2.130416666666666
LPPT,2024-07-22,TXOT,18,4665.933333333333,186.5166666666667,10.36203703703704
LPPT,2024-07-23,TXIT,28,2198.9333333333334,75.1,2.682142857142857
LPPT,2024-07-23,TXOT,10,4636.133333333337,55.23333333333334,5.523333333333334
LPPT,2024-07-24,TXIT,30,2427.2833333333324,69.4,2.3133333333333335
LPPT,2024-07-24,TXOT,18,5012.366666666669,141.91666666666669,7.88425925925926
LPPT,2024-07-25,TXIT,30,2259.9000000000015,71.01666666666667,2.3672222222222223
LPPT,2024-07-25,TXOT,13,4967.050000000002,50.35000000000001,3.8730769230769235
LPPT,2024-07-26,TXIT,38,2043.483333333333,72.55,1.9092105263157895
LPPT,2024-07-26,TXOT,12,4765.466666666662,86.35000000000001,7.195833333333334
LPPT,2024-07-27,TXIT,32,2263.9500000000003,55.449999999999996,1.7328124999999999
LPPT,2024-07-27,TXOT,11,5093.050000000001,48.36666666666667,4.396969696969697
LPPT,2024-07-28,TXIT,36,2116.9166666666665,55.95,1.5541666666666667
LPPT,2024-07-28,TXOT,13,4818.216666666667,61.41666666666668,4.724358974358975
LPPT,2024-07-29,TXIT,35,2188.000000000001,83.13333333333333,2.375238095238095
LPPT,2024-07-29,TXOT,16,4380.016666666667,70.43333333333335,4.4020833333333345
LPPT,2024-07-30,TXIT,29,2293.4833333333336,68,2.3448275862068964
LPPT,2024-07-30,TXOT,11,5679.800000000001,75.53333333333335,6.866666666666668
LPPT,2024-07-31,TXIT,37,2181.1999999999994,74.93333333333334,2.0252252252252254
LPPT,2024-07-31,TXOT,12,4682.7666666666655,78.61666666666667,6.55138888888889
LPPT,2024-08-01,TXIT,31,2151.15,98.2833333333333,3.170430107526881
LPPT,2024-08-01,TXOT,12,4605.016666666664,53.933333333333344,4.494444444444445
LPPT,2024-08-02,TXIT,32,2256.7833333333324,98.6,3.08125
LPPT,2024-08-02,TXOT,8,4776.616666666668,55.916666666666664,6.989583333333333
LPPT,2024-08-03,TXIT,35,2159.416666666666,96.66666666666667,2.761904761904762
LPPT,2024-08-03,TXOT,10,5027.166666666663,64.73333333333333,6.473333333333334
LPPT,2024-08-04,TXIT,31,2155.7666666666673,52.7,1.7000000000000002
LPPT,2024-08-04,TXOT,10,4789.883333333336,49.66666666666667,4.966666666666667
LPPT,2024-08-05,TXIT,41,2264.9666666666667,87.30000000000001,2.129268292682927
LPPT,2024-08-05,TXOT,17,4819.45,101.48333333333335,5.969607843137256
LPPT,2024-08-06,TXIT,28,2298.433333333332,64.15,2.2910714285714286
LPPT,2024-08-06,TXOT,11,4672.900000000004,57.86666666666667,5.260606060606061
LPPT,2024-08-07,TXIT,33,2177.7333333333345,68.75,2.0833333333333335
LPPT,2024-08-07,TXOT,13,4862.4666666666635,97.28333333333333,7.483333333333333
LPPT,2024-08-08,TXIT,35,2563.2500000000005,97.70000000000003,2.7914285714285723
LPPT,2024-08-08,TXOT,11,4796.983333333335,76.86666666666666,6.987878787878787
LPPT,2024-08-09,TXIT,37,2169.4500000000007,153.46666666666667,4.147747747747748
LPPT,2024-08-09,TXOT,12,4863.9333333333325,64.83333333333334,5.402777777777779
LPPT,2024-08-10,TXIT,29,2109.566666666667,70.53333333333335,2.4321839080459773
LPPT,2024-08-10,TXOT,11,4962.7333333333345,53.56666666666667,4.86969696969697
LPPT,2024-08-11,TXIT,40,2142.983333333332,99.29999999999998,2.4824999999999995
LPPT,2024-08-11,TXOT,15,5131.0999999999985,107.64999999999999,7.176666666666666
LPPT,2024-08-12,TXIT,34,2290.350000000001,74.93333333333332,2.2039215686274507
LPPT,2024-08-12,TXOT,14,4481.299999999999,113.03333333333336,8.073809523809526
LPPT,2024-08-13,TXIT,38,2511.633333333333,70.31666666666666,1.850438596491228
LPPT,2024-08-13,TXOT,12,4831.849999999996,42.51666666666667,3.543055555555556
LPPT,2024-08-14,TXIT,38,2413.733333333333,70.66666666666667,1.8596491228070178
LPPT,2024-08-14,TXOT,20,4949.016666666668,111.46666666666668,5.573333333333334
LPPT,2024-08-15,TXIT,29,2170.0166666666655,90.03333333333333,3.1045977011494252
LPPT,2024-08-15,TXOT,11,4432.85,47.56666666666668,4.324242424242425
LPPT,2024-08-16,TXIT,39,2099.8833333333328,84.23333333333332,2.1598290598290597
LPPT,2024-08-16,TXOT,15,5048.483333333337,72.85,4.8566666666666665
LPPT,2024-08-17,TXIT,36,2196.983333333333,81.31666666666668,2.2587962962962966
LPPT,2024-08-17,TXOT,17,4631.899999999997,111.03333333333336,6.5313725490196095
LPPT,2024-08-18,TXIT,34,2179.5,116.03333333333337,3.412745098039217
LPPT,2024-08-18,TXOT,13,4773.566666666666,59.083333333333336,4.544871794871795
LPPT,2024-08-19,TXIT,36,2192.5000000000005,82.96666666666665,2.304629629629629
LPPT,2024-08-19,TXOT,15,5036.750000000002,88.46666666666668,5.897777777777779
LPPT,2024-08-20,TXIT,23,2244.9499999999975,40.6,1.7652173913043478
LPPT,2024-08-20,TXOT,12,4779.683333333333,54.45000000000001,4.5375000000000005
LPPT,2024-08-21,TXIT,42,2207.4166666666642,96.56666666666668,2.2992063492063495
LPPT,2024-08-21,TXOT,18,4976.266666666665,146.73333333333335,8.151851851851852
LPPT,2024-08-22,TXIT,28,2306.8000000000006,75.5,2.6964285714285716
LPPT,2024-08-22,TXOT,8,5019.6500000000015,61.66666666666667,7.708333333333334
LPPT,2024-08-23,TXIT,32,2125.7166666666662,61.83333333333334,1.932291666666667
LPPT,2024-08-23,TXOT,14,4771.600000000001,94.93333333333334,6.780952380952381
LPPT,2024-08-24,TXIT,38,2164.25,98.63333333333333,2.5956140350877193
LPPT,2024-08-24,TXOT,14,4716.766666666666,63.98333333333334,4.570238095238095
LPPT,2024-08-25,TXIT,30,2208.683333333333,77.31666666666666,2.5772222222222223
LPPT,2024-08-25,TXOT,8,4875.700000000002,36.7,4.5875
LPPT,2024-08-26,TXIT,32,2260.4666666666667,83.53333333333333,2.6104166666666666
LPPT,2024-08-26,TXOT,15,4562.816666666669,110.26666666666668,7.351111111111112
LPPT,2024-08-27,TXIT,40,2214.7166666666667,90.46666666666665,2.2616666666666663
LPPT,2024-08-27,TXOT,16,4628.966666666667,122.28333333333333,7.642708333333333
LPPT,2024-08-28,TXIT,34,2138.616666666667,73.65,2.1661764705882356
LPPT,2024-08-28,TXOT,15,4883.583333333333,74.91666666666666,4.994444444444444
LPPT,2024-08-29,TXIT,32,2237.516666666669,76.08333333333334,2.377604166666667
LPPT,2024-08-29,TXOT,13,4755.516666666665,60.70000000000001,4.66923076923077
LPPT,2024-08-30,TXIT,34,2100.833333333333,67.61666666666669,1.9887254901960791
LPPT,2024-08-30,TXOT,15,4774.033333333335,114.81666666666668,7.6544444444444455
LPPT,2024-08-31,TXIT,33,2512.7000000000016,106.61666666666667,3.2308080808080812
LPPT,2024-08-31,TXOT,9,4707.683333333331,57.25,6.361111111111111
LPPT,2024-09-01,TXIT,32,2231.7999999999993,65.10000000000001,2.0343750000000003
LPPT,2024-09-01,TXOT,12,4796.133333333335,61.150000000000006,5.095833333333334
LPPT,2024-09-02,TXIT,35,2218.9166666666665,95.80000000000004,2.7371428571428584
LPPT,2024-09-02,TXOT,9,4878.483333333331,62.35,6.927777777777778
LPPT,2024-09-03,TXIT,25,2217.833333333332,59.81666666666667,2.392666666666667
LPPT,2024-09-03,TXOT,9,5005.150000000002,37.716666666666676,4.1907407407407415
LPPT,2024-09-04,TXIT,39,2217.45,99.66666666666666,2.5555555555555554
LPPT,2024-09-04,TXOT,15,4993.333333333331,104.55,6.97
LPPT,2024-09-05,TXIT,36,2188.683333333333,91.13333333333334,2.5314814814814817
LPPT,2024-09-05,TXOT,12,5046.316666666666,86.06666666666668,7.172222222222223
LPPT,2024-09-06,TXIT,38,2163.966666666665,83.48333333333333,2.1969298245614035
LPPT,2024-09-06,TXOT,14,4833.299999999998,85.23333333333333,6.088095238095238
LPPT,2024-09-07,TXIT,32,2144.316666666668,51.20000000000001,1.6000000000000003
LPPT,2024-09-07,TXOT,10,5112.500000000002,60.18333333333334,6.0183333333333335
LPPT,2024-09-08,TXIT,34,2176.266666666667,83.36666666666667,2.4519607843137257
LPPT,2024-09-08,TXOT,11,4768.216666666665,61.35000000000001,5.577272727272728
LPPT,2024-09-09,TXIT,35,2392.1499999999987,274.65,7.847142857142856
LPPT,2024-09-09,TXOT,13,4796.399999999997,129.78333333333333,9.983333333333333
LPPT,2024-09-10,TXIT,23,2313.950000000001,66.2,2.8782608695652177
LPPT,2024-09-10,TXOT,11,4728.550000000002,106.88333333333334,9.716666666666667
LPPT,2024-09-11,TXIT,36,2289.9333333333334,73.21666666666667,2.0337962962962965
LPPT,2024-09-11,TXOT,16,5345.4666666666635,181.06666666666666,11.316666666666666
LPPT,2024-09-12,TXIT,38,2235.45,93.88333333333333,2.4706140350877193
LPPT,2024-09-12,TXOT,14,5387.8833333333305,155.06666666666666,11.076190476190476
LPPT,2024-09-13,TXIT,30,2125.55,83,2.7666666666666666
LPPT,2024-09-13,TXOT,10,4757.099999999996,51.86666666666666,5.186666666666666
LPPT,2024-09-14,TXIT,28,2047.383333333333,71.23333333333335,2.54404761904762
LPPT,2024-09-14,TXOT,9,4733.849999999998,50.11666666666667,5.568518518518519
LPPT,2024-09-15,TXIT,31,2221.216666666667,60.733333333333334,1.9591397849462366
LPPT,2024-09-15,TXOT,5,4938.333333333339,29.916666666666668,5.983333333333333
LPPT,2024-09-16,TXIT,35,2091.083333333331,81.23333333333333,2.320952380952381
LPPT,2024-09-16,TXOT,18,4820.600000000001,136,7.555555555555555
LPPT,2024-09-17,TXIT,33,2956.349999999998,109.8,3.327272727272727
LPPT,2024-09-17,TXOT,15,4763.2999999999965,80.31666666666666,5.354444444444444
LPPT,2024-09-18,TXIT,32,2026.316666666666,48.250000000000014,1.5078125000000004
LPPT,2024-09-18,TXOT,16,5934.083333333331,159.75000000000003,9.984375000000002
LPPT,2024-09-19,TXIT,30,2002.1999999999987,55.53333333333333,1.8511111111111112
LPPT,2024-09-19,TXOT,13,5515.983333333333,92.78333333333335,7.1371794871794885
LPPT,2024-09-20,TXIT,33,1836.5666666666662,54.03333333333334,1.6373737373737376
LPPT,2024-09-20,TXOT,13,5364.949999999997,59.31666666666668,4.5628205128205135
LPPT,2024-09-21,TXIT,30,2263.1499999999996,55.86666666666667,1.8622222222222222
LPPT,2024-09-21,TXOT,13,5642.5999999999995,83.73333333333333,6.441025641025641
LPPT,2024-09-22,TXIT,39,2222.7999999999993,80.23333333333335,2.0572649572649575
LPPT,2024-09-22,TXOT,20,5065.4000000000015,104.06666666666668,5.203333333333334
LPPT,2024-09-23,TXIT,29,2088.583333333333,50.63333333333334,1.745977011494253
LPPT,2024-09-23,TXOT,14,4371.666666666666,50.400000000000006,3.6000000000000005
LPPT,2024-09-24,TXIT,25,2236.7999999999997,45.68333333333334,1.8273333333333335
LPPT,2024-09-24,TXOT,12,6422.566666666667,103.80000000000001,8.65
LPPT,2024-09-25,TXIT,37,1903.9666666666672,57.33333333333334,1.5495495495495497
LPPT,2024-09-25,TXOT,11,5797.766666666662,110.38333333333335,10.034848484848487
LPPT,2024-09-26,TXIT,36,2160.4500000000003,77.88333333333333,2.163425925925926
LPPT,2024-09-26,TXOT,16,5402.266666666668,92.80000000000001,5.800000000000001
LPPT,2024-09-27,TXIT,31,2187.0333333333338,92.65,2.988709677419355
LPPT,2024-09-27,TXOT,11,4962.200000000001,49.916666666666686,4.53787878787879
LPPT,2024-09-28,TXIT,31,2124.716666666667,55.000000000000014,1.7741935483870972
LPPT,2024-09-28,TXOT,12,4786.95,99.91666666666669,8.326388888888891
LPPT,2024-09-29,TXIT,30,2174.183333333334,73.85,2.4616666666666664
LPPT,2024-09-29,TXOT,14,5034.266666666663,81.68333333333334,5.83452380952381
LPPT,2024-09-30,TXIT,33,2184.3500000000004,83.93333333333334,2.5434343434343436
LPPT,2024-09-30,TXOT,17,4673.95,140.54999999999998,8.267647058823528
LPPT,2024-10-01,TXIT,36,2285.1166666666663,83.55,2.3208333333333333
LPPT,2024-10-01,TXOT,14,4594.333333333334,108.91666666666666,7.779761904761904
LPPT,2024-10-02,TXIT,41,1981.0333333333324,114.8,2.8
LPPT,2024-10-02,TXOT,23,5599.600000000003,228.21666666666667,9.922463768115943
LPPT,2024-10-03,TXIT,33,2417.6833333333334,96.88333333333334,2.935858585858586
LPPT,2024-10-03,TXOT,14,4766.583333333334,65.35000000000001,4.667857142857144
LPPT,2024-10-04,TXIT,43,2032.8666666666666,56.76666666666668,1.3201550387596903
LPPT,2024-10-04,TXOT,16,5244.600000000002,123.98333333333335,7.748958333333334
LPPT,2024-10-05,TXIT,31,2039.9333333333313,43.9,1.4161290322580644
LPPT,2024-10-05,TXOT,8,5680.166666666665,81.58333333333333,10.197916666666666
LPPT,2024-10-06,TXIT,32,1938.816666666668,30.66666666666667,0.9583333333333335
LPPT,2024-10-06,TXOT,13,5660.433333333338,103,7.923076923076923
LPPT,2024-10-07,TXIT,35,1898.8500000000015,50.78333333333334,1.450952380952381
LPPT,2024-10-07,TXOT,18,5457.5666666666675,205.8,11.433333333333334
LPPT,2024-10-08,TXIT,24,1948.7000000000003,56.733333333333334,2.363888888888889
LPPT,2024-10-08,TXOT,11,5244.249999999997,77.76666666666668,7.069696969696971
LPPT,2024-10-09,TXIT,39,2075.283333333335,103.39999999999999,2.651282051282051
LPPT,2024-10-09,TXOT,18,5544.883333333335,193.45000000000002,10.747222222222224
LPPT,2024-10-10,TXIT,36,2127.35,78.06666666666666,2.1685185185185185
LPPT,2024-10-10,TXOT,14,5272.916666666666,95.10000000000001,6.792857142857144
LPPT,2024-10-11,TXIT,34,2612.616666666667,139.93333333333334,4.115686274509804
LPPT,2024-10-11,TXOT,16,6924.116666666664,175.41666666666669,10.963541666666668
LPPT,2024-10-12,TXIT,32,1908.0333333333333,65.80000000000001,2.0562500000000004
LPPT,2024-10-12,TXOT,8,5338.366666666664,44.95,5.61875
LPPT,2024-10-13,TXIT,40,2038.2333333333333,118.38333333333333,2.9595833333333332
LPPT,2024-10-13,TXOT,20,5065.383333333331,181.6,9.08
LPPT,2024-10-14,TXIT,41,1999.266666666666,67.91666666666666,1.6565040650406502
LPPT,2024-10-14,TXOT,19,4949,145.2,7.6421052631578945
LPPT,2024-10-15,TXIT,34,2143.1833333333325,88.00000000000001,2.5882352941176476
LPPT,2024-10-15,TXOT,9,5733.68333333333,84.48333333333335,9.38703703703704
LPPT,2024-10-16,TXIT,43,1978.6500000000003,80.80000000000003,1.879069767441861
LPPT,2024-10-16,TXOT,21,5580.399999999995,190.58333333333334,9.075396825396826
LPPT,2024-10-17,TXIT,30,2168.083333333334,80.68333333333334,2.6894444444444447
LPPT,2024-10-17,TXOT,7,4924.58333333333,38.983333333333334,5.569047619047619
LPPT,2024-10-18,TXIT,34,1999.4666666666662,85.03333333333333,2.5009803921568627
LPPT,2024-10-18,TXOT,12,4579.266666666665,54.01666666666667,4.501388888888889
LPPT,2024-10-19,TXIT,35,1831.0499999999993,68.16666666666667,1.9476190476190478
LPPT,2024-10-19,TXOT,17,5497.983333333333,133.43333333333334,7.849019607843138
LPPT,2024-10-20,TXIT,26,2711.6833333333316,71.38333333333333,2.74551282051282
LPPT,2024-10-20,TXOT,14,5221.566666666667,158.05,11.289285714285715
LPPT,2024-10-21,TXIT,37,2827.233333333334,113.85000000000002,3.0770270270270275
LPPT,2024-10-21,TXOT,13,4828.01666666667,56.66666666666667,4.3589743589743595
LPPT,2024-10-22,TXIT,34,2287.716666666665,79.3,2.3323529411764703
LPPT,2024-10-22,TXOT,13,4339.15,92.11666666666666,7.085897435897436
LPPT,2024-10-23,TXIT,38,2072.6999999999994,94.28333333333335,2.4811403508771934
LPPT,2024-10-23,TXOT,12,4501.816666666667,65.26666666666668,5.43888888888889
LPPT,2024-10-24,TXIT,31,2197.9500000000003,91.65,2.956451612903226
LPPT,2024-10-24,TXOT,13,5014.033333333332,122.75,9.442307692307692
LPPT,2024-10-25,TXIT,34,2069.983333333334,73.60000000000002,2.164705882352942
LPPT,2024-10-25,TXOT,14,4806.383333333338,93.85,6.703571428571428
LPPT,2024-10-26,TXIT,28,2333.65,68.13333333333334,2.4333333333333336
LPPT,2024-10-26,TXOT,17,5407.916666666668,121.00000000000001,7.11764705882353
LPPT,2024-10-27,TXIT,29,2152.9999999999995,80.88333333333335,2.7890804597701155
LPPT,2024-10-27,TXOT,9,4516.1666666666715,50.08333333333334,5.564814814814816
LPPT,2024-10-28,TXIT,37,2073.0500000000006,87.11666666666667,2.3545045045045048
LPPT,2024-10-28,TXOT,10,4601.416666666666,125.8,12.58
LPPT,2024-10-29,TXIT,31,1814.516666666666,68.15,2.198387096774194
LPPT,2024-10-29,TXOT,13,3914.9500000000016,75.56666666666666,5.812820512820513
LPPT,2024-10-30,TXIT,30,1862.7166666666676,64.03333333333335,2.134444444444445
LPPT,2024-10-30,TXOT,14,4068.4333333333348,98.86666666666667,7.061904761904763
LPPT,2024-10-31,TXIT,30,1856.766666666667,80.2,2.6733333333333333
LPPT,2024-10-31,TXOT,15,4738.6833333333325,115.46666666666667,7.697777777777778
LPPT,2024-11-01,TXIT,26,1920.1999999999987,60.883333333333326,2.3416666666666663
LPPT,2024-11-01,TXOT,12,4416.499999999996,73.88333333333333,6.156944444444444
LPPT,2024-11-02,TXIT,32,1926.4333333333332,72.7,2.271875
LPPT,2024-11-02,TXOT,16,4412.250000000002,43.65000000000001,2.728125000000001
LPPT,2024-11-03,TXIT,32,1925.2999999999993,71.61666666666666,2.238020833333333
LPPT,2024-11-03,TXOT,9,4329.749999999999,16.333333333333336,1.814814814814815
LPPT,2024-11-04,TXIT,35,1889.9666666666665,54.68333333333334,1.5623809523809524
LPPT,2024-11-04,TXOT,14,5120.633333333333,88.28333333333336,6.305952380952383
LPPT,2024-11-05,TXIT,29,1636.1499999999994,64.55000000000001,2.2258620689655175
LPPT,2024-11-05,TXOT,8,4629.533333333334,67.76666666666668,8.470833333333335
LPPT,2024-11-06,TXIT,24,1985.4166666666665,72.21666666666668,3.0090277777777783
LPPT,2024-11-06,TXOT,12,4562.583333333335,162.88333333333335,13.573611111111113
LPPT,2024-11-07,TXIT,32,1838.7166666666665,71.66666666666667,2.2395833333333335
LPPT,2024-11-07,TXOT,11,4430.75,65.18333333333334,5.925757575757576
LPPT,2024-11-08,TXIT,30,1932.8666666666675,52.66666666666667,1.7555555555555558
LPPT,2024-11-08,TXOT,11,4660.2,54.60000000000001,4.963636363636365
LPPT,2024-11-09,TXIT,26,1862.8666666666668,58.300000000000004,2.2423076923076923
LPPT,2024-11-09,TXOT,6,3920.9833333333327,19.5,3.25
LPPT,2024-11-10,TXIT,18,1881.8333333333308,37.18333333333334,2.065740740740741
LPPT,2024-11-10,TXOT,10,4813.5999999999995,74.85,7.484999999999999
LPPT,2024-11-11,TXIT,42,2026.8166666666675,135.30000000000004,3.2214285714285724
LPPT,2024-11-11,TXOT,18,4269.4333333333325,162.8,9.044444444444444
LPPT,2024-11-12,TXIT,31,1628.4166666666679,54.050000000000004,1.7435483870967743
LPPT,2024-11-12,TXOT,12,3787.7000000000016,86.63333333333333,7.219444444444444
LPPT,2024-11-13,TXIT,28,1511.3333333333337,31.433333333333344,1.122619047619048
LPPT,2024-11-13,TXOT,13,3612.5666666666643,106.50000000000001,8.192307692307693
LPPT,2024-11-14,TXIT,24,1703.9999999999998,51.40000000000001,2.141666666666667
LPPT,2024-11-14,TXOT,14,3908.500000000002,59.33333333333334,4.238095238095239
LPPT,2024-11-15,TXIT,29,1732.750000000001,61.60000000000001,2.124137931034483
LPPT,2024-11-15,TXOT,12,4641.199999999998,69.53333333333333,5.794444444444444
LPPT,2024-11-16,TXIT,34,1848.1833333333325,80.98333333333335,2.3818627450980396
LPPT,2024-11-16,TXOT,10,4115.666666666669,61.016666666666666,6.101666666666667
LPPT,2024-11-17,TXIT,25,1870.5166666666657,44.88333333333333,1.7953333333333332
LPPT,2024-11-17,TXOT,10,4315.033333333336,51.01666666666667,5.1016666666666675
LPPT,2024-11-18,TXIT,36,1775.4833333333343,56.53333333333333,1.5703703703703704
LPPT,2024-11-18,TXOT,13,4697.050000000004,139.18333333333334,10.706410256410257
LPPT,2024-11-19,TXIT,33,1646.8333333333348,119.25,3.6136363636363638
LPPT,2024-11-19,TXOT,9,3470.633333333332,47.949999999999996,5.3277777777777775
LPPT,2024-11-20,TXIT,33,1620.000000000001,49.50000000000001,1.5000000000000002
LPPT,2024-11-20,TXOT,11,3403.5166666666655,71.58333333333333,6.507575757575757
LPPT,2024-11-21,TXIT,32,1548.8333333333333,70.20000000000002,2.1937500000000005
LPPT,2024-11-21,TXOT,18,4345.116666666666,96.13333333333333,5.34074074074074
LPPT,2024-11-22,TXIT,39,1641.1666666666665,58.23333333333334,1.4931623931623934
LPPT,2024-11-22,TXOT,10,4756.1,66.33333333333334,6.633333333333335
LPPT,2024-11-23,TXIT,26,1564.333333333334,37.35000000000001,1.4365384615384618
LPPT,2024-11-23,TXOT,10,4580.000000000001,97.75,9.775
LPPT,2024-11-24,TXIT,29,1676.4333333333325,31.650000000000002,1.0913793103448277
LPPT,2024-11-24,TXOT,13,5226.366666666668,113.83333333333333,8.7564102564102555
LPPT,2024-11-25,TXIT,42,2044.9666666666662,99.41666666666667,2.367063492063492
LPPT,2024-11-25,TXOT,19,4122.616666666667,219.8833333333333,11.572807017543857
LPPT,2024-11-26,TXIT,27,1564.9333333333338,68.61666666666667,2.5413580246913585
LPPT,2024-11-26,TXOT,11,3279.633333333332,109.68333333333334,9.97121212121212
LPPT,2024-11-27,TXIT,25,1559.0666666666666,44.73333333333335,1.7893333333333339
LPPT,2024-11-27,TXOT,17,3751.883333333333,207.28333333333336,12.193137254901963
LPPT,2024-11-28,TXIT,30,1614.15,58.933333333333344,1.9644444444444449
LPPT,2024-11-28,TXOT,10,3917.6499999999983,70.66666666666666,7.0666666666666655
LPPT,2024-11-29,TXIT,34,1481.6166666666675,46.983333333333334,1.3818627450980392
LPPT,2024-11-29,TXOT,9,5095.583333333335,73.33333333333334,8.148148148148149
LPPT,2024-11-30,TXIT,23,1774.2833333333333,53.80000000000001,2.3391304347826094
LPPT,2024-11-30,TXOT,4,3814.3000000000015,41.38333333333333,10.345833333333333
LPPT,2024-12-01,TXIT,29,1881.6333333333325,60.08333333333334,2.0718390804597706
LPPT,2024-12-01,TXOT,7,4428.2333333333345,10.56666666666667,1.50952380952381
LPPT,2024-12-02,TXIT,29,1937.4166666666654,76.53333333333335,2.639080459770115
LPPT,2024-12-02,TXOT,9,3986.949999999999,57.68333333333334,6.40925925925926
LPPT,2024-12-03,TXIT,23,1645.0833333333335,59.89999999999999,2.6043478260869564
LPPT,2024-12-03,TXOT,11,3336.333333333336,53.48333333333334,4.862121212121213
LPPT,2024-12-04,TXIT,32,1647.5666666666655,77.84999999999998,2.4328124999999994
LPPT,2024-12-04,TXOT,15,3696.216666666666,104.63333333333333,6.975555555555555
LPPT,2024-12-05,TXIT,24,1740.7833333333342,52.41666666666667,2.184027777777778
LPPT,2024-12-05,TXOT,12,3646.0999999999985,52.11666666666667,4.343055555555556
LPPT,2024-12-06,TXIT,30,1866.833333333331,39.783333333333346,1.3261111111111115
LPPT,2024-12-06,TXOT,12,4405.1500000000015,60.95000000000001,5.0791666666666675
LPPT,2024-12-07,TXIT,28,1751.1666666666667,73.25,2.6160714285714284
LPPT,2024-12-07,TXOT,6,3667.8833333333337,7.100000000000005,1.1833333333333342
LPPT,2024-12-08,TXIT,26,1913.7333333333327,66.93333333333334,2.5743589743589745
LPPT,2024-12-08,TXOT,11,4630.933333333333,76.98333333333335,6.99848484848485
LPPT,2024-12-09,TXIT,36,1878.8166666666682,67.61666666666666,1.8782407407407407
LPPT,2024-12-09,TXOT,13,4347.6833333333325,92.06666666666668,7.082051282051283
LPPT,2024-12-10,TXIT,29,1669.8166666666666,61.55,2.122413793103448
LPPT,2024-12-10,TXOT,9,3365.7,27.78333333333334,3.0870370370370375
LPPT,2024-12-11,TXIT,36,1847.483333333334,74.20000000000002,2.061111111111112
LPPT,2024-12-11,TXOT,11,4003.700000000001,68.23333333333333,6.203030303030303
LPPT,2024-12-12,TXIT,31,1824.0666666666675,51.68333333333334,1.6672043010752688
LPPT,2024-12-12,TXOT,12,4031.783333333332,101.23333333333333,8.436111111111112
LPPT,2024-12-13,TXIT,30,1827.6166666666663,81.65000000000002,2.721666666666667
LPPT,2024-12-13,TXOT,11,4116.533333333333,59.78333333333334,5.4348484848484855
LPPT,2024-12-14,TXIT,32,1900.2333333333333,89.16666666666666,2.786458333333333
LPPT,2024-12-14,TXOT,15,4430.299999999999,128.9,8.593333333333334
LPPT,2024-12-15,TXIT,31,1808.9333333333345,72.85,2.3499999999999996
LPPT,2024-12-15,TXOT,12,4394.366666666663,26.766666666666673,2.230555555555556
LPPT,2024-12-16,TXIT,31,1858.7666666666669,62.50000000000001,2.016129032258065
LPPT,2024-12-16,TXOT,9,4049.2833333333324,48.2,5.355555555555556
LPPT,2024-12-17,TXIT,24,1523.2333333333333,50.13333333333335,2.0888888888888895
LPPT,2024-12-17,TXOT,10,3841.9500000000025,69.48333333333335,6.948333333333335
LPPT,2024-12-18,TXIT,33,1715.8499999999997,75.16666666666666,2.2777777777777777
LPPT,2024-12-18,TXOT,16,4796.883333333335,166.78333333333333,10.423958333333333
LPPT,2024-12-19,TXIT,31,1986.5666666666664,97.75000000000003,3.153225806451614
LPPT,2024-12-19,TXOT,14,4252.35,101.06666666666666,7.219047619047619
LPPT,2024-12-20,TXIT,30,1953.5833333333333,58.66666666666667,1.9555555555555557
LPPT,2024-12-20,TXOT,10,4774.549999999999,56.91666666666668,5.691666666666668
LPPT,2024-12-21,TXIT,26,1901.3999999999999,45.783333333333346,1.7608974358974363
LPPT,2024-12-21,TXOT,10,4478.8166666666675,78.18333333333334,7.818333333333333
LPPT,2024-12-22,TXIT,23,1953.9500000000007,53.966666666666676,2.346376811594203
LPPT,2024-12-22,TXOT,8,4587.55,41.050000000000004,5.1312500000000005
LPPT,2024-12-23,TXIT,34,2147.6000000000004,69.83333333333334,2.0539215686274512
LPPT,2024-12-23,TXOT,20,4728.683333333333,251.66666666666666,12.583333333333332
LPPT,2024-12-24,TXIT,22,1437.733333333334,58.78333333333333,2.671969696969697
LPPT,2024-12-24,TXOT,6,2981.7333333333327,28.400000000000006,4.733333333333334
LPPT,2024-12-25,TXIT,16,1375.8499999999995,25.233333333333334,1.5770833333333334
LPPT,2024-12-25,TXOT,7,2861.883333333336,9.583333333333337,1.3690476190476197
LPPT,2024-12-26,TXIT,26,1916.4833333333338,62.43333333333335,2.401282051282052
LPPT,2024-12-26,TXOT,11,4180.899999999999,75.98333333333333,6.907575757575757
LPPT,2024-12-27,TXIT,28,1942.2500000000005,45.016666666666666,1.6077380952380953
LPPT,2024-12-27,TXOT,13,4651.749999999998,96.08333333333333,7.3910256410256405
LPPT,2024-12-28,TXIT,25,2013.7833333333328,40.28333333333334,1.6113333333333335
LPPT,2024-12-28,TXOT,9,4280.433333333335,31.35000000000001,3.4833333333333343
LPPT,2024-12-29,TXIT,30,1966.7666666666676,75.88333333333334,2.5294444444444446
LPPT,2024-12-29,TXOT,11,4257.383333333333,23.850000000000005,2.1681818181818184
LPPT,2024-12-30,TXIT,36,2035.3833333333328,78.93333333333334,2.1925925925925926
LPPT,2024-12-30,TXOT,18,4257.433333333334,170.06666666666666,9.448148148148148
LPPT,2024-12-31,TXIT,24,1522.8499999999997,62.13333333333334,2.588888888888889
LPPT,2024-12-31,TXOT,10,3191.4499999999994,22.333333333333336,2.2333333333333334
LPPT,2025-01-01,TXIT,1,7.016666666666667,2.6500000000000004,2.6500000000000004
