ICAO,DATE,PHASE,ARRS100,ADD100,TOT_A100,AVG_ADD_TIME
LPPT,2019-01-01,ARR,256,456.90666666666647,6719.5666666666675,1.7847916666666659
LPPT,2019-01-02,ARR,282,515.1499999999999,7442.5,1.8267730496453896
LPPT,2019-01-03,ARR,258,1263.5166666666662,7479.816666666667,4.897351421188628
LPPT,2019-01-04,ARR,304,811.0233333333333,8197.283333333335,2.6678399122807015
LPPT,2019-01-05,ARR,267,561.3099999999998,7026.750000000001,2.102284644194756
LPPT,2019-01-06,ARR,279,499.07333333333315,7270.816666666664,1.78879330943847
LPPT,2019-01-07,ARR,282,404.86999999999995,7270.016666666664,1.4357092198581558
LPPT,2019-01-08,ARR,254,271.31333333333333,6451.7666666666655,1.0681627296587926
LPPT,2019-01-09,ARR,246,293.9166666666665,6302.183333333332,1.1947831978319776
LPPT,2019-01-10,ARR,249,332.73999999999995,6408.683333333332,1.336305220883534
LPPT,2019-01-11,ARR,275,608.3666666666663,7309.999999999998,2.2122424242424232
LPPT,2019-01-12,ARR,249,220.82999999999996,6256.249999999999,0.8868674698795179
LPPT,2019-01-13,ARR,266,344.1599999999999,6791.133333333333,1.2938345864661651
LPPT,2019-01-14,ARR,266,408.28999999999996,6881.7999999999975,1.5349248120300751
LPPT,2019-01-15,ARR,232,1438.8433333333332,7008.3499999999995,6.2019109195402295
LPPT,2019-01-16,ARR,233,592.46,6244.666666666666,2.54274678111588
LPPT,2019-01-17,ARR,242,172.47666666666663,6051.083333333331,0.7127134986225894
LPPT,2019-01-18,ARR,275,701.4966666666669,7251.483333333333,2.5508969696969706
LPPT,2019-01-19,ARR,237,761.23,6343.416666666667,3.2119409282700424
LPPT,2019-01-20,ARR,261,665.7433333333333,7009.416666666667,2.550740740740741
LPPT,2019-01-21,ARR,262,560.7633333333334,6930.95,2.140318066157761
LPPT,2019-01-22,ARR,232,272.20999999999987,5929.383333333334,1.173318965517241
LPPT,2019-01-23,ARR,228,364.87,5921.2,1.6003070175438596
LPPT,2019-01-24,ARR,242,303.07333333333327,6206.899999999999,1.2523691460055093
LPPT,2019-01-25,ARR,274,314.7466666666666,6988.599999999998,1.1487104622871045
LPPT,2019-01-26,ARR,237,179.32999999999996,5903.916666666665,0.7566666666666665
LPPT,2019-01-27,ARR,256,210.61333333333317,6428.866666666665,0.8227083333333327
LPPT,2019-01-28,ARR,263,452.51000000000005,6850.483333333333,1.7205703422053233
LPPT,2019-01-29,ARR,235,317.58,5946.933333333333,1.3514042553191488
LPPT,2019-01-30,ARR,235,292.0333333333335,5715.316666666667,1.2426950354609936
LPPT,2019-01-31,ARR,256,839.3766666666668,6729.883333333332,3.278815104166667
LPPT,2019-02-01,ARR,259,3421.8133333333326,9560.216666666667,13.21163449163449
LPPT,2019-02-02,ARR,243,489.67666666666645,6390.616666666666,2.0151303155006848
LPPT,2019-02-03,ARR,262,257.45333333333315,6631.949999999998,0.9826463104325692
LPPT,2019-02-04,ARR,267,325.20999999999987,6809.700000000002,1.2180149812734078
LPPT,2019-02-05,ARR,233,209.70999999999992,5873.033333333333,0.9000429184549353
LPPT,2019-02-06,ARR,232,251.94333333333327,5885.483333333334,1.0859626436781606
LPPT,2019-02-07,ARR,243,271.7333333333332,6186.5166666666655,1.1182441700960213
LPPT,2019-02-08,ARR,279,488.74999999999994,7275.450000000001,1.7517921146953404
LPPT,2019-02-09,ARR,249,355.36333333333334,6139.499999999999,1.427161981258367
LPPT,2019-02-10,ARR,267,544.0033333333333,6740.666666666666,2.037465667915106
LPPT,2019-02-11,ARR,266,368.19999999999993,6841.350000000002,1.3842105263157891
LPPT,2019-02-12,ARR,241,308.9166666666667,6172.3666666666695,1.2818118948824344
LPPT,2019-02-13,ARR,227,171.53666666666658,5704.783333333335,0.7556681350954475
LPPT,2019-02-14,ARR,251,276.9966666666665,6416.950000000001,1.103572377158034
LPPT,2019-02-15,ARR,282,349.4533333333333,7226.783333333335,1.2391962174940898
LPPT,2019-02-16,ARR,251,134.23666666666657,6096.25,0.5348074369189904
LPPT,2019-02-17,ARR,269,1235.713333333333,7590.249999999999,4.593729863692688
LPPT,2019-02-18,ARR,270,832.7466666666669,7406.683333333334,3.0842469135802477
LPPT,2019-02-19,ARR,245,153.6699999999999,6126.416666666669,0.6272244897959179
LPPT,2019-02-20,ARR,246,106.52333333333328,5868.016666666666,0.433021680216802
LPPT,2019-02-21,ARR,268,458.5466666666666,6662.533333333334,1.7109950248756218
LPPT,2019-02-22,ARR,285,962.6233333333333,7635.5499999999975,3.377625730994152
LPPT,2019-02-23,ARR,248,481.6766666666668,6427.033333333334,1.9422446236559145
LPPT,2019-02-24,ARR,264,401.5699999999998,6836.233333333335,1.521098484848484
LPPT,2019-02-25,ARR,274,395.1299999999998,7064.150000000002,1.4420802919708022
LPPT,2019-02-26,ARR,247,478.5033333333332,6389.733333333335,1.9372604588394058
LPPT,2019-02-27,ARR,242,457.1066666666667,6402.466666666671,1.888870523415978
LPPT,2019-02-28,ARR,267,623.3399999999997,7153.050000000001,2.3346067415730327
LPPT,2019-03-01,ARR,287,956.4166666666665,7943.933333333334,3.33246225319396
LPPT,2019-03-02,ARR,257,249.42666666666648,6479.433333333331,0.9705317769130991
LPPT,2019-03-03,ARR,267,1160.5466666666662,7231.416666666669,4.3466167290886375
LPPT,2019-03-04,ARR,285,481.61333333333346,7028.45,1.6898713450292402
LPPT,2019-03-05,ARR,256,1555.8000000000004,7413.383333333333,6.077343750000002
LPPT,2019-03-06,ARR,264,769.6633333333338,6864.166666666666,2.915391414141416
LPPT,2019-03-07,ARR,269,360.62,6734.466666666664,1.3405947955390334
LPPT,2019-03-08,ARR,289,603.0933333333328,7665.116666666669,2.0868281430219127
LPPT,2019-03-09,ARR,256,315.70333333333315,6531.416666666668,1.2332161458333326
LPPT,2019-03-10,ARR,276,675.1433333333331,7387.150000000002,2.4461714975845403
LPPT,2019-03-11,ARR,280,443.05666666666644,7278.983333333335,1.5823452380952372
LPPT,2019-03-12,ARR,253,455.1766666666665,6617.116666666667,1.7991172595520415
LPPT,2019-03-13,ARR,237,444.44333333333304,6244.3666666666695,1.8752883263009834
LPPT,2019-03-14,ARR,254,436.51999999999975,6655.566666666667,1.7185826771653534
LPPT,2019-03-15,ARR,296,590.4699999999997,7819.050000000003,1.99483108108108
LPPT,2019-03-16,ARR,256,362.1999999999999,6579.416666666666,1.4148437499999995
LPPT,2019-03-17,ARR,273,400.6666666666666,7058.866666666669,1.4676434676434673
LPPT,2019-03-18,ARR,284,548.8066666666664,7473.56666666667,1.9324178403755858
LPPT,2019-03-19,ARR,255,305.7866666666664,6536.166666666669,1.1991633986928094
LPPT,2019-03-20,ARR,253,300.77333333333314,6468.3666666666695,1.1888274044795777
LPPT,2019-03-21,ARR,260,108.87666666666652,6461.716666666669,0.4187564102564097
LPPT,2019-03-22,ARR,294,784.093333333333,7975.616666666668,2.666984126984126
LPPT,2019-03-23,ARR,248,345.27666666666653,6377.116666666669,1.3922446236559134
LPPT,2019-03-24,ARR,273,334.3999999999998,6917.850000000004,1.224908424908424
LPPT,2019-03-25,ARR,282,639.153333333333,7523.8,2.2665011820330956
LPPT,2019-03-26,ARR,246,545.8066666666664,6594.083333333334,2.2187262872628715
LPPT,2019-03-27,ARR,259,133.39999999999992,6439.083333333334,0.5150579150579148
LPPT,2019-03-28,ARR,270,199.1399999999999,6800.116666666665,0.7375555555555552
LPPT,2019-03-29,ARR,290,473.4699999999999,7572.949999999998,1.6326551724137928
LPPT,2019-03-30,ARR,252,454.2066666666666,6579.949999999998,1.802407407407407
LPPT,2019-03-31,ARR,293,675.7733333333331,7830.450000000001,2.306393629124004
LPPT,2019-04-01,ARR,301,818.9766666666662,8158.016666666665,2.720852713178293
LPPT,2019-04-02,ARR,288,690.4499999999999,7715.183333333333,2.397395833333333
LPPT,2019-04-03,ARR,287,1011.3733333333332,8034.4,3.523948896631823
LPPT,2019-04-04,ARR,292,824.2266666666666,7684.633333333332,2.8226940639269404
LPPT,2019-04-05,ARR,307,1510.7600000000002,8513.283333333333,4.921042345276874
LPPT,2019-04-06,ARR,306,906.5666666666666,7897.666666666666,2.962636165577342
LPPT,2019-04-07,ARR,309,1106.5166666666664,8160.083333333332,3.5809600862998914
LPPT,2019-04-08,ARR,308,939.2333333333335,7954.916666666664,3.049458874458875
LPPT,2019-04-09,ARR,303,857.59,8108.049999999998,2.8303300330033005
LPPT,2019-04-10,ARR,295,780.61,7996.03333333333,2.646135593220339
LPPT,2019-04-11,ARR,305,760.1666666666665,8226.233333333335,2.492349726775956
LPPT,2019-04-12,ARR,304,904.5666666666662,8273.9,2.9755482456140334
LPPT,2019-04-13,ARR,307,438.91333333333347,7459.766666666666,1.4296851248642783
LPPT,2019-04-14,ARR,307,1287.4600000000007,8301.333333333334,4.19368078175896
LPPT,2019-04-15,ARR,320,1123.5533333333328,8684.633333333333,3.511104166666665
LPPT,2019-04-16,ARR,289,896.22,7636.983333333334,3.1011072664359864
LPPT,2019-04-17,ARR,304,1103.06,8043.199999999999,3.628486842105263
LPPT,2019-04-18,ARR,306,1108.5666666666668,8379.81666666667,3.622766884531591
LPPT,2019-04-19,ARR,316,1290.0733333333335,8984.31666666667,4.082510548523207
LPPT,2019-04-20,ARR,305,431.52999999999986,7858.499999999997,1.414852459016393
LPPT,2019-04-21,ARR,305,620.4833333333328,8034.249999999999,2.0343715846994517
LPPT,2019-04-22,ARR,314,1329.8533333333332,8574.866666666667,4.2352016985138
LPPT,2019-04-23,ARR,309,1110.1400000000003,8277.949999999997,3.5926860841423958
LPPT,2019-04-24,ARR,302,1477.8733333333332,8374.616666666667,4.893620309050772
LPPT,2019-04-25,ARR,305,756.5366666666667,7684.683333333333,2.4804480874316943
LPPT,2019-04-26,ARR,309,1331.8799999999999,8864.183333333332,4.310291262135922
LPPT,2019-04-27,ARR,305,846.3633333333332,8274.666666666664,2.7749617486338796
LPPT,2019-04-28,ARR,302,711.6966666666667,8046.3499999999995,2.3566114790286976
LPPT,2019-04-29,ARR,312,977.3066666666662,8564.933333333334,3.1323931623931607
LPPT,2019-04-30,ARR,299,700.9199999999997,8005.083333333335,2.3442140468227417
LPPT,2019-05-01,ARR,294,686.9733333333331,7842.883333333335,2.3366439909297045
LPPT,2019-05-02,ARR,302,490.47333333333313,7880.883333333335,1.6240838852097124
LPPT,2019-05-03,ARR,314,678.443333333333,8295.650000000001,2.160647558386411
LPPT,2019-05-04,ARR,305,743.7633333333334,8152.550000000004,2.438568306010929
LPPT,2019-05-05,ARR,303,743.193333333333,8005.083333333331,2.4527832783278316
LPPT,2019-05-06,ARR,309,1105.1633333333332,8508.066666666666,3.576580366774541
LPPT,2019-05-07,ARR,310,1249.5866666666668,8353.433333333332,4.030924731182796
LPPT,2019-05-08,ARR,303,1124.1233333333334,8062.7333333333345,3.7099779977997804
LPPT,2019-05-09,ARR,288,1102.466666666667,7695.716666666666,3.82800925925926
LPPT,2019-05-10,ARR,322,514.9033333333333,8189.199999999999,1.5990786749482402
LPPT,2019-05-11,ARR,310,459.95999999999987,7991.8,1.4837419354838706
LPPT,2019-05-12,ARR,306,631.1099999999999,8054.683333333335,2.0624509803921565
LPPT,2019-05-13,ARR,311,881.3799999999998,8474.25,2.8340192926045007
LPPT,2019-05-14,ARR,303,487.67666666666673,7736.033333333336,1.6094939493949396
LPPT,2019-05-15,ARR,294,673.7566666666665,7849.699999999999,2.2916893424036275
LPPT,2019-05-16,ARR,300,1349.4733333333324,8667.016666666665,4.498244444444442
LPPT,2019-05-17,ARR,310,1002.9533333333335,8567.499999999998,3.2353333333333336
LPPT,2019-05-18,ARR,306,1049.9633333333331,8497.533333333335,3.4312527233115464
LPPT,2019-05-19,ARR,312,651.4399999999998,8198.083333333332,2.0879487179487173
LPPT,2019-05-20,ARR,311,1008.0299999999999,8593.48333333333,3.241254019292604
LPPT,2019-05-21,ARR,294,449.9066666666665,7644.316666666669,1.5302947845804984
LPPT,2019-05-22,ARR,299,861.6699999999995,8156.616666666667,2.8818394648829413
LPPT,2019-05-23,ARR,305,740.2099999999997,8202.633333333337,2.4269180327868844
LPPT,2019-05-24,ARR,315,844.8099999999995,8526.283333333336,2.6819365079365065
LPPT,2019-05-25,ARR,307,727.1666666666664,8184.750000000001,2.3686210640608025
LPPT,2019-05-26,ARR,307,923.8933333333331,8414.266666666666,3.009424538545059
LPPT,2019-05-27,ARR,312,847.3466666666665,8453.850000000002,2.7158547008547003
LPPT,2019-05-28,ARR,300,680.0166666666664,8009.433333333332,2.266722222222221
LPPT,2019-05-29,ARR,304,878.3766666666661,8298.016666666668,2.8893969298245596
LPPT,2019-05-30,ARR,311,751.9866666666667,8342.933333333334,2.417963558413719
LPPT,2019-05-31,ARR,314,682.2366666666666,8297.849999999999,2.1727282377919317
LPPT,2019-06-01,ARR,315,819.8666666666669,8191.450000000003,2.6027513227513235
LPPT,2019-06-02,ARR,311,814.2599999999998,8348.149999999998,2.6181993569131827
LPPT,2019-06-03,ARR,314,693.5366666666662,8317.266666666668,2.2087154989384272
LPPT,2019-06-04,ARR,312,897.6699999999998,8361.783333333336,2.8771474358974354
LPPT,2019-06-05,ARR,305,846.7733333333332,8261.433333333334,2.7763060109289612
LPPT,2019-06-06,ARR,318,1428.3000000000002,8875.183333333332,4.491509433962265
LPPT,2019-06-07,ARR,312,1132.6866666666665,8705.7,3.6304059829059825
LPPT,2019-06-08,ARR,311,1215.5799999999995,8762.55,3.90861736334405
LPPT,2019-06-09,ARR,322,755.4766666666665,8569.983333333328,2.3462008281573494
LPPT,2019-06-10,ARR,323,1166.453333333333,9001.866666666669,3.6113106295149624
LPPT,2019-06-11,ARR,309,973.7533333333326,8521.300000000001,3.1513052858683905
LPPT,2019-06-12,ARR,307,862.1533333333329,8330.183333333334,2.8083170466883804
LPPT,2019-06-13,ARR,319,1408.7333333333333,9175.449999999999,4.416091954022988
LPPT,2019-06-14,ARR,323,549.98,7924.616666666671,1.7027244582043344
LPPT,2019-06-15,ARR,314,852.9233333333333,8404.616666666667,2.716316348195329
LPPT,2019-06-16,ARR,333,751.3,8792.033333333336,2.256156156156156
LPPT,2019-06-17,ARR,333,921.5099999999998,8570.416666666666,2.7672972972972967
LPPT,2019-06-18,ARR,326,2127.826666666668,9583.216666666669,6.527075664621681
LPPT,2019-06-19,ARR,327,786.5300000000001,8413.4,2.405290519877676
LPPT,2019-06-20,ARR,330,1182.7833333333326,9224.816666666666,3.584191919191917
LPPT,2019-06-21,ARR,333,1273.6600000000003,9363.166666666668,3.824804804804806
LPPT,2019-06-22,ARR,320,1128.503333333334,8469.699999999999,3.5265729166666686
LPPT,2019-06-23,ARR,326,2418.4333333333334,9925.88333333333,7.418507157464213
LPPT,2019-06-24,ARR,339,1110.3999999999996,9184.05,3.2755162241887894
LPPT,2019-06-25,ARR,322,1319.1166666666666,8977.383333333335,4.096635610766045
LPPT,2019-06-26,ARR,326,1493.2899999999993,9383.933333333332,4.580644171779139
LPPT,2019-06-27,ARR,335,1365.41,9199.283333333338,4.075850746268657
LPPT,2019-06-28,ARR,335,900.5666666666662,9012.116666666665,2.68825870646766
LPPT,2019-06-29,ARR,325,1019.8399999999998,8871.183333333334,3.13796923076923
LPPT,2019-06-30,ARR,338,1247.87,9395.583333333334,3.6919230769230764
LPPT,2019-07-01,ARR,339,973.313333333333,9180.416666666668,2.8711307767944927
LPPT,2019-07-02,ARR,322,791.9333333333334,8615.716666666665,2.4594202898550726
LPPT,2019-07-03,ARR,321,1024.6100000000001,8411.666666666666,3.191931464174455
LPPT,2019-07-04,ARR,331,1169.8266666666664,8732.383333333331,3.5342195367573
LPPT,2019-07-05,ARR,343,1387.0066666666676,9241.583333333332,4.043751214771626
LPPT,2019-07-06,ARR,324,1208.446666666667,8631.250000000004,3.729773662551441
LPPT,2019-07-07,ARR,331,1561.2399999999996,9379.48333333333,4.716737160120845
LPPT,2019-07-08,ARR,339,607.0599999999997,8790.233333333332,1.790737463126843
LPPT,2019-07-09,ARR,322,806.6699999999996,8631.35,2.5051863354037254
LPPT,2019-07-10,ARR,326,717.9899999999997,8625.416666666668,2.2024233128834347
LPPT,2019-07-11,ARR,330,1115.3966666666665,9140.03333333333,3.3799898989898987
LPPT,2019-07-12,ARR,332,1136.1999999999994,8704.1,3.422289156626504
LPPT,2019-07-13,ARR,327,1046.683333333333,8529.666666666666,3.200866462793067
LPPT,2019-07-14,ARR,335,867.5633333333332,8810.033333333333,2.5897412935323376
LPPT,2019-07-15,ARR,343,1148.1799999999998,9458.883333333335,3.3474635568513116
LPPT,2019-07-16,ARR,325,1090.183333333333,8981.349999999999,3.3544102564102554
LPPT,2019-07-17,ARR,321,775.0166666666665,8565.466666666665,2.414382139148494
LPPT,2019-07-18,ARR,331,1061.2133333333334,9125.93333333333,3.2060825780463245
LPPT,2019-07-19,ARR,329,984.5200000000002,8957.233333333332,2.992462006079028
LPPT,2019-07-20,ARR,325,1145.86,9016.133333333335,3.5257230769230765
LPPT,2019-07-21,ARR,332,844.9733333333331,8836.700000000003,2.545100401606425
LPPT,2019-07-22,ARR,341,823.3266666666666,9077.433333333334,2.4144477028347993
LPPT,2019-07-23,ARR,327,835.7399999999999,8772.2,2.5557798165137613
LPPT,2019-07-24,ARR,320,1154.8833333333332,8850.95,3.609010416666666
LPPT,2019-07-25,ARR,333,1814.4733333333336,9708.216666666664,5.448868868868869
LPPT,2019-07-26,ARR,328,1650.4333333333334,9591.56666666667,5.031808943089431
LPPT,2019-07-27,ARR,327,797.8799999999999,8701.533333333335,2.4399999999999995
LPPT,2019-07-28,ARR,331,806.0199999999995,8785.750000000002,2.4351057401812675
LPPT,2019-07-29,ARR,341,1622.7799999999997,9865.016666666666,4.758885630498533
LPPT,2019-07-30,ARR,327,1419.3799999999999,9366.3,4.340611620795107
LPPT,2019-07-31,ARR,328,1183.6899999999998,9132.550000000001,3.6088109756097557
LPPT,2019-08-01,ARR,334,1113.6966666666667,9242.516666666668,3.334421157684631
LPPT,2019-08-02,ARR,331,1657.2666666666664,9673.566666666668,5.0068479355488416
LPPT,2019-08-03,ARR,322,1200.4799999999998,8981.866666666667,3.7281987577639746
LPPT,2019-08-04,ARR,331,935.0133333333331,8900.916666666666,2.824813695871097
LPPT,2019-08-05,ARR,336,1300.3633333333332,9424.350000000004,3.870128968253968
LPPT,2019-08-06,ARR,322,767.0133333333333,8574.58333333333,2.3820289855072465
LPPT,2019-08-07,ARR,330,1493.6966666666667,8998.400000000003,4.526353535353535
LPPT,2019-08-08,ARR,302,2189.536666666666,9088.7,7.25012141280353
LPPT,2019-08-09,ARR,343,1543.1066666666666,9674.216666666669,4.4988532555879495
LPPT,2019-08-10,ARR,328,1357.2899999999997,9280.366666666667,4.138079268292682
LPPT,2019-08-11,ARR,329,1305.3133333333333,9215.166666666668,3.9675177304964535
LPPT,2019-08-12,ARR,336,1780.9799999999996,9903.18333333333,5.300535714285713
LPPT,2019-08-13,ARR,323,1026.8933333333332,8879.06666666667,3.1792363261093906
LPPT,2019-08-14,ARR,322,934.6566666666664,8768.850000000006,2.902660455486542
LPPT,2019-08-15,ARR,322,1396.5199999999998,9216.866666666672,4.337018633540372
LPPT,2019-08-16,ARR,329,999.2199999999998,8965.300000000001,3.0371428571428565
LPPT,2019-08-17,ARR,323,989.2166666666667,8792.35,3.062590299277606
LPPT,2019-08-18,ARR,332,1383.1233333333332,9369.350000000002,4.166034136546185
LPPT,2019-08-19,ARR,339,1271.8366666666661,9477.316666666666,3.751730580137658
LPPT,2019-08-20,ARR,326,1479.7566666666664,9393.7,4.539130879345603
LPPT,2019-08-21,ARR,325,781.07,8681.466666666664,2.403292307692308
LPPT,2019-08-22,ARR,333,1251.846666666667,9355.06666666667,3.7592992992993004
LPPT,2019-08-23,ARR,331,1182.9766666666665,9202.099999999997,3.5739476334340377
LPPT,2019-08-24,ARR,322,921.3399999999999,8693.933333333329,2.8613043478260867
LPPT,2019-08-25,ARR,328,1059.1633333333332,8950.566666666668,3.22915650406504
LPPT,2019-08-26,ARR,336,839.913333333333,8849.050000000003,2.499742063492062
LPPT,2019-08-27,ARR,330,812.6166666666667,8832.55,2.4624747474747477
LPPT,2019-08-28,ARR,325,950.9399999999998,8840.850000000002,2.92596923076923
LPPT,2019-08-29,ARR,331,1538.5499999999997,9584.71666666667,4.648187311178247
LPPT,2019-08-30,ARR,333,679.703333333333,8754.866666666667,2.0411511511511504
LPPT,2019-08-31,ARR,318,521.053333333333,8219.100000000004,1.6385324947589086
LPPT,2019-09-01,ARR,323,610.1666666666665,8371.350000000002,1.8890608875128994
LPPT,2019-09-02,ARR,336,750.9399999999998,8770.483333333334,2.234940476190476
LPPT,2019-09-03,ARR,326,1010.1433333333331,8771.083333333336,3.0985991820040892
LPPT,2019-09-04,ARR,319,1501.5800000000006,9213.383333333335,4.707147335423199
LPPT,2019-09-05,ARR,332,939.6733333333333,9014.383333333331,2.8303413654618472
LPPT,2019-09-06,ARR,323,779.7866666666665,8613.816666666671,2.4142002063983483
LPPT,2019-09-07,ARR,315,616.11,8048.3499999999995,1.955904761904762
LPPT,2019-09-08,ARR,338,1706.5033333333333,9605.93333333333,5.048826429980276
LPPT,2019-09-09,ARR,333,1014.123333333333,9055.800000000001,3.0454154154154143
LPPT,2019-09-10,ARR,318,766.6099999999994,8517.483333333332,2.4107232704402497
LPPT,2019-09-11,ARR,322,840.9633333333331,8655.616666666667,2.6116873706004133
LPPT,2019-09-12,ARR,329,1167.3966666666665,9163.016666666668,3.548318135764944
LPPT,2019-09-13,ARR,330,1022.7133333333331,9022.433333333336,3.0991313131313127
LPPT,2019-09-14,ARR,323,740.6899999999998,8562.916666666668,2.2931578947368414
LPPT,2019-09-15,ARR,336,960.9566666666666,8891.016666666665,2.859990079365079
LPPT,2019-09-16,ARR,350,1616.543333333333,9601.750000000002,4.6186952380952375
LPPT,2019-09-17,ARR,317,1092.8933333333334,8563.566666666666,3.4476130389064146
LPPT,2019-09-18,ARR,320,756.8533333333332,8302.216666666667,2.365166666666666
LPPT,2019-09-19,ARR,330,1186.5266666666666,9217.633333333333,3.5955353535353534
LPPT,2019-09-20,ARR,335,1856.4366666666656,9475.966666666662,5.541601990049748
LPPT,2019-09-21,ARR,320,2397.9766666666665,9755.883333333333,7.493677083333333
LPPT,2019-09-22,ARR,334,866.6566666666669,8941.016666666668,2.5947804391217573
LPPT,2019-09-23,ARR,334,1289.2166666666667,8991.73333333333,3.859930139720559
LPPT,2019-09-24,ARR,315,1330.1433333333334,8792.133333333335,4.222677248677249
LPPT,2019-09-25,ARR,315,837.053333333333,8493.233333333332,2.657312169312168
LPPT,2019-09-26,ARR,327,1176.06,9107.883333333333,3.59651376146789
LPPT,2019-09-27,ARR,323,998.5533333333333,8802.366666666669,3.0914963880288955
LPPT,2019-09-28,ARR,318,701.6133333333335,8401.85,2.206331236897275
LPPT,2019-09-29,ARR,329,1302.2833333333333,9230.250000000002,3.958308004052685
LPPT,2019-09-30,ARR,321,775.28,8458.916666666664,2.415202492211838
LPPT,2019-10-01,ARR,305,676.1766666666664,8078.283333333334,2.2169726775956273
LPPT,2019-10-02,ARR,296,485.25666666666655,7711.900000000003,1.6393806306306302
LPPT,2019-10-03,ARR,322,1309.996666666667,9127.933333333334,4.068312629399586
LPPT,2019-10-04,ARR,313,663.0866666666667,8272.983333333335,2.1184877529286474
LPPT,2019-10-05,ARR,311,700.0266666666665,8231.483333333334,2.250889603429796
LPPT,2019-10-06,ARR,318,907.7733333333334,8595.183333333336,2.8546331236897275
LPPT,2019-10-07,ARR,323,928.7099999999999,8770.883333333331,2.8752631578947367
LPPT,2019-10-08,ARR,300,764.0166666666667,8039.633333333336,2.5467222222222223
LPPT,2019-10-09,ARR,304,1096.5499999999995,8491.483333333335,3.607072368421051
LPPT,2019-10-10,ARR,308,574.2599999999996,8074.299999999995,1.8644805194805183
LPPT,2019-10-11,ARR,312,693.1066666666666,7874.716666666665,2.2214957264957262
LPPT,2019-10-12,ARR,314,1248.4299999999998,8419.38333333333,3.9758917197452224
LPPT,2019-10-13,ARR,320,1173.1800000000003,8475.08333333333,3.666187500000001
LPPT,2019-10-14,ARR,319,1553.6733333333336,9046.15,4.870449320794149
LPPT,2019-10-15,ARR,306,502.8600000000004,7484.483333333334,1.6433333333333346
LPPT,2019-10-16,ARR,303,848.8366666666667,7786.549999999998,2.8014411441144116
LPPT,2019-10-17,ARR,310,866.82,7947.783333333335,2.7961935483870968
LPPT,2019-10-18,ARR,316,730.6899999999999,7958.549999999999,2.312310126582278
LPPT,2019-10-19,ARR,309,2062.0466666666666,9391.05,6.67329018338727
LPPT,2019-10-20,ARR,313,834.3433333333331,8412.483333333334,2.6656336528221507
LPPT,2019-10-21,ARR,315,822.0466666666664,8471.733333333334,2.609671957671957
LPPT,2019-10-22,ARR,306,784.7399999999998,8242.916666666666,2.564509803921568
LPPT,2019-10-23,ARR,299,1071.7433333333329,8360.333333333334,3.58442586399108
LPPT,2019-10-24,ARR,320,635.0199999999999,7993.283333333334,1.9844374999999996
LPPT,2019-10-25,ARR,313,929.2233333333335,8254.449999999999,2.968764643237487
LPPT,2019-10-26,ARR,303,677.7666666666667,7824.9000000000005,2.236853685368537
LPPT,2019-10-27,ARR,299,1185.2299999999998,7969.616666666666,3.9639799331103673
LPPT,2019-10-28,ARR,288,1363.2299999999998,7961.116666666663,4.733437499999999
LPPT,2019-10-29,ARR,272,1029.8166666666668,7270.366666666668,3.7860906862745103
LPPT,2019-10-30,ARR,281,888.2833333333333,7349.816666666667,3.161150652431791
LPPT,2019-10-31,ARR,12,24.366666666666667,305.8,2.0305555555555554
LPPT,2019-11-01,ARR,303,576.3833333333333,7506.049999999998,1.9022552255225522
LPPT,2019-11-02,ARR,275,1089.9833333333333,7396.9333333333325,3.9635757575757578
LPPT,2019-11-03,ARR,303,693.0900000000001,7816.966666666668,2.287425742574258
LPPT,2019-11-04,ARR,297,1207.0533333333335,8149.750000000001,4.0641526374859716
LPPT,2019-11-05,ARR,275,621.0299999999997,7315.466666666664,2.258290909090908
LPPT,2019-11-06,ARR,268,197.36,6436.816666666667,0.7364179104477613
LPPT,2019-11-07,ARR,271,674.4999999999998,7288.4,2.488929889298892
LPPT,2019-11-08,ARR,298,1139.6033333333332,8380.899999999998,3.82417225950783
LPPT,2019-11-09,ARR,271,359.7866666666667,6703.566666666666,1.3276260762607628
LPPT,2019-11-10,ARR,286,593.3533333333331,7526.583333333333,2.074662004662004
LPPT,2019-11-11,ARR,292,593.7366666666666,7704.833333333335,2.0333447488584473
LPPT,2019-11-12,ARR,251,365.96999999999997,6310.533333333333,1.4580478087649402
LPPT,2019-11-13,ARR,248,403.40666666666664,6461.583333333333,1.6266397849462364
LPPT,2019-11-14,ARR,272,2302.836666666666,8934.7,8.466311274509803
LPPT,2019-11-15,ARR,296,932.063333333333,8135.733333333331,3.1488626126126116
LPPT,2019-11-16,ARR,257,488.8566666666667,6608.7,1.902166018158236
LPPT,2019-11-17,ARR,290,881.8866666666669,7645.6,3.0409885057471273
LPPT,2019-11-18,ARR,277,386.35666666666646,7137.899999999999,1.3947894103489764
LPPT,2019-11-19,ARR,255,190.09666666666672,6009.466666666667,0.7454771241830067
LPPT,2019-11-20,ARR,242,407.9,6073.416666666668,1.6855371900826446
LPPT,2019-11-21,ARR,273,312.84666666666675,6554.983333333334,1.1459584859584862
LPPT,2019-11-22,ARR,291,1475.0766666666668,8124.466666666665,5.0689919816723945
LPPT,2019-11-23,ARR,262,362.94666666666654,6705.466666666666,1.3852926208651395
LPPT,2019-11-24,ARR,285,593.0500000000003,7097.683333333334,2.080877192982457
LPPT,2019-11-25,ARR,279,575.3333333333334,6975.9,2.0621266427718044
LPPT,2019-11-26,ARR,247,642.5133333333334,6336.616666666669,2.6012685560053983
LPPT,2019-11-27,ARR,241,304.51,5885.500000000003,1.2635269709543568
LPPT,2019-11-28,ARR,271,605.1466666666666,6839.7666666666655,2.233013530135301
LPPT,2019-11-29,ARR,297,659.7600000000002,7474.483333333336,2.221414141414142
LPPT,2019-11-30,ARR,250,553.1066666666666,6316.916666666666,2.212426666666666
LPPT,2019-12-01,ARR,278,712.5633333333335,7471.116666666666,2.5631774580335738
LPPT,2019-12-02,ARR,269,797.2400000000002,7367.233333333335,2.96371747211896
LPPT,2019-12-03,ARR,244,118.7433333333332,6055.950000000001,0.4866530054644803
LPPT,2019-12-04,ARR,240,331.36333333333323,6186.333333333332,1.380680555555555
LPPT,2019-12-05,ARR,238,350.4433333333333,6140.033333333333,1.4724509803921568
LPPT,2019-12-06,ARR,284,687.1666666666665,7572,2.4196009389671356
LPPT,2019-12-07,ARR,247,76.34333333333326,6025.65,0.30908232118758405
LPPT,2019-12-08,ARR,280,218.92333333333337,6782.616666666666,0.7818690476190477
LPPT,2019-12-09,ARR,288,793.6466666666665,7826.2833333333365,2.755717592592592
LPPT,2019-12-10,ARR,245,537.4866666666665,6344.5999999999995,2.1938231292516996
LPPT,2019-12-11,ARR,251,608.9033333333333,6736.733333333334,2.425909694555113
LPPT,2019-12-12,ARR,267,420.9000000000001,6568.483333333333,1.5764044943820228
LPPT,2019-12-13,ARR,307,354.2133333333333,7440.4833333333345,1.1537893593919653
LPPT,2019-12-14,ARR,275,588.3200000000002,6935.050000000004,2.139345454545455
LPPT,2019-12-15,ARR,290,1061.4133333333336,7710.216666666667,3.6600459770114955
LPPT,2019-12-16,ARR,286,1116.76,8071.633333333334,3.9047552447552447
LPPT,2019-12-17,ARR,275,543.62,6939.333333333336,1.9768000000000001
LPPT,2019-12-18,ARR,275,1666.5333333333328,7997.633333333333,6.06012121212121
LPPT,2019-12-19,ARR,259,3776.4133333333343,9724.133333333333,14.580746460746465
LPPT,2019-12-20,ARR,304,2956.616666666667,9922.700000000003,9.725712719298246
LPPT,2019-12-21,ARR,289,1025.9,7685.2833333333365,3.5498269896193775
LPPT,2019-12-22,ARR,311,954.51,8304.766666666666,3.0691639871382637
LPPT,2019-12-23,ARR,246,2704.2000000000003,8386.783333333335,10.99268292682927
LPPT,2019-12-24,ARR,281,861.5066666666665,7611.183333333335,3.065860023724792
LPPT,2019-12-25,ARR,213,309.16999999999985,5312.483333333334,1.4515023474178397
LPPT,2019-12-26,ARR,282,873.2166666666666,7751.1,3.0965130023640657
LPPT,2019-12-27,ARR,306,938.7299999999998,8347.000000000002,3.067745098039215
LPPT,2019-12-28,ARR,290,326.5166666666666,7357.183333333336,1.1259195402298847
LPPT,2019-12-29,ARR,288,283.44333333333327,7205.466666666666,0.9841782407407406
LPPT,2019-12-30,ARR,305,920.8733333333331,8348.86666666667,3.0192568306010923
LPPT,2019-12-31,ARR,260,1007.98,7168.033333333335,3.876846153846154
LPPT,2020-01-01,ARR,263,1186.243333333333,7536.4000000000005,4.510430925221799
LPPT,2020-01-02,ARR,291,1250.2233333333331,8302.116666666667,4.296300114547536
LPPT,2020-01-03,ARR,317,1370.0899999999997,9075.800000000001,4.322050473186119
LPPT,2020-01-04,ARR,290,1357.2966666666664,8323.916666666666,4.680333333333333
LPPT,2020-01-05,ARR,308,896.4499999999995,8352.016666666665,2.910551948051946
LPPT,2020-01-06,ARR,298,919.9766666666666,8115.666666666667,3.0871700223713643
LPPT,2020-01-07,ARR,268,922.2266666666665,7451.866666666666,3.4411442786069646
LPPT,2020-01-08,ARR,254,450.17333333333335,6622.9000000000005,1.7723359580052493
LPPT,2020-01-09,ARR,265,831.1033333333332,7284.383333333333,3.1362389937106916
LPPT,2020-01-10,ARR,288,1103.0766666666668,8101.583333333332,3.830127314814815
LPPT,2020-01-11,ARR,262,498.86999999999995,6845.366666666665,1.9040839694656486
LPPT,2020-01-12,ARR,281,457.66999999999985,7261.050000000001,1.628718861209964
LPPT,2020-01-13,ARR,275,2040.8099999999997,8504.116666666669,7.421127272727272
LPPT,2020-01-14,ARR,214,716.3333333333333,5691.866666666666,3.347352024922118
LPPT,2020-01-15,ARR,212,577.63,5525.666666666667,2.7246698113207546
LPPT,2020-01-16,ARR,247,1103.646666666667,6811.716666666666,4.468205128205129
LPPT,2020-01-17,ARR,272,1388.97,7851.433333333332,5.106507352941176
LPPT,2020-01-18,ARR,246,538.51,6473.516666666668,2.1890650406504064
LPPT,2020-01-19,ARR,264,348.7433333333333,6759.449999999998,1.3209974747474746
LPPT,2020-01-20,ARR,261,774.6933333333332,7128.366666666669,2.968173690932311
LPPT,2020-01-21,ARR,224,561.7466666666667,5992.783333333335,2.507797619047619
LPPT,2020-01-22,ARR,219,356.83333333333326,5690.183333333334,1.6293759512937591
LPPT,2020-01-23,ARR,246,422.25999999999993,6380.716666666667,1.7165040650406502
LPPT,2020-01-24,ARR,278,1366.3366666666668,8063.3499999999995,4.914880095923262
LPPT,2020-01-25,ARR,244,364.2033333333332,6296.500000000002,1.4926366120218575
LPPT,2020-01-26,ARR,269,1085.0200000000002,7286.183333333335,4.033531598513012
LPPT,2020-01-27,ARR,270,916.4600000000003,7156.850000000001,3.3942962962962975
LPPT,2020-01-28,ARR,226,279.6933333333333,5523.516666666667,1.2375811209439527
LPPT,2020-01-29,ARR,238,514.1833333333333,6060.200000000002,2.1604341736694677
LPPT,2020-01-30,ARR,258,723.4200000000001,6663.200000000001,2.8039534883720934
LPPT,2020-01-31,ARR,287,1095.1933333333334,7752.2666666666655,3.8160046457607435
LPPT,2020-02-01,ARR,256,266.1366666666667,6213.166666666665,1.0395963541666668
LPPT,2020-02-02,ARR,273,998.3899999999999,7620.066666666666,3.6571062271062265
LPPT,2020-02-03,ARR,271,611.8333333333333,7049.5166666666655,2.2576875768757683
LPPT,2020-02-04,ARR,225,264.4699999999999,5747.466666666667,1.175422222222222
LPPT,2020-02-05,ARR,236,327.70666666666654,5998,1.3885875706214683
LPPT,2020-02-06,ARR,256,398.21333333333314,6602.033333333332,1.5555208333333326
LPPT,2020-02-07,ARR,285,453.1233333333332,7136.816666666667,1.5899064327485377
LPPT,2020-02-08,ARR,264,369.3033333333333,6570.883333333333,1.3988762626262625
LPPT,2020-02-09,ARR,265,190.1066666666666,6620.550000000002,0.7173836477987419
LPPT,2020-02-10,ARR,268,486.2333333333333,6992.6833333333325,1.8143034825870645
LPPT,2020-02-11,ARR,240,292.79666666666657,6115.416666666669,1.2199861111111108
LPPT,2020-02-12,ARR,235,357.48999999999995,6046.916666666664,1.5212340425531914
LPPT,2020-02-13,ARR,268,485.97666666666663,6913.683333333333,1.8133457711442784
LPPT,2020-02-14,ARR,280,2647.256666666666,9355.133333333333,9.454488095238094
LPPT,2020-02-15,ARR,275,303.35666666666674,6637.316666666667,1.1031151515151518
LPPT,2020-02-16,ARR,281,1078.8700000000001,7561.4000000000005,3.8393950177935947
LPPT,2020-02-17,ARR,288,1073.0733333333335,8146.8499999999985,3.725949074074075
LPPT,2020-02-18,ARR,245,581.6599999999997,6565.950000000001,2.3741224489795907
LPPT,2020-02-19,ARR,255,224.75999999999988,6447.883333333333,0.8814117647058819
LPPT,2020-02-20,ARR,263,531.9466666666667,6925,2.0226108998732575
LPPT,2020-02-21,ARR,299,651.8133333333333,7939.833333333335,2.179977703455964
LPPT,2020-02-22,ARR,270,469.7833333333334,7025.833333333335,1.7399382716049385
LPPT,2020-02-23,ARR,285,647.2166666666666,7558.816666666667,2.2709356725146197
LPPT,2020-02-24,ARR,288,693.7133333333333,7712.283333333335,2.4087268518518514
LPPT,2020-02-25,ARR,256,531.8166666666666,6787.233333333334,2.0774088541666664
LPPT,2020-02-26,ARR,255,455.2,6671.516666666666,1.7850980392156863
LPPT,2020-02-27,ARR,270,495.79666666666645,7071.6500000000005,1.8362839506172832
LPPT,2020-02-28,ARR,302,1001.9833333333333,8058.5999999999985,3.3178256070640177
LPPT,2020-02-29,ARR,269,616.3433333333335,6853.033333333334,2.291239157372987
LPPT,2020-03-01,ARR,290,1123.1833333333334,7773.16666666667,3.8730459770114947
LPPT,2020-03-02,ARR,284,860.5,7800.28333333333,3.0299295774647885
LPPT,2020-03-03,ARR,252,387.22666666666674,6196.6,1.536613756613757
LPPT,2020-03-04,ARR,257,717.8400000000003,6671.85,2.7931517509727635
LPPT,2020-03-05,ARR,264,977.1599999999996,7489.116666666664,3.701363636363635
LPPT,2020-03-06,ARR,299,1163.7799999999995,8460.016666666665,3.8922408026755835
LPPT,2020-03-07,ARR,257,396.68999999999994,6633.683333333333,1.5435408560311281
LPPT,2020-03-08,ARR,288,744.4366666666665,7748.399999999999,2.5848495370370363
LPPT,2020-03-09,ARR,281,621.1966666666668,7494.999999999997,2.2106642941874264
LPPT,2020-03-10,ARR,247,355.9899999999999,6355.683333333333,1.4412550607287444
LPPT,2020-03-11,ARR,227,250.0566666666666,5752.399999999997,1.1015712187958882
LPPT,2020-03-12,ARR,248,463.7499999999998,6519.716666666665,1.8699596774193539
LPPT,2020-03-13,ARR,282,540.8466666666665,7408.966666666666,1.9178959810874698
LPPT,2020-03-14,ARR,248,265.89666666666653,6280.1500000000005,1.072163978494623
LPPT,2020-03-15,ARR,255,549.7066666666666,6736.816666666667,2.1557124183006535
LPPT,2020-03-16,ARR,225,933.1833333333333,6460.116666666666,4.147481481481481
LPPT,2020-03-17,ARR,155,-41.42333333333347,3749.100000000001,-0.26724731182795786
LPPT,2020-03-18,ARR,147,-0.2333333333334302,3551.6500000000005,-0.0015873015873022463
LPPT,2020-03-19,ARR,116,-32.863333333333415,2788.116666666667,-0.28330459770115013
LPPT,2020-03-20,ARR,122,160.69999999999993,3028.816666666667,1.3172131147540977
LPPT,2020-03-21,ARR,86,-88.98333333333338,1923.1166666666668,-1.0346899224806207
LPPT,2020-03-22,ARR,84,-100.76000000000009,1968.8666666666663,-1.1995238095238105
LPPT,2020-03-23,ARR,54,-49.440000000000055,1269.6333333333332,-0.9155555555555566
LPPT,2020-03-24,ARR,43,-27.116666666666667,1031.5500000000002,-0.6306201550387597
LPPT,2020-03-25,ARR,29,-19.25666666666668,682.3666666666666,-0.6640229885057475
LPPT,2020-03-26,ARR,34,1.6066666666666514,824.8666666666666,0.047254901960783864
LPPT,2020-03-27,ARR,34,-46.68000000000001,758.5833333333334,-1.3729411764705883
LPPT,2020-03-28,ARR,25,-15.236666666666675,597.0333333333333,-0.609466666666667
LPPT,2020-03-29,ARR,24,-19.666666666666664,515.6333333333333,-0.8194444444444443
LPPT,2020-03-30,ARR,24,7.583333333333329,600.2833333333333,0.31597222222222204
LPPT,2020-03-31,ARR,25,-2.730000000000011,606.3166666666665,-0.10920000000000045
LPPT,2020-04-01,ARR,16,14.026666666666674,383.5166666666667,0.8766666666666671
LPPT,2020-04-02,ARR,12,-25.123333333333342,273.73333333333335,-2.093611111111112
LPPT,2020-04-03,ARR,17,0.09666666666666046,424.81666666666666,0.005686274509803557
LPPT,2020-04-04,ARR,16,0.5500000000000007,376.1666666666667,0.034375000000000044
LPPT,2020-04-05,ARR,15,5.403333333333347,339.45000000000005,0.3602222222222231
LPPT,2020-04-06,ARR,19,22.383333333333336,448.59999999999997,1.1780701754385967
LPPT,2020-04-07,ARR,14,6.286666666666672,333.83333333333337,0.4490476190476195
LPPT,2020-04-08,ARR,18,-22.656666666666652,383.06666666666666,-1.258703703703703
LPPT,2020-04-09,ARR,12,-6.2633333333333425,278.2833333333333,-0.5219444444444452
LPPT,2020-04-10,ARR,4,-2.2333333333333307,85.89999999999999,-0.5583333333333327
LPPT,2020-04-11,ARR,5,2.706666666666674,119.21666666666667,0.5413333333333348
LPPT,2020-04-12,ARR,3,-3.9466666666666654,68.35,-1.3155555555555551
LPPT,2020-04-13,ARR,9,0.5033333333333232,228.05,0.055925925925924797
LPPT,2020-04-14,ARR,16,12.756666666666668,396.4166666666667,0.7972916666666667
LPPT,2020-04-15,ARR,21,4.136666666666674,484.45000000000005,0.19698412698412732
LPPT,2020-04-16,ARR,19,56.18,496.08333333333337,2.9568421052631577
LPPT,2020-04-17,ARR,15,11.266666666666666,355.65000000000003,0.7511111111111111
LPPT,2020-04-18,ARR,11,-9.173333333333332,251.38333333333333,-0.8339393939393939
LPPT,2020-04-19,ARR,12,-2.3000000000000007,287.8666666666667,-0.19166666666666674
LPPT,2020-04-20,ARR,17,14.36666666666666,393.8666666666667,0.8450980392156859
LPPT,2020-04-21,ARR,19,-22.90333333333334,442.6333333333333,-1.2054385964912284
LPPT,2020-04-22,ARR,13,-5.600000000000012,325.8833333333333,-0.4307692307692317
LPPT,2020-04-23,ARR,15,-19.87000000000001,350.28333333333336,-1.3246666666666675
LPPT,2020-04-24,ARR,15,-1.0000000000000142,373.1833333333333,-0.06666666666666761
LPPT,2020-04-25,ARR,11,-6.180000000000003,258.9333333333334,-0.5618181818181821
LPPT,2020-04-26,ARR,10,8.163333333333338,227.28333333333333,0.8163333333333338
LPPT,2020-04-27,ARR,13,-4.359999999999999,290.1333333333333,-0.33538461538461534
LPPT,2020-04-28,ARR,15,-1.610000000000003,341.41666666666663,-0.10733333333333353
LPPT,2020-04-29,ARR,15,2.7633333333333354,346.5833333333333,0.18422222222222237
LPPT,2020-04-30,ARR,18,14.68666666666666,433.16666666666663,0.8159259259259256
LPPT,2020-05-01,ARR,12,5.213333333333338,277.85,0.43444444444444485
LPPT,2020-05-02,ARR,16,-10.370000000000001,349.6666666666667,-0.6481250000000001
LPPT,2020-05-03,ARR,14,-0.04666666666667041,321.91666666666663,-0.0033333333333336007
LPPT,2020-05-04,ARR,17,30.059999999999988,423.65,1.7682352941176465
LPPT,2020-05-05,ARR,20,-4.223333333333329,464.9833333333333,-0.21116666666666645
LPPT,2020-05-06,ARR,20,4.846666666666653,490.2166666666667,0.24233333333333268
LPPT,2020-05-07,ARR,11,-13.83666666666668,267.3,-1.2578787878787892
LPPT,2020-05-08,ARR,20,-5.1666666666666785,485.54999999999995,-0.2583333333333339
LPPT,2020-05-09,ARR,15,0.35333333333333883,340.8333333333333,0.023555555555555923
LPPT,2020-05-10,ARR,15,-9.70666666666666,323.4,-0.6471111111111106
LPPT,2020-05-11,ARR,21,19.333333333333343,498.33333333333337,0.9206349206349211
LPPT,2020-05-12,ARR,18,-12.983333333333338,428.19999999999993,-0.7212962962962965
LPPT,2020-05-13,ARR,18,12.476666666666674,422.7,0.6931481481481485
LPPT,2020-05-14,ARR,21,-6.1766666666666765,518.0833333333334,-0.29412698412698457
LPPT,2020-05-15,ARR,19,-6.120000000000012,462.55,-0.32210526315789534
LPPT,2020-05-16,ARR,18,-7.723333333333343,426.25,-0.4290740740740746
LPPT,2020-05-17,ARR,14,-20.323333333333338,313.20000000000005,-1.4516666666666669
LPPT,2020-05-18,ARR,17,-18.43000000000001,397.84999999999997,-1.084117647058824
LPPT,2020-05-19,ARR,16,-28.833333333333332,364.93333333333334,-1.8020833333333333
LPPT,2020-05-20,ARR,20,-24.250000000000014,471.7333333333333,-1.2125000000000008
LPPT,2020-05-21,ARR,25,-26.330000000000013,603.6666666666667,-1.0532000000000006
LPPT,2020-05-22,ARR,21,-2.1233333333333384,522.0333333333334,-0.10111111111111135
LPPT,2020-05-23,ARR,21,-7.926666666666662,493,-0.3774603174603173
LPPT,2020-05-24,ARR,16,-16.656666666666677,355.3833333333334,-1.0410416666666673
LPPT,2020-05-25,ARR,20,-26.586666666666673,456.0666666666667,-1.3293333333333337
LPPT,2020-05-26,ARR,18,-16.49333333333334,429.96666666666664,-0.9162962962962966
LPPT,2020-05-27,ARR,21,-39.02333333333334,471.4333333333334,-1.8582539682539685
LPPT,2020-05-28,ARR,20,-25.88333333333333,468.3833333333334,-1.2941666666666665
LPPT,2020-05-29,ARR,27,-16.679999999999993,629.1666666666666,-0.6177777777777775
LPPT,2020-05-30,ARR,23,-32.95333333333333,489.6833333333333,-1.4327536231884057
LPPT,2020-05-31,ARR,17,-22.703333333333333,368.75,-1.3354901960784313
LPPT,2020-06-01,ARR,23,-9.430000000000007,550.7166666666667,-0.4100000000000003
LPPT,2020-06-02,ARR,17,-22.376666666666665,375.9833333333333,-1.3162745098039215
LPPT,2020-06-03,ARR,25,-21.079999999999995,570.2,-0.8431999999999998
LPPT,2020-06-04,ARR,31,-38.11333333333333,692.3333333333333,-1.2294623655913977
LPPT,2020-06-05,ARR,28,-24.093333333333337,655.4666666666666,-0.8604761904761906
LPPT,2020-06-06,ARR,21,-9.479999999999993,501.5,-0.4514285714285711
LPPT,2020-06-07,ARR,30,-15.87666666666669,718.2333333333333,-0.529222222222223
LPPT,2020-06-08,ARR,24,29.883333333333304,625.1833333333333,1.2451388888888877
LPPT,2020-06-09,ARR,24,-29.596666666666675,551.8499999999999,-1.2331944444444447
LPPT,2020-06-10,ARR,22,-7.323333333333348,525.3666666666667,-0.33287878787878855
LPPT,2020-06-11,ARR,23,-23.573333333333327,509.01666666666665,-1.0249275362318837
LPPT,2020-06-12,ARR,28,-22.19333333333332,616.6333333333333,-0.7926190476190472
LPPT,2020-06-13,ARR,20,-15.896666666666665,433.8833333333333,-0.7948333333333333
LPPT,2020-06-14,ARR,31,-34.739999999999995,698.3666666666666,-1.1206451612903223
LPPT,2020-06-15,ARR,34,-3.660000000000011,831.9333333333335,-0.10764705882352973
LPPT,2020-06-16,ARR,29,-11.463333333333328,655.3999999999999,-0.39528735632183887
LPPT,2020-06-17,ARR,28,-23.716666666666683,658.3999999999999,-0.8470238095238101
LPPT,2020-06-18,ARR,34,-17.416666666666696,822.0666666666666,-0.5122549019607852
LPPT,2020-06-19,ARR,37,-21.13666666666668,870.8000000000001,-0.5712612612612616
LPPT,2020-06-20,ARR,30,-23.053333333333338,708.7833333333333,-0.7684444444444446
LPPT,2020-06-21,ARR,37,-11.236666666666672,882.2500000000001,-0.3036936936936938
LPPT,2020-06-22,ARR,40,-0.3233333333333377,971.9833333333333,-0.008083333333333442
LPPT,2020-06-23,ARR,33,-36.58333333333334,768.4333333333334,-1.1085858585858588
LPPT,2020-06-24,ARR,31,-26.540000000000017,727.2,-0.856129032258065
LPPT,2020-06-25,ARR,33,-8.223333333333347,801.4000000000001,-0.2491919191919196
LPPT,2020-06-26,ARR,41,-12.83666666666669,983.2,-0.3130894308943095
LPPT,2020-06-27,ARR,36,-19.080000000000016,860.9999999999999,-0.5300000000000005
LPPT,2020-06-28,ARR,42,-39.27333333333333,973.35,-0.9350793650793651
LPPT,2020-06-29,ARR,45,-16.973333333333347,1089.5999999999997,-0.3771851851851855
LPPT,2020-06-30,ARR,35,-9.153333333333357,854.7333333333332,-0.2615238095238102
LPPT,2020-07-01,ARR,72,34.15666666666664,1817.6499999999999,0.47439814814814774
LPPT,2020-07-02,ARR,83,85.26666666666664,2129.916666666667,1.0273092369477907
LPPT,2020-07-03,ARR,100,-49.02333333333341,2413.8166666666666,-0.49023333333333413
LPPT,2020-07-04,ARR,91,-74.53666666666675,2179.316666666667,-0.8190842490842499
LPPT,2020-07-05,ARR,85,-73.97666666666673,2021.0166666666664,-0.8703137254901968
LPPT,2020-07-06,ARR,90,-61.06666666666671,2155.6833333333334,-0.6785185185185191
LPPT,2020-07-07,ARR,84,20.08333333333333,2023.3999999999994,0.23908730158730154
LPPT,2020-07-08,ARR,84,-44.34333333333332,1925.4833333333333,-0.5278968253968253
LPPT,2020-07-09,ARR,87,-20.99333333333341,2123.766666666667,-0.24130268199233806
LPPT,2020-07-10,ARR,110,18.72333333333328,2699.9666666666667,0.17021212121212073
LPPT,2020-07-11,ARR,91,78.59666666666664,2318.7999999999997,0.8636996336996333
LPPT,2020-07-12,ARR,90,-102.81333333333336,2055.6833333333334,-1.1423703703703707
LPPT,2020-07-13,ARR,96,-86.86333333333333,2280.733333333333,-0.9048263888888889
LPPT,2020-07-14,ARR,87,0.11999999999995836,2155.2166666666667,0.0013793103448271075
LPPT,2020-07-15,ARR,92,-104.24333333333341,2134.399999999999,-1.1330797101449284
LPPT,2020-07-16,ARR,100,-43.57000000000003,2413.183333333333,-0.4357000000000003
LPPT,2020-07-17,ARR,110,-72.9366666666667,2516.483333333333,-0.6630606060606064
LPPT,2020-07-18,ARR,101,-66.89666666666668,2208.3,-0.6623432343234325
LPPT,2020-07-19,ARR,102,-81.2133333333334,2369.383333333333,-0.796209150326798
LPPT,2020-07-20,ARR,104,43.74333333333327,2580.1666666666674,0.4206089743589737
LPPT,2020-07-21,ARR,94,-14.470000000000066,2288.4666666666667,-0.15393617021276668
LPPT,2020-07-22,ARR,93,-104.35666666666673,2118.5,-1.1221146953405023
LPPT,2020-07-23,ARR,106,-41.610000000000056,2506.5333333333333,-0.39254716981132126
LPPT,2020-07-24,ARR,110,99.01666666666661,2802.616666666667,0.9001515151515146
LPPT,2020-07-25,ARR,106,-5.686666666666721,2582.4333333333334,-0.053647798742138875
LPPT,2020-07-26,ARR,105,-27.393333333333377,2549.2166666666662,-0.2608888888888893
LPPT,2020-07-27,ARR,103,4.106666666666619,2519.833333333333,0.03987055016181184
LPPT,2020-07-28,ARR,89,27.329999999999966,2223.9333333333334,0.3070786516853929
LPPT,2020-07-29,ARR,99,-82.64333333333346,2355.3833333333346,-0.8347811447811461
LPPT,2020-07-30,ARR,107,-106.4366666666667,2478.016666666666,-0.9947352024922121
LPPT,2020-07-31,ARR,110,-17.593333333333376,2699.8999999999987,-0.15993939393939433
LPPT,2020-08-01,ARR,142,39.38999999999992,3500.0333333333333,0.27739436619718255
LPPT,2020-08-02,ARR,146,100.77666666666657,3680.0833333333344,0.6902511415525108
LPPT,2020-08-03,ARR,149,-15.396666666666764,3635.7,-0.10333333333333398
LPPT,2020-08-04,ARR,132,-123.30000000000013,3111.2833333333333,-0.9340909090909101
LPPT,2020-08-05,ARR,130,-70.85333333333338,3113.233333333333,-0.5450256410256414
LPPT,2020-08-06,ARR,140,-6.870000000000044,3362.45,-0.049071428571428884
LPPT,2020-08-07,ARR,150,20.173333333333243,3701.2000000000003,0.1344888888888883
LPPT,2020-08-08,ARR,156,112.88666666666661,3914.933333333332,0.7236324786324783
LPPT,2020-08-09,ARR,144,-48.66666666666674,3487.749999999999,-0.33796296296296346
LPPT,2020-08-10,ARR,142,33.6399999999999,3508.599999999999,0.23690140845070354
LPPT,2020-08-11,ARR,123,29.4166666666666,3031.933333333333,0.23915989159891546
LPPT,2020-08-12,ARR,132,29.91333333333328,3279.816666666666,0.22661616161616122
LPPT,2020-08-13,ARR,143,78.71333333333324,3577.9500000000003,0.5504428904428897
LPPT,2020-08-14,ARR,148,142.73666666666654,3782.5500000000006,0.9644369369369361
LPPT,2020-08-15,ARR,153,226.3266666666666,3956.9166666666665,1.4792592592592588
LPPT,2020-08-16,ARR,155,60.02333333333336,3634.966666666667,0.3872473118279572
LPPT,2020-08-17,ARR,147,-50.123333333333285,3312.266666666667,-0.3409750566893421
LPPT,2020-08-18,ARR,132,-32.89999999999998,3006.816666666667,-0.24924242424242407
LPPT,2020-08-19,ARR,138,28.31000000000004,3219.9666666666667,0.20514492753623217
LPPT,2020-08-20,ARR,144,159.71666666666673,3500.3666666666663,1.109143518518519
LPPT,2020-08-21,ARR,153,171.43333333333317,3940.8666666666663,1.1204793028322428
LPPT,2020-08-22,ARR,155,38.53666666666658,3835.199999999999,0.24862365591397792
LPPT,2020-08-23,ARR,166,90.64333333333316,4164.399999999999,0.5460441767068263
LPPT,2020-08-24,ARR,146,-65.93666666666671,3522.916666666666,-0.45162100456621035
LPPT,2020-08-25,ARR,139,-9.083333333333389,3372.716666666666,-0.06534772182254237
LPPT,2020-08-26,ARR,130,21.346666666666586,3226.05,0.1642051282051276
LPPT,2020-08-27,ARR,147,30.129999999999956,3634.5666666666666,0.20496598639455751
LPPT,2020-08-28,ARR,154,118.28333333333327,3893.4,0.7680735930735927
LPPT,2020-08-29,ARR,154,52.48666666666656,3799.933333333333,0.34082251082251014
LPPT,2020-08-30,ARR,147,-118.57333333333341,3493.1166666666672,-0.8066213151927443
LPPT,2020-08-31,ARR,143,-61.2133333333334,3422.6000000000004,-0.42806526806526857
LPPT,2020-09-01,ARR,120,-110.26333333333338,2820.1833333333343,-0.9188611111111115
LPPT,2020-09-02,ARR,113,-124.93666666666674,2658.3999999999996,-1.1056342182890861
LPPT,2020-09-03,ARR,140,-43.20333333333339,3350.616666666667,-0.3085952380952385
LPPT,2020-09-04,ARR,143,43.3133333333333,3530.85,0.30289044289044265
LPPT,2020-09-05,ARR,140,1.673333333333293,3400.05,0.011952380952380664
LPPT,2020-09-06,ARR,155,8.886666666666663,3642.4833333333327,0.05733333333333331
LPPT,2020-09-07,ARR,140,-17.486666666666757,3414.8833333333328,-0.12490476190476255
LPPT,2020-09-08,ARR,106,-171.30666666666667,2329.1500000000005,-1.6161006289308177
LPPT,2020-09-09,ARR,117,-132.86999999999995,2561.25,-1.1356410256410252
LPPT,2020-09-10,ARR,138,353.2000000000001,3607.2,2.559420289855073
LPPT,2020-09-11,ARR,136,-39.746666666666684,3215.1666666666674,-0.29225490196078446
LPPT,2020-09-12,ARR,134,-47.72666666666666,3071.4000000000005,-0.35616915422885564
LPPT,2020-09-13,ARR,153,84.14333333333336,3566.733333333334,0.5499564270152507
LPPT,2020-09-14,ARR,139,78.71333333333341,3235.433333333333,0.5662829736211037
LPPT,2020-09-15,ARR,106,-43.01333333333329,2391.8000000000006,-0.4057861635220122
LPPT,2020-09-16,ARR,112,-13.656666666666638,2530.316666666666,-0.12193452380952355
LPPT,2020-09-17,ARR,140,149.51666666666665,3363.1166666666663,1.0679761904761904
LPPT,2020-09-18,ARR,150,398.66666666666674,3838.8666666666672,2.6577777777777785
LPPT,2020-09-19,ARR,126,36.50000000000005,2910.0333333333324,0.2896825396825401
LPPT,2020-09-20,ARR,143,-62.32333333333331,3207.083333333333,-0.4358275058275057
LPPT,2020-09-21,ARR,131,39.82999999999991,3214.7166666666662,0.3040458015267169
LPPT,2020-09-22,ARR,98,-31.393333333333327,2233.933333333333,-0.3203401360544217
LPPT,2020-09-23,ARR,105,-35.99,2375.9666666666667,-0.34276190476190477
LPPT,2020-09-24,ARR,128,81.66666666666661,3186.7499999999995,0.6380208333333329
LPPT,2020-09-25,ARR,148,68.18333333333322,3717.366666666667,0.46069819819819746
LPPT,2020-09-26,ARR,128,-32.87000000000009,3083.1,-0.2567968750000007
LPPT,2020-09-27,ARR,146,119.72333333333324,3682.75,0.8200228310502277
LPPT,2020-09-28,ARR,138,29.91666666666658,3394.8333333333326,0.21678743961352592
LPPT,2020-09-29,ARR,98,-1.4633333333334093,2383.233333333333,-0.014931972789116421
LPPT,2020-09-30,ARR,112,6.96333333333326,2753.6333333333328,0.062172619047618394
LPPT,2020-10-01,ARR,134,33.54666666666657,3258.4333333333334,0.25034825870646693
LPPT,2020-10-02,ARR,148,56.1666666666666,3662.0833333333326,0.37950450450450407
LPPT,2020-10-03,ARR,127,-52.053333333333384,2980.366666666667,-0.4098687664041999
LPPT,2020-10-04,ARR,149,108.08999999999995,3764.6,0.7254362416107379
LPPT,2020-10-05,ARR,140,117.10333333333328,3544.016666666667,0.8364523809523806
LPPT,2020-10-06,ARR,102,55.58999999999995,2536.5166666666664,0.5449999999999995
LPPT,2020-10-07,ARR,105,-30.996666666666734,2530.4833333333336,-0.29520634920634986
LPPT,2020-10-08,ARR,129,68.49666666666661,3199.9666666666667,0.5309819121447025
LPPT,2020-10-09,ARR,147,92.17999999999992,3701.0499999999997,0.6270748299319723
LPPT,2020-10-10,ARR,129,8.256666666666604,3140.4500000000003,0.06400516795865584
LPPT,2020-10-11,ARR,141,-46.323333333333466,3381.7166666666667,-0.3285342789598118
LPPT,2020-10-12,ARR,124,-21.43666666666674,3024.516666666666,-0.1728763440860221
LPPT,2020-10-13,ARR,94,20.056666666666615,2312.433333333333,0.2133687943262406
LPPT,2020-10-14,ARR,99,17.293333333333273,2434.4500000000003,0.17468013468013407
LPPT,2020-10-15,ARR,121,13.189999999999912,2951.616666666667,0.10900826446280919
LPPT,2020-10-16,ARR,128,-9.760000000000051,3120.8833333333337,-0.0762500000000004
LPPT,2020-10-17,ARR,120,-30.836666666666655,2721.183333333334,-0.2569722222222221
LPPT,2020-10-18,ARR,134,73.32333333333338,3184.8166666666666,0.5471890547263685
LPPT,2020-10-19,ARR,118,394.9866666666667,3080.1666666666674,3.347344632768362
LPPT,2020-10-20,ARR,91,119.84333333333333,2247.3166666666666,1.316959706959707
LPPT,2020-10-21,ARR,94,92.54666666666671,2286.383333333333,0.984539007092199
LPPT,2020-10-22,ARR,106,227.32000000000002,2684.8333333333335,2.1445283018867927
LPPT,2020-10-23,ARR,128,-36.29666666666681,3104.216666666667,-0.28356770833333445
LPPT,2020-10-24,ARR,122,27.830000000000037,2826.8666666666663,0.22811475409836096
LPPT,2020-10-25,ARR,132,357.00333333333333,3461.25,2.7045707070707072
LPPT,2020-10-26,ARR,120,0.13999999999994728,2948.816666666666,0.0011666666666662272
LPPT,2020-10-27,ARR,84,-23.6533333333333,1942.1666666666665,-0.2815873015873012
LPPT,2020-10-28,ARR,85,-15.53000000000003,2074.916666666667,-0.18270588235294152
LPPT,2020-10-29,ARR,109,-24.710000000000026,2611.8333333333335,-0.22669724770642224
LPPT,2020-10-30,ARR,130,28.3333333333333,3186.516666666667,0.2179487179487177
LPPT,2020-10-31,ARR,104,-130.80333333333337,2371.2833333333333,-1.2577243589743594
LPPT,2020-11-01,ARR,131,-46.750000000000014,3015.1166666666663,-0.3568702290076337
LPPT,2020-11-02,ARR,121,47.28333333333328,3013.9333333333334,0.39077134986225853
LPPT,2020-11-03,ARR,79,35.48333333333329,1963.1833333333336,0.4491561181434594
LPPT,2020-11-04,ARR,84,117.94666666666663,2188.4833333333336,1.4041269841269837
LPPT,2020-11-05,ARR,89,17.346666666666657,2085.683333333333,0.1949063670411984
LPPT,2020-11-06,ARR,119,277.23333333333335,3021.2833333333338,2.3296918767507004
LPPT,2020-11-07,ARR,88,105.39000000000001,2137.1666666666665,1.1976136363636365
LPPT,2020-11-08,ARR,120,288.51000000000005,3061.983333333333,2.40425
LPPT,2020-11-09,ARR,92,-11.373333333333353,2236.5666666666666,-0.12362318840579731
LPPT,2020-11-10,ARR,67,32.49,1684.4666666666667,0.4849253731343284
LPPT,2020-11-11,ARR,71,-15.816666666666695,1735.2166666666667,-0.2227699530516436
LPPT,2020-11-12,ARR,84,-40.27000000000004,2020.866666666667,-0.4794047619047624
LPPT,2020-11-13,ARR,108,-7.633333333333411,2644.05,-0.07067901234567973
LPPT,2020-11-14,ARR,85,80.52333333333337,2078.283333333333,0.9473333333333338
LPPT,2020-11-15,ARR,109,137.57333333333338,2688.75,1.262140672782875
LPPT,2020-11-16,ARR,92,-35.186666666666696,2157.3666666666663,-0.38246376811594235
LPPT,2020-11-17,ARR,60,21.11666666666665,1479.6166666666668,0.35194444444444417
LPPT,2020-11-18,ARR,65,10.939999999999976,1610.4333333333336,0.16830769230769194
LPPT,2020-11-19,ARR,69,19.10333333333331,1685.0833333333333,0.2768599033816422
LPPT,2020-11-20,ARR,92,4.229999999999919,2248.0166666666664,0.04597826086956434
LPPT,2020-11-21,ARR,73,-26.286666666666697,1722.966666666667,-0.36009132420091366
LPPT,2020-11-22,ARR,96,13.073333333333252,2335.383333333334,0.13618055555555472
LPPT,2020-11-23,ARR,82,11.893333333333299,1993.666666666667,0.14504065040650366
LPPT,2020-11-24,ARR,59,100.41999999999999,1517.416666666667,1.7020338983050844
LPPT,2020-11-25,ARR,61,65.69333333333333,1557.7333333333331,1.0769398907103824
LPPT,2020-11-26,ARR,65,10.523333333333312,1595.7166666666667,0.16189743589743558
LPPT,2020-11-27,ARR,89,20.983333333333285,2167.7833333333333,0.23576779026217173
LPPT,2020-11-28,ARR,66,60.3,1638.366666666667,0.9136363636363636
LPPT,2020-11-29,ARR,97,63.92666666666667,2377.416666666667,0.6590378006872852
LPPT,2020-11-30,ARR,80,7.9699999999999775,1962.7333333333336,0.09962499999999971
LPPT,2020-12-01,ARR,60,-39.9466666666667,1423.15,-0.6657777777777784
LPPT,2020-12-02,ARR,67,-60.1866666666667,1569.6000000000001,-0.8983084577114433
LPPT,2020-12-03,ARR,59,-14.133333333333333,1396.6166666666668,-0.23954802259887004
LPPT,2020-12-04,ARR,89,256.4333333333333,2446.6999999999994,2.8812734082396996
LPPT,2020-12-05,ARR,68,-18.076666666666675,1628.616666666667,-0.2658333333333335
LPPT,2020-12-06,ARR,90,-31.88000000000001,2045.933333333333,-0.3542222222222223
LPPT,2020-12-07,ARR,71,-28.410000000000053,1714.383333333334,-0.4001408450704233
LPPT,2020-12-08,ARR,57,24.496666666666655,1404.0833333333335,0.42976608187134485
LPPT,2020-12-09,ARR,65,0.4866666666666717,1591.1000000000004,0.007487179487179564
LPPT,2020-12-10,ARR,74,-52.81333333333332,1668.1499999999999,-0.7136936936936935
LPPT,2020-12-11,ARR,102,-12.716666666666644,2349.8333333333335,-0.12467320261437886
LPPT,2020-12-12,ARR,79,-60.87333333333332,1817.9999999999998,-0.7705485232067509
LPPT,2020-12-13,ARR,101,43.696666666666694,2401.616666666666,0.43264026402640293
LPPT,2020-12-14,ARR,95,84.45333333333338,2283.1333333333337,0.8889824561403513
LPPT,2020-12-15,ARR,72,35.41000000000001,1764.8,0.4918055555555557
LPPT,2020-12-16,ARR,78,73.16666666666663,1989.2666666666667,0.9380341880341876
LPPT,2020-12-17,ARR,112,-44.17666666666673,2671.4666666666667,-0.39443452380952443
LPPT,2020-12-18,ARR,145,221.34666666666672,3543.350000000001,1.5265287356321844
LPPT,2020-12-19,ARR,133,54.75333333333329,3278.2166666666662,0.41167919799498714
LPPT,2020-12-20,ARR,154,6.963333333333317,3567.266666666667,0.04521645021645011
LPPT,2020-12-21,ARR,122,-27.066666666666677,2802.7,-0.22185792349726785
LPPT,2020-12-22,ARR,99,-11.110000000000035,2298.2999999999993,-0.11222222222222257
LPPT,2020-12-23,ARR,115,80.29666666666664,2795.55,0.6982318840579708
LPPT,2020-12-24,ARR,117,120.89666666666656,2979.6166666666654,1.0333048433048424
LPPT,2020-12-25,ARR,70,-31.736666666666693,1652.2499999999998,-0.4533809523809528
LPPT,2020-12-26,ARR,106,35.01999999999994,2608.516666666666,0.3303773584905655
LPPT,2020-12-27,ARR,138,49.42333333333336,3241.6499999999996,0.35814009661835766
LPPT,2020-12-28,ARR,126,142.59333333333325,3221.95,1.131693121693121
LPPT,2020-12-29,ARR,95,17.10666666666661,2314.1166666666663,0.18007017543859588
LPPT,2020-12-30,ARR,101,-12.780000000000072,2461.25,-0.12653465346534726
LPPT,2020-12-31,ARR,100,23.023333333333333,2359.7166666666667,0.23023333333333335
LPPT,2021-01-01,ARR,102,46.919999999999916,2517.3666666666663,0.4599999999999992
LPPT,2021-01-02,ARR,129,112.50999999999996,3236.65,0.8721705426356586
LPPT,2021-01-03,ARR,148,146.90333333333328,3698.483333333334,0.9925900900900897
LPPT,2021-01-04,ARR,131,160.65666666666658,3338.666666666667,1.2263867684478365
LPPT,2021-01-05,ARR,91,216.40666666666664,2417.583333333333,2.378095238095238
LPPT,2021-01-06,ARR,89,81.13666666666661,2247.7166666666667,0.9116479400749058
LPPT,2021-01-07,ARR,96,166.88666666666657,2492.883333333333,1.7384027777777769
LPPT,2021-01-08,ARR,107,204.1766666666666,2795.7166666666662,1.9081931464174449
LPPT,2021-01-09,ARR,104,79.69666666666662,2581.000000000001,0.766314102564102
LPPT,2021-01-10,ARR,115,30.699999999999907,2786.6,0.26695652173912965
LPPT,2021-01-11,ARR,85,26.413333333333302,2050.9833333333336,0.3107450980392153
LPPT,2021-01-12,ARR,49,30.406666666666673,1184.0333333333333,0.620544217687075
LPPT,2021-01-13,ARR,48,-10.440000000000026,1109.7666666666667,-0.21750000000000055
LPPT,2021-01-14,ARR,68,11.396666666666654,1638.35,0.16759803921568608
LPPT,2021-01-15,ARR,82,-14.870000000000022,1973.3833333333337,-0.18134146341463442
LPPT,2021-01-16,ARR,72,-31.096666666666678,1672.7666666666664,-0.4318981481481483
LPPT,2021-01-17,ARR,87,11.499999999999947,2103.5166666666664,0.1321839080459764
LPPT,2021-01-18,ARR,84,16.6233333333333,2013.4666666666667,0.197896825396825
LPPT,2021-01-19,ARR,43,40.56333333333333,1069.35,0.9433333333333334
LPPT,2021-01-20,ARR,43,35.45666666666669,1050.5833333333333,0.8245736434108533
LPPT,2021-01-21,ARR,65,115.69333333333334,1659.4666666666667,1.779897435897436
LPPT,2021-01-22,ARR,81,45.67333333333333,1950.1000000000004,0.5638683127572016
LPPT,2021-01-23,ARR,73,46.266666666666666,1794.8999999999999,0.6337899543378995
LPPT,2021-01-24,ARR,81,45.866666666666674,1918.1166666666663,0.5662551440329219
LPPT,2021-01-25,ARR,82,122.07000000000004,2040.0666666666668,1.4886585365853664
LPPT,2021-01-26,ARR,45,-51.50000000000001,1044.2333333333331,-1.1444444444444446
LPPT,2021-01-27,ARR,45,-43.85000000000001,1047.1666666666667,-0.9744444444444447
LPPT,2021-01-28,ARR,62,43.83666666666666,1570.7499999999998,0.707043010752688
LPPT,2021-01-29,ARR,74,102.54000000000002,1814.2666666666667,1.3856756756756758
LPPT,2021-01-30,ARR,66,-20.786666666666658,1558.95,-0.3149494949494948
LPPT,2021-01-31,ARR,76,5.153333333333357,1771.4833333333331,0.06780701754385997
LPPT,2021-02-01,ARR,69,-44.35333333333332,1538.4,-0.6428019323671496
LPPT,2021-02-02,ARR,33,-0.2100000000000044,774.4666666666665,-0.006363636363636497
LPPT,2021-02-03,ARR,39,28.349999999999994,960.1166666666667,0.7269230769230768
LPPT,2021-02-04,ARR,53,20.99666666666665,1349.2499999999998,0.39616352201257826
LPPT,2021-02-05,ARR,57,19.549999999999965,1401.433333333333,0.3429824561403503
LPPT,2021-02-06,ARR,46,0.23666666666665392,1102.1166666666666,0.005144927536231607
LPPT,2021-02-07,ARR,56,23.656666666666663,1297.5333333333333,0.42244047619047614
LPPT,2021-02-08,ARR,48,-26.05,1091.5333333333333,-0.5427083333333333
LPPT,2021-02-09,ARR,23,12.07333333333333,569.2499999999999,0.5249275362318839
LPPT,2021-02-10,ARR,29,-25.489999999999988,676.15,-0.8789655172413788
LPPT,2021-02-11,ARR,43,28.630000000000006,1044.1000000000001,0.6658139534883722
LPPT,2021-02-12,ARR,56,-29.520000000000014,1284.2833333333333,-0.5271428571428574
LPPT,2021-02-13,ARR,48,17.140000000000022,1181.2,0.3570833333333338
LPPT,2021-02-14,ARR,50,-42.80000000000001,1164.4,-0.8560000000000002
LPPT,2021-02-15,ARR,43,2.503333333333334,975.25,0.0582170542635659
LPPT,2021-02-16,ARR,31,-2.5633333333333326,752.6333333333334,-0.08268817204301072
LPPT,2021-02-17,ARR,30,-8.379999999999988,702.3333333333333,-0.27933333333333293
LPPT,2021-02-18,ARR,42,60.50999999999999,1061.7333333333333,1.4407142857142854
LPPT,2021-02-19,ARR,59,57.05666666666667,1437.5000000000002,0.9670621468926555
LPPT,2021-02-20,ARR,57,54.77999999999999,1395.0333333333335,0.9610526315789472
LPPT,2021-02-21,ARR,59,-8.10666666666669,1414.1166666666666,-0.13740112994350323
LPPT,2021-02-22,ARR,52,-33.98666666666667,1166.1833333333334,-0.6535897435897436
LPPT,2021-02-23,ARR,29,-22.55333333333334,671.2,-0.7777011494252877
LPPT,2021-02-24,ARR,33,2.4666666666666686,785.6,0.0747474747474748
LPPT,2021-02-25,ARR,40,35.876666666666665,1006.3333333333335,0.8969166666666666
LPPT,2021-02-26,ARR,52,-24.65,1250.2999999999997,-0.4740384615384615
LPPT,2021-02-27,ARR,55,-22.40666666666667,1295.3333333333333,-0.4073939393939395
LPPT,2021-02-28,ARR,62,-66.6166666666667,1337.45,-1.0744623655913985
LPPT,2021-03-01,ARR,47,-8.073333333333348,1136.9499999999998,-0.1717730496453904
LPPT,2021-03-02,ARR,25,-16.086666666666673,589.3333333333333,-0.643466666666667
LPPT,2021-03-03,ARR,29,-11.863333333333333,678.5666666666667,-0.4090804597701149
LPPT,2021-03-04,ARR,39,26.106666666666662,925.1666666666667,0.6694017094017093
LPPT,2021-03-05,ARR,57,-17.123333333333353,1376.4,-0.3004093567251465
LPPT,2021-03-06,ARR,52,-21.62666666666667,1232.1999999999998,-0.41589743589743594
LPPT,2021-03-07,ARR,53,-27.446666666666683,1260.2333333333336,-0.5178616352201261
LPPT,2021-03-08,ARR,55,-4.740000000000013,1327.0166666666667,-0.08618181818181841
LPPT,2021-03-09,ARR,25,-31.116666666666674,567.8000000000001,-1.244666666666667
LPPT,2021-03-10,ARR,33,-30.326666666666686,768.65,-0.9189898989898996
LPPT,2021-03-11,ARR,42,-18.396666666666675,1011.4499999999999,-0.43801587301587325
LPPT,2021-03-12,ARR,51,32.39,1268.2833333333333,0.6350980392156863
LPPT,2021-03-13,ARR,56,-23.393333333333327,1313.4,-0.41773809523809513
LPPT,2021-03-14,ARR,49,-2.6366666666666987,1167.7333333333331,-0.053809523809524466
LPPT,2021-03-15,ARR,52,-16.483333333333366,1231.7,-0.31698717948718014
LPPT,2021-03-16,ARR,24,-16.05666666666667,567.2166666666667,-0.6690277777777779
LPPT,2021-03-17,ARR,42,-7.1333333333333435,998.6833333333334,-0.16984126984127007
LPPT,2021-03-18,ARR,45,-18.943333333333346,1080.3666666666666,-0.42096296296296326
LPPT,2021-03-19,ARR,55,-49.34000000000003,1298.5666666666668,-0.8970909090909097
LPPT,2021-03-20,ARR,58,-61.58333333333334,1330.8833333333334,-1.0617816091954024
LPPT,2021-03-21,ARR,56,-46.77333333333337,1312.2499999999998,-0.8352380952380959
LPPT,2021-03-22,ARR,53,-41.94666666666667,1229.95,-0.7914465408805033
LPPT,2021-03-23,ARR,32,-14.496666666666666,744.6499999999999,-0.4530208333333333
LPPT,2021-03-24,ARR,39,-46.01666666666668,907.3999999999999,-1.1799145299145302
LPPT,2021-03-25,ARR,49,12.34666666666665,1205.6,0.2519727891156459
LPPT,2021-03-26,ARR,68,33.66666666666665,1705.9833333333333,0.495098039215686
LPPT,2021-03-27,ARR,76,-17.21333333333334,1792.4666666666667,-0.2264912280701755
LPPT,2021-03-28,ARR,99,-18.503333333333384,2382.3999999999996,-0.1869023569023574
LPPT,2021-03-29,ARR,105,-17.7266666666667,2491.533333333333,-0.16882539682539713
LPPT,2021-03-30,ARR,52,2.016666666666655,1237.1166666666668,0.03878205128205106
LPPT,2021-03-31,ARR,76,1.63999999999999,1777.8166666666666,0.02157894736842092
LPPT,2021-04-01,ARR,93,55.6666666666667,2220.1833333333334,0.5985663082437279
LPPT,2021-04-02,ARR,108,-28.566666666666652,2489.4166666666665,-0.26450617283950606
LPPT,2021-04-03,ARR,111,-43.12000000000004,2673.7333333333327,-0.38846846846846883
LPPT,2021-04-04,ARR,120,-107.25333333333339,2804.6833333333334,-0.8937777777777782
LPPT,2021-04-05,ARR,108,-88.05000000000005,2486.95,-0.8152777777777783
LPPT,2021-04-06,ARR,47,-37.08000000000002,1097.1000000000001,-0.7889361702127664
LPPT,2021-04-07,ARR,69,0.6133333333333013,1653.0333333333335,0.008888888888888424
LPPT,2021-04-08,ARR,87,-29.490000000000027,2016.3833333333334,-0.33896551724137963
LPPT,2021-04-09,ARR,111,34.820000000000014,2595.15,0.3136936936936938
LPPT,2021-04-10,ARR,107,114.04000000000002,2595.133333333333,1.0657943925233646
LPPT,2021-04-11,ARR,113,-18.5633333333334,2725.0333333333338,-0.1642772861356938
LPPT,2021-04-12,ARR,99,8.936666666666639,2316.5333333333333,0.09026936026935999
LPPT,2021-04-13,ARR,47,-7.036666666666676,1096.4166666666667,-0.1497163120567378
LPPT,2021-04-14,ARR,69,33.643333333333295,1714.9499999999998,0.48758454106280136
LPPT,2021-04-15,ARR,80,10.253333333333309,1982.0333333333335,0.12816666666666637
LPPT,2021-04-16,ARR,110,-86.51666666666671,2573.8499999999995,-0.78651515151515194
LPPT,2021-04-17,ARR,101,-89.17000000000003,2392.383333333333,-0.8828712871287132
LPPT,2021-04-18,ARR,112,-48.60333333333334,2546.333333333333,-0.4339583333333334
LPPT,2021-04-19,ARR,109,42.28666666666665,2663.216666666667,0.38795107033639126
LPPT,2021-04-20,ARR,48,-15.736666666666679,1136.65,-0.32784722222222246
LPPT,2021-04-21,ARR,66,-6.453333333333347,1547.7166666666667,-0.09777777777777799
LPPT,2021-04-22,ARR,95,-49.36000000000001,2147.4500000000003,-0.5195789473684211
LPPT,2021-04-23,ARR,109,142.46666666666667,2652.783333333333,1.307033639143731
LPPT,2021-04-24,ARR,108,120.27666666666666,2653.1166666666672,1.1136728395061728
LPPT,2021-04-25,ARR,112,78.80333333333336,2651.666666666666,0.7036011904761906
LPPT,2021-04-26,ARR,103,45.08333333333329,2521.983333333333,0.4377022653721679
LPPT,2021-04-27,ARR,51,-4.62333333333336,1222.8833333333332,-0.09065359477124235
LPPT,2021-04-28,ARR,67,-26.340000000000025,1620.45,-0.39313432835820933
LPPT,2021-04-29,ARR,88,67.57333333333327,2232.95,0.7678787878787872
LPPT,2021-04-30,ARR,108,5.176666666666623,2651.133333333334,0.0479320987654317
LPPT,2021-05-01,ARR,121,67.28999999999995,3013.4333333333334,0.5561157024793384
LPPT,2021-05-02,ARR,126,95.84333333333325,3129.249999999999,0.760661375661375
LPPT,2021-05-03,ARR,106,-9.116666666666703,2549.35,-0.08600628930817644
LPPT,2021-05-04,ARR,55,-10.05333333333336,1303.8999999999996,-0.18278787878787925
LPPT,2021-05-05,ARR,84,-41.820000000000036,1995.583333333333,-0.4978571428571433
LPPT,2021-05-06,ARR,91,18.22999999999997,2234.7166666666662,0.20032967032966997
LPPT,2021-05-07,ARR,113,20.72666666666662,2747.8333333333335,0.18342182890855416
LPPT,2021-05-08,ARR,115,1.4733333333333398,2619.683333333333,0.012811594202898607
LPPT,2021-05-09,ARR,118,71.61666666666667,2820.366666666666,0.6069209039548024
LPPT,2021-05-10,ARR,111,28.196666666666708,2616.4166666666665,0.2540240240240244
LPPT,2021-05-11,ARR,58,-21.993333333333315,1318.6333333333332,-0.37919540229885024
LPPT,2021-05-12,ARR,81,2.013333333333321,1994.1666666666665,0.02485596707818915
LPPT,2021-05-13,ARR,97,-35.96333333333331,2270.083333333334,-0.3707560137457042
LPPT,2021-05-14,ARR,109,-8.630000000000049,2602.2,-0.07917431192660596
LPPT,2021-05-15,ARR,122,97.5033333333333,3024.8166666666666,0.7992076502732238
LPPT,2021-05-16,ARR,118,9.406666666666613,2825.766666666667,0.07971751412429333
LPPT,2021-05-17,ARR,110,52.41999999999993,2712.4666666666667,0.47654545454545394
LPPT,2021-05-18,ARR,65,7.173333333333314,1573.9666666666667,0.11035897435897407
LPPT,2021-05-19,ARR,87,-28.470000000000024,2100.433333333333,-0.3272413793103451
LPPT,2021-05-20,ARR,104,-18.913333333333377,2520.6,-0.18185897435897477
LPPT,2021-05-21,ARR,130,187.78999999999994,3345.3999999999996,1.444538461538461
LPPT,2021-05-22,ARR,129,225.4433333333332,3335.8166666666666,1.7476227390180867
LPPT,2021-05-23,ARR,138,-9.596666666666703,3305.3666666666672,-0.06954106280193263
LPPT,2021-05-24,ARR,121,5.089999999999947,2940.9166666666665,0.042066115702478896
LPPT,2021-05-25,ARR,72,75.15333333333331,1819.2500000000002,1.0437962962962959
LPPT,2021-05-26,ARR,112,-11.080000000000037,2723.15,-0.09892857142857177
LPPT,2021-05-27,ARR,115,-37.64333333333337,2810.1333333333337,-0.3273333333333337
LPPT,2021-05-28,ARR,136,132.57999999999996,3453.433333333333,0.9748529411764703
LPPT,2021-05-29,ARR,149,78.0499999999999,3705.466666666665,0.523825503355704
LPPT,2021-05-30,ARR,141,69.04666666666665,3460.7666666666655,0.48969267139479894
LPPT,2021-05-31,ARR,123,29.21666666666664,2842.399999999999,0.23753387533875317
LPPT,2021-06-01,ARR,99,-53.93999999999996,2208.8333333333335,-0.5448484848484845
LPPT,2021-06-02,ARR,116,49.366666666666674,2731.5000000000005,0.42557471264367824
LPPT,2021-06-03,ARR,147,152.6466666666666,3752.399999999999,1.0384126984126978
LPPT,2021-06-04,ARR,164,-4.313333333333404,3987.8666666666672,-0.02630081300813051
LPPT,2021-06-05,ARR,181,41.783333333333246,4414.65,0.23084714548802898
LPPT,2021-06-06,ARR,195,162.73999999999987,4893.500000000001,0.8345641025641019
LPPT,2021-06-07,ARR,173,110.90666666666655,4310.3,0.6410789980732171
LPPT,2021-06-08,ARR,97,6.0133333333333,2303.316666666667,0.061993127147765975
LPPT,2021-06-09,ARR,116,36.11666666666662,2824.7500000000005,0.31135057471264327
LPPT,2021-06-10,ARR,147,165.58333333333326,3742.7499999999995,1.1264172335600902
LPPT,2021-06-11,ARR,157,14.64333333333326,3834.7833333333338,0.09326963906581694
LPPT,2021-06-12,ARR,167,-25.05000000000002,3921.55,-0.1500000000000001
LPPT,2021-06-13,ARR,184,4.3899999999999615,4291.683333333334,0.023858695652173703
LPPT,2021-06-14,ARR,166,29.859999999999946,4008.4499999999994,0.17987951807228883
LPPT,2021-06-15,ARR,103,0.42999999999999616,2390.5666666666666,0.004174757281553361
LPPT,2021-06-16,ARR,136,-53.939999999999955,3053.6,-0.3966176470588232
LPPT,2021-06-17,ARR,161,149.76999999999992,4078.6499999999996,0.9302484472049685
LPPT,2021-06-18,ARR,181,85.29666666666667,4405.283333333334,0.47125230202578267
LPPT,2021-06-19,ARR,172,-34.75333333333336,4087.433333333333,-0.20205426356589162
LPPT,2021-06-20,ARR,213,128.39333333333332,5056.000000000001,0.6027856025039123
LPPT,2021-06-21,ARR,177,59.75999999999992,4319.000000000001,0.33762711864406736
LPPT,2021-06-22,ARR,106,71.93333333333328,2615.6499999999996,0.6786163522012574
LPPT,2021-06-23,ARR,138,-4.020000000000088,3349.4499999999985,-0.029130434782609335
LPPT,2021-06-24,ARR,172,27.48666666666658,4229.716666666666,0.15980620155038708
LPPT,2021-06-25,ARR,187,1.259999999999934,4491.45,0.00673796791443815
LPPT,2021-06-26,ARR,184,167.07333333333324,4552.05,0.9080072463768111
LPPT,2021-06-27,ARR,215,402.22999999999996,5621.750000000001,1.8708372093023253
LPPT,2021-06-28,ARR,197,171.8266666666665,4946.200000000001,0.872216582064297
LPPT,2021-06-29,ARR,116,29.37666666666662,2798.7333333333336,0.2532471264367812
LPPT,2021-06-30,ARR,146,111.83999999999997,3634.2166666666662,0.7660273972602738
LPPT,2021-07-01,ARR,200,245.1033333333333,5115.483333333334,1.2255166666666666
LPPT,2021-07-02,ARR,228,272.27333333333326,5726.550000000001,1.1941812865497072
LPPT,2021-07-03,ARR,231,267.27333333333337,5748.0999999999985,1.157027417027417
LPPT,2021-07-04,ARR,240,307.87999999999994,6082.0999999999995,1.282833333333333
LPPT,2021-07-05,ARR,230,314.68333333333334,5872.566666666666,1.3681884057971014
LPPT,2021-07-06,ARR,142,126.9899999999999,3558.500000000001,0.8942957746478866
LPPT,2021-07-07,ARR,173,102.58333333333326,4277.3166666666675,0.5929672447013483
LPPT,2021-07-08,ARR,188,124.63666666666656,4698.533333333333,0.6629609929078009
LPPT,2021-07-09,ARR,215,281.45,5485.5166666666655,1.3090697674418603
LPPT,2021-07-10,ARR,222,201.36666666666653,5588.249999999998,0.9070570570570564
LPPT,2021-07-11,ARR,243,493.4066666666665,6340.433333333332,2.0304801097393685
LPPT,2021-07-12,ARR,221,328.34999999999985,5687.466666666666,1.485746606334841
LPPT,2021-07-13,ARR,136,23.309999999999928,3303.9666666666662,0.17139705882352888
LPPT,2021-07-14,ARR,168,-69.7433333333334,3970.8666666666672,-0.4151388888888893
LPPT,2021-07-15,ARR,188,52.92333333333332,4526.033333333333,0.2815070921985815
LPPT,2021-07-16,ARR,227,42.659999999999975,5405.166666666666,0.18792951541850209
LPPT,2021-07-17,ARR,123,-37.02333333333338,2889.7166666666667,-0.30100271002710066
LPPT,2021-07-18,ARR,92,-54.453333333333376,2151.85,-0.591884057971015
LPPT,2021-07-19,ARR,225,252.14333333333323,5700.683333333332,1.1206370370370367
LPPT,2021-07-20,ARR,150,-44.91000000000003,3554.7,-0.2994000000000002
LPPT,2021-07-21,ARR,180,79.6899999999999,4401.5,0.4427222222222217
LPPT,2021-07-22,ARR,198,318.39333333333326,5131.199999999998,1.6080471380471377
LPPT,2021-07-23,ARR,233,557.49,6202.466666666667,2.3926609442060087
LPPT,2021-07-24,ARR,233,296.09333333333313,5927.216666666664,1.2707868383404854
LPPT,2021-07-25,ARR,255,142.93999999999994,6115.983333333334,0.5605490196078429
LPPT,2021-07-26,ARR,215,101.15999999999993,5297.216666666667,0.47051162790697637
LPPT,2021-07-27,ARR,164,30.066666666666606,3958.7500000000005,0.18333333333333296
LPPT,2021-07-28,ARR,179,10.01666666666662,4315.666666666667,0.05595903165735542
LPPT,2021-07-29,ARR,190,144.0966666666666,4753.4333333333325,0.7584035087719295
LPPT,2021-07-30,ARR,233,285.9799999999998,5922.4000000000015,1.227381974248926
LPPT,2021-07-31,ARR,236,354.8133333333332,6070.433333333333,1.5034463276836154
LPPT,2021-08-01,ARR,259,390.0266666666665,6640.233333333333,1.505894465894465
LPPT,2021-08-02,ARR,241,176.36999999999986,6069.883333333333,0.7318257261410782
LPPT,2021-08-03,ARR,165,15.739999999999938,3979.0499999999993,0.09539393939393902
LPPT,2021-08-04,ARR,182,106.7466666666666,4477.716666666665,0.5865201465201462
LPPT,2021-08-05,ARR,204,281.8466666666665,5234.783333333336,1.3816013071895419
LPPT,2021-08-06,ARR,239,336.4499999999998,6097.166666666664,1.407740585774058
LPPT,2021-08-07,ARR,234,436.68999999999994,6105.999999999998,1.866196581196581
LPPT,2021-08-08,ARR,255,393.4599999999999,6538.233333333334,1.5429803921568623
LPPT,2021-08-09,ARR,240,260.3266666666665,6104.633333333332,1.0846944444444437
LPPT,2021-08-10,ARR,165,53.756666666666646,4009.083333333333,0.3257979797979797
LPPT,2021-08-11,ARR,187,87.96666666666661,4615.95,0.47040998217468777
LPPT,2021-08-12,ARR,205,167.20999999999984,5150.716666666664,0.815658536585365
LPPT,2021-08-13,ARR,233,209.85333333333324,5830.783333333331,0.9006580829756792
LPPT,2021-08-14,ARR,242,120.98666666666657,5952.816666666667,0.4999449035812668
LPPT,2021-08-15,ARR,255,523.9466666666664,6677.116666666666,2.054692810457515
LPPT,2021-08-16,ARR,243,473.9633333333331,6363.833333333332,1.950466392318243
LPPT,2021-08-17,ARR,162,71.08999999999995,3964.4499999999994,0.4388271604938268
LPPT,2021-08-18,ARR,185,152.56999999999996,4621.049999999999,0.8247027027027025
LPPT,2021-08-19,ARR,211,122.22666666666656,5261.799999999999,0.5792733017377563
LPPT,2021-08-20,ARR,232,378.05333333333317,5973.899999999998,1.6295402298850568
LPPT,2021-08-21,ARR,236,298.7566666666666,5992.750000000002,1.265918079096045
LPPT,2021-08-22,ARR,263,370.1799999999999,6723.816666666666,1.4075285171102658
LPPT,2021-08-23,ARR,249,49.01999999999991,6107.499999999999,0.19686746987951773
LPPT,2021-08-24,ARR,168,-66.53333333333332,3805.2166666666676,-0.39603174603174596
LPPT,2021-08-25,ARR,196,81.32000000000009,4550.466666666666,0.41489795918367395
LPPT,2021-08-26,ARR,204,27.57000000000005,4729.5999999999995,0.13514705882352965
LPPT,2021-08-27,ARR,241,202.94666666666672,5733.883333333334,0.8421023513139698
LPPT,2021-08-28,ARR,237,224.1833333333334,5858.133333333334,0.9459212376933899
LPPT,2021-08-29,ARR,268,480.8033333333333,6829.266666666666,1.7940422885572138
LPPT,2021-08-30,ARR,254,247.32999999999993,6350.216666666668,0.9737401574803147
LPPT,2021-08-31,ARR,167,30.136666666666628,3981.2833333333333,0.1804590818363271
LPPT,2021-09-01,ARR,196,63.41666666666673,4583.233333333333,0.3235544217687078
LPPT,2021-09-02,ARR,213,17.393333333333253,5165.333333333334,0.0816588419405317
LPPT,2021-09-03,ARR,238,256.1799999999997,5965.600000000001,1.0763865546218476
LPPT,2021-09-04,ARR,238,115.22666666666666,5752.533333333335,0.4841456582633053
LPPT,2021-09-05,ARR,260,594.81,6578.750000000001,2.287730769230769
LPPT,2021-09-06,ARR,240,547.0500000000002,6059.983333333331,2.279375000000001
LPPT,2021-09-07,ARR,152,94.69666666666666,3574.616666666667,0.6230043859649123
LPPT,2021-09-08,ARR,190,-8.166666666666632,4336.233333333334,-0.0429824561403507
LPPT,2021-09-09,ARR,197,-14.480000000000093,4789.5999999999995,-0.07350253807106646
LPPT,2021-09-10,ARR,232,217.76666666666665,5736.216666666667,0.9386494252873563
LPPT,2021-09-11,ARR,231,389.33000000000004,5732.633333333332,1.6854112554112557
LPPT,2021-09-12,ARR,260,442.69000000000005,6477.533333333332,1.7026538461538463
LPPT,2021-09-13,ARR,237,578.3433333333332,6011.199999999999,2.440267229254571
LPPT,2021-09-14,ARR,154,120.02000000000004,3682.9333333333334,0.7793506493506496
LPPT,2021-09-15,ARR,185,-31.510000000000055,4301.083333333333,-0.17032432432432462
LPPT,2021-09-16,ARR,191,124.47999999999993,4770.416666666667,0.6517277486910992
LPPT,2021-09-17,ARR,232,288.7233333333332,5895.616666666668,1.244497126436781
LPPT,2021-09-18,ARR,226,228.05999999999986,5663.8499999999995,1.009115044247787
LPPT,2021-09-19,ARR,253,451.6366666666665,6550.566666666668,1.7851251646903814
LPPT,2021-09-20,ARR,242,104.23666666666655,5967.066666666669,0.4307300275482089
LPPT,2021-09-21,ARR,153,-41.316666666666755,3636.0666666666666,-0.27004357298475
LPPT,2021-09-22,ARR,188,193.21999999999983,4723.466666666666,1.0277659574468077
LPPT,2021-09-23,ARR,204,264.0799999999998,5230.4000000000005,1.2945098039215677
LPPT,2021-09-24,ARR,238,607.8900000000002,6147.583333333334,2.5541596638655473
LPPT,2021-09-25,ARR,228,107.39333333333336,5380.616666666667,0.4710233918128656
LPPT,2021-09-26,ARR,255,347.47666666666663,6308.533333333333,1.3626535947712417
LPPT,2021-09-27,ARR,244,433.6766666666665,6340.233333333333,1.7773633879781414
LPPT,2021-09-28,ARR,161,82.84999999999997,3948.8500000000004,0.5145962732919253
LPPT,2021-09-29,ARR,188,127.99999999999991,4657.666666666667,0.6808510638297868
LPPT,2021-09-30,ARR,200,215.09666666666655,5096.8499999999995,1.0754833333333327
LPPT,2021-10-01,ARR,239,333.53,6148.800000000001,1.395523012552301
LPPT,2021-10-02,ARR,232,333.0866666666667,5755.700000000001,1.4357183908045978
LPPT,2021-10-03,ARR,255,512.9933333333332,6713.833333333333,2.011738562091503
LPPT,2021-10-04,ARR,242,113.11999999999989,6003.300000000001,0.4674380165289252
LPPT,2021-10-05,ARR,149,15.769999999999936,3569.7000000000003,0.10583892617449621
LPPT,2021-10-06,ARR,182,-2.6900000000000865,4385.633333333333,-0.014780219780220255
LPPT,2021-10-07,ARR,200,-18.993333333333425,4827.266666666666,-0.09496666666666713
LPPT,2021-10-08,ARR,241,225.6266666666666,6070.383333333334,0.9362102351313967
LPPT,2021-10-09,ARR,230,155.94666666666657,5709.783333333333,0.678028985507246
LPPT,2021-10-10,ARR,258,49.44666666666663,6169.216666666664,0.1916537467700257
LPPT,2021-10-11,ARR,236,209.24333333333308,5936.25,0.8866242937853097
LPPT,2021-10-12,ARR,146,4.163333333333316,3493.116666666667,0.0285159817351597
LPPT,2021-10-13,ARR,176,-53.28333333333338,4149.35,-0.3027462121212124
LPPT,2021-10-14,ARR,196,-6.030000000000058,4700.8,-0.030765306122449276
LPPT,2021-10-15,ARR,245,135.7033333333332,5985.633333333334,0.5538911564625845
LPPT,2021-10-16,ARR,225,98.60333333333321,5547.049999999999,0.4382370370370365
LPPT,2021-10-17,ARR,258,199.32666666666674,6099.383333333334,0.7725839793281657
LPPT,2021-10-18,ARR,236,826.5166666666664,6427.4833333333345,3.502189265536722
LPPT,2021-10-19,ARR,149,-32.43333333333334,3406.183333333333,-0.21767337807606266
LPPT,2021-10-20,ARR,180,23.320000000000014,4270.716666666667,0.12955555555555565
LPPT,2021-10-21,ARR,197,131.4099999999999,4913.6833333333325,0.6670558375634513
LPPT,2021-10-22,ARR,245,229.16999999999993,6199.433333333332,0.9353877551020405
LPPT,2021-10-23,ARR,230,147.4299999999999,5721.166666666665,0.6409999999999996
LPPT,2021-10-24,ARR,252,283.74333333333317,6380.550000000002,1.1259656084656078
LPPT,2021-10-25,ARR,238,361.8299999999999,6144.433333333333,1.5202941176470586
LPPT,2021-10-26,ARR,154,-86.52666666666667,3603.583333333333,-0.5618614718614718
LPPT,2021-10-27,ARR,181,-60.10000000000007,4309.116666666668,-0.332044198895028
LPPT,2021-10-28,ARR,206,319.90666666666664,5112.966666666665,1.55294498381877
LPPT,2021-10-29,ARR,246,874.2800000000005,6504.1,3.553983739837401
LPPT,2021-10-30,ARR,239,645.9000000000002,6141.416666666668,2.702510460251047
LPPT,2021-10-31,ARR,243,514.6700000000003,6083.866666666665,2.1179835390946513
LPPT,2021-11-01,ARR,252,418.4599999999999,6553.9500000000035,1.6605555555555553
LPPT,2021-11-02,ARR,196,88.98666666666671,4588.283333333334,0.45401360544217706
LPPT,2021-11-03,ARR,188,77.75666666666656,4712.350000000001,0.4135992907801413
LPPT,2021-11-04,ARR,214,254.80999999999986,5479.649999999999,1.1907009345794386
LPPT,2021-11-05,ARR,248,173.3833333333332,6216.800000000001,0.699126344086021
LPPT,2021-11-06,ARR,241,-7.323333333333508,5865.483333333332,-0.03038727524204775
LPPT,2021-11-07,ARR,259,472.30333333333317,6766.333333333332,1.823564993564993
LPPT,2021-11-08,ARR,250,354.05999999999983,6422.416666666666,1.4162399999999993
LPPT,2021-11-09,ARR,201,167.87999999999994,5014.783333333334,0.8352238805970146
LPPT,2021-11-10,ARR,197,54.56333333333323,4862.15,0.27697123519458494
LPPT,2021-11-11,ARR,243,227.6999999999999,6124.549999999999,0.9370370370370367
LPPT,2021-11-12,ARR,253,240.88333333333313,6407.63333333333,0.9521080368906447
LPPT,2021-11-13,ARR,232,112.64666666666659,5714.133333333334,0.48554597701149393
LPPT,2021-11-14,ARR,261,188.92999999999986,6528.266666666665,0.7238697318007657
LPPT,2021-11-15,ARR,245,166.91999999999996,6131.149999999998,0.6813061224489795
LPPT,2021-11-16,ARR,199,57.589999999999925,4856.7,0.28939698492462274
LPPT,2021-11-17,ARR,196,77.9499999999999,4858.2,0.3977040816326526
LPPT,2021-11-18,ARR,224,308.47999999999985,5753.316666666669,1.3771428571428566
LPPT,2021-11-19,ARR,258,454.3033333333331,6751.433333333335,1.7608656330749346
LPPT,2021-11-20,ARR,230,202.57666666666657,5791.8666666666695,0.8807681159420285
LPPT,2021-11-21,ARR,253,400.81333333333316,6537.450000000002,1.5842424242424236
LPPT,2021-11-22,ARR,234,528.9999999999997,6203.716666666667,2.2606837606837593
LPPT,2021-11-23,ARR,192,110.9199999999999,4749.466666666667,0.5777083333333328
LPPT,2021-11-24,ARR,187,148.4666666666666,4709.050000000001,0.7939393939393936
LPPT,2021-11-25,ARR,227,473.44999999999976,5987.550000000001,2.085682819383259
LPPT,2021-11-26,ARR,254,589.7266666666665,6795.133333333334,2.3217585301837262
LPPT,2021-11-27,ARR,236,423.0233333333332,6139.383333333335,1.7924717514124289
LPPT,2021-11-28,ARR,247,241.99999999999986,6242.883333333333,0.9797570850202424
LPPT,2021-11-29,ARR,240,358.56666666666666,6159.4,1.4940277777777777
LPPT,2021-11-30,ARR,189,7.983333333333306,4543.516666666667,0.04223985890652543
LPPT,2021-12-01,ARR,178,-32.613333333333316,4175.333333333334,-0.18322097378277144
LPPT,2021-12-02,ARR,209,290.9166666666665,5373.433333333334,1.3919457735247203
LPPT,2021-12-03,ARR,238,222.17000000000002,6003.5999999999985,0.9334873949579833
LPPT,2021-12-04,ARR,229,127.65666666666662,5632.083333333334,0.5574526928675398
LPPT,2021-12-05,ARR,230,195.06999999999988,5792.4833333333345,0.8481304347826082
LPPT,2021-12-06,ARR,230,97.90999999999993,5532.349999999998,0.4256956521739127
LPPT,2021-12-07,ARR,183,215.17000000000002,4437.0999999999985,1.1757923497267762
LPPT,2021-12-08,ARR,191,120.2766666666666,4765.100000000002,0.6297207678883068
LPPT,2021-12-09,ARR,210,135.5566666666666,5227.133333333332,0.6455079365079361
LPPT,2021-12-10,ARR,235,316.4,6036.516666666666,1.346382978723404
LPPT,2021-12-11,ARR,225,378.7899999999999,5819.0999999999995,1.6835111111111107
LPPT,2021-12-12,ARR,232,540.1833333333332,6174.083333333335,2.3283764367816087
LPPT,2021-12-13,ARR,233,263.0566666666665,5916.983333333333,1.1289985693848348
LPPT,2021-12-14,ARR,193,3.116666666666635,4638.583333333333,0.016148531951640597
LPPT,2021-12-15,ARR,198,11.016666666666652,4845.016666666666,0.055639730639730565
LPPT,2021-12-16,ARR,230,220.09333333333325,5803.499999999998,0.9569275362318836
LPPT,2021-12-17,ARR,256,318.01,6555.466666666666,1.2422265625
LPPT,2021-12-18,ARR,254,452.1266666666666,6623.149999999998,1.7800262467191599
LPPT,2021-12-19,ARR,249,428.84666666666647,6452.983333333333,1.7222757697456486
LPPT,2021-12-20,ARR,260,1301.9633333333331,7197.783333333335,5.007551282051281
LPPT,2021-12-21,ARR,221,501.03666666666675,5534.2666666666655,2.2671342383107094
LPPT,2021-12-22,ARR,225,664.9500000000002,5793.633333333334,2.9553333333333343
LPPT,2021-12-23,ARR,237,500.10333333333335,5927.583333333333,2.11014064697609
LPPT,2021-12-24,ARR,224,425.7666666666668,5586.416666666665,1.9007440476190482
LPPT,2021-12-25,ARR,179,6.0066666666666535,4255.716666666668,0.0335567970204841
LPPT,2021-12-26,ARR,243,466.7500000000001,6062.283333333334,1.9207818930041156
LPPT,2021-12-27,ARR,258,550.1533333333334,6465.816666666665,2.1323772609819125
LPPT,2021-12-28,ARR,217,165.26333333333335,5115.049999999998,0.7615821812596006
LPPT,2021-12-29,ARR,224,86.8033333333334,5225.049999999999,0.38751488095238124
LPPT,2021-12-30,ARR,234,354.17999999999995,5830.049999999999,1.5135897435897434
LPPT,2021-12-31,ARR,227,479.4599999999999,5998.133333333333,2.1121585903083697
LPPT,2022-01-01,ARR,215,280.97666666666663,5303.850000000001,1.3068682170542634
LPPT,2022-01-02,ARR,244,2003.863333333334,7907.216666666666,8.212554644808746
LPPT,2022-01-03,ARR,260,1694.8933333333334,7785.999999999998,6.518820512820513
LPPT,2022-01-04,ARR,212,310.1299999999999,5482.166666666666,1.4628773584905654
LPPT,2022-01-05,ARR,194,-34.35666666666661,4435.483333333334,-0.1770962199312712
LPPT,2022-01-06,ARR,204,146.58666666666656,5094.0999999999995,0.7185620915032674
LPPT,2022-01-07,ARR,236,360.5299999999999,6076.116666666668,1.5276694915254234
LPPT,2022-01-08,ARR,234,343.0666666666666,5989.249999999999,1.4660968660968658
LPPT,2022-01-09,ARR,233,261.58666666666664,5925.483333333333,1.122689556509299
LPPT,2022-01-10,ARR,210,220.82666666666663,5289.050000000001,1.0515555555555554
LPPT,2022-01-11,ARR,155,152.52666666666667,3862.766666666666,0.9840430107526882
LPPT,2022-01-12,ARR,149,27.419999999999987,3633.4333333333343,0.1840268456375838
LPPT,2022-01-13,ARR,169,122.16666666666663,4201.516666666666,0.7228796844181458
LPPT,2022-01-14,ARR,208,105.54333333333327,5137.883333333333,0.5074198717948715
LPPT,2022-01-15,ARR,196,165.4699999999999,4902.1500000000005,0.8442346938775506
LPPT,2022-01-16,ARR,208,283.00666666666655,5316.283333333331,1.3606089743589738
LPPT,2022-01-17,ARR,215,288.44666666666666,5493.366666666665,1.3416124031007752
LPPT,2022-01-18,ARR,144,-4.9133333333333695,3452.5333333333324,-0.03412037037037062
LPPT,2022-01-19,ARR,142,19.559999999999963,3472.833333333334,0.13774647887323918
LPPT,2022-01-20,ARR,167,123.29333333333332,4154.083333333334,0.7382834331337325
LPPT,2022-01-21,ARR,208,81.86999999999995,5104.183333333335,0.39360576923076895
LPPT,2022-01-22,ARR,185,158.7899999999999,4627.799999999999,0.8583243243243238
LPPT,2022-01-23,ARR,194,93.93999999999991,4797.016666666666,0.4842268041237109
LPPT,2022-01-24,ARR,215,136.3666666666666,5341.916666666665,0.6342635658914725
LPPT,2022-01-25,ARR,141,54.609999999999914,3428.5666666666675,0.3873049645390065
LPPT,2022-01-26,ARR,148,83.45666666666665,3680.7333333333336,0.5638963963963963
LPPT,2022-01-27,ARR,165,72.95666666666659,4084.7833333333333,0.4421616161616157
LPPT,2022-01-28,ARR,211,114.32333333333327,5218.533333333331,0.5418167456556079
LPPT,2022-01-29,ARR,182,97.81666666666663,4501.283333333333,0.5374542124542123
LPPT,2022-01-30,ARR,209,175.15333333333322,5234.733333333334,0.8380542264752786
LPPT,2022-01-31,ARR,210,-38.493333333333354,5042.9833333333345,-0.1833015873015874
LPPT,2022-02-01,ARR,150,-22.283333333333342,3612.083333333333,-0.1485555555555556
LPPT,2022-02-02,ARR,148,-5.676666666666662,3628.5166666666664,-0.038355855855855825
LPPT,2022-02-03,ARR,186,118.66999999999989,4628.683333333333,0.6380107526881714
LPPT,2022-02-04,ARR,211,271.3033333333333,5400.916666666667,1.2857977883096363
LPPT,2022-02-05,ARR,205,200.13333333333324,5168.866666666666,0.9762601626016255
LPPT,2022-02-06,ARR,204,94.67333333333323,5033.383333333333,0.46408496732026094
LPPT,2022-02-07,ARR,224,52.43666666666664,5471.633333333332,0.2340922619047618
LPPT,2022-02-08,ARR,151,-82.56000000000009,3565.866666666667,-0.5467549668874178
LPPT,2022-02-09,ARR,155,92.72999999999996,3857.8999999999996,0.5982580645161287
LPPT,2022-02-10,ARR,205,160.29666666666657,5123.916666666667,0.781934959349593
LPPT,2022-02-11,ARR,237,186.93666666666667,5687.500000000001,0.7887623066104079
LPPT,2022-02-12,ARR,229,85.92666666666669,5548.500000000002,0.37522561863173226
LPPT,2022-02-13,ARR,230,278.10333333333347,5613.966666666667,1.2091449275362325
LPPT,2022-02-14,ARR,234,295.8033333333332,5994.166666666666,1.2641168091168087
LPPT,2022-02-15,ARR,163,-63.24666666666671,3898.2,-0.3880163599182007
LPPT,2022-02-16,ARR,170,-29.38333333333342,4113.916666666667,-0.17284313725490247
LPPT,2022-02-17,ARR,207,202.1999999999999,5217.55,0.9768115942028981
LPPT,2022-02-18,ARR,232,334.1599999999998,5959.2666666666655,1.440344827586206
LPPT,2022-02-19,ARR,236,667.42,6400.0999999999995,2.828050847457627
LPPT,2022-02-20,ARR,225,67.2733333333333,5539.283333333333,0.2989925925925924
LPPT,2022-02-21,ARR,237,-61.03333333333344,5671.183333333334,-0.2575246132208162
LPPT,2022-02-22,ARR,178,11.796666666666614,4344.5999999999985,0.06627340823970007
LPPT,2022-02-23,ARR,184,43.876666666666594,4547.183333333333,0.23846014492753584
LPPT,2022-02-24,ARR,217,131.4533333333332,5398.933333333334,0.6057757296466968
LPPT,2022-02-25,ARR,253,238.8399999999999,6406.8,0.9440316205533592
LPPT,2022-02-26,ARR,239,392.8233333333332,6184.433333333333,1.6436122733612268
LPPT,2022-02-27,ARR,236,250.45333333333323,5987.6,1.061242937853107
LPPT,2022-02-28,ARR,261,178.99999999999994,6386.183333333334,0.6858237547892718
LPPT,2022-03-01,ARR,199,108.53999999999999,4647.5166666666655,0.545427135678392
LPPT,2022-03-02,ARR,187,-8.25666666666676,4552.35,-0.044153297682709945
LPPT,2022-03-03,ARR,220,495.7299999999998,5861.366666666667,2.2533181818181807
LPPT,2022-03-04,ARR,245,412.5666666666665,6378.483333333333,1.6839455782312918
LPPT,2022-03-05,ARR,247,121.53666666666662,5976.549999999999,0.49205128205128185
LPPT,2022-03-06,ARR,246,229.5566666666665,6216.616666666666,0.933157181571815
LPPT,2022-03-07,ARR,254,289.49666666666667,6282.600000000001,1.139750656167979
LPPT,2022-03-08,ARR,188,69.78000000000004,4372.5,0.3711702127659577
LPPT,2022-03-09,ARR,181,202.20333333333343,4301.466666666666,1.1171454880294664
LPPT,2022-03-10,ARR,218,818.4933333333335,5820.916666666667,3.754556574923548
LPPT,2022-03-11,ARR,255,240.32000000000002,6088.750000000001,0.9424313725490197
LPPT,2022-03-12,ARR,247,558.3633333333333,6221.016666666666,2.2605802968960864
LPPT,2022-03-13,ARR,253,431.56666666666683,6187.233333333333,1.705797101449276
LPPT,2022-03-14,ARR,238,434.84999999999997,6214.5166666666655,1.8271008403361344
LPPT,2022-03-15,ARR,180,104.54333333333327,4492.4833333333345,0.5807962962962959
LPPT,2022-03-16,ARR,200,168.53666666666663,5049.749999999999,0.8426833333333331
LPPT,2022-03-17,ARR,220,372.06999999999977,5716.666666666668,1.6912272727272717
LPPT,2022-03-18,ARR,261,265.66999999999996,6630.916666666667,1.0178927203065133
LPPT,2022-03-19,ARR,248,488.37999999999965,6527.26666666667,1.9692741935483857
LPPT,2022-03-20,ARR,253,756.3266666666665,6839.3166666666675,2.9894334650856385
LPPT,2022-03-21,ARR,256,783.5699999999999,6751.9000000000005,3.0608203124999998
LPPT,2022-03-22,ARR,193,276.3333333333333,4693.083333333333,1.4317789291882554
LPPT,2022-03-23,ARR,191,182.50666666666663,4857.633333333333,0.9555322862129143
LPPT,2022-03-24,ARR,220,285.7466666666666,5634.6833333333325,1.2988484848484847
LPPT,2022-03-25,ARR,263,474.30999999999983,6886.416666666667,1.8034600760456267
LPPT,2022-03-26,ARR,245,237.17999999999986,6196.566666666667,0.9680816326530607
LPPT,2022-03-27,ARR,271,414.80333333333334,6965.416666666665,1.530639606396064
LPPT,2022-03-28,ARR,269,678.9199999999998,7188.2666666666655,2.523866171003717
LPPT,2022-03-29,ARR,225,225.68666666666658,5659.033333333333,1.0030518518518514
LPPT,2022-03-30,ARR,236,406.90666666666664,6110.0999999999995,1.7241807909604518
LPPT,2022-03-31,ARR,261,514.6299999999998,6822.4,1.9717624521072787
LPPT,2022-04-01,ARR,275,692.6233333333332,7341.866666666666,2.5186303030303026
LPPT,2022-04-02,ARR,271,437.18333333333317,7018.966666666667,1.6132226322263217
LPPT,2022-04-03,ARR,274,861.1066666666665,7502.866666666666,3.14272506082725
LPPT,2022-04-04,ARR,274,893.6566666666665,7548.5666666666675,3.2615206812652064
LPPT,2022-04-05,ARR,236,197.6633333333332,5901.733333333334,0.8375564971751407
LPPT,2022-04-06,ARR,245,132.81333333333325,6052.516666666666,0.5420952380952377
LPPT,2022-04-07,ARR,262,190.6233333333334,6215.083333333333,0.7275699745547076
LPPT,2022-04-08,ARR,286,305.67666666666673,6896.333333333334,1.068799533799534
LPPT,2022-04-09,ARR,281,706.3999999999999,7188.8,2.5138790035587184
LPPT,2022-04-10,ARR,270,2771.56,8952.483333333335,10.265037037037036
LPPT,2022-04-11,ARR,280,785.7099999999998,7173.033333333331,2.806107142857142
LPPT,2022-04-12,ARR,249,197.18,6044.966666666668,0.7918875502008033
LPPT,2022-04-13,ARR,253,354.96999999999997,6476.316666666667,1.4030434782608694
LPPT,2022-04-14,ARR,270,279.5166666666666,6814.983333333333,1.0352469135802467
LPPT,2022-04-15,ARR,282,139.8366666666666,6959.383333333331,0.4958747044917255
LPPT,2022-04-16,ARR,291,392.9299999999999,7431.483333333332,1.3502749140893466
LPPT,2022-04-17,ARR,287,650.0266666666663,7571.883333333334,2.2649012775842032
LPPT,2022-04-18,ARR,288,863.2266666666666,7820.800000000001,2.9973148148148145
LPPT,2022-04-19,ARR,239,1160.19,6930.316666666666,4.854351464435147
LPPT,2022-04-20,ARR,257,476.0533333333332,6695.466666666668,1.8523476005188064
LPPT,2022-04-21,ARR,278,817.8499999999998,7203.700000000001,2.941906474820143
LPPT,2022-04-22,ARR,290,1052.7466666666667,7724.083333333335,3.63016091954023
LPPT,2022-04-23,ARR,293,617.3200000000002,7352.3499999999985,2.106894197952219
LPPT,2022-04-24,ARR,300,537.2500000000003,7425.7,1.7908333333333344
LPPT,2022-04-25,ARR,293,888.8,7604.966666666667,3.033447098976109
LPPT,2022-04-26,ARR,252,404.38000000000005,6129.983333333333,1.60468253968254
LPPT,2022-04-27,ARR,261,103.6966666666666,6437.0166666666655,0.39730523627075326
LPPT,2022-04-28,ARR,264,464.30999999999995,6866.733333333332,1.7587499999999998
LPPT,2022-04-29,ARR,290,605.4699999999998,7618.133333333331,2.087827586206896
LPPT,2022-04-30,ARR,289,459.8866666666666,7418.483333333332,1.5913033448673586
LPPT,2022-05-01,ARR,295,643.5666666666665,7783.133333333333,2.1815819209039544
LPPT,2022-05-02,ARR,292,827.2866666666665,7891.416666666665,2.8331735159817346
LPPT,2022-05-03,ARR,244,186.15666666666664,6061.383333333334,0.7629371584699453
LPPT,2022-05-04,ARR,262,295.77333333333326,6624.983333333332,1.1289058524173026
LPPT,2022-05-05,ARR,275,632.1833333333332,7220.666666666668,2.298848484848484
LPPT,2022-05-06,ARR,292,329.2099999999999,7283.2666666666655,1.1274315068493148
LPPT,2022-05-07,ARR,282,522.4166666666666,7348.616666666667,1.8525413711583922
LPPT,2022-05-08,ARR,292,627.5899999999995,7683.300000000001,2.1492808219178063
LPPT,2022-05-09,ARR,294,177.93999999999986,7304.983333333335,0.6052380952380948
LPPT,2022-05-10,ARR,246,122.9033333333333,5785.016666666666,0.4996070460704605
LPPT,2022-05-11,ARR,260,243.00666666666666,6501.583333333334,0.9346410256410256
LPPT,2022-05-12,ARR,270,403.0666666666664,6911.133333333334,1.4928395061728383
LPPT,2022-05-13,ARR,288,393.07000000000005,7347.933333333334,1.364826388888889
LPPT,2022-05-14,ARR,288,623.1300000000001,7188.733333333332,2.1636458333333337
LPPT,2022-05-15,ARR,295,1056.5866666666668,7837.649999999998,3.5816497175141246
LPPT,2022-05-16,ARR,297,601.2066666666667,7373.766666666668,2.0242648709315376
LPPT,2022-05-17,ARR,247,513.49,6317.049999999999,2.078906882591093
LPPT,2022-05-18,ARR,259,518.71,6751.366666666666,2.0027413127413127
LPPT,2022-05-19,ARR,275,486.2433333333333,7123.566666666667,1.7681575757575756
LPPT,2022-05-20,ARR,291,587.7966666666665,7592.700000000001,2.01991981672394
LPPT,2022-05-21,ARR,287,1074.8966666666665,7716.4,3.745284552845528
LPPT,2022-05-22,ARR,304,561.8633333333333,7932.800000000003,1.848234649122807
LPPT,2022-05-23,ARR,312,846.4866666666667,8406.433333333334,2.7130982905982908
LPPT,2022-05-24,ARR,274,562.9366666666665,7222.733333333333,2.0545133819951333
LPPT,2022-05-25,ARR,283,301.13999999999993,7179.033333333333,1.0640989399293284
LPPT,2022-05-26,ARR,293,563.8299999999998,7665.749999999999,1.9243344709897605
LPPT,2022-05-27,ARR,301,524.5266666666665,7770.216666666664,1.7426135105204867
LPPT,2022-05-28,ARR,294,422.3666666666667,7213.533333333333,1.4366213151927438
LPPT,2022-05-29,ARR,299,474.28666666666663,7350.8166666666675,1.5862430323299888
LPPT,2022-05-30,ARR,309,827.6566666666673,7907.716666666664,2.678500539374328
LPPT,2022-05-31,ARR,273,474.12000000000023,6731.149999999998,1.7367032967032976
LPPT,2022-06-01,ARR,294,946.5400000000003,7660.266666666667,3.2195238095238103
LPPT,2022-06-02,ARR,302,720.3100000000001,7647.033333333335,2.385132450331126
LPPT,2022-06-03,ARR,309,764.3533333333335,7838.4000000000005,2.473635382955772
LPPT,2022-06-04,ARR,306,929.4733333333335,8158.566666666668,3.0374945533769067
LPPT,2022-06-05,ARR,305,786.7299999999997,8144.416666666667,2.5794426229508187
LPPT,2022-06-06,ARR,313,692.8766666666666,8261.983333333334,2.2136634717784873
LPPT,2022-06-07,ARR,281,470.1600000000001,7246.050000000002,1.673167259786477
LPPT,2022-06-08,ARR,291,688.8699999999998,7742.533333333336,2.3672508591065284
LPPT,2022-06-09,ARR,295,858.49,7986.133333333332,2.910135593220339
LPPT,2022-06-10,ARR,314,920.7999999999998,8494.083333333332,2.9324840764331204
LPPT,2022-06-11,ARR,314,969.6199999999998,8507.233333333335,3.0879617834394897
LPPT,2022-06-12,ARR,311,807.8733333333332,8312.866666666667,2.5976634512325827
LPPT,2022-06-13,ARR,314,903.02,8107.416666666667,2.875859872611465
LPPT,2022-06-14,ARR,287,737.9533333333333,7314.099999999998,2.571265969802555
LPPT,2022-06-15,ARR,301,990.24,7881.9000000000005,3.2898338870431894
LPPT,2022-06-16,ARR,304,1209.8566666666666,8264.583333333334,3.9797916666666664
LPPT,2022-06-17,ARR,319,1516.4199999999998,9046.499999999998,4.753667711598745
LPPT,2022-06-18,ARR,305,835.566666666667,7873.449999999999,2.7395628415300557
LPPT,2022-06-19,ARR,319,586.3966666666666,8166.616666666667,1.8382340647857889
LPPT,2022-06-20,ARR,310,696.14,8181.033333333331,2.2456129032258065
LPPT,2022-06-21,ARR,290,456.5966666666669,7079.5999999999995,1.574471264367817
LPPT,2022-06-22,ARR,293,583.8833333333333,7237.566666666669,1.9927758816837315
LPPT,2022-06-23,ARR,298,580.1166666666667,7736.416666666667,1.9467002237136466
LPPT,2022-06-24,ARR,306,496.11333333333334,7548.8166666666675,1.621285403050109
LPPT,2022-06-25,ARR,305,858.85,8240.583333333338,2.815901639344262
LPPT,2022-06-26,ARR,310,1118.643333333333,8575.266666666666,3.608526881720429
LPPT,2022-06-27,ARR,322,675.2466666666666,8493.583333333336,2.09703933747412
LPPT,2022-06-28,ARR,290,558.9399999999999,7562.100000000004,1.9273793103448273
LPPT,2022-06-29,ARR,288,529.1033333333331,7488.8,1.8371643518518512
LPPT,2022-06-30,ARR,302,589.2999999999996,7899.4833333333345,1.951324503311257
LPPT,2022-07-01,ARR,287,985.8233333333333,7876.950000000001,3.4349245063879206
LPPT,2022-07-02,ARR,291,389.6999999999999,7379.366666666667,1.3391752577319582
LPPT,2022-07-03,ARR,312,436.0433333333332,7797.266666666668,1.3975747863247858
LPPT,2022-07-04,ARR,322,584.4833333333331,8165.749999999998,1.8151656314699787
LPPT,2022-07-05,ARR,288,387.0533333333333,7230.1500000000015,1.343935185185185
LPPT,2022-07-06,ARR,293,455.5999999999999,7362.783333333336,1.5549488054607505
LPPT,2022-07-07,ARR,299,387.0033333333331,7591.416666666666,1.2943255295429201
LPPT,2022-07-08,ARR,313,508.45333333333315,8055.149999999999,1.6244515441959526
LPPT,2022-07-09,ARR,301,514.5466666666665,7689.166666666666,1.7094573643410849
LPPT,2022-07-10,ARR,310,752.0733333333332,8200.2,2.4260430107526876
LPPT,2022-07-11,ARR,319,791.3766666666663,8491.216666666667,2.480804597701148
LPPT,2022-07-12,ARR,287,644.4599999999999,7465.933333333332,2.245505226480836
LPPT,2022-07-13,ARR,289,580.53999999999985,7304.266666666666,2.0087889273356394
LPPT,2022-07-14,ARR,305,819.7233333333336,7916.833333333333,2.6876174863387985
LPPT,2022-07-15,ARR,307,1132.8966666666665,8404.816666666668,3.690217155266015
LPPT,2022-07-16,ARR,306,554.5366666666666,7791.149999999998,1.8122113289760347
LPPT,2022-07-17,ARR,309,865.5200000000001,8156.133333333333,2.801035598705502
LPPT,2022-07-18,ARR,325,748.5866666666666,8218.633333333331,2.3033435897435894
LPPT,2022-07-19,ARR,299,367.7799999999999,7589.0666666666675,1.2300334448160533
LPPT,2022-07-20,ARR,295,331.90999999999985,7456.433333333333,1.125118644067796
LPPT,2022-07-21,ARR,303,513.6033333333332,7797.1500000000015,1.6950605060506048
LPPT,2022-07-22,ARR,307,158.90666666666655,7534.666666666666,0.5176112920738324
LPPT,2022-07-23,ARR,313,435.4266666666666,7961.000000000002,1.3911395101171458
LPPT,2022-07-24,ARR,323,819.8299999999995,8590.18333333333,2.5381733746130015
LPPT,2022-07-25,ARR,315,851.8066666666667,8472.25,2.7041481481481484
LPPT,2022-07-26,ARR,300,411.8833333333332,7659.149999999999,1.372944444444444
LPPT,2022-07-27,ARR,297,595.4133333333332,7743.1833333333325,2.004758698092031
LPPT,2022-07-28,ARR,307,510.3299999999999,7943.916666666668,1.6623127035830616
LPPT,2022-07-29,ARR,310,470.5533333333332,7931.733333333332,1.5179139784946234
LPPT,2022-07-30,ARR,313,758.1099999999999,8146.666666666665,2.4220766773162934
LPPT,2022-07-31,ARR,321,630.2666666666669,8170.866666666667,1.9634475597092427
LPPT,2022-08-01,ARR,316,570.2333333333333,8014.116666666667,1.804535864978903
LPPT,2022-08-02,ARR,292,410.0299999999999,7360.1500000000005,1.404212328767123
LPPT,2022-08-03,ARR,294,935.16,8040.3166666666675,3.180816326530612
LPPT,2022-08-04,ARR,305,910.7099999999998,8288.25,2.9859344262295076
LPPT,2022-08-05,ARR,315,319.70999999999987,7913.7333333333345,1.0149523809523806
LPPT,2022-08-06,ARR,308,435.52666666666687,7504.866666666668,1.4140476190476197
LPPT,2022-08-07,ARR,319,298.2266666666668,7669.083333333334,0.9348798328108677
LPPT,2022-08-08,ARR,325,342.3133333333333,8031,1.0532717948717947
LPPT,2022-08-09,ARR,292,404.95666666666665,7336.4333333333325,1.386837899543379
LPPT,2022-08-10,ARR,308,872.2300000000001,7866.933333333335,2.8319155844155848
LPPT,2022-08-11,ARR,311,569.8766666666669,7723.750000000001,1.8324008574490898
LPPT,2022-08-12,ARR,316,857.593333333333,8367.866666666665,2.713902953586497
LPPT,2022-08-13,ARR,315,700.0499999999998,8277.949999999997,2.2223809523809517
LPPT,2022-08-14,ARR,319,544.4566666666665,8231.35,1.7067607105538134
LPPT,2022-08-15,ARR,313,493.5633333333332,8039.233333333331,1.5768796592119272
LPPT,2022-08-16,ARR,289,1301.533333333333,8252.783333333333,4.5035755478662045
LPPT,2022-08-17,ARR,305,754.3133333333332,8143.749999999999,2.473158469945355
LPPT,2022-08-18,ARR,306,528.8499999999997,7933.6833333333325,1.7282679738562081
LPPT,2022-08-19,ARR,311,676.4733333333331,8150.233333333333,2.1751554126473733
LPPT,2022-08-20,ARR,309,975.3166666666667,8414.68333333333,3.156364617044229
LPPT,2022-08-21,ARR,321,827.9233333333331,8532.133333333333,2.5792004153686388
LPPT,2022-08-22,ARR,324,723.1866666666666,8552.849999999999,2.232057613168724
LPPT,2022-08-23,ARR,294,519.0099999999998,7573.216666666666,1.765340136054421
LPPT,2022-08-24,ARR,303,635.0699999999998,7955.499999999998,2.0959405940594054
LPPT,2022-08-25,ARR,298,1008.0766666666666,8201.85,3.382807606263982
LPPT,2022-08-26,ARR,281,297.82666666666654,7035.783333333334,1.0598813760379593
LPPT,2022-08-27,ARR,294,303.4733333333333,7260.199999999998,1.0322222222222222
LPPT,2022-08-28,ARR,291,463.78666666666675,7182.766666666667,1.5937686139747997
LPPT,2022-08-29,ARR,330,786.1200000000001,8538.399999999998,2.3821818181818184
LPPT,2022-08-30,ARR,293,572.8033333333332,7615.833333333333,1.954960182025028
LPPT,2022-08-31,ARR,307,519.1966666666665,7956.850000000001,1.691194353963083
LPPT,2022-09-01,ARR,300,430.75,7674.1833333333325,1.4358333333333333
LPPT,2022-09-02,ARR,313,861.7633333333331,8409.66666666667,2.753237486687965
LPPT,2022-09-03,ARR,322,701.06,8502.966666666667,2.1772049689440993
LPPT,2022-09-04,ARR,320,667.4466666666667,8033.733333333336,2.0857708333333336
LPPT,2022-09-05,ARR,328,893.4866666666668,8450.716666666665,2.724044715447155
LPPT,2022-09-06,ARR,293,554.78,7506.666666666667,1.8934470989761092
LPPT,2022-09-07,ARR,303,449.8099999999999,7602.716666666667,1.4845214521452141
LPPT,2022-09-08,ARR,303,281.52333333333337,7443.4,0.9291199119911993
LPPT,2022-09-09,ARR,317,880.3466666666666,8400.283333333335,2.7771188222923238
LPPT,2022-09-10,ARR,315,681.4766666666666,8175.816666666667,2.1634179894179892
LPPT,2022-09-11,ARR,320,689.4200000000001,8022.0999999999985,2.1544375000000002
LPPT,2022-09-12,ARR,324,1469.9800000000007,8918.66666666667,4.536975308641978
LPPT,2022-09-13,ARR,296,1738.903333333333,8534.933333333334,5.874673423423422
LPPT,2022-09-14,ARR,292,667.3066666666665,7340.366666666668,2.2852968036529675
LPPT,2022-09-15,ARR,308,328.52666666666664,7378.550000000002,1.0666450216450216
LPPT,2022-09-16,ARR,281,109.58333333333326,6821.333333333334,0.38997627520759165
LPPT,2022-09-17,ARR,305,449.61333333333323,7791.483333333335,1.474142076502732
LPPT,2022-09-18,ARR,313,739.2399999999999,8173.6,2.361789137380191
LPPT,2022-09-19,ARR,316,512.6266666666667,7848.133333333333,1.6222362869198312
LPPT,2022-09-20,ARR,283,406.1799999999999,7161.266666666667,1.435265017667844
LPPT,2022-09-21,ARR,296,154.57333333333335,7095.316666666666,0.5222072072072073
LPPT,2022-09-22,ARR,294,343.96333333333325,7366.4000000000015,1.169943310657596
LPPT,2022-09-23,ARR,306,836.4899999999998,8208.1,2.7336274509803915
LPPT,2022-09-24,ARR,301,794.7066666666666,8038.899999999999,2.640221483942414
LPPT,2022-09-25,ARR,303,1049.9899999999993,8380.016666666668,3.465313531353133
LPPT,2022-09-26,ARR,310,405.9266666666666,7903.583333333334,1.3094408602150536
LPPT,2022-09-27,ARR,287,369.7066666666666,7292.899999999998,1.288176538908246
LPPT,2022-09-28,ARR,302,1044.513333333333,8351.833333333332,3.4586534216335534
LPPT,2022-09-29,ARR,289,1006.3933333333332,8023.833333333334,3.4823298731257206
LPPT,2022-09-30,ARR,318,556.0299999999997,8220.383333333331,1.7485220125786156
LPPT,2022-10-01,ARR,309,290.2266666666666,7715.25,0.9392448759439048
LPPT,2022-10-02,ARR,305,340.6166666666665,7692.3166666666675,1.1167759562841524
LPPT,2022-10-03,ARR,320,458.04333333333324,7918.3499999999995,1.4313854166666664
LPPT,2022-10-04,ARR,277,322.94999999999993,7013.7333333333345,1.1658844765342957
LPPT,2022-10-05,ARR,297,574.7966666666667,7762.9833333333345,1.935342312008979
LPPT,2022-10-06,ARR,296,425.01666666666654,7541.299999999998,1.4358671171171167
LPPT,2022-10-07,ARR,308,476.82666666666654,7903.0166666666655,1.5481385281385278
LPPT,2022-10-08,ARR,305,621.0466666666665,7971.533333333332,2.0362185792349723
LPPT,2022-10-09,ARR,307,428.6099999999998,7834.716666666669,1.396123778501628
LPPT,2022-10-10,ARR,315,1175.7000000000003,8469.45,3.7323809523809532
LPPT,2022-10-11,ARR,276,219.7399999999999,6878.466666666665,0.7961594202898546
LPPT,2022-10-12,ARR,300,567.7666666666667,7837.033333333334,1.8925555555555555
LPPT,2022-10-13,ARR,294,1176.5866666666664,8255.466666666665,4.001995464852607
LPPT,2022-10-14,ARR,311,494.27999999999986,7985.383333333335,1.5893247588424433
LPPT,2022-10-15,ARR,302,511.6233333333332,7742.966666666667,1.6941169977924941
LPPT,2022-10-16,ARR,307,951.18,7979.916666666667,3.0983061889250814
LPPT,2022-10-17,ARR,303,862.0433333333332,7774.4833333333345,2.8450275027502747
LPPT,2022-10-18,ARR,256,626.9033333333333,6518.199999999998,2.4488411458333332
LPPT,2022-10-19,ARR,268,1141.636666666666,7235.133333333332,4.259838308457709
LPPT,2022-10-20,ARR,282,767.4800000000002,7226.233333333334,2.721560283687944
LPPT,2022-10-21,ARR,296,604.6999999999998,7398.499999999997,2.042905405405405
LPPT,2022-10-22,ARR,290,1421.91,8090.7666666666655,4.903137931034483
LPPT,2022-10-23,ARR,286,566.9166666666667,7099.7,1.9822261072261076
LPPT,2022-10-24,ARR,298,534.8033333333333,7294.583333333332,1.794642058165548
LPPT,2022-10-25,ARR,271,701.6500000000002,6904.683333333334,2.5891143911439123
LPPT,2022-10-26,ARR,289,776.3633333333336,7364.533333333332,2.6863783160322963
LPPT,2022-10-27,ARR,289,677.9799999999999,7280.316666666665,2.345951557093425
LPPT,2022-10-28,ARR,304,1106.2533333333336,8066.766666666668,3.6389912280701764
LPPT,2022-10-29,ARR,302,1150.366666666667,8104.083333333331,3.809161147902871
LPPT,2022-10-30,ARR,287,211.46666666666658,7047.066666666667,0.7368176538908243
LPPT,2022-10-31,ARR,305,422.31333333333345,7547.866666666668,1.384633879781421
LPPT,2022-11-01,ARR,256,386.7833333333332,6584.133333333334,1.5108723958333328
LPPT,2022-11-02,ARR,266,399.74333333333334,6721.966666666664,1.502794486215539
LPPT,2022-11-03,ARR,277,219.38666666666677,6512.683333333333,0.7920096269554757
LPPT,2022-11-04,ARR,304,227.25999999999988,7545.633333333336,0.7475657894736838
LPPT,2022-11-05,ARR,285,209.05333333333317,7010.0666666666675,0.7335204678362568
LPPT,2022-11-06,ARR,291,258.9733333333334,6920.6833333333325,0.8899427262313863
LPPT,2022-11-07,ARR,294,863.7233333333334,7577,2.9378344671201817
LPPT,2022-11-08,ARR,261,774.2366666666669,6678.216666666666,2.9664240102171147
LPPT,2022-11-09,ARR,249,24.113333333333234,6039.083333333333,0.09684069611780415
LPPT,2022-11-10,ARR,276,651.2799999999996,7344.2833333333365,2.359710144927535
LPPT,2022-11-11,ARR,299,123.97333333333317,7329.483333333332,0.4146265328874019
LPPT,2022-11-12,ARR,275,142.8399999999998,6761.083333333334,0.5194181818181811
LPPT,2022-11-13,ARR,289,1094.6133333333332,7709.450000000001,3.787589388696655
LPPT,2022-11-14,ARR,302,664.8633333333333,7616.466666666666,2.2015342163355407
LPPT,2022-11-15,ARR,254,530.0733333333335,6260.566666666665,2.086902887139108
LPPT,2022-11-16,ARR,245,341.5366666666667,5916.483333333332,1.3940272108843539
LPPT,2022-11-17,ARR,264,501.70666666666665,6768.583333333331,1.9004040404040403
LPPT,2022-11-18,ARR,298,881.5866666666668,8076.13333333333,2.9583445190156605
LPPT,2022-11-19,ARR,270,319.3799999999998,6768.016666666666,1.1828888888888882
LPPT,2022-11-20,ARR,283,212.0700000000001,6640.200000000001,0.7493639575971736
LPPT,2022-11-21,ARR,294,900.5199999999998,7827.4333333333325,3.0629931972789106
LPPT,2022-11-22,ARR,236,549.8333333333334,5877.35,2.3298022598870056
LPPT,2022-11-23,ARR,248,386.16333333333336,6019.6833333333325,1.5571102150537635
LPPT,2022-11-24,ARR,260,591.2333333333333,6681.583333333334,2.273974358974359
LPPT,2022-11-25,ARR,300,421.4466666666663,7660.983333333332,1.404822222222221
LPPT,2022-11-26,ARR,266,205.00999999999988,6551.883333333334,0.7707142857142852
LPPT,2022-11-27,ARR,290,615.7766666666666,7434.866666666666,2.123367816091954
LPPT,2022-11-28,ARR,291,453.9233333333331,7425.4833333333345,1.5598739977090486
LPPT,2022-11-29,ARR,235,290.14333333333326,5940.533333333333,1.2346524822695033
LPPT,2022-11-30,ARR,244,572.2766666666666,6175.566666666666,2.345396174863388
LPPT,2022-12-01,ARR,262,54.28999999999992,6376.2666666666655,0.20721374045801497
LPPT,2022-12-02,ARR,293,187.37333333333314,7244.149999999999,0.6394994311717854
LPPT,2022-12-03,ARR,268,121.15333333333322,6546.799999999999,0.452064676616915
LPPT,2022-12-04,ARR,271,1324.4899999999998,7830.3166666666675,4.887416974169741
LPPT,2022-12-05,ARR,309,762.5666666666666,8199.166666666668,2.467853290183387
LPPT,2022-12-06,ARR,242,271.6533333333333,5914.3166666666675,1.122534435261708
LPPT,2022-12-07,ARR,243,822.5799999999999,6458.133333333334,3.385102880658436
LPPT,2022-12-08,ARR,233,1124.1566666666665,6385.283333333334,4.824706723891272
LPPT,2022-12-09,ARR,203,87.74000000000001,4744.449999999999,0.43221674876847294
LPPT,2022-12-10,ARR,233,389.28,5808.249999999999,1.6707296137339054
LPPT,2022-12-11,ARR,258,435.3733333333334,6268.016666666667,1.6874935400516797
LPPT,2022-12-12,ARR,289,1221.8500000000001,7791.666666666666,4.227854671280277
LPPT,2022-12-13,ARR,247,663.5000000000002,6241.350000000001,2.6862348178137663
LPPT,2022-12-14,ARR,248,664.6433333333335,6278.333333333333,2.680013440860216
LPPT,2022-12-15,ARR,260,198.51000000000013,6080.616666666665,0.7635000000000005
LPPT,2022-12-16,ARR,297,271.51666666666665,7259.366666666668,0.9141975308641975
LPPT,2022-12-17,ARR,283,309.2200000000001,6789.499999999999,1.0926501766784456
LPPT,2022-12-18,ARR,295,749.6033333333336,7455.316666666666,2.5410282485875713
LPPT,2022-12-19,ARR,296,1345.92,8098.316666666666,4.547027027027028
LPPT,2022-12-20,ARR,278,573.1633333333334,6864.816666666668,2.06173860911271
LPPT,2022-12-21,ARR,267,501.89000000000016,6537.333333333332,1.8797378277153565
LPPT,2022-12-22,ARR,282,296.7200000000002,6681,1.0521985815602843
LPPT,2022-12-23,ARR,309,651.2433333333336,7683.5166666666655,2.107583603020497
LPPT,2022-12-24,ARR,254,461.6266666666668,6282.583333333333,1.81742782152231
LPPT,2022-12-25,ARR,240,708.6433333333332,6150.533333333332,2.952680555555555
LPPT,2022-12-26,ARR,294,982.3600000000001,7857.3166666666675,3.3413605442176877
LPPT,2022-12-27,ARR,271,619.573333333333,7131.333333333334,2.2862484624846235
LPPT,2022-12-28,ARR,262,1258.36,7280.8,4.802900763358778
LPPT,2022-12-29,ARR,289,584.6166666666669,7131.3,2.0228950403690895
LPPT,2022-12-30,ARR,304,1055.2666666666669,7962.666666666667,3.471271929824562
LPPT,2022-12-31,ARR,268,1296.1766666666665,7404.816666666666,4.836480099502487
LPPT,2023-01-01,ARR,283,1657.5266666666666,8241.816666666668,5.85698468786808
LPPT,2023-01-02,ARR,320,840.5366666666664,8517.533333333333,2.6266770833333326
LPPT,2023-01-03,ARR,284,590.5666666666666,7407.399999999998,2.0794600938967136
LPPT,2023-01-04,ARR,277,422.5233333333333,7070.233333333332,1.5253549939831528
LPPT,2023-01-05,ARR,282,510.59666666666664,7298.283333333332,1.810626477541371
LPPT,2023-01-06,ARR,313,831.8066666666665,8137.2,2.657529286474973
LPPT,2023-01-07,ARR,292,1389.5733333333333,8046.483333333333,4.758812785388128
LPPT,2023-01-08,ARR,305,875.7166666666669,7795.58333333333,2.8712021857923506
LPPT,2023-01-09,ARR,300,380.88000000000005,7537.633333333333,1.2696000000000003
LPPT,2023-01-10,ARR,248,724.1433333333334,6411.6500000000015,2.919932795698925
LPPT,2023-01-11,ARR,241,340.22333333333324,6137.9333333333325,1.4117150760719221
LPPT,2023-01-12,ARR,257,175.87666666666664,6360.6,0.6843450064850842
LPPT,2023-01-13,ARR,292,479.03333333333336,7477.816666666665,1.6405251141552513
LPPT,2023-01-14,ARR,267,312.98999999999984,6728.116666666668,1.1722471910112353
LPPT,2023-01-15,ARR,281,656.0166666666664,7448.000000000001,2.3345788849347557
LPPT,2023-01-16,ARR,276,379.72666666666674,6724,1.3758212560386476
LPPT,2023-01-17,ARR,235,528.9066666666666,6169.2,2.2506666666666666
LPPT,2023-01-18,ARR,229,401.0933333333333,5891.4,1.751499272197962
LPPT,2023-01-19,ARR,245,155.34333333333325,6043.116666666666,0.6340544217687072
LPPT,2023-01-20,ARR,283,578.3366666666667,7379.6500000000015,2.0435924617196704
LPPT,2023-01-21,ARR,266,500.3733333333332,6871.216666666668,1.88110275689223
LPPT,2023-01-22,ARR,270,304.82666666666654,6790.300000000001,1.1289876543209871
LPPT,2023-01-23,ARR,282,426.1066666666666,7171.3166666666675,1.5110165484633569
LPPT,2023-01-24,ARR,229,107.0199999999999,5631.583333333332,0.46733624454148426
LPPT,2023-01-25,ARR,228,133.83666666666662,5597.366666666663,0.5870029239766079
LPPT,2023-01-26,ARR,256,386.6966666666666,6561.066666666666,1.5105338541666664
LPPT,2023-01-27,ARR,285,400.10333333333335,7258.449999999998,1.40387134502924
LPPT,2023-01-28,ARR,266,394.1766666666665,6781.083333333332,1.481867167919799
LPPT,2023-01-29,ARR,280,145.19999999999993,6893.066666666665,0.51857142857142835
LPPT,2023-01-30,ARR,281,167.7966666666666,6892.649999999999,0.5971411625148277
LPPT,2023-01-31,ARR,237,115.15666666666661,5807.3166666666675,0.48589310829817134
LPPT,2023-02-01,ARR,233,132.91666666666657,5709.216666666668,0.5704577968526462
LPPT,2023-02-02,ARR,252,70.28333333333322,6145.733333333334,0.27890211640211593
LPPT,2023-02-03,ARR,291,183.76333333333318,7165.716666666668,0.6314891179839628
LPPT,2023-02-04,ARR,270,298.4466666666666,6777.15,1.1053580246913577
LPPT,2023-02-05,ARR,276,168.77333333333317,6812.916666666666,0.6114975845410622
LPPT,2023-02-06,ARR,289,106.93999999999994,7026.75,0.3700346020761244
LPPT,2023-02-07,ARR,231,31.496666666666577,5589.283333333332,0.13634920634920597
LPPT,2023-02-08,ARR,247,267.0533333333333,6179.55,1.0811875843454788
LPPT,2023-02-09,ARR,264,215.2433333333332,6582.700000000003,0.8153156565656561
LPPT,2023-02-10,ARR,295,430.4966666666665,7517.3499999999995,1.4593107344632763
LPPT,2023-02-11,ARR,274,295.5966666666665,6886.733333333333,1.078819951338199
LPPT,2023-02-12,ARR,289,322.57333333333315,7277.733333333337,1.1161707035755473
LPPT,2023-02-13,ARR,303,671.2700000000001,7944.4000000000005,2.2154125412541257
LPPT,2023-02-14,ARR,259,358.28000000000003,6268.866666666667,1.3833204633204634
LPPT,2023-02-15,ARR,262,104.43999999999994,6400.866666666666,0.3986259541984731
LPPT,2023-02-16,ARR,272,185.16999999999993,6753.683333333331,0.6807720588235292
LPPT,2023-02-17,ARR,294,525.7366666666666,7603.683333333332,1.7882199546485258
LPPT,2023-02-18,ARR,289,252.3466666666666,7215.5166666666655,0.8731718569780852
LPPT,2023-02-19,ARR,300,600.45,7842.433333333333,2.0015
LPPT,2023-02-20,ARR,309,455.05999999999995,7879.816666666667,1.4726860841423945
LPPT,2023-02-21,ARR,265,374.93999999999977,6776.849999999998,1.4148679245283011
LPPT,2023-02-22,ARR,272,479.26666666666654,7029.549999999999,1.7620098039215681
LPPT,2023-02-23,ARR,284,944.2233333333329,7817.866666666668,3.324730046948355
LPPT,2023-02-24,ARR,312,740.21,8190.049999999998,2.372467948717949
LPPT,2023-02-25,ARR,290,340.9400000000001,6915.383333333333,1.1756551724137936
LPPT,2023-02-26,ARR,287,1114.83,8044.53333333333,3.8844250871080135
LPPT,2023-02-27,ARR,307,601.4666666666665,8006.633333333331,1.9591748099891415
LPPT,2023-02-28,ARR,269,202.87999999999994,6699.133333333333,0.7542007434944236
LPPT,2023-03-01,ARR,263,256.51666666666665,6599.799999999998,0.9753485424588085
LPPT,2023-03-02,ARR,285,475.7833333333333,7400.05,1.6694152046783626
LPPT,2023-03-03,ARR,313,663.1733333333334,8111.133333333334,2.118764643237487
LPPT,2023-03-04,ARR,280,379.7399999999999,7032.216666666666,1.3562142857142854
LPPT,2023-03-05,ARR,285,1238.5899999999997,7721.666666666666,4.345929824561402
LPPT,2023-03-06,ARR,313,710.8333333333335,7805.7,2.271033013844516
LPPT,2023-03-07,ARR,259,465.04333333333335,6334.4833333333345,1.7955341055341056
LPPT,2023-03-08,ARR,264,843.7266666666666,6839.199999999999,3.195934343434343
LPPT,2023-03-09,ARR,279,442.0433333333334,6750.7833333333365,1.5843847072879333
LPPT,2023-03-10,ARR,298,279.6000000000002,7043.566666666667,0.9382550335570476
LPPT,2023-03-11,ARR,278,344.41333333333336,6922.649999999999,1.238896882494005
LPPT,2023-03-12,ARR,291,337.0533333333332,7138.916666666666,1.158258877434135
LPPT,2023-03-13,ARR,307,706.0033333333333,8030.0999999999995,2.299685124864278
LPPT,2023-03-14,ARR,265,300.1499999999998,6694.916666666669,1.1326415094339615
LPPT,2023-03-15,ARR,263,245.62666666666667,6308.416666666668,0.9339416983523448
LPPT,2023-03-16,ARR,281,721.5666666666667,7062.466666666665,2.56785290628707
LPPT,2023-03-17,ARR,308,601.4466666666665,7606.233333333336,1.9527489177489172
LPPT,2023-03-18,ARR,298,300.23999999999984,7509.266666666667,1.0075167785234893
LPPT,2023-03-19,ARR,303,533.6399999999999,7842.816666666667,1.7611881188118808
LPPT,2023-03-20,ARR,303,370.21333333333325,7634.366666666668,1.2218261826182615
LPPT,2023-03-21,ARR,267,208.92666666666662,6648.799999999999,0.7824968789013731
LPPT,2023-03-22,ARR,262,280.87333333333333,6465.716666666667,1.0720356234096693
LPPT,2023-03-23,ARR,277,303.82333333333327,6617.033333333335,1.0968351383874848
LPPT,2023-03-24,ARR,304,598.7133333333334,7777.716666666668,1.969451754385965
LPPT,2023-03-25,ARR,291,377.96,7196.633333333333,1.2988316151202748
LPPT,2023-03-26,ARR,303,742.9399999999999,8040.233333333333,2.4519471947194718
LPPT,2023-03-27,ARR,289,306.0699999999999,7265.049999999999,1.0590657439446363
LPPT,2023-03-28,ARR,277,419.2199999999999,6798.550000000001,1.5134296028880863
LPPT,2023-03-29,ARR,284,582.8633333333333,7043.416666666666,2.052335680751174
LPPT,2023-03-30,ARR,297,484.3133333333334,7241.5666666666675,1.6306846240179576
LPPT,2023-03-31,ARR,306,270.12,7302.216666666664,0.8827450980392157
LPPT,2023-04-01,ARR,299,704.653333333333,7900.933333333332,2.356700111482719
LPPT,2023-04-02,ARR,295,399.0266666666666,7502.850000000001,1.3526327683615817
LPPT,2023-04-03,ARR,293,448.28999999999985,7516.733333333332,1.5299999999999996
LPPT,2023-04-04,ARR,278,377.81333333333316,7073.66666666667,1.3590407673860905
LPPT,2023-04-05,ARR,297,575.6633333333333,7753.716666666668,1.9382603815937147
LPPT,2023-04-06,ARR,298,664.1133333333331,7826.500000000001,2.228568232662192
LPPT,2023-04-07,ARR,306,392.3866666666667,7456.016666666667,1.2823093681917213
LPPT,2023-04-08,ARR,317,646.0899999999999,8115.549999999999,2.0381388012618293
LPPT,2023-04-09,ARR,320,294.7299999999999,8008.6500000000005,0.9210312499999997
LPPT,2023-04-10,ARR,320,440.2433333333331,8147.116666666668,1.375760416666666
LPPT,2023-04-11,ARR,289,472.5333333333333,7406.25,1.6350634371395616
LPPT,2023-04-12,ARR,296,438.36,7553.2999999999975,1.480945945945946
LPPT,2023-04-13,ARR,299,278.57333333333327,7461.016666666666,0.9316833890746932
LPPT,2023-04-14,ARR,308,337.79999999999984,7755.850000000001,1.0967532467532461
LPPT,2023-04-15,ARR,319,991.5366666666664,8676.85,3.1082654127481706
LPPT,2023-04-16,ARR,324,403.3166666666666,8214.333333333332,1.244804526748971
LPPT,2023-04-17,ARR,319,493.9699999999998,8205.366666666667,1.548495297805642
LPPT,2023-04-18,ARR,283,426.8033333333334,7215.283333333332,1.5081389870435808
LPPT,2023-04-19,ARR,309,546.9766666666666,7995.049999999998,1.7701510248112187
LPPT,2023-04-20,ARR,304,302.37000000000006,7270.3499999999995,0.9946381578947371
LPPT,2023-04-21,ARR,312,969.5800000000002,8081.033333333333,3.1076282051282056
LPPT,2023-04-22,ARR,312,299.5200000000001,7396.899999999999,0.9600000000000003
LPPT,2023-04-23,ARR,323,659.9899999999998,8482.216666666665,2.0433126934984513
LPPT,2023-04-24,ARR,314,368.0033333333333,7918.416666666665,1.171985138004246
LPPT,2023-04-25,ARR,291,366.20666666666654,7364.149999999998,1.2584421534936994
LPPT,2023-04-26,ARR,307,420.0866666666665,7801.899999999999,1.3683604777415845
LPPT,2023-04-27,ARR,307,231.20666666666676,7612.883333333331,0.7531161780673185
LPPT,2023-04-28,ARR,309,513.0433333333332,7957.6500000000005,1.6603344120819845
LPPT,2023-04-29,ARR,305,345.72333333333324,7696.200000000001,1.13351912568306
LPPT,2023-04-30,ARR,324,772.5466666666666,8608.050000000003,2.38440329218107
LPPT,2023-05-01,ARR,300,291.5133333333332,7518.199999999999,0.9717111111111106
LPPT,2023-05-02,ARR,284,214.52999999999997,6717.916666666667,0.7553873239436619
LPPT,2023-05-03,ARR,303,814.1100000000001,7688.666666666667,2.686831683168317
LPPT,2023-05-04,ARR,310,661.03,7865.333333333332,2.132354838709677
LPPT,2023-05-05,ARR,315,537.1633333333332,8067.6500000000015,1.7052804232804228
LPPT,2023-05-06,ARR,321,350.6566666666667,7915.199999999998,1.0923883696780894
LPPT,2023-05-07,ARR,324,643.1099999999999,8464.700000000003,1.9849074074074071
LPPT,2023-05-08,ARR,315,621.1399999999999,8231.016666666666,1.9718730158730156
LPPT,2023-05-09,ARR,275,475.0133333333333,7103.083333333333,1.727321212121212
LPPT,2023-05-10,ARR,303,712.0633333333333,8038.216666666664,2.35004400440044
LPPT,2023-05-11,ARR,300,633.4999999999999,7862.33333333333,2.1116666666666664
LPPT,2023-05-12,ARR,316,903.0166666666662,8541.516666666668,2.857647679324893
LPPT,2023-05-13,ARR,315,259.9799999999998,7859.749999999998,0.8253333333333327
LPPT,2023-05-14,ARR,323,164.36666666666656,7952.583333333332,0.5088751289989677
LPPT,2023-05-15,ARR,316,509.2466666666665,8132.5,1.611540084388185
LPPT,2023-05-16,ARR,289,587.3966666666666,7547.083333333332,2.0325144175317185
LPPT,2023-05-17,ARR,309,442.6033333333331,7935.333333333332,1.4323732470334405
LPPT,2023-05-18,ARR,320,461.25333333333316,8174.033333333334,1.4414166666666661
LPPT,2023-05-19,ARR,306,367.6833333333332,7741.933333333336,1.2015795206971673
LPPT,2023-05-20,ARR,319,617.7233333333332,8285.716666666667,1.9364367816091952
LPPT,2023-05-21,ARR,327,537.6133333333331,8403.100000000002,1.6440774719673796
LPPT,2023-05-22,ARR,321,425.6599999999999,8173.916666666668,1.3260436137071647
LPPT,2023-05-23,ARR,289,863.3966666666666,7778.583333333335,2.9875317185697807
LPPT,2023-05-24,ARR,299,421.6166666666665,7628.883333333333,1.4100891861761422
LPPT,2023-05-25,ARR,312,497.4066666666666,7901.550000000002,1.5942521367521365
LPPT,2023-05-26,ARR,308,702.746666666667,7680.483333333332,2.281645021645023
LPPT,2023-05-27,ARR,311,638.0366666666666,7865.033333333332,2.0515648445873524
LPPT,2023-05-28,ARR,308,83.65666666666652,7497.400000000002,0.27161255411255364
LPPT,2023-05-29,ARR,320,324.2833333333335,7554.499999999999,1.0133854166666671
LPPT,2023-05-30,ARR,278,227.61000000000007,6708.95,0.8187410071942448
LPPT,2023-05-31,ARR,298,499.1099999999999,7517.1833333333325,1.6748657718120803
LPPT,2023-06-01,ARR,302,263.6433333333332,7486.033333333332,0.8729911699779245
LPPT,2023-06-02,ARR,317,381.8233333333333,7975.366666666666,1.2044900105152472
LPPT,2023-06-03,ARR,310,386.99999999999994,7823.55,1.2483870967741935
LPPT,2023-06-04,ARR,327,345.76333333333315,8232.016666666668,1.0573802242609576
LPPT,2023-06-05,ARR,324,615.8933333333333,8392.066666666668,1.9009053497942385
LPPT,2023-06-06,ARR,284,410.7099999999999,6948.250000000001,1.4461619718309857
LPPT,2023-06-07,ARR,320,1026.4000000000003,8290.499999999998,3.207500000000001
LPPT,2023-06-08,ARR,327,1255.6400000000003,8650.633333333335,3.8398776758409796
LPPT,2023-06-09,ARR,331,669.44,8153.549999999999,2.0224773413897283
LPPT,2023-06-10,ARR,326,506.65000000000015,8000.666666666665,1.554141104294479
LPPT,2023-06-11,ARR,333,627.1766666666667,8159.566666666667,1.8834134134134135
LPPT,2023-06-12,ARR,338,994.71,8770.749999999998,2.9429289940828403
LPPT,2023-06-13,ARR,314,506.40999999999974,8071.633333333332,1.6127707006369418
LPPT,2023-06-14,ARR,320,785.2033333333329,8491.316666666666,2.4537604166666656
LPPT,2023-06-15,ARR,326,469.72333333333313,8317.483333333334,1.4408691206543962
LPPT,2023-06-16,ARR,333,803.3466666666668,8787.249999999998,2.412452452452453
LPPT,2023-06-17,ARR,327,826.1199999999997,8670.900000000003,2.526360856269112
LPPT,2023-06-18,ARR,332,818.2866666666667,8800.883333333331,2.464718875502008
LPPT,2023-06-19,ARR,335,913.7800000000002,8619.800000000001,2.727701492537314
LPPT,2023-06-20,ARR,301,848.8800000000001,8042.350000000002,2.820199335548173
LPPT,2023-06-21,ARR,331,759.1833333333332,8726.7,2.2936052366565955
LPPT,2023-06-22,ARR,328,667.0233333333333,8540.15,2.033607723577236
LPPT,2023-06-23,ARR,328,699.5866666666665,8575.866666666669,2.132886178861788
LPPT,2023-06-24,ARR,330,834.38,8757.516666666665,2.5284242424242422
LPPT,2023-06-25,ARR,325,818.9233333333331,8684.733333333335,2.5197641025641015
LPPT,2023-06-26,ARR,332,923.273333333333,8918.466666666667,2.7809437751004005
LPPT,2023-06-27,ARR,317,701.7533333333331,8314.566666666668,2.213732912723448
LPPT,2023-06-28,ARR,326,725.4433333333333,8585.849999999999,2.225286298568507
LPPT,2023-06-29,ARR,322,1187.0566666666668,8945.516666666665,3.6865113871635615
LPPT,2023-06-30,ARR,326,881.7966666666666,8712.066666666666,2.7048977505112473
LPPT,2023-07-01,ARR,332,938.61,8942.849999999999,2.8271385542168677
LPPT,2023-07-02,ARR,339,800.0766666666668,8963.566666666671,2.360108161258604
LPPT,2023-07-03,ARR,344,908.9899999999996,9176.216666666665,2.6424127906976733
LPPT,2023-07-04,ARR,319,718.6066666666663,8392.250000000004,2.2526854754440953
LPPT,2023-07-05,ARR,331,1047.6200000000001,9030.166666666668,3.1650151057401814
LPPT,2023-07-06,ARR,326,584.0233333333331,8425.833333333334,1.7914826175869114
LPPT,2023-07-07,ARR,329,836.9933333333333,8748.866666666667,2.5440526849037486
LPPT,2023-07-08,ARR,336,806.9266666666667,8753.683333333332,2.4015674603174606
LPPT,2023-07-09,ARR,340,1040.3566666666668,9214.483333333334,3.0598725490196084
LPPT,2023-07-10,ARR,347,815.2466666666667,9158.083333333332,2.3494140249759847
LPPT,2023-07-11,ARR,320,767.8966666666665,8447.949999999997,2.3996770833333327
LPPT,2023-07-12,ARR,332,896.1966666666664,8881.433333333332,2.6993875502008025
LPPT,2023-07-13,ARR,338,1091.5900000000001,9230.233333333332,3.229556213017752
LPPT,2023-07-14,ARR,334,730.6266666666664,8763.516666666666,2.1875049900199595
LPPT,2023-07-15,ARR,327,1443.2899999999997,9291.583333333332,4.413730886850152
LPPT,2023-07-16,ARR,346,1087.9899999999998,9406.116666666665,3.1444797687861263
LPPT,2023-07-17,ARR,347,991.4033333333334,9319.699999999999,2.8570701248799235
LPPT,2023-07-18,ARR,325,626.5100000000001,8429.550000000001,1.9277230769230773
LPPT,2023-07-19,ARR,328,996.75,8919.249999999998,3.0388719512195124
LPPT,2023-07-20,ARR,335,1506.8466666666666,9577.383333333333,4.498049751243781
LPPT,2023-07-21,ARR,312,738.5466666666665,8245.799999999996,2.3671367521367515
LPPT,2023-07-22,ARR,324,680.9833333333332,8481.600000000002,2.1018004115226336
LPPT,2023-07-23,ARR,323,595.8866666666668,8351.466666666664,1.8448503611971108
LPPT,2023-07-24,ARR,323,586.8799999999999,8370.583333333332,1.8169659442724455
LPPT,2023-07-25,ARR,311,1152.2133333333331,8620.033333333335,3.704866023579849
LPPT,2023-07-26,ARR,333,675.9666666666667,8722.85,2.02992992992993
LPPT,2023-07-27,ARR,336,474.9399999999998,8582.56666666667,1.4135119047619042
LPPT,2023-07-28,ARR,332,1287.27,9269.233333333334,3.8773192771084335
LPPT,2023-07-29,ARR,342,668.4033333333332,8872.45,1.9543957115009742
LPPT,2023-07-30,ARR,341,972.4166666666666,9178.383333333331,2.851661779081134
LPPT,2023-07-31,ARR,343,814.9899999999997,9078.216666666669,2.37606413994169
LPPT,2023-08-01,ARR,326,1065.5766666666666,8895,3.2686400817995906
LPPT,2023-08-02,ARR,333,1375.8833333333328,9392.03333333333,4.13178178178178
LPPT,2023-08-03,ARR,335,1607.0800000000006,9663.966666666667,4.797253731343285
LPPT,2023-08-04,ARR,331,925.8166666666666,8891.916666666668,2.7970292044310168
LPPT,2023-08-05,ARR,331,855.9833333333331,8815.016666666666,2.586052366565961
LPPT,2023-08-06,ARR,343,829.2366666666663,9096.966666666669,2.4175996112730798
LPPT,2023-08-07,ARR,343,888.7833333333333,8812.6,2.591205053449951
LPPT,2023-08-08,ARR,334,655.4700000000003,8259.233333333335,1.9624850299401204
LPPT,2023-08-09,ARR,339,1396.8833333333332,9274.233333333332,4.120599803343166
LPPT,2023-08-10,ARR,336,781.7133333333333,8870.216666666669,2.3265277777777778
LPPT,2023-08-11,ARR,337,718.3166666666666,8834.983333333334,2.131503461918892
LPPT,2023-08-12,ARR,334,633.6066666666663,8651.26666666667,1.8970259481037914
LPPT,2023-08-13,ARR,345,765.4033333333332,9039.85,2.2185603864734293
LPPT,2023-08-14,ARR,344,571.9299999999997,8853.933333333336,1.6625872093023248
LPPT,2023-08-15,ARR,318,667.3599999999999,8302,2.0986163522012578
LPPT,2023-08-16,ARR,336,807.7933333333332,8899.600000000002,2.404146825396825
LPPT,2023-08-17,ARR,335,360.56999999999994,8426.916666666668,1.0763283582089551
LPPT,2023-08-18,ARR,336,556.2333333333333,8179.049999999999,1.6554563492063492
LPPT,2023-08-19,ARR,334,1060.62,9037.749999999998,3.175508982035928
LPPT,2023-08-20,ARR,344,888.5133333333333,9147.800000000003,2.5828875968992246
LPPT,2023-08-21,ARR,343,286.3799999999998,8523.816666666666,0.8349271137026234
LPPT,2023-08-22,ARR,323,329.85,7791.599999999998,1.0212074303405574
LPPT,2023-08-23,ARR,336,436.8033333333332,8400.35,1.3000099206349203
LPPT,2023-08-24,ARR,329,663.6866666666665,8578.366666666663,2.017284701114488
LPPT,2023-08-25,ARR,333,588.2099999999998,8588.733333333332,1.7663963963963958
LPPT,2023-08-26,ARR,337,900.7533333333333,8990.91666666667,2.672858555885262
LPPT,2023-08-27,ARR,341,1029.9499999999998,9255.533333333336,3.020381231671554
LPPT,2023-08-28,ARR,333,999.9399999999996,9003.066666666666,3.0028228228228215
LPPT,2023-08-29,ARR,322,1174.3899999999999,8918.483333333334,3.6471739130434777
LPPT,2023-08-30,ARR,333,699.4233333333333,8719.599999999999,2.1003703703703702
LPPT,2023-08-31,ARR,336,968.1300000000003,9043.566666666666,2.8813392857142865
LPPT,2023-09-01,ARR,337,793.4199999999998,8901.916666666666,2.3543620178041538
LPPT,2023-09-02,ARR,335,461.2933333333332,8486.833333333332,1.3769950248756215
LPPT,2023-09-03,ARR,345,878.7499999999999,8960.216666666664,2.547101449275362
LPPT,2023-09-04,ARR,337,1580.743333333333,9224.816666666664,4.690633036597427
LPPT,2023-09-05,ARR,331,1098.2266666666665,8619.383333333331,3.31790533736153
LPPT,2023-09-06,ARR,334,1005.0466666666667,8611.216666666667,3.0091217564870263
LPPT,2023-09-07,ARR,332,1249.2700000000004,8789.95,3.762861445783134
LPPT,2023-09-08,ARR,328,801.9400000000002,8257.983333333335,2.4449390243902442
LPPT,2023-09-09,ARR,336,875.5166666666669,8525.583333333332,2.6057043650793656
LPPT,2023-09-10,ARR,337,1117.966666666667,8860.649999999998,3.317408506429279
LPPT,2023-09-11,ARR,344,1008.0399999999998,9120.483333333332,2.930348837209302
LPPT,2023-09-12,ARR,326,605.3899999999998,8435.516666666666,1.8570245398773
LPPT,2023-09-13,ARR,331,420.71666666666647,8417.983333333334,1.271047331319234
LPPT,2023-09-14,ARR,330,699.2133333333331,8655.283333333331,2.1188282828282823
LPPT,2023-09-15,ARR,331,704.1933333333334,8257.883333333337,2.127472306143001
LPPT,2023-09-16,ARR,327,1966.1533333333327,9387.633333333335,6.012701325178387
LPPT,2023-09-17,ARR,337,1106.49,8749.883333333333,3.283353115727003
LPPT,2023-09-18,ARR,339,891.1133333333336,8659.66666666667,2.6286529006882997
LPPT,2023-09-19,ARR,313,386.64999999999986,7927.133333333334,1.2353035143769964
LPPT,2023-09-20,ARR,331,294.0166666666668,7775.450000000002,0.8882678751258817
LPPT,2023-09-21,ARR,330,777.4166666666664,8656.483333333332,2.35580808080808
LPPT,2023-09-22,ARR,332,422.1566666666664,8414.416666666666,1.2715562248995975
LPPT,2023-09-23,ARR,331,399.58999999999986,8356.68333333333,1.2072205438066461
LPPT,2023-09-24,ARR,335,401.6366666666666,8441.15,1.1989154228855718
LPPT,2023-09-25,ARR,336,461.9933333333332,8536.766666666668,1.3749801587301584
LPPT,2023-09-26,ARR,311,383.65999999999997,7858.466666666669,1.2336334405144693
LPPT,2023-09-27,ARR,332,318.7499999999999,8311.849999999999,0.9600903614457827
LPPT,2023-09-28,ARR,334,667.0133333333334,8706.699999999999,1.9970459081836331
LPPT,2023-09-29,ARR,334,672.6466666666664,8682.95,2.0139121756487017
LPPT,2023-09-30,ARR,334,756.9733333333331,8777.483333333335,2.2663872255489017
LPPT,2023-10-01,ARR,342,590.59,8536.833333333332,1.72687134502924
LPPT,2023-10-02,ARR,332,1190.6966666666667,8916.250000000002,3.586435742971888
LPPT,2023-10-03,ARR,313,845.3633333333335,8378.583333333336,2.700841320553781
LPPT,2023-10-04,ARR,325,662.6233333333332,8370.5,2.0388410256410254
LPPT,2023-10-05,ARR,328,459.2333333333333,8370.81666666667,1.40010162601626
LPPT,2023-10-06,ARR,322,552.8966666666668,8024.816666666667,1.7170703933747415
LPPT,2023-10-07,ARR,331,378.91999999999996,7999.3499999999995,1.144773413897281
LPPT,2023-10-08,ARR,339,495.81999999999994,8665.499999999998,1.4625958702064894
LPPT,2023-10-09,ARR,330,736.2766666666665,8701.1,2.2311414141414136
LPPT,2023-10-10,ARR,310,432.0366666666666,7738.333333333334,1.3936666666666664
LPPT,2023-10-11,ARR,325,311.0033333333333,7809.6500000000015,0.9569333333333332
LPPT,2023-10-12,ARR,329,249.16666666666674,7829.416666666665,0.7573454913880449
LPPT,2023-10-13,ARR,311,910.5300000000001,7991.966666666669,2.9277491961414794
LPPT,2023-10-14,ARR,329,459.15333333333325,8415.633333333335,1.3956028368794324
LPPT,2023-10-15,ARR,338,852.5500000000001,8496.449999999999,2.522337278106509
LPPT,2023-10-16,ARR,333,1578.0766666666666,9134.200000000003,4.738968968968969
LPPT,2023-10-17,ARR,318,1353.9333333333334,8581.3,4.257651991614256
LPPT,2023-10-18,ARR,325,1365.7566666666667,8749.666666666664,4.202328205128205
LPPT,2023-10-19,ARR,312,3299.1533333333336,10357.549999999996,10.574209401709403
LPPT,2023-10-20,ARR,322,792.9833333333333,8544.216666666664,2.4626811594202898
LPPT,2023-10-21,ARR,328,987.5033333333333,8668.750000000002,3.010680894308943
LPPT,2023-10-22,ARR,330,1038.2466666666667,8987.95,3.1462020202020202
LPPT,2023-10-23,ARR,337,745.69,8885.966666666664,2.21272997032641
LPPT,2023-10-24,ARR,309,1410.603333333333,8411.150000000003,4.565059331175835
LPPT,2023-10-25,ARR,329,1462.4833333333336,8939.683333333334,4.445238095238096
LPPT,2023-10-26,ARR,325,1615.8466666666668,9126.783333333335,4.971835897435898
LPPT,2023-10-27,ARR,328,987.1033333333336,8445.599999999999,3.009461382113822
LPPT,2023-10-28,ARR,321,1299.1266666666672,8566.133333333335,4.047123572170303
LPPT,2023-10-29,ARR,304,1050.3466666666668,7932.116666666663,3.455087719298246
LPPT,2023-10-30,ARR,312,372.18000000000006,7400.750000000004,1.1928846153846155
LPPT,2023-10-31,ARR,287,481.2766666666667,7077.716666666666,1.6769221835075494
LPPT,2023-11-01,ARR,281,828.3333333333334,7183.016666666667,2.947805456702254
LPPT,2023-11-02,ARR,295,1428.6200000000001,8410.449999999997,4.84277966101695
LPPT,2023-11-03,ARR,299,556.7099999999999,7583.466666666664,1.8619063545150498
LPPT,2023-11-04,ARR,300,1282,8081.466666666666,4.273333333333333
LPPT,2023-11-05,ARR,311,963.3833333333331,8437.016666666666,3.0976956055734184
LPPT,2023-11-06,ARR,312,736.3999999999997,8246.516666666666,2.3602564102564094
LPPT,2023-11-07,ARR,271,410.18,6829.800000000001,1.513579335793358
LPPT,2023-11-08,ARR,271,554.6800000000001,6704.316666666666,2.0467896678966793
LPPT,2023-11-09,ARR,299,434.1633333333331,7634.383333333332,1.4520512820512814
LPPT,2023-11-10,ARR,300,512.8566666666667,7295.5,1.7095222222222224
LPPT,2023-11-11,ARR,281,388.83333333333337,6770.416666666669,1.3837485172004746
LPPT,2023-11-12,ARR,308,616.9433333333335,7599.516666666666,2.0030627705627713
LPPT,2023-11-13,ARR,303,569.7233333333335,7441.033333333331,1.8802750275027507
LPPT,2023-11-14,ARR,263,717.8233333333332,7028.916666666669,2.729366286438529
LPPT,2023-11-15,ARR,263,320.5899999999999,6618.233333333333,1.218973384030418
LPPT,2023-11-16,ARR,294,590.5833333333334,7694.7999999999975,2.0087868480725626
LPPT,2023-11-17,ARR,290,1231.8933333333332,8179.6500000000005,4.247908045977011
LPPT,2023-11-18,ARR,274,773.6566666666666,7313.45,2.8235644768856445
LPPT,2023-11-19,ARR,297,1101.9099999999999,8183.3166666666675,3.7101346801346797
LPPT,2023-11-20,ARR,299,676.78,7858.4833333333345,2.263478260869565
LPPT,2023-11-21,ARR,263,307.6133333333332,6634.8499999999985,1.1696324461343466
LPPT,2023-11-22,ARR,253,515.3633333333332,6572.383333333332,2.0370092226613963
LPPT,2023-11-23,ARR,293,257.28999999999996,7307.033333333334,0.8781228668941978
LPPT,2023-11-24,ARR,284,571.6499999999997,7401.8499999999995,2.0128521126760552
LPPT,2023-11-25,ARR,277,484.55333333333334,7137.35,1.7492900120336943
LPPT,2023-11-26,ARR,311,396.1099999999999,7852.65,1.273665594855305
LPPT,2023-11-27,ARR,309,376.2566666666667,7419.566666666667,1.2176591154261058
LPPT,2023-11-28,ARR,266,404.0366666666667,6444.266666666667,1.518934837092732
LPPT,2023-11-29,ARR,257,663.5566666666667,6502.383333333334,2.581932555123217
LPPT,2023-11-30,ARR,291,2371.293333333333,9171.283333333335,8.14877434135166
LPPT,2023-12-01,ARR,290,798.8633333333332,7765.200000000001,2.754701149425287
LPPT,2023-12-02,ARR,278,495.9799999999998,7168.700000000003,1.7841007194244596
LPPT,2023-12-03,ARR,284,818.9233333333332,7429.883333333333,2.883532863849765
LPPT,2023-12-04,ARR,309,819.0199999999998,8243.233333333334,2.650550161812297
LPPT,2023-12-05,ARR,276,564.0733333333335,7181.333333333333,2.0437439613526576
LPPT,2023-12-06,ARR,271,393.56999999999994,6874.916666666666,1.4522878228782286
LPPT,2023-12-07,ARR,289,847.55,7382.250000000001,2.932698961937716
LPPT,2023-12-08,ARR,293,288.8633333333335,6888.499999999999,0.9858816837315137
LPPT,2023-12-09,ARR,286,423.20666666666665,6973.466666666666,1.4797435897435898
LPPT,2023-12-10,ARR,294,1679.8233333333328,8438.100000000002,5.713684807256234
LPPT,2023-12-11,ARR,312,1067.9333333333336,8221.883333333333,3.4228632478632486
LPPT,2023-12-12,ARR,272,785.2,7166.166666666667,2.886764705882353
LPPT,2023-12-13,ARR,270,277.1199999999999,6784.0666666666675,1.02637037037037
LPPT,2023-12-14,ARR,293,564.2966666666666,7626.616666666668,1.9259271899886232
LPPT,2023-12-15,ARR,301,507.5933333333331,7730.116666666666,1.686356589147286
LPPT,2023-12-16,ARR,300,410.77666666666653,7599.033333333334,1.369255555555555
LPPT,2023-12-17,ARR,307,544.8199999999999,7922.233333333333,1.7746579804560259
LPPT,2023-12-18,ARR,304,409.52666666666653,7693.349999999997,1.3471271929824558
LPPT,2023-12-19,ARR,284,567.8166666666666,7382.9000000000005,1.9993544600938964
LPPT,2023-12-20,ARR,279,511.1233333333333,7211.949999999999,1.8319832735961765
LPPT,2023-12-21,ARR,302,714.9166666666666,7981.700000000002,2.367273730684327
LPPT,2023-12-22,ARR,306,661.9233333333332,7992.133333333335,2.1631481481481476
LPPT,2023-12-23,ARR,298,579.7699999999998,7719.1,1.945536912751677
LPPT,2023-12-24,ARR,270,118.98333333333323,6582.950000000002,0.44067901234567863
LPPT,2023-12-25,ARR,238,907.7866666666667,6600.716666666667,3.814229691876751
LPPT,2023-12-26,ARR,275,506.52999999999975,7121.700000000001,1.8419272727272717
LPPT,2023-12-27,ARR,282,652.2733333333332,7386.25,2.313026004728132
LPPT,2023-12-28,ARR,304,632.4399999999997,7954.916666666666,2.0803947368421043
LPPT,2023-12-29,ARR,304,582.4299999999997,7880.866666666668,1.915888157894736
LPPT,2023-12-30,ARR,300,1063.6266666666668,8110.716666666665,3.5454222222222227
LPPT,2023-12-31,ARR,286,499.93666666666655,7330.600000000001,1.7480303030303026
LPPT,2024-01-01,ARR,306,678.4333333333329,8026.100000000002,2.21710239651416
LPPT,2024-01-02,ARR,291,1412.2833333333333,8002.200000000002,4.853207331042382
LPPT,2024-01-03,ARR,291,625.1166666666666,7424.783333333332,2.1481672394043523
LPPT,2024-01-04,ARR,299,779.8766666666666,7837.966666666667,2.6082831661092527
LPPT,2024-01-05,ARR,301,759.8366666666662,8015.916666666666,2.5243743078626784
LPPT,2024-01-06,ARR,300,938.8899999999996,8156.866666666666,3.129633333333332
LPPT,2024-01-07,ARR,301,1110.0733333333337,8343.866666666669,3.6879512735326703
LPPT,2024-01-08,ARR,290,1155.433333333333,8104.4000000000015,3.984252873563217
LPPT,2024-01-09,ARR,235,387.1633333333331,6023.216666666666,1.64750354609929
LPPT,2024-01-10,ARR,235,492.19666666666654,6047.316666666667,2.0944539007092193
LPPT,2024-01-11,ARR,263,492.8666666666666,6805.616666666667,1.874017743979721
LPPT,2024-01-12,ARR,267,586.7333333333333,6988.5666666666675,2.197503121098627
LPPT,2024-01-13,ARR,255,919.6033333333335,6852.300000000002,3.606287581699347
LPPT,2024-01-14,ARR,287,852.6533333333335,7355.1,2.9709175377468067
LPPT,2024-01-15,ARR,268,471.4300000000001,6550.633333333333,1.759067164179105
LPPT,2024-01-16,ARR,226,1182.503333333333,6327.516666666668,5.232315634218288
LPPT,2024-01-17,ARR,220,576.0033333333333,5582.933333333333,2.6181969696969696
LPPT,2024-01-18,ARR,255,571.2666666666668,6453.466666666668,2.2402614379084973
LPPT,2024-01-19,ARR,258,425.3433333333331,6608.933333333334,1.6486175710594306
LPPT,2024-01-20,ARR,247,349.5933333333332,6265.216666666668,1.4153576248313084
LPPT,2024-01-21,ARR,266,321.1033333333331,6688.8166666666675,1.2071553884711772
LPPT,2024-01-22,ARR,264,322.7266666666666,6635.833333333334,1.2224494949494946
LPPT,2024-01-23,ARR,219,451.9999999999999,5665.9000000000005,2.063926940639269
LPPT,2024-01-24,ARR,223,49.933333333333245,5368.883333333334,0.22391629297458854
LPPT,2024-01-25,ARR,262,333.84333333333325,6612.333333333333,1.2742111959287528
LPPT,2024-01-26,ARR,262,470.023333333333,6778.966666666669,1.7939821882951643
LPPT,2024-01-27,ARR,250,498.59333333333336,6262.950000000001,1.9943733333333336
LPPT,2024-01-28,ARR,288,598.7300000000001,7224.7,2.0789236111111116
LPPT,2024-01-29,ARR,257,291.07666666666665,6282.166666666666,1.1325940337224383
LPPT,2024-01-30,ARR,220,78.77666666666657,5331.15,0.35807575757575716
LPPT,2024-01-31,ARR,225,363.0633333333333,5744.266666666666,1.6136148148148146
LPPT,2024-02-01,ARR,260,238.40999999999994,6466.033333333332,0.9169615384615383
LPPT,2024-02-02,ARR,269,308.57333333333315,6764.449999999999,1.147112763320941
LPPT,2024-02-03,ARR,255,453.58666666666653,6555.2,1.7787712418300647
LPPT,2024-02-04,ARR,292,562.3466666666665,7554.100000000003,1.9258447488584467
LPPT,2024-02-05,ARR,280,470.1733333333333,7046.4,1.6791904761904761
LPPT,2024-02-06,ARR,239,298.2,5747.083333333332,1.2476987447698744
LPPT,2024-02-07,ARR,228,369.35999999999996,5571.016666666667,1.6199999999999999
LPPT,2024-02-08,ARR,279,1790.6999999999996,8101.800000000002,6.418279569892472
LPPT,2024-02-09,ARR,288,1387.29,7927.766666666668,4.816979166666666
LPPT,2024-02-10,ARR,289,605.0866666666665,7429.183333333333,2.0937254901960776
LPPT,2024-02-11,ARR,290,2044.3999999999996,8599.800000000003,7.049655172413792
LPPT,2024-02-12,ARR,303,574.22,7420.383333333333,1.895115511551155
LPPT,2024-02-13,ARR,259,395.1300000000002,6309.5,1.5255984555984565
LPPT,2024-02-14,ARR,263,553.62,6810.533333333334,2.1050190114068443
LPPT,2024-02-15,ARR,300,800.1433333333335,7597.66666666667,2.667144444444445
LPPT,2024-02-16,ARR,304,340.8766666666666,7507.816666666668,1.1213048245614032
LPPT,2024-02-17,ARR,296,603.3566666666665,7728.6500000000015,2.0383671171171165
LPPT,2024-02-18,ARR,305,387.47333333333313,7705.833333333334,1.2704043715846989
LPPT,2024-02-19,ARR,303,1354.0066666666662,8650.066666666668,4.468668866886687
LPPT,2024-02-20,ARR,258,279.1366666666666,6476.1500000000005,1.081925064599483
LPPT,2024-02-21,ARR,263,159.14333333333337,6461.999999999999,0.60510773130545
LPPT,2024-02-22,ARR,298,806.3499999999999,7819.016666666664,2.705872483221476
LPPT,2024-02-23,ARR,298,383.9899999999997,7571.900000000002,1.2885570469798648
LPPT,2024-02-24,ARR,293,471.72666666666646,7386.4833333333345,1.6099886234357217
LPPT,2024-02-25,ARR,300,1032.396666666667,7844.816666666667,3.4413222222222233
LPPT,2024-02-26,ARR,310,1399.0333333333335,8872.816666666664,4.513010752688173
LPPT,2024-02-27,ARR,259,390.92999999999995,6615.216666666665,1.5093822393822391
LPPT,2024-02-28,ARR,263,346.8233333333332,6649.9000000000005,1.3187198986058297
LPPT,2024-02-29,ARR,291,900.6266666666664,7906.900000000002,3.0949369988545237
LPPT,2024-03-01,ARR,301,2021.4833333333331,9104.466666666667,6.715891472868217
LPPT,2024-03-02,ARR,285,3010.39,9637.766666666663,10.56277192982456
LPPT,2024-03-03,ARR,310,2946.353333333333,10219.800000000001,9.504365591397848
LPPT,2024-03-04,ARR,314,2671.133333333333,10162.550000000001,8.506794055201699
LPPT,2024-03-05,ARR,271,1818.7266666666662,8303.916666666664,6.711168511685115
LPPT,2024-03-06,ARR,272,2146.1000000000004,8333.816666666666,7.890073529411766
LPPT,2024-03-07,ARR,293,2117.663333333333,8780.95,7.227519908987484
LPPT,2024-03-08,ARR,291,2934.313333333332,9508.283333333331,10.083550973654063
LPPT,2024-03-09,ARR,292,2418.0166666666664,9034.733333333332,8.280878995433788
LPPT,2024-03-10,ARR,312,1797.2133333333334,9312.783333333331,5.760299145299145
LPPT,2024-03-11,ARR,316,2028.416666666667,9637.166666666668,6.419040084388187
LPPT,2024-03-12,ARR,271,305.45333333333326,6820.583333333332,1.1271340713407132
LPPT,2024-03-13,ARR,264,247.89333333333332,6275.983333333334,0.9389898989898989
LPPT,2024-03-14,ARR,297,776.6200000000001,7576.883333333332,2.6148821548821553
LPPT,2024-03-15,ARR,308,584.8600000000002,7558.716666666667,1.8988961038961047
LPPT,2024-03-16,ARR,296,600.1233333333333,7474.499999999999,2.0274436936936935
LPPT,2024-03-17,ARR,305,615.5033333333332,7930.249999999999,2.018043715846994
LPPT,2024-03-18,ARR,320,778.2933333333333,8343.599999999999,2.4321666666666664
LPPT,2024-03-19,ARR,273,382.98666666666674,6929.333333333332,1.4028815628815632
LPPT,2024-03-20,ARR,274,438.87666666666655,7010.533333333333,1.6017396593673963
LPPT,2024-03-21,ARR,292,670.1966666666663,7725.116666666668,2.2951940639269393
LPPT,2024-03-22,ARR,296,593.6399999999996,7724.466666666668,2.0055405405405393
LPPT,2024-03-23,ARR,301,632.2599999999998,7866.333333333332,2.100531561461793
LPPT,2024-03-24,ARR,312,773.1966666666663,8254.200000000003,2.4781944444444433
LPPT,2024-03-25,ARR,309,1133.5633333333333,8563.05,3.66848975188781
LPPT,2024-03-26,ARR,277,780.7766666666666,7025.199999999998,2.818688327316486
LPPT,2024-03-27,ARR,276,1645.8333333333335,7920.583333333334,5.96316425120773
LPPT,2024-03-28,ARR,295,2366.463333333334,9075.283333333335,8.021909604519777
LPPT,2024-03-29,ARR,309,673.87,7653.850000000002,2.1808090614886733
LPPT,2024-03-30,ARR,300,1097.82,7882.616666666668,3.6593999999999998
LPPT,2024-03-31,ARR,330,914.56,8358.766666666666,2.7713939393939393
LPPT,2024-04-01,ARR,329,931.9833333333337,8346.45,2.832776089159069
LPPT,2024-04-02,ARR,308,1353.5600000000002,8327.466666666665,4.394675324675325
LPPT,2024-04-03,ARR,313,720.4366666666666,7856.8,2.3017145899893503
LPPT,2024-04-04,ARR,317,1638.3866666666668,8800.9,5.168412197686646
LPPT,2024-04-05,ARR,313,2595.0366666666673,9665.3,8.290851970181047
LPPT,2024-04-06,ARR,322,1129.6866666666672,8474.1,3.5083436853002086
LPPT,2024-04-07,ARR,330,747.7833333333334,8285.933333333334,2.2660101010101013
LPPT,2024-04-08,ARR,324,886.6766666666664,8672.466666666667,2.7366563786008222
LPPT,2024-04-09,ARR,310,536.0333333333331,8007.500000000002,1.7291397849462358
LPPT,2024-04-10,ARR,301,463.44666666666643,7701.733333333334,1.5396899224806193
LPPT,2024-04-11,ARR,317,468.97999999999996,8061.666666666666,1.4794321766561513
LPPT,2024-04-12,ARR,323,305.2066666666666,8062.799999999998,0.9449122807017541
LPPT,2024-04-13,ARR,322,396.8466666666666,8113.716666666665,1.2324430641821944
LPPT,2024-04-14,ARR,326,508.2033333333331,8337.783333333333,1.558905930470347
LPPT,2024-04-15,ARR,327,761.7333333333331,8617.249999999998,2.3294597349643213
LPPT,2024-04-16,ARR,308,541.843333333333,7938.650000000003,1.7592316017316008
LPPT,2024-04-17,ARR,306,604.3466666666665,7957.899999999998,1.974989106753812
LPPT,2024-04-18,ARR,314,358.7133333333333,7527.333333333332,1.1423991507430997
LPPT,2024-04-19,ARR,321,466.7733333333334,7820.216666666667,1.4541225337487023
LPPT,2024-04-20,ARR,319,626.1466666666665,8226.25,1.9628422152560079
LPPT,2024-04-21,ARR,324,856.3900000000002,8556.983333333334,2.6431790123456795
LPPT,2024-04-22,ARR,326,848.4866666666665,8707.066666666664,2.6027198364008175
LPPT,2024-04-23,ARR,307,739.2399999999999,8136.0499999999965,2.4079478827361562
LPPT,2024-04-24,ARR,312,473.8899999999999,7894.083333333333,1.5188782051282048
LPPT,2024-04-25,ARR,290,656.5266666666666,7599.083333333333,2.2638850574712643
LPPT,2024-04-26,ARR,325,1070.2233333333338,8419.716666666665,3.2929948717948734
LPPT,2024-04-27,ARR,326,869.8566666666666,8677.216666666665,2.6682719836400817
LPPT,2024-04-28,ARR,328,745.3233333333333,8632.266666666666,2.2723272357723574
LPPT,2024-04-29,ARR,324,750.1266666666663,8542.916666666668,2.3152057613168715
LPPT,2024-04-30,ARR,309,643.7666666666669,7814.716666666666,2.083387270765912
LPPT,2024-05-01,ARR,312,726.6633333333335,8272.966666666662,2.329049145299146
LPPT,2024-05-02,ARR,316,789.8133333333336,7933.466666666666,2.4994092827004226
LPPT,2024-05-03,ARR,324,753.4066666666669,8093.233333333332,2.3253292181069964
LPPT,2024-05-04,ARR,331,889.056666666667,8412.3,2.685971802618329
LPPT,2024-05-05,ARR,328,887.2666666666667,8319.533333333335,2.705081300813008
LPPT,2024-05-06,ARR,325,882.4433333333332,8682.85,2.715210256410256
LPPT,2024-05-07,ARR,317,833.8866666666668,8446.216666666667,2.6305573080967406
LPPT,2024-05-08,ARR,311,556.7133333333333,8050.566666666666,1.7900750267952839
LPPT,2024-05-09,ARR,323,469.2666666666667,7935.716666666666,1.4528379772961817
LPPT,2024-05-10,ARR,326,558.05,8389.25,1.71180981595092
LPPT,2024-05-11,ARR,334,989.2233333333334,8989.516666666668,2.961746506986028
LPPT,2024-05-12,ARR,333,457.61666666666645,8462.783333333335,1.3742242242242235
LPPT,2024-05-13,ARR,322,717.4333333333334,8419.683333333332,2.2280538302277435
LPPT,2024-05-14,ARR,308,870.92,8281.149999999998,2.8276623376623373
LPPT,2024-05-15,ARR,317,810.5266666666668,8467.716666666667,2.5568664563617247
LPPT,2024-05-16,ARR,319,1032.3533333333337,8210.68333333333,3.2362173458725194
LPPT,2024-05-17,ARR,317,1358.0566666666664,9014.233333333335,4.28409043112513
LPPT,2024-05-18,ARR,323,1242.533333333333,8999.65,3.8468524251805976
LPPT,2024-05-19,ARR,317,1669.9799999999993,9291.45,5.268075709779177
LPPT,2024-05-20,ARR,332,1230.02,9202.016666666665,3.704879518072289
LPPT,2024-05-21,ARR,311,1064.1166666666666,8548.68333333333,3.4215969989281882
LPPT,2024-05-22,ARR,312,1148.04,8662.533333333335,3.6796153846153845
LPPT,2024-05-23,ARR,326,1157.1066666666668,9007.233333333334,3.5494069529652355
LPPT,2024-05-24,ARR,330,785.2199999999999,8733.18333333334,2.379454545454545
LPPT,2024-05-25,ARR,322,850.1466666666663,8550.883333333331,2.640207039337473
LPPT,2024-05-26,ARR,326,1018.7666666666663,8835.066666666662,3.1250511247443753
LPPT,2024-05-27,ARR,326,1312.2599999999993,9129.733333333334,4.025337423312881
LPPT,2024-05-28,ARR,303,1819.31,9105.883333333331,6.004323432343234
LPPT,2024-05-29,ARR,313,902.7866666666665,8439.633333333335,2.88430244941427
LPPT,2024-05-30,ARR,326,1215.8933333333334,9054.06666666667,3.7297341513292435
LPPT,2024-05-31,ARR,326,1300.9699999999993,9142.7,3.9907055214723908
LPPT,2024-06-01,ARR,327,914.5633333333333,8484.816666666668,2.7968297655453616
LPPT,2024-06-02,ARR,331,704.6133333333335,8271.033333333333,2.128741188318228
LPPT,2024-06-03,ARR,330,1420.9266666666667,9053.75,4.305838383838384
LPPT,2024-06-04,ARR,319,993.6533333333332,8590.616666666669,3.114900731452455
LPPT,2024-06-05,ARR,324,1150.1733333333334,8915.31666666667,3.549917695473251
LPPT,2024-06-06,ARR,330,1152.9933333333336,9054.55,3.4939191919191925
LPPT,2024-06-07,ARR,318,2576.4533333333334,9854.83333333333,8.102054507337526
LPPT,2024-06-08,ARR,333,969.6866666666668,8533.166666666666,2.9119719719719726
LPPT,2024-06-09,ARR,322,1285.4299999999998,8920.81666666667,3.992018633540372
LPPT,2024-06-10,ARR,327,1186.0600000000002,8897.616666666667,3.627094801223242
LPPT,2024-06-11,ARR,318,1299.3333333333335,8911.833333333332,4.085953878406709
LPPT,2024-06-12,ARR,322,792.5766666666665,8531.166666666664,2.4614182194616974
LPPT,2024-06-13,ARR,327,1037.4466666666665,8882.333333333334,3.172619775739041
LPPT,2024-06-14,ARR,334,1295.7599999999993,9299.66666666667,3.8795209580838304
LPPT,2024-06-15,ARR,333,1420.91,9387.283333333333,4.266996996996998
LPPT,2024-06-16,ARR,338,1059.7433333333333,9150.650000000001,3.135335305719921
LPPT,2024-06-17,ARR,337,1929.2166666666667,9592.883333333335,5.724678536102869
LPPT,2024-06-18,ARR,319,1219.92,8456.583333333336,3.824200626959248
LPPT,2024-06-19,ARR,325,1754.066666666667,9559.833333333334,5.397128205128206
LPPT,2024-06-20,ARR,330,1148.0699999999997,9091.666666666672,3.478999999999999
LPPT,2024-06-21,ARR,328,1098.8466666666664,8973.833333333332,3.3501422764227633
LPPT,2024-06-22,ARR,338,1939.04,10030.91666666667,5.73680473372781
LPPT,2024-06-23,ARR,333,1137.386666666666,9118.800000000001,3.415575575575574
LPPT,2024-06-24,ARR,335,1316.0266666666666,9352.716666666669,3.9284378109452738
LPPT,2024-06-25,ARR,318,1091.916666666667,8717.666666666666,3.433700209643607
LPPT,2024-06-26,ARR,321,492.87333333333333,7781.766666666668,1.5354309449636552
LPPT,2024-06-27,ARR,325,1107.4399999999998,8710.583333333334,3.407507692307692
LPPT,2024-06-28,ARR,332,874.6233333333333,8632.983333333334,2.6344076305220883
LPPT,2024-06-29,ARR,326,1306.1833333333332,9089.800000000001,4.006697341513292
LPPT,2024-06-30,ARR,326,1058.6466666666668,8680.633333333333,3.247382413087935
LPPT,2024-07-01,ARR,342,1181.58,9390.083333333334,3.454912280701754
LPPT,2024-07-02,ARR,329,1505.7266666666671,9390.483333333335,4.576676798378927
LPPT,2024-07-03,ARR,333,1332.3333333333328,9320.650000000001,4.001001001001
LPPT,2024-07-04,ARR,345,1716.6833333333332,9893.400000000001,4.975893719806763
LPPT,2024-07-05,ARR,333,1087.4533333333334,9076.3,3.265625625625626
LPPT,2024-07-06,ARR,333,1695.4233333333334,9664.583333333336,5.091361361361361
LPPT,2024-07-07,ARR,329,1207.4666666666665,9088.533333333335,3.6701114488348523
LPPT,2024-07-08,ARR,342,1228.3766666666666,9074.916666666668,3.591744639376218
LPPT,2024-07-09,ARR,330,1213.2366666666667,8722.41666666666,3.6764747474747477
LPPT,2024-07-10,ARR,332,1223.573333333333,8952.2,3.6854618473895573
LPPT,2024-07-11,ARR,330,1148.3,9046.766666666666,3.4796969696969695
LPPT,2024-07-12,ARR,329,1498.6799999999996,9384.749999999996,4.555258358662613
LPPT,2024-07-13,ARR,340,1525.8899999999996,9651.616666666665,4.487911764705881
LPPT,2024-07-14,ARR,335,1285.9366666666667,8888.2,3.8386169154228855
LPPT,2024-07-15,ARR,338,1311.5333333333338,9427.400000000003,3.880276134122289
LPPT,2024-07-16,ARR,332,1281.98,9219.483333333334,3.8613855421686747
LPPT,2024-07-17,ARR,331,951.61,8892.033333333331,2.8749546827794563
LPPT,2024-07-18,ARR,338,1316.666666666667,9403.833333333334,3.8954635108481273
LPPT,2024-07-19,ARR,317,1008.9433333333332,8588.399999999998,3.182786540483701
LPPT,2024-07-20,ARR,347,1465.0666666666664,9778.133333333331,4.222094140249759
LPPT,2024-07-21,ARR,335,1458.9766666666667,9485.183333333334,4.355154228855722
LPPT,2024-07-22,ARR,339,1097.4533333333331,9220.400000000003,3.23732546705998
LPPT,2024-07-23,ARR,335,708.3299999999998,8606.266666666668,2.1144179104477607
LPPT,2024-07-24,ARR,334,1925.923333333334,9837.566666666666,5.766237524950102
LPPT,2024-07-25,ARR,333,1622.406666666667,9615.383333333335,4.872092092092093
LPPT,2024-07-26,ARR,322,1202.1066666666666,8886.183333333336,3.7332505175983433
LPPT,2024-07-27,ARR,341,1080.2033333333331,9213.333333333334,3.1677517106549358
LPPT,2024-07-28,ARR,338,1372.3033333333337,9441.333333333334,4.060069033530573
LPPT,2024-07-29,ARR,343,1347.416666666667,9518.766666666666,3.9283284742468423
LPPT,2024-07-30,ARR,337,1792.3833333333334,9583.999999999998,5.31864490603363
LPPT,2024-07-31,ARR,331,955.8133333333332,8886.333333333332,2.8876535750251757
LPPT,2024-08-01,ARR,330,1289.053333333333,9195.633333333333,3.9062222222222216
LPPT,2024-08-02,ARR,334,1605.9233333333327,9625.1,4.808153692614769
LPPT,2024-08-03,ARR,339,1621.2833333333333,9724.750000000002,4.782546705998033
LPPT,2024-08-04,ARR,340,1413.1633333333332,9553.866666666663,4.156362745098039
LPPT,2024-08-05,ARR,345,1641.7333333333331,9914.7,4.758647342995168
LPPT,2024-08-06,ARR,326,1203.4333333333334,9005.86666666667,3.691513292433538
LPPT,2024-08-07,ARR,332,1148.96,9102.866666666669,3.4607228915662653
LPPT,2024-08-08,ARR,340,1208.5700000000002,9359.666666666666,3.554617647058824
LPPT,2024-08-09,ARR,336,1361.8566666666661,9416.349999999999,4.053144841269839
LPPT,2024-08-10,ARR,337,1283.6399999999999,9185.983333333335,3.8090207715133526
LPPT,2024-08-11,ARR,345,1084.0633333333333,9213.783333333335,3.1422125603864735
LPPT,2024-08-12,ARR,337,1177.9699999999998,9258.400000000001,3.495459940652818
LPPT,2024-08-13,ARR,330,1498.923333333333,9404.11666666667,4.542191919191918
LPPT,2024-08-14,ARR,332,1617.5366666666669,9581.683333333334,4.872098393574298
LPPT,2024-08-15,ARR,308,971.103333333333,8367.45,3.152932900432899
LPPT,2024-08-16,ARR,324,1388.6100000000001,9145.66666666667,4.285833333333334
LPPT,2024-08-17,ARR,325,2245.7366666666667,10016.116666666674,6.909958974358974
LPPT,2024-08-18,ARR,328,1912.1699999999998,9774.733333333337,5.829786585365853
LPPT,2024-08-19,ARR,342,1821.89,10021.983333333337,5.327163742690058
LPPT,2024-08-20,ARR,331,1429.0233333333335,9334.866666666667,4.317291037260826
LPPT,2024-08-21,ARR,336,1470.5766666666664,9539.766666666668,4.376716269841269
LPPT,2024-08-22,ARR,341,1814.503333333333,9994.183333333334,5.321124144672531
LPPT,2024-08-23,ARR,338,974.6233333333331,9069.71666666667,2.8835009861932934
LPPT,2024-08-24,ARR,342,1393.0933333333332,9536.016666666668,4.073372319688109
LPPT,2024-08-25,ARR,343,1504.4666666666665,9715.133333333337,4.386200194363459
LPPT,2024-08-26,ARR,343,889.9899999999998,9113.2,2.5947230320699703
LPPT,2024-08-27,ARR,329,1008.8299999999997,8867.683333333332,3.0663525835866254
LPPT,2024-08-28,ARR,330,1959.3366666666668,9849.050000000003,5.937383838383838
LPPT,2024-08-29,ARR,337,1680.2433333333329,9747.183333333332,4.985885262116715
LPPT,2024-08-30,ARR,331,1347.3400000000006,9288.566666666666,4.070513595166165
LPPT,2024-08-31,ARR,339,1164.5200000000002,9250.699999999999,3.435162241887906
LPPT,2024-09-01,ARR,342,1190.1200000000006,9374.250000000002,3.479883040935674
LPPT,2024-09-02,ARR,343,1439.8966666666668,9651.416666666668,4.1979494655004865
LPPT,2024-09-03,ARR,333,1880.9099999999999,9856.700000000003,5.648378378378378
LPPT,2024-09-04,ARR,328,1276.166666666666,9153.133333333333,3.8907520325203233
LPPT,2024-09-05,ARR,335,1992.513333333333,10024.35,5.947800995024875
LPPT,2024-09-06,ARR,338,1436.1299999999997,9532.433333333332,4.248905325443786
LPPT,2024-09-07,ARR,336,1612.7133333333331,9472.066666666668,4.799742063492063
LPPT,2024-09-08,ARR,335,1192.5166666666662,9238.033333333333,3.559751243781093
LPPT,2024-09-09,ARR,342,1765.0933333333332,9958.066666666666,5.161091617933723
LPPT,2024-09-10,ARR,322,1739.5133333333329,9409.249999999998,5.402215320910972
LPPT,2024-09-11,ARR,329,2002.5833333333328,9887.733333333334,6.086879432624112
LPPT,2024-09-12,ARR,332,2028.1699999999992,9971.383333333335,6.108945783132528
LPPT,2024-09-13,ARR,335,1390.8633333333335,9430.766666666665,4.151830845771145
LPPT,2024-09-14,ARR,336,1222.6133333333332,9264.149999999998,3.6387301587301586
LPPT,2024-09-15,ARR,342,1329.0066666666664,9528.099999999997,3.885984405458089
LPPT,2024-09-16,ARR,330,941.1866666666663,8858.9,2.8520808080808067
LPPT,2024-09-17,ARR,330,1626.3199999999995,9503.483333333332,4.9282424242424225
LPPT,2024-09-18,ARR,331,1560.85,9046.96666666667,4.715558912386706
LPPT,2024-09-19,ARR,336,1953.1633333333332,9596.966666666667,5.812986111111111
LPPT,2024-09-20,ARR,335,1077.1600000000003,8690.583333333332,3.2154029850746277
LPPT,2024-09-21,ARR,341,1721.9600000000003,9603.099999999999,5.049736070381233
LPPT,2024-09-22,ARR,337,1614.2899999999997,9646.550000000001,4.790178041543026
LPPT,2024-09-23,ARR,340,1340.4566666666667,9496.783333333335,3.9425196078431375
LPPT,2024-09-24,ARR,326,968.9366666666668,8343.433333333334,2.9721983640081806
LPPT,2024-09-25,ARR,329,1201.336666666667,8704.333333333334,3.6514792299898695
LPPT,2024-09-26,ARR,333,1615.9700000000003,9495.583333333332,4.852762762762763
LPPT,2024-09-27,ARR,334,1629.9833333333327,9656.716666666665,4.880189620758481
LPPT,2024-09-28,ARR,339,1505.0099999999998,9602.4,4.439557522123893
LPPT,2024-09-29,ARR,340,1480.6733333333334,9593.533333333331,4.354921568627451
LPPT,2024-09-30,ARR,344,1451.99,9680.416666666664,4.220901162790698
LPPT,2024-10-01,ARR,317,1087.8933333333332,8664.433333333332,3.431840168243953
LPPT,2024-10-02,ARR,328,1952.893333333333,9450.183333333332,5.953943089430894
LPPT,2024-10-03,ARR,327,1233.02,9117.749999999998,3.770703363914373
LPPT,2024-10-04,ARR,331,1203.0700000000002,8785.300000000001,3.6346525679758312
LPPT,2024-10-05,ARR,327,1383.2566666666671,8826.366666666669,4.23014271151886
LPPT,2024-10-06,ARR,332,1726.5533333333333,9274.750000000002,5.200461847389558
LPPT,2024-10-07,ARR,332,1623.0099999999998,9149.316666666668,4.888584337349397
LPPT,2024-10-08,ARR,313,1556.19,8651.916666666664,4.97185303514377
LPPT,2024-10-09,ARR,316,1844.6433333333334,9331.516666666666,5.8374789029535865
LPPT,2024-10-10,ARR,332,1177.603333333333,8716.483333333332,3.5469979919678707
LPPT,2024-10-11,ARR,325,3347.4633333333336,10723.183333333334,10.29988717948718
LPPT,2024-10-12,ARR,328,1390.2633333333335,8871.516666666665,4.238607723577236
LPPT,2024-10-13,ARR,335,1022.0000000000001,8643.433333333334,3.0507462686567166
LPPT,2024-10-14,ARR,333,1432.73,9048.599999999999,4.302492492492492
LPPT,2024-10-15,ARR,321,1299.7933333333333,8584.8,4.04920041536864
LPPT,2024-10-16,ARR,328,2142.306666666667,9609.016666666665,6.531422764227643
LPPT,2024-10-17,ARR,324,1609.4933333333342,9397.06666666667,4.967572016460908
LPPT,2024-10-18,ARR,326,1210.5466666666669,9065.799999999997,3.713333333333334
LPPT,2024-10-19,ARR,326,1367.2700000000004,8808.083333333334,4.194079754601228
LPPT,2024-10-20,ARR,326,2683.9533333333334,10467.133333333335,8.232985685071574
LPPT,2024-10-21,ARR,321,2358.3733333333334,10037.5,7.346957424714434
LPPT,2024-10-22,ARR,318,1234.0866666666668,8829.283333333335,3.8807756813417194
LPPT,2024-10-23,ARR,320,1398.1599999999992,9090.133333333337,4.369249999999997
LPPT,2024-10-24,ARR,327,1459.2866666666664,9066.399999999998,4.462650356778797
LPPT,2024-10-25,ARR,332,1981.0233333333326,9965.833333333332,5.966937751004014
LPPT,2024-10-26,ARR,327,1896.4899999999996,9636.899999999998,5.79966360856269
LPPT,2024-10-27,ARR,315,1096.823333333333,8673.699999999999,3.481978835978835
LPPT,2024-10-28,ARR,317,2011.8366666666666,9639.766666666668,6.346487907465825
LPPT,2024-10-29,ARR,286,1383.0766666666668,8236.166666666668,4.835932400932402
LPPT,2024-10-30,ARR,284,1233.4733333333336,8077.416666666668,4.343215962441316
LPPT,2024-10-31,ARR,311,1117.5566666666666,8348.66666666667,3.5934297963558413
LPPT,2024-11-01,ARR,302,1136.5566666666668,8405.15,3.763432671081678
LPPT,2024-11-02,ARR,308,1054.8966666666665,8447.933333333332,3.424989177489177
LPPT,2024-11-03,ARR,311,1175.7366666666665,8646.966666666664,3.7805037513397637
LPPT,2024-11-04,ARR,313,1728.9300000000003,8811.433333333332,5.52373801916933
LPPT,2024-11-05,ARR,278,1009.2233333333337,7332.316666666667,3.6302997601918476
LPPT,2024-11-06,ARR,269,1008.6633333333336,7432.366666666666,3.7496778190830247
LPPT,2024-11-07,ARR,294,1188.5133333333335,8178.700000000001,4.042562358276645
LPPT,2024-11-08,ARR,304,1019.1233333333336,8320.466666666667,3.352379385964913
LPPT,2024-11-09,ARR,293,904.4066666666664,7916.683333333333,3.086712172923776
LPPT,2024-11-10,ARR,315,1658.8966666666665,9237.599999999999,5.266338624338624
LPPT,2024-11-11,ARR,316,2200.003333333333,9792.3,6.962035864978902
LPPT,2024-11-12,ARR,262,954.2199999999998,7235.666666666668,3.642061068702289
LPPT,2024-11-13,ARR,253,1006.2866666666665,7090.416666666666,3.9774176548089586
LPPT,2024-11-14,ARR,287,1052.8766666666666,7866.65,3.6685598141695697
LPPT,2024-11-15,ARR,304,1054.0900000000001,8226.200000000003,3.4674013157894743
LPPT,2024-11-16,ARR,284,925.0966666666665,7704.7,3.2573826291079806
LPPT,2024-11-17,ARR,297,1209.4,8370.149999999998,4.072053872053872
LPPT,2024-11-18,ARR,297,1020.2066666666667,7831.5999999999995,3.4350392817059485
LPPT,2024-11-19,ARR,248,775.8533333333332,6704.266666666666,3.1284408602150533
LPPT,2024-11-20,ARR,258,786.0466666666665,6947.283333333333,3.046692506459948
LPPT,2024-11-21,ARR,281,578.6633333333335,6983.433333333335,2.0593001186239626
LPPT,2024-11-22,ARR,293,1054.966666666667,7734.15,3.60056882821388
LPPT,2024-11-23,ARR,282,901.0933333333332,7365.766666666666,3.195366430260047
LPPT,2024-11-24,ARR,296,2117.436666666667,8841.066666666668,7.153502252252253
LPPT,2024-11-25,ARR,306,1244.1633333333336,8547.933333333334,4.065893246187365
LPPT,2024-11-26,ARR,245,630.3799999999999,6496.683333333333,2.5729795918367344
LPPT,2024-11-27,ARR,247,557.6233333333332,6454.616666666667,2.257584345479082
LPPT,2024-11-28,ARR,276,1168.5933333333335,7543.55,4.2340338164251214
LPPT,2024-11-29,ARR,286,1298.8933333333337,7784.866666666666,4.541585081585083
LPPT,2024-11-30,ARR,275,1320.1233333333334,7859.333333333333,4.800448484848485
LPPT,2024-12-01,ARR,305,1435.6833333333338,8761.349999999997,4.707158469945357
LPPT,2024-12-02,ARR,309,1304.8000000000002,8722.35,4.222653721682849
LPPT,2024-12-03,ARR,250,863.8466666666667,6850.7333333333345,3.4553866666666666
LPPT,2024-12-04,ARR,251,804.9233333333335,6821.799999999998,3.2068658698539183
LPPT,2024-12-05,ARR,280,704.4566666666666,7415.716666666666,2.5159166666666666
LPPT,2024-12-06,ARR,296,1188.0266666666666,8281.449999999999,4.013603603603603
LPPT,2024-12-07,ARR,281,962.6366666666667,7633.13333333333,3.425753262158956
LPPT,2024-12-08,ARR,294,1344.55,8402.699999999997,4.573299319727891
LPPT,2024-12-09,ARR,308,1821.5,9225.96666666667,5.913961038961039
LPPT,2024-12-10,ARR,262,666.5766666666665,6954.033333333332,2.5441857506361316
LPPT,2024-12-11,ARR,270,901.4733333333332,7408.449999999999,3.3387901234567896
LPPT,2024-12-12,ARR,293,878.0899999999999,7945.683333333332,2.9968941979522183
LPPT,2024-12-13,ARR,295,956.573333333333,8068.800000000002,3.242621468926553
LPPT,2024-12-14,ARR,300,1034.216666666666,8228.499999999998,3.4473888888888866
LPPT,2024-12-15,ARR,299,1150.5033333333336,8348.349999999997,3.8478372352285404
LPPT,2024-12-16,ARR,303,979.0200000000002,8249.500000000002,3.2310891089108917
LPPT,2024-12-17,ARR,265,889.2166666666666,7013.6833333333325,3.355534591194968
LPPT,2024-12-18,ARR,283,1210.5399999999997,7715.233333333333,4.277526501766784
LPPT,2024-12-19,ARR,301,1565.7166666666667,8770.449999999999,5.20171650055371
LPPT,2024-12-20,ARR,314,1356.1966666666665,8922.433333333334,4.3190976645435235
LPPT,2024-12-21,ARR,305,1070.0299999999997,8371.749999999998,3.508295081967212
LPPT,2024-12-22,ARR,310,1749.0566666666664,9197.183333333334,5.642118279569892
LPPT,2024-12-23,ARR,331,1886.2233333333338,9814.25,5.698559919436054
LPPT,2024-12-24,ARR,232,440.58000000000004,5994.733333333332,1.8990517241379312
LPPT,2024-12-25,ARR,212,408.5733333333333,5460.7,1.9272327044025157
LPPT,2024-12-26,ARR,304,1134.7333333333333,8421.150000000001,3.732675438596491
LPPT,2024-12-27,ARR,317,979.6866666666667,8562.533333333333,3.0904942166140907
LPPT,2024-12-28,ARR,309,777.6133333333332,8152.250000000001,2.5165480043149944
LPPT,2024-12-29,ARR,313,1158.1333333333332,8645.216666666664,3.70010649627263
LPPT,2024-12-30,ARR,322,1313.3933333333327,9042.449999999997,4.0788612836438904
LPPT,2024-12-31,ARR,256,644.6333333333333,6778.899999999998,2.5180989583333333
LPPT,2025-01-01,ARR,1,-4.483333333333334,21.116666666666667,-4.483333333333334
NA,NA,ARR,0,0,0,NA
