DEP_CNTRY,IS_STUDY,DES_CNTRY,TFC_TYPE,DES_PRU,DEPS,REGION,YEAR
ES,FALSE,ES,regional,Eurocontrol,328482,EUR,2024
TR,FALSE,TR,regional,Eurocontrol,300717,EUR,2024
IT,FALSE,IT,regional,Eurocontrol,289108,EUR,2024
FR,FALSE,FR,regional,Eurocontrol,258285,EUR,2024
NO,FALSE,NO,regional,Eurocontrol,247959,EUR,2024
GB,FALSE,GB,regional,Eurocontrol,246083,EUR,2024
DE,FALSE,DE,regional,Eurocontrol,132341,EUR,2024
GR,FALSE,GR,regional,Eurocontrol,129118,EUR,2024
ES,FALSE,GB,regional,Eurocontrol,112132,EUR,2024
ES,TRUE,ES,regional,Eurocontrol,109734,EUR,2024
GB,FALSE,ES,regional,Eurocontrol,102623,EUR,2024
SE,FALSE,SE,regional,Eurocontrol,80877,EUR,2024
ES,FALSE,DE,regional,Eurocontrol,67439,EUR,2024
IT,FALSE,ES,regional,Eurocontrol,64505,EUR,2024
DE,FALSE,ES,regional,Eurocontrol,64484,EUR,2024
TR,FALSE,DE,regional,Eurocontrol,63195,EUR,2024
IT,FALSE,FR,regional,Eurocontrol,60074,EUR,2024
IT,FALSE,DE,regional,Eurocontrol,58892,EUR,2024
DE,TRUE,DE,regional,Eurocontrol,55717,EUR,2024
IT,FALSE,GB,regional,Eurocontrol,54532,EUR,2024
IE,FALSE,GB,regional,Eurocontrol,51961,EUR,2024
FR,FALSE,ES,regional,Eurocontrol,49545,EUR,2024
DE,FALSE,TR,regional,Eurocontrol,49477,EUR,2024
PT,FALSE,PT,regional,Eurocontrol,43521,EUR,2024
GB,TRUE,US,international,Northern America,42145,EUR,2024
FR,FALSE,GB,regional,Eurocontrol,41777,EUR,2024
FR,FALSE,IT,regional,Eurocontrol,40093,EUR,2024
GB,FALSE,IE,regional,Eurocontrol,39666,EUR,2024
GB,FALSE,FR,regional,Eurocontrol,38585,EUR,2024
NL,TRUE,GB,regional,Eurocontrol,38009,EUR,2024
ES,TRUE,IT,regional,Eurocontrol,36654,EUR,2024
TR,FALSE,RU,international,Russia,36062,EUR,2024
PL,FALSE,PL,regional,Eurocontrol,35805,EUR,2024
GB,TRUE,ES,regional,Eurocontrol,34958,EUR,2024
GB,FALSE,NL,regional,Eurocontrol,34079,EUR,2024
DE,FALSE,GB,regional,Eurocontrol,33683,EUR,2024
ES,FALSE,FR,regional,Eurocontrol,33210,EUR,2024
GB,TRUE,GB,regional,Eurocontrol,33206,EUR,2024
TR,FALSE,GB,regional,Eurocontrol,33171,EUR,2024
GB,FALSE,IT,regional,Eurocontrol,32264,EUR,2024
GB,FALSE,DE,regional,Eurocontrol,31676,EUR,2024
FI,FALSE,FI,regional,Eurocontrol,31261,EUR,2024
GR,FALSE,GB,regional,Eurocontrol,30755,EUR,2024
GR,FALSE,DE,regional,Eurocontrol,30198,EUR,2024
DK,FALSE,DK,regional,Eurocontrol,29869,EUR,2024
ES,TRUE,FR,regional,Eurocontrol,29736,EUR,2024
DE,FALSE,IT,regional,Eurocontrol,29621,EUR,2024
AT,FALSE,DE,regional,Eurocontrol,29200,EUR,2024
DE,TRUE,IT,regional,Eurocontrol,28990,EUR,2024
ES,FALSE,IT,regional,Eurocontrol,27935,EUR,2024
FR,FALSE,DE,regional,Eurocontrol,27494,EUR,2024
DE,TRUE,ES,regional,Eurocontrol,27104,EUR,2024
FR,FALSE,MA,international,Africa,26120,EUR,2024
DE,FALSE,FR,regional,Eurocontrol,25623,EUR,2024
ES,TRUE,GB,regional,Eurocontrol,25575,EUR,2024
FR,TRUE,FR,regional,Eurocontrol,25309,EUR,2024
PL,FALSE,DE,regional,Eurocontrol,23966,EUR,2024
FR,FALSE,PT,regional,Eurocontrol,23896,EUR,2024
GB,FALSE,TR,regional,Eurocontrol,23614,EUR,2024
ES,TRUE,DE,regional,Eurocontrol,23090,EUR,2024
GB,TRUE,DE,regional,Eurocontrol,23021,EUR,2024
PL,FALSE,GB,regional,Eurocontrol,22553,EUR,2024
GB,TRUE,IT,regional,Eurocontrol,22051,EUR,2024
BE,FALSE,ES,regional,Eurocontrol,21954,EUR,2024
DE,TRUE,US,international,Northern America,21579,EUR,2024
NL,TRUE,DE,regional,Eurocontrol,21381,EUR,2024
ES,FALSE,NL,regional,Eurocontrol,21108,EUR,2024
NL,TRUE,ES,regional,Eurocontrol,20976,EUR,2024
GB,TRUE,FR,regional,Eurocontrol,20658,EUR,2024
PT,FALSE,GB,regional,Eurocontrol,20458,EUR,2024
DE,TRUE,GB,regional,Eurocontrol,20308,EUR,2024
DE,TRUE,FR,regional,Eurocontrol,19846,EUR,2024
FR,TRUE,IT,regional,Eurocontrol,19839,EUR,2024
GB,FALSE,PL,regional,Eurocontrol,19551,EUR,2024
GB,FALSE,PT,regional,Eurocontrol,19466,EUR,2024
DE,FALSE,GR,regional,Eurocontrol,19350,EUR,2024
GB,FALSE,GR,regional,Eurocontrol,19038,EUR,2024
DE,FALSE,AT,regional,Eurocontrol,18595,EUR,2024
RO,FALSE,RO,regional,Eurocontrol,18264,EUR,2024
FR,FALSE,CH,regional,Eurocontrol,17933,EUR,2024
IT,FALSE,NL,regional,Eurocontrol,17895,EUR,2024
ES,TRUE,PT,regional,Eurocontrol,17828,EUR,2024
FR,TRUE,DE,regional,Eurocontrol,17809,EUR,2024
FR,TRUE,US,international,Northern America,17806,EUR,2024
FR,TRUE,GB,regional,Eurocontrol,17720,EUR,2024
IT,FALSE,CH,regional,Eurocontrol,17519,EUR,2024
CH,TRUE,DE,regional,Eurocontrol,17355,EUR,2024
DE,FALSE,CH,regional,Eurocontrol,17305,EUR,2024
GR,FALSE,IT,regional,Eurocontrol,17295,EUR,2024
IE,FALSE,ES,regional,Eurocontrol,17110,EUR,2024
IT,FALSE,GR,regional,Eurocontrol,17068,EUR,2024
FR,FALSE,DZ,international,Africa,16839,EUR,2024
CH,FALSE,GB,regional,Eurocontrol,16669,EUR,2024
CH,FALSE,FR,regional,Eurocontrol,16581,EUR,2024
PT,TRUE,ES,regional,Eurocontrol,16201,EUR,2024
IT,FALSE,PL,regional,Eurocontrol,15383,EUR,2024
PL,FALSE,IT,regional,Eurocontrol,15379,EUR,2024
NL,TRUE,IT,regional,Eurocontrol,15347,EUR,2024
NL,TRUE,FR,regional,Eurocontrol,15345,EUR,2024
DE,FALSE,NL,regional,Eurocontrol,14814,EUR,2024
PT,TRUE,PT,regional,Eurocontrol,14785,EUR,2024
IT,FALSE,BE,regional,Eurocontrol,14613,EUR,2024
BE,FALSE,IT,regional,Eurocontrol,14607,EUR,2024
GB,FALSE,CH,regional,Eurocontrol,14605,EUR,2024
TR,FALSE,SA,international,Middle East,14592,EUR,2024
PT,FALSE,FR,regional,Eurocontrol,14566,EUR,2024
DK,FALSE,DE,regional,Eurocontrol,14467,EUR,2024
ES,FALSE,BE,regional,Eurocontrol,14388,EUR,2024
NO,FALSE,DK,regional,Eurocontrol,14184,EUR,2024
DK,FALSE,NO,regional,Eurocontrol,14129,EUR,2024
RO,FALSE,IT,regional,Eurocontrol,13865,EUR,2024
NL,FALSE,NL,regional,Eurocontrol,13714,EUR,2024
DE,TRUE,TR,regional,Eurocontrol,13704,EUR,2024
IT,FALSE,US,international,Northern America,13670,EUR,2024
DE,TRUE,PL,regional,Eurocontrol,13664,EUR,2024
TR,FALSE,FR,regional,Eurocontrol,13648,EUR,2024
FR,TRUE,ES,regional,Eurocontrol,13591,EUR,2024
IT,FALSE,RO,regional,Eurocontrol,13458,EUR,2024
PL,FALSE,ES,regional,Eurocontrol,13442,EUR,2024
AL,FALSE,IT,regional,Eurocontrol,13193,EUR,2024
IT,FALSE,AL,regional,Eurocontrol,13151,EUR,2024
DK,FALSE,GB,regional,Eurocontrol,13123,EUR,2024
ES,FALSE,IE,regional,Eurocontrol,13116,EUR,2024
PT,TRUE,FR,regional,Eurocontrol,12948,EUR,2024
GB,TRUE,IE,regional,Eurocontrol,12947,EUR,2024
FR,FALSE,NL,regional,Eurocontrol,12857,EUR,2024
NL,TRUE,US,international,Northern America,12603,EUR,2024
ES,FALSE,CH,regional,Eurocontrol,12357,EUR,2024
GR,FALSE,FR,regional,Eurocontrol,12185,EUR,2024
AT,FALSE,IT,regional,Eurocontrol,12107,EUR,2024
CH,TRUE,ES,regional,Eurocontrol,12047,EUR,2024
BE,FALSE,FR,regional,Eurocontrol,11882,EUR,2024
IT,FALSE,AT,regional,Eurocontrol,11816,EUR,2024
FR,FALSE,TN,international,Africa,11762,EUR,2024
GB,TRUE,CH,regional,Eurocontrol,11747,EUR,2024
GB,TRUE,GR,regional,Eurocontrol,11582,EUR,2024
HR,FALSE,DE,regional,Eurocontrol,11365,EUR,2024
PT,FALSE,ES,regional,Eurocontrol,11345,EUR,2024
BE,FALSE,DE,regional,Eurocontrol,11302,EUR,2024
SE,FALSE,DE,regional,Eurocontrol,11273,EUR,2024
DE,TRUE,GR,regional,Eurocontrol,11041,EUR,2024
IE,FALSE,US,international,Northern America,11012,EUR,2024
IT,FALSE,TR,regional,Eurocontrol,10951,EUR,2024
TR,FALSE,IT,regional,Eurocontrol,10822,EUR,2024
PL,FALSE,TR,regional,Eurocontrol,10814,EUR,2024
TR,FALSE,PL,regional,Eurocontrol,10800,EUR,2024
RO,FALSE,DE,regional,Eurocontrol,10674,EUR,2024
IT,FALSE,PT,regional,Eurocontrol,10489,EUR,2024
ES,TRUE,US,international,Northern America,10472,EUR,2024
CH,FALSE,CH,regional,Eurocontrol,10453,EUR,2024
ES,FALSE,PT,regional,Eurocontrol,10412,EUR,2024
GB,TRUE,PT,regional,Eurocontrol,10403,EUR,2024
DE,TRUE,AT,regional,Eurocontrol,10351,EUR,2024
DK,FALSE,ES,regional,Eurocontrol,10318,EUR,2024
FI,FALSE,SE,regional,Eurocontrol,10311,EUR,2024
NO,FALSE,GB,regional,Eurocontrol,10270,EUR,2024
CH,TRUE,IT,regional,Eurocontrol,10241,EUR,2024
AT,FALSE,ES,regional,Eurocontrol,10180,EUR,2024
SE,FALSE,FI,regional,Eurocontrol,10159,EUR,2024
DE,FALSE,PL,regional,Eurocontrol,10046,EUR,2024
TR,FALSE,IR,international,Middle East,9991,EUR,2024
FR,FALSE,BE,regional,Eurocontrol,9969,EUR,2024
RO,FALSE,GB,regional,Eurocontrol,9937,EUR,2024
CH,TRUE,GB,regional,Eurocontrol,9884,EUR,2024
SE,FALSE,ES,regional,Eurocontrol,9754,EUR,2024
GB,FALSE,US,international,Northern America,9655,EUR,2024
PT,TRUE,GB,regional,Eurocontrol,9635,EUR,2024
TR,FALSE,AE,international,Middle East,9630,EUR,2024
ES,FALSE,PL,regional,Eurocontrol,9588,EUR,2024
AT,FALSE,GB,regional,Eurocontrol,9524,EUR,2024
CY,FALSE,GB,regional,Eurocontrol,9484,EUR,2024
FR,FALSE,TR,regional,Eurocontrol,9399,EUR,2024
HR,FALSE,HR,regional,Eurocontrol,9378,EUR,2024
CH,FALSE,ES,regional,Eurocontrol,9362,EUR,2024
GB,TRUE,TR,regional,Eurocontrol,9301,EUR,2024
NL,FALSE,ES,regional,Eurocontrol,9200,EUR,2024
ES,TRUE,NL,regional,Eurocontrol,9130,EUR,2024
CH,FALSE,DE,regional,Eurocontrol,9038,EUR,2024
DE,FALSE,PT,regional,Eurocontrol,9020,EUR,2024
AM,FALSE,RU,international,Russia,9003,EUR,2024
ES,TRUE,CH,regional,Eurocontrol,8995,EUR,2024
IE,FALSE,FR,regional,Eurocontrol,8977,EUR,2024
DE,TRUE,CH,regional,Eurocontrol,8956,EUR,2024
AT,FALSE,AT,regional,Eurocontrol,8951,EUR,2024
PT,FALSE,DE,regional,Eurocontrol,8939,EUR,2024
FR,FALSE,GR,regional,Eurocontrol,8888,EUR,2024
ES,TRUE,MA,international,Africa,8817,EUR,2024
NO,FALSE,ES,regional,Eurocontrol,8663,EUR,2024
GB,FALSE,RO,regional,Eurocontrol,8660,EUR,2024
DE,FALSE,EG,international,Middle East,8563,EUR,2024
NO,FALSE,NL,regional,Eurocontrol,8525,EUR,2024
SE,FALSE,DK,regional,Eurocontrol,8525,EUR,2024
PL,FALSE,NL,regional,Eurocontrol,8479,EUR,2024
DE,FALSE,DK,regional,Eurocontrol,8459,EUR,2024
SE,FALSE,GB,regional,Eurocontrol,8430,EUR,2024
DK,FALSE,NL,regional,Eurocontrol,8399,EUR,2024
DE,FALSE,NA,NA,NA,8365,EUR,2024
NL,TRUE,NO,regional,Eurocontrol,8335,EUR,2024
DK,FALSE,SE,regional,Eurocontrol,8190,EUR,2024
FR,FALSE,NA,NA,NA,8166,EUR,2024
ES,FALSE,SE,regional,Eurocontrol,8155,EUR,2024
NO,FALSE,DE,regional,Eurocontrol,8138,EUR,2024
IE,FALSE,DE,regional,Eurocontrol,8078,EUR,2024
PL,FALSE,GR,regional,Eurocontrol,8000,EUR,2024
GR,FALSE,PL,regional,Eurocontrol,7999,EUR,2024
CY,FALSE,GR,regional,Eurocontrol,7953,EUR,2024
NL,TRUE,DK,regional,Eurocontrol,7951,EUR,2024
BE,FALSE,GB,regional,Eurocontrol,7940,EUR,2024
GB,TRUE,NL,regional,Eurocontrol,7890,EUR,2024
SE,FALSE,NO,regional,Eurocontrol,7851,EUR,2024
GR,FALSE,CY,regional,Eurocontrol,7828,EUR,2024
DE,TRUE,NL,regional,Eurocontrol,7763,EUR,2024
MT,FALSE,IT,regional,Eurocontrol,7738,EUR,2024
NO,FALSE,SE,regional,Eurocontrol,7690,EUR,2024
ES,FALSE,DK,regional,Eurocontrol,7688,EUR,2024
NO,FALSE,PL,regional,Eurocontrol,7644,EUR,2024
PL,FALSE,NO,regional,Eurocontrol,7621,EUR,2024
IT,FALSE,EG,international,Middle East,7619,EUR,2024
IT,FALSE,MT,regional,Eurocontrol,7532,EUR,2024
GB,FALSE,DK,regional,Eurocontrol,7499,EUR,2024
FI,FALSE,DE,regional,Eurocontrol,7438,EUR,2024
HU,FALSE,DE,regional,Eurocontrol,7424,EUR,2024
PL,FALSE,FR,regional,Eurocontrol,7396,EUR,2024
ES,TRUE,BE,regional,Eurocontrol,7389,EUR,2024
ES,FALSE,NO,regional,Eurocontrol,7339,EUR,2024
CZ,FALSE,GB,regional,Eurocontrol,7322,EUR,2024
CH,FALSE,IT,regional,Eurocontrol,7300,EUR,2024
ES,FALSE,MA,international,Africa,7233,EUR,2024
TR,FALSE,US,international,Northern America,7207,EUR,2024
PT,TRUE,DE,regional,Eurocontrol,7196,EUR,2024
AT,FALSE,FR,regional,Eurocontrol,7190,EUR,2024
DK,FALSE,FR,regional,Eurocontrol,7179,EUR,2024
PT,TRUE,IT,regional,Eurocontrol,7122,EUR,2024
TR,FALSE,EG,international,Middle East,7066,EUR,2024
TR,FALSE,KZ,international,Asia,7036,EUR,2024
TR,FALSE,NL,regional,Eurocontrol,6987,EUR,2024
DE,TRUE,PT,regional,Eurocontrol,6923,EUR,2024
GB,TRUE,IN,international,Asia,6840,EUR,2024
TR,FALSE,IQ,international,Middle East,6836,EUR,2024
GR,FALSE,NL,regional,Eurocontrol,6826,EUR,2024
DK,FALSE,IT,regional,Eurocontrol,6776,EUR,2024
IT,FALSE,DK,regional,Eurocontrol,6767,EUR,2024
NL,TRUE,CH,regional,Eurocontrol,6732,EUR,2024
HU,FALSE,GB,regional,Eurocontrol,6730,EUR,2024
HU,FALSE,IT,regional,Eurocontrol,6709,EUR,2024
IT,FALSE,HU,regional,Eurocontrol,6619,EUR,2024
BG,FALSE,DE,regional,Eurocontrol,6587,EUR,2024
NL,TRUE,PL,regional,Eurocontrol,6496,EUR,2024
IT,FALSE,IE,regional,Eurocontrol,6447,EUR,2024
GR,FALSE,IL,international,Middle East,6432,EUR,2024
HR,FALSE,GB,regional,Eurocontrol,6400,EUR,2024
TR,FALSE,ES,regional,Eurocontrol,6365,EUR,2024
GB,TRUE,AE,international,Middle East,6364,EUR,2024
TR,FALSE,AZ,international,Asia,6359,EUR,2024
IE,FALSE,IT,regional,Eurocontrol,6358,EUR,2024
ES,FALSE,AT,regional,Eurocontrol,6333,EUR,2024
GB,FALSE,CY,regional,Eurocontrol,6316,EUR,2024
TR,FALSE,CH,regional,Eurocontrol,6309,EUR,2024
CZ,FALSE,IT,regional,Eurocontrol,6302,EUR,2024
IT,FALSE,MA,international,Africa,6298,EUR,2024
GR,FALSE,CH,regional,Eurocontrol,6274,EUR,2024
IT,FALSE,CZ,regional,Eurocontrol,6271,EUR,2024
CH,TRUE,FR,regional,Eurocontrol,6224,EUR,2024
NO,FALSE,NA,NA,NA,6167,EUR,2024
IE,FALSE,NL,regional,Eurocontrol,6155,EUR,2024
AT,FALSE,CH,regional,Eurocontrol,6138,EUR,2024
DK,FALSE,PL,regional,Eurocontrol,6132,EUR,2024
PL,FALSE,DK,regional,Eurocontrol,6121,EUR,2024
BE,FALSE,MA,international,Africa,6087,EUR,2024
FR,FALSE,IE,regional,Eurocontrol,6009,EUR,2024
CZ,FALSE,DE,regional,Eurocontrol,6005,EUR,2024
GR,FALSE,AT,regional,Eurocontrol,5914,EUR,2024
NL,TRUE,TR,regional,Eurocontrol,5894,EUR,2024
DE,TRUE,DK,regional,Eurocontrol,5880,EUR,2024
DE,TRUE,SE,regional,Eurocontrol,5867,EUR,2024
AT,FALSE,TR,regional,Eurocontrol,5853,EUR,2024
NL,TRUE,PT,regional,Eurocontrol,5846,EUR,2024
CH,TRUE,US,international,Northern America,5820,EUR,2024
AT,FALSE,GR,regional,Eurocontrol,5816,EUR,2024
IE,FALSE,IE,regional,Eurocontrol,5794,EUR,2024
DE,TRUE,CN,international,China,5785,EUR,2024
CY,FALSE,IL,international,Middle East,5779,EUR,2024
DE,FALSE,HR,regional,Eurocontrol,5706,EUR,2024
GB,TRUE,DK,regional,Eurocontrol,5701,EUR,2024
TR,FALSE,AT,regional,Eurocontrol,5680,EUR,2024
RO,FALSE,ES,regional,Eurocontrol,5666,EUR,2024
DE,FALSE,SE,regional,Eurocontrol,5634,EUR,2024
NL,TRUE,IE,regional,Eurocontrol,5633,EUR,2024
FR,TRUE,MA,international,Africa,5631,EUR,2024
RO,FALSE,TR,regional,Eurocontrol,5627,EUR,2024
SE,FALSE,NL,regional,Eurocontrol,5624,EUR,2024
CZ,FALSE,ES,regional,Eurocontrol,5615,EUR,2024
TR,FALSE,RO,regional,Eurocontrol,5606,EUR,2024
DE,TRUE,HR,regional,Eurocontrol,5598,EUR,2024
FR,TRUE,DZ,international,Africa,5566,EUR,2024
TR,FALSE,GR,regional,Eurocontrol,5538,EUR,2024
NL,TRUE,SE,regional,Eurocontrol,5509,EUR,2024
CH,FALSE,PT,regional,Eurocontrol,5499,EUR,2024
RO,FALSE,FR,regional,Eurocontrol,5493,EUR,2024
BE,FALSE,TR,regional,Eurocontrol,5492,EUR,2024
GB,FALSE,BE,regional,Eurocontrol,5491,EUR,2024
GR,FALSE,TR,regional,Eurocontrol,5490,EUR,2024
TR,FALSE,BE,regional,Eurocontrol,5473,EUR,2024
GB,TRUE,CA,international,Northern America,5461,EUR,2024
DE,FALSE,RO,regional,Eurocontrol,5459,EUR,2024
IT,FALSE,AE,international,Middle East,5427,EUR,2024
DE,TRUE,RO,regional,Eurocontrol,5408,EUR,2024
NL,TRUE,GR,regional,Eurocontrol,5339,EUR,2024
GB,TRUE,NO,regional,Eurocontrol,5329,EUR,2024
SE,FALSE,PL,regional,Eurocontrol,5276,EUR,2024
MT,FALSE,GB,regional,Eurocontrol,5256,EUR,2024
PL,FALSE,SE,regional,Eurocontrol,5249,EUR,2024
BG,FALSE,GB,regional,Eurocontrol,5209,EUR,2024
DE,TRUE,BE,regional,Eurocontrol,5178,EUR,2024
PT,TRUE,BR,international,Southern America,5167,EUR,2024
DE,FALSE,BE,regional,Eurocontrol,5150,EUR,2024
GB,TRUE,AT,regional,Eurocontrol,5150,EUR,2024
PL,FALSE,EG,international,Middle East,5137,EUR,2024
DE,FALSE,US,international,Northern America,5115,EUR,2024
GB,FALSE,NO,regional,Eurocontrol,5045,EUR,2024
RS,FALSE,DE,regional,Eurocontrol,5043,EUR,2024
PT,FALSE,CH,regional,Eurocontrol,5042,EUR,2024
GB,FALSE,CZ,regional,Eurocontrol,4945,EUR,2024
FR,TRUE,CH,regional,Eurocontrol,4931,EUR,2024
IE,FALSE,PT,regional,Eurocontrol,4902,EUR,2024
GB,TRUE,SE,regional,Eurocontrol,4900,EUR,2024
SE,FALSE,FR,regional,Eurocontrol,4881,EUR,2024
GB,FALSE,HU,regional,Eurocontrol,4832,EUR,2024
PT,TRUE,US,international,Northern America,4809,EUR,2024
GB,FALSE,MA,international,Africa,4784,EUR,2024
BE,FALSE,CH,regional,Eurocontrol,4771,EUR,2024
BE,FALSE,PT,regional,Eurocontrol,4685,EUR,2024
DE,FALSE,IE,regional,Eurocontrol,4641,EUR,2024
DE,TRUE,NO,regional,Eurocontrol,4613,EUR,2024
CZ,FALSE,FR,regional,Eurocontrol,4611,EUR,2024
GB,TRUE,CN,international,China,4568,EUR,2024
DE,FALSE,HU,regional,Eurocontrol,4517,EUR,2024
HU,FALSE,ES,regional,Eurocontrol,4495,EUR,2024
AT,FALSE,NL,regional,Eurocontrol,4438,EUR,2024
FR,TRUE,TR,regional,Eurocontrol,4416,EUR,2024
DK,FALSE,TR,regional,Eurocontrol,4404,EUR,2024
PT,TRUE,CH,regional,Eurocontrol,4382,EUR,2024
GB,FALSE,AT,regional,Eurocontrol,4379,EUR,2024
FR,FALSE,AT,regional,Eurocontrol,4365,EUR,2024
DE,TRUE,CA,international,Northern America,4359,EUR,2024
TR,FALSE,DK,regional,Eurocontrol,4344,EUR,2024
GB,FALSE,AE,international,Middle East,4331,EUR,2024
CH,TRUE,TR,regional,Eurocontrol,4329,EUR,2024
TR,FALSE,UZ,international,Asia,4314,EUR,2024
GB,FALSE,BG,regional,Eurocontrol,4308,EUR,2024
PT,FALSE,NL,regional,Eurocontrol,4300,EUR,2024
GE,FALSE,RU,international,Russia,4284,EUR,2024
TR,FALSE,GE,regional,Eurocontrol,4273,EUR,2024
BE,FALSE,GR,regional,Eurocontrol,4240,EUR,2024
HR,FALSE,FR,regional,Eurocontrol,4240,EUR,2024
ES,TRUE,TR,regional,Eurocontrol,4207,EUR,2024
LU,FALSE,DE,regional,Eurocontrol,4204,EUR,2024
GR,FALSE,BE,regional,Eurocontrol,4198,EUR,2024
GB,FALSE,HR,regional,Eurocontrol,4194,EUR,2024
FI,FALSE,ES,regional,Eurocontrol,4154,EUR,2024
FI,FALSE,EE,regional,Eurocontrol,4149,EUR,2024
FR,TRUE,NL,regional,Eurocontrol,4123,EUR,2024
GE,FALSE,TR,regional,Eurocontrol,4113,EUR,2024
DE,TRUE,EG,international,Middle East,4093,EUR,2024
DE,FALSE,BG,regional,Eurocontrol,4084,EUR,2024
EE,FALSE,FI,regional,Eurocontrol,4076,EUR,2024
CH,TRUE,CH,regional,Eurocontrol,4059,EUR,2024
FI,FALSE,GB,regional,Eurocontrol,4049,EUR,2024
IT,FALSE,HR,regional,Eurocontrol,4039,EUR,2024
FR,FALSE,PL,regional,Eurocontrol,4018,EUR,2024
CH,TRUE,GR,regional,Eurocontrol,4016,EUR,2024
GR,FALSE,ES,regional,Eurocontrol,4015,EUR,2024
ES,TRUE,CO,international,Southern America,3994,EUR,2024
ES,TRUE,IE,regional,Eurocontrol,3984,EUR,2024
HR,FALSE,IT,regional,Eurocontrol,3983,EUR,2024
FR,TRUE,CA,international,Northern America,3967,EUR,2024
FR,TRUE,DK,regional,Eurocontrol,3961,EUR,2024
NL,FALSE,GB,regional,Eurocontrol,3961,EUR,2024
CH,TRUE,PT,regional,Eurocontrol,3947,EUR,2024
CZ,FALSE,TR,regional,Eurocontrol,3944,EUR,2024
TR,FALSE,CZ,regional,Eurocontrol,3922,EUR,2024
BE,FALSE,BE,regional,Eurocontrol,3895,EUR,2024
ES,TRUE,PL,regional,Eurocontrol,3862,EUR,2024
PT,TRUE,NL,regional,Eurocontrol,3861,EUR,2024
FR,FALSE,US,international,Northern America,3835,EUR,2024
DE,FALSE,FI,regional,Eurocontrol,3802,EUR,2024
GB,TRUE,QA,international,Middle East,3790,EUR,2024
CH,TRUE,NL,regional,Eurocontrol,3787,EUR,2024
AT,FALSE,PL,regional,Eurocontrol,3782,EUR,2024
PL,FALSE,AT,regional,Eurocontrol,3780,EUR,2024
CZ,FALSE,CZ,regional,Eurocontrol,3778,EUR,2024
DE,FALSE,XK,NA,NA,3769,EUR,2024
DE,TRUE,IN,international,Asia,3766,EUR,2024
DE,TRUE,AE,international,Middle East,3763,EUR,2024
FR,FALSE,RO,regional,Eurocontrol,3741,EUR,2024
TR,FALSE,MD,regional,Eurocontrol,3741,EUR,2024
MD,FALSE,TR,regional,Eurocontrol,3738,EUR,2024
NO,FALSE,FR,regional,Eurocontrol,3730,EUR,2024
HU,FALSE,FR,regional,Eurocontrol,3704,EUR,2024
ES,TRUE,AT,regional,Eurocontrol,3687,EUR,2024
BG,FALSE,IT,regional,Eurocontrol,3678,EUR,2024
BE,FALSE,US,international,Northern America,3663,EUR,2024
DK,FALSE,GR,regional,Eurocontrol,3649,EUR,2024
FR,TRUE,PT,regional,Eurocontrol,3649,EUR,2024
IT,FALSE,BG,regional,Eurocontrol,3644,EUR,2024
ME,FALSE,RS,regional,Eurocontrol,3641,EUR,2024
GR,FALSE,DK,regional,Eurocontrol,3639,EUR,2024
RS,FALSE,ME,regional,Eurocontrol,3639,EUR,2024
TR,FALSE,KW,international,Middle East,3636,EUR,2024
DK,FALSE,CH,regional,Eurocontrol,3632,EUR,2024
GR,FALSE,CZ,regional,Eurocontrol,3610,EUR,2024
CH,TRUE,AT,regional,Eurocontrol,3607,EUR,2024
TR,FALSE,QA,international,Middle East,3598,EUR,2024
RO,FALSE,GR,regional,Eurocontrol,3593,EUR,2024
CZ,FALSE,GR,regional,Eurocontrol,3588,EUR,2024
GR,FALSE,RO,regional,Eurocontrol,3580,EUR,2024
GB,FALSE,SE,regional,Eurocontrol,3574,EUR,2024
TR,FALSE,JO,international,Middle East,3553,EUR,2024
FR,TRUE,GR,regional,Eurocontrol,3550,EUR,2024
TR,FALSE,LB,international,Middle East,3523,EUR,2024
FR,TRUE,CN,international,China,3509,EUR,2024
GB,FALSE,EG,international,Middle East,3501,EUR,2024
DE,TRUE,FI,regional,Eurocontrol,3481,EUR,2024
NL,TRUE,AT,regional,Eurocontrol,3466,EUR,2024
CH,FALSE,NL,regional,Eurocontrol,3460,EUR,2024
GB,TRUE,MA,international,Africa,3448,EUR,2024
ES,TRUE,MX,international,Southern America,3447,EUR,2024
DE,FALSE,MA,international,Africa,3411,EUR,2024
TR,FALSE,HU,regional,Eurocontrol,3409,EUR,2024
TR,FALSE,RS,regional,Eurocontrol,3409,EUR,2024
FR,TRUE,PL,regional,Eurocontrol,3385,EUR,2024
ES,FALSE,CZ,regional,Eurocontrol,3381,EUR,2024
RS,FALSE,TR,regional,Eurocontrol,3372,EUR,2024
NL,TRUE,CN,international,China,3371,EUR,2024
IT,FALSE,LU,regional,Eurocontrol,3355,EUR,2024
PT,FALSE,IT,regional,Eurocontrol,3353,EUR,2024
PL,FALSE,BE,regional,Eurocontrol,3351,EUR,2024
LV,FALSE,DE,regional,Eurocontrol,3343,EUR,2024
AL,FALSE,DE,regional,Eurocontrol,3322,EUR,2024
TR,FALSE,DZ,international,Africa,3322,EUR,2024
BE,FALSE,PL,regional,Eurocontrol,3321,EUR,2024
LU,FALSE,IT,regional,Eurocontrol,3306,EUR,2024
PL,FALSE,CH,regional,Eurocontrol,3287,EUR,2024
LU,FALSE,FR,regional,Eurocontrol,3283,EUR,2024
BG,FALSE,BG,regional,Eurocontrol,3281,EUR,2024
GB,TRUE,CY,regional,Eurocontrol,3280,EUR,2024
FR,TRUE,TN,international,Africa,3242,EUR,2024
SE,FALSE,TR,regional,Eurocontrol,3232,EUR,2024
DE,FALSE,NO,regional,Eurocontrol,3226,EUR,2024
GB,FALSE,IS,international,Northern America,3213,EUR,2024
TR,FALSE,SE,regional,Eurocontrol,3212,EUR,2024
HU,FALSE,TR,regional,Eurocontrol,3209,EUR,2024
LU,FALSE,ES,regional,Eurocontrol,3202,EUR,2024
GR,FALSE,SE,regional,Eurocontrol,3201,EUR,2024
SE,FALSE,GR,regional,Eurocontrol,3195,EUR,2024
HR,FALSE,AT,regional,Eurocontrol,3194,EUR,2024
FI,FALSE,LV,regional,Eurocontrol,3189,EUR,2024
LV,FALSE,FI,regional,Eurocontrol,3180,EUR,2024
DE,TRUE,HU,regional,Eurocontrol,3175,EUR,2024
DK,FALSE,US,international,Northern America,3173,EUR,2024
ES,TRUE,GR,regional,Eurocontrol,3173,EUR,2024
IT,FALSE,CN,international,China,3168,EUR,2024
ES,FALSE,FI,regional,Eurocontrol,3167,EUR,2024
IT,FALSE,SE,regional,Eurocontrol,3166,EUR,2024
BE,FALSE,CN,international,China,3165,EUR,2024
DE,TRUE,IE,regional,Eurocontrol,3162,EUR,2024
ES,TRUE,RO,regional,Eurocontrol,3158,EUR,2024
AT,FALSE,HR,regional,Eurocontrol,3157,EUR,2024
SE,FALSE,IT,regional,Eurocontrol,3148,EUR,2024
GB,TRUE,EG,international,Middle East,3141,EUR,2024
DE,FALSE,CZ,regional,Eurocontrol,3140,EUR,2024
AT,FALSE,BE,regional,Eurocontrol,3130,EUR,2024
CZ,FALSE,EG,international,Middle East,3118,EUR,2024
EE,FALSE,EE,regional,Eurocontrol,3115,EUR,2024
NO,FALSE,FI,regional,Eurocontrol,3100,EUR,2024
PT,FALSE,IE,regional,Eurocontrol,3075,EUR,2024
FI,FALSE,NO,regional,Eurocontrol,3071,EUR,2024
CH,FALSE,BE,regional,Eurocontrol,3066,EUR,2024
GB,FALSE,MT,regional,Eurocontrol,3057,EUR,2024
LU,FALSE,PT,regional,Eurocontrol,3047,EUR,2024
DE,FALSE,RS,regional,Eurocontrol,3042,EUR,2024
ES,FALSE,NA,NA,NA,3039,EUR,2024
FI,FALSE,DK,regional,Eurocontrol,3007,EUR,2024
FR,TRUE,IE,regional,Eurocontrol,2995,EUR,2024
BE,FALSE,AT,regional,Eurocontrol,2980,EUR,2024
DK,FALSE,FI,regional,Eurocontrol,2976,EUR,2024
FR,FALSE,DK,regional,Eurocontrol,2975,EUR,2024
FR,TRUE,SE,regional,Eurocontrol,2969,EUR,2024
GB,TRUE,PL,regional,Eurocontrol,2959,EUR,2024
NL,FALSE,IT,regional,Eurocontrol,2945,EUR,2024
FI,FALSE,FR,regional,Eurocontrol,2937,EUR,2024
DE,FALSE,AE,international,Middle East,2933,EUR,2024
FR,FALSE,HR,regional,Eurocontrol,2888,EUR,2024
PL,FALSE,IE,regional,Eurocontrol,2884,EUR,2024
IE,FALSE,PL,regional,Eurocontrol,2876,EUR,2024
LT,FALSE,GB,regional,Eurocontrol,2865,EUR,2024
CZ,FALSE,NL,regional,Eurocontrol,2864,EUR,2024
GB,FALSE,LT,regional,Eurocontrol,2846,EUR,2024
CZ,FALSE,PL,regional,Eurocontrol,2843,EUR,2024
PL,FALSE,CZ,regional,Eurocontrol,2843,EUR,2024
PL,FALSE,FI,regional,Eurocontrol,2841,EUR,2024
FI,FALSE,PL,regional,Eurocontrol,2839,EUR,2024
LT,FALSE,DE,regional,Eurocontrol,2838,EUR,2024
FR,FALSE,XF,NA,NA,2837,EUR,2024
TR,FALSE,LY,international,Africa,2832,EUR,2024
RO,FALSE,AT,regional,Eurocontrol,2828,EUR,2024
DE,TRUE,LU,regional,Eurocontrol,2796,EUR,2024
LU,FALSE,GB,regional,Eurocontrol,2789,EUR,2024
SE,FALSE,CH,regional,Eurocontrol,2787,EUR,2024
AT,FALSE,RO,regional,Eurocontrol,2786,EUR,2024
GB,TRUE,BE,regional,Eurocontrol,2783,EUR,2024
MK,FALSE,DE,regional,Eurocontrol,2778,EUR,2024
FI,FALSE,IT,regional,Eurocontrol,2767,EUR,2024
IT,FALSE,FI,regional,Eurocontrol,2759,EUR,2024
FR,TRUE,AT,regional,Eurocontrol,2749,EUR,2024
IT,FALSE,QA,international,Middle East,2740,EUR,2024
IT,FALSE,IL,international,Middle East,2739,EUR,2024
DE,TRUE,CZ,regional,Eurocontrol,2725,EUR,2024
BE,FALSE,DK,regional,Eurocontrol,2712,EUR,2024
RO,FALSE,BE,regional,Eurocontrol,2710,EUR,2024
BE,FALSE,RO,regional,Eurocontrol,2696,EUR,2024
FR,TRUE,AE,international,Middle East,2664,EUR,2024
DK,FALSE,BE,regional,Eurocontrol,2662,EUR,2024
MT,FALSE,DE,regional,Eurocontrol,2656,EUR,2024
SE,FALSE,BE,regional,Eurocontrol,2654,EUR,2024
AL,FALSE,GB,regional,Eurocontrol,2645,EUR,2024
FR,FALSE,CZ,regional,Eurocontrol,2605,EUR,2024
GB,FALSE,LU,regional,Eurocontrol,2602,EUR,2024
HR,FALSE,NL,regional,Eurocontrol,2600,EUR,2024
NL,TRUE,AE,international,Middle East,2591,EUR,2024
IT,FALSE,TN,international,Africa,2585,EUR,2024
ES,TRUE,DK,regional,Eurocontrol,2583,EUR,2024
GB,TRUE,SG,international,Asia,2574,EUR,2024
RS,FALSE,IT,regional,Eurocontrol,2565,EUR,2024
DE,TRUE,JP,international,Asia,2557,EUR,2024
BE,FALSE,SE,regional,Eurocontrol,2548,EUR,2024
CH,FALSE,AT,regional,Eurocontrol,2546,EUR,2024
PT,TRUE,MA,international,Africa,2527,EUR,2024
FR,FALSE,HU,regional,Eurocontrol,2519,EUR,2024
IT,FALSE,NO,regional,Eurocontrol,2515,EUR,2024
IT,FALSE,RS,regional,Eurocontrol,2514,EUR,2024
ES,FALSE,RO,regional,Eurocontrol,2508,EUR,2024
NL,TRUE,CZ,regional,Eurocontrol,2508,EUR,2024
CZ,FALSE,CH,regional,Eurocontrol,2506,EUR,2024
ES,TRUE,AE,international,Middle East,2501,EUR,2024
DE,TRUE,BG,regional,Eurocontrol,2493,EUR,2024
PT,FALSE,BE,regional,Eurocontrol,2484,EUR,2024
TR,FALSE,BG,regional,Eurocontrol,2480,EUR,2024
BG,FALSE,TR,regional,Eurocontrol,2479,EUR,2024
NO,FALSE,IT,regional,Eurocontrol,2474,EUR,2024
PL,FALSE,AE,international,Middle East,2466,EUR,2024
MT,FALSE,FR,regional,Eurocontrol,2462,EUR,2024
FR,TRUE,NO,regional,Eurocontrol,2446,EUR,2024
AT,FALSE,DK,regional,Eurocontrol,2443,EUR,2024
DK,FALSE,AT,regional,Eurocontrol,2441,EUR,2024
PL,FALSE,BG,regional,Eurocontrol,2436,EUR,2024
BG,FALSE,PL,regional,Eurocontrol,2431,EUR,2024
PT,TRUE,BE,regional,Eurocontrol,2430,EUR,2024
BE,FALSE,NL,regional,Eurocontrol,2416,EUR,2024
GR,FALSE,US,international,Northern America,2411,EUR,2024
FR,FALSE,LU,regional,Eurocontrol,2407,EUR,2024
DK,FALSE,IS,international,Northern America,2400,EUR,2024
GB,TRUE,SA,international,Middle East,2383,EUR,2024
GB,TRUE,CZ,regional,Eurocontrol,2374,EUR,2024
DE,FALSE,AL,regional,Eurocontrol,2370,EUR,2024
CY,FALSE,PL,regional,Eurocontrol,2368,EUR,2024
FR,TRUE,FI,regional,Eurocontrol,2366,EUR,2024
GB,FALSE,AL,regional,Eurocontrol,2356,EUR,2024
GB,FALSE,QA,international,Middle East,2355,EUR,2024
BG,FALSE,AT,regional,Eurocontrol,2337,EUR,2024
CH,TRUE,PL,regional,Eurocontrol,2335,EUR,2024
HR,FALSE,PL,regional,Eurocontrol,2330,EUR,2024
AT,FALSE,BG,regional,Eurocontrol,2327,EUR,2024
PL,FALSE,HR,regional,Eurocontrol,2326,EUR,2024
GE,FALSE,AE,international,Middle East,2324,EUR,2024
NL,TRUE,CA,international,Northern America,2317,EUR,2024
RO,FALSE,NL,regional,Eurocontrol,2313,EUR,2024
NL,FALSE,NA,NA,NA,2312,EUR,2024
PL,FALSE,CY,regional,Eurocontrol,2301,EUR,2024
DE,FALSE,MK,regional,Eurocontrol,2298,EUR,2024
IT,FALSE,CA,international,Northern America,2291,EUR,2024
GE,FALSE,IL,international,Middle East,2290,EUR,2024
ES,TRUE,CZ,regional,Eurocontrol,2288,EUR,2024
NL,FALSE,PT,regional,Eurocontrol,2273,EUR,2024
GE,FALSE,AZ,international,Asia,2272,EUR,2024
DE,TRUE,QA,international,Middle East,2262,EUR,2024
ES,FALSE,HU,regional,Eurocontrol,2260,EUR,2024
ES,TRUE,QA,international,Middle East,2249,EUR,2024
GR,FALSE,NO,regional,Eurocontrol,2248,EUR,2024
ES,TRUE,AR,international,Southern America,2245,EUR,2024
HU,FALSE,NL,regional,Eurocontrol,2244,EUR,2024
TR,FALSE,KG,international,Asia,2236,EUR,2024
ES,TRUE,HU,regional,Eurocontrol,2235,EUR,2024
CH,FALSE,GR,regional,Eurocontrol,2233,EUR,2024
CY,FALSE,CY,regional,Eurocontrol,2230,EUR,2024
PL,FALSE,LT,regional,Eurocontrol,2230,EUR,2024
GB,TRUE,MT,regional,Eurocontrol,2227,EUR,2024
ES,FALSE,TR,regional,Eurocontrol,2219,EUR,2024
NO,FALSE,GR,regional,Eurocontrol,2217,EUR,2024
ME,FALSE,TR,regional,Eurocontrol,2215,EUR,2024
BG,FALSE,ES,regional,Eurocontrol,2203,EUR,2024
GB,TRUE,HK,international,China,2202,EUR,2024
TR,FALSE,ME,regional,Eurocontrol,2201,EUR,2024
LT,FALSE,LV,regional,Eurocontrol,2198,EUR,2024
GB,TRUE,HR,regional,Eurocontrol,2197,EUR,2024
LV,FALSE,LT,regional,Eurocontrol,2197,EUR,2024
FR,TRUE,IN,international,Asia,2190,EUR,2024
NO,FALSE,TR,regional,Eurocontrol,2190,EUR,2024
IE,FALSE,BE,regional,Eurocontrol,2186,EUR,2024
FI,FALSE,NL,regional,Eurocontrol,2177,EUR,2024
RS,FALSE,CH,regional,Eurocontrol,2161,EUR,2024
AT,FALSE,RS,regional,Eurocontrol,2148,EUR,2024
TR,FALSE,MA,international,Africa,2148,EUR,2024
TR,FALSE,NO,regional,Eurocontrol,2144,EUR,2024
PL,FALSE,HU,regional,Eurocontrol,2140,EUR,2024
RS,FALSE,AT,regional,Eurocontrol,2137,EUR,2024
HU,FALSE,PL,regional,Eurocontrol,2136,EUR,2024
HU,FALSE,GR,regional,Eurocontrol,2126,EUR,2024
GR,FALSE,HU,regional,Eurocontrol,2125,EUR,2024
BA,FALSE,TR,regional,Eurocontrol,2120,EUR,2024
NL,TRUE,FI,regional,Eurocontrol,2115,EUR,2024
TR,FALSE,BA,regional,Eurocontrol,2108,EUR,2024
CY,FALSE,DE,regional,Eurocontrol,2102,EUR,2024
LV,FALSE,GB,regional,Eurocontrol,2092,EUR,2024
TR,FALSE,CN,international,China,2083,EUR,2024
GB,FALSE,FI,regional,Eurocontrol,2078,EUR,2024
BE,FALSE,IE,regional,Eurocontrol,2075,EUR,2024
CH,TRUE,DK,regional,Eurocontrol,2073,EUR,2024
PL,FALSE,PT,regional,Eurocontrol,2070,EUR,2024
CH,FALSE,TR,regional,Eurocontrol,2069,EUR,2024
HU,FALSE,RO,regional,Eurocontrol,2065,EUR,2024
ES,TRUE,CN,international,China,2043,EUR,2024
RO,FALSE,PL,regional,Eurocontrol,2036,EUR,2024
FR,FALSE,XK,NA,NA,2034,EUR,2024
PL,FALSE,RO,regional,Eurocontrol,2032,EUR,2024
DE,TRUE,TN,international,Africa,2025,EUR,2024
NL,TRUE,HR,regional,Eurocontrol,2014,EUR,2024
SI,FALSE,DE,regional,Eurocontrol,2010,EUR,2024
TR,FALSE,BH,international,Middle East,2008,EUR,2024
GB,TRUE,FI,regional,Eurocontrol,2004,EUR,2024
LT,FALSE,PL,regional,Eurocontrol,2001,EUR,2024
ES,TRUE,BR,international,Southern America,1993,EUR,2024
FR,TRUE,CZ,regional,Eurocontrol,1989,EUR,2024
DE,TRUE,RS,regional,Eurocontrol,1980,EUR,2024
IE,FALSE,CH,regional,Eurocontrol,1980,EUR,2024
AL,FALSE,TR,regional,Eurocontrol,1976,EUR,2024
LT,FALSE,DK,regional,Eurocontrol,1975,EUR,2024
NL,FALSE,PL,regional,Eurocontrol,1974,EUR,2024
ES,FALSE,LU,regional,Eurocontrol,1973,EUR,2024
GR,FALSE,FI,regional,Eurocontrol,1970,EUR,2024
TR,FALSE,AL,regional,Eurocontrol,1970,EUR,2024
DK,FALSE,LT,regional,Eurocontrol,1964,EUR,2024
FI,FALSE,GR,regional,Eurocontrol,1963,EUR,2024
PT,FALSE,US,international,Northern America,1954,EUR,2024
EE,FALSE,SE,regional,Eurocontrol,1948,EUR,2024
SE,FALSE,EE,regional,Eurocontrol,1947,EUR,2024
PT,TRUE,CV,international,Africa,1945,EUR,2024
DE,TRUE,KR,international,Asia,1941,EUR,2024
LT,FALSE,TR,regional,Eurocontrol,1937,EUR,2024
RS,FALSE,FR,regional,Eurocontrol,1934,EUR,2024
PT,FALSE,LU,regional,Eurocontrol,1923,EUR,2024
FR,FALSE,MT,regional,Eurocontrol,1917,EUR,2024
GR,FALSE,AE,international,Middle East,1916,EUR,2024
TR,FALSE,IN,international,Asia,1912,EUR,2024
TR,FALSE,LT,regional,Eurocontrol,1909,EUR,2024
CH,TRUE,RS,regional,Eurocontrol,1892,EUR,2024
RS,FALSE,GR,regional,Eurocontrol,1872,EUR,2024
DE,FALSE,TN,international,Africa,1871,EUR,2024
CH,TRUE,SE,regional,Eurocontrol,1868,EUR,2024
GR,FALSE,RS,regional,Eurocontrol,1866,EUR,2024
AT,FALSE,EG,international,Middle East,1855,EUR,2024
IT,FALSE,SA,international,Middle East,1854,EUR,2024
MK,FALSE,TR,regional,Eurocontrol,1852,EUR,2024
TR,FALSE,MK,regional,Eurocontrol,1852,EUR,2024
RO,FALSE,HU,regional,Eurocontrol,1851,EUR,2024
SE,FALSE,AT,regional,Eurocontrol,1849,EUR,2024
AT,FALSE,SE,regional,Eurocontrol,1845,EUR,2024
CZ,FALSE,AT,regional,Eurocontrol,1844,EUR,2024
PT,TRUE,IE,regional,Eurocontrol,1839,EUR,2024
DE,FALSE,QA,international,Middle East,1838,EUR,2024
HR,FALSE,CH,regional,Eurocontrol,1822,EUR,2024
GB,TRUE,HU,regional,Eurocontrol,1812,EUR,2024
HU,FALSE,BE,regional,Eurocontrol,1812,EUR,2024
FR,FALSE,SE,regional,Eurocontrol,1809,EUR,2024
AT,FALSE,CZ,regional,Eurocontrol,1800,EUR,2024
DK,FALSE,PT,regional,Eurocontrol,1800,EUR,2024
NL,TRUE,BE,regional,Eurocontrol,1797,EUR,2024
IT,FALSE,NA,NA,NA,1785,EUR,2024
DE,TRUE,MT,regional,Eurocontrol,1782,EUR,2024
TR,FALSE,TN,international,Africa,1781,EUR,2024
FR,TRUE,RO,regional,Eurocontrol,1777,EUR,2024
NL,TRUE,MA,international,Africa,1775,EUR,2024
SK,FALSE,GB,regional,Eurocontrol,1773,EUR,2024
NO,FALSE,CH,regional,Eurocontrol,1771,EUR,2024
NL,FALSE,DE,regional,Eurocontrol,1764,EUR,2024
GB,FALSE,SK,regional,Eurocontrol,1763,EUR,2024
GB,TRUE,ZA,international,Africa,1762,EUR,2024
DE,TRUE,SG,international,Asia,1761,EUR,2024
LT,FALSE,IT,regional,Eurocontrol,1758,EUR,2024
IT,FALSE,LT,regional,Eurocontrol,1754,EUR,2024
DE,FALSE,LT,regional,Eurocontrol,1752,EUR,2024
HR,FALSE,ES,regional,Eurocontrol,1742,EUR,2024
LT,FALSE,LT,regional,Eurocontrol,1724,EUR,2024
DE,FALSE,LV,regional,Eurocontrol,1722,EUR,2024
CH,TRUE,BE,regional,Eurocontrol,1720,EUR,2024
BE,FALSE,HU,regional,Eurocontrol,1711,EUR,2024
BA,FALSE,DE,regional,Eurocontrol,1710,EUR,2024
PL,FALSE,TN,international,Africa,1709,EUR,2024
EE,FALSE,DE,regional,Eurocontrol,1706,EUR,2024
HU,FALSE,AT,regional,Eurocontrol,1705,EUR,2024
FR,FALSE,CA,international,Northern America,1698,EUR,2024
BE,FALSE,AE,international,Middle East,1696,EUR,2024
GR,FALSE,EG,international,Middle East,1694,EUR,2024
SE,FALSE,LV,regional,Eurocontrol,1692,EUR,2024
GB,TRUE,IS,international,Northern America,1691,EUR,2024
DE,FALSE,IL,international,Middle East,1690,EUR,2024
MD,FALSE,IT,regional,Eurocontrol,1688,EUR,2024
PT,TRUE,CA,international,Northern America,1686,EUR,2024
LV,FALSE,SE,regional,Eurocontrol,1685,EUR,2024
IT,FALSE,MD,regional,Eurocontrol,1679,EUR,2024
TR,FALSE,FI,regional,Eurocontrol,1675,EUR,2024
DK,FALSE,LV,regional,Eurocontrol,1674,EUR,2024
PL,FALSE,US,international,Northern America,1674,EUR,2024
LV,FALSE,DK,regional,Eurocontrol,1671,EUR,2024
ES,TRUE,SE,regional,Eurocontrol,1668,EUR,2024
FR,TRUE,JP,international,Asia,1658,EUR,2024
CH,TRUE,EG,international,Middle East,1655,EUR,2024
FI,FALSE,TR,regional,Eurocontrol,1652,EUR,2024
GB,TRUE,JP,international,Asia,1637,EUR,2024
NL,TRUE,RO,regional,Eurocontrol,1637,EUR,2024
PL,FALSE,AL,regional,Eurocontrol,1627,EUR,2024
AL,FALSE,PL,regional,Eurocontrol,1626,EUR,2024
LU,FALSE,CH,regional,Eurocontrol,1619,EUR,2024
TR,FALSE,OM,international,Middle East,1615,EUR,2024
DE,TRUE,LV,regional,Eurocontrol,1614,EUR,2024
FR,TRUE,BR,international,Southern America,1605,EUR,2024
NL,FALSE,FR,regional,Eurocontrol,1605,EUR,2024
AT,FALSE,HU,regional,Eurocontrol,1603,EUR,2024
CH,FALSE,DK,regional,Eurocontrol,1597,EUR,2024
ES,TRUE,EG,international,Middle East,1592,EUR,2024
TR,FALSE,XK,NA,NA,1588,EUR,2024
DE,TRUE,TH,international,Asia,1587,EUR,2024
HU,FALSE,CH,regional,Eurocontrol,1587,EUR,2024
CH,TRUE,AE,international,Middle East,1583,EUR,2024
CH,TRUE,XK,NA,NA,1579,EUR,2024
TR,FALSE,TH,international,Asia,1579,EUR,2024
FR,TRUE,BE,regional,Eurocontrol,1577,EUR,2024
IT,FALSE,BR,international,Southern America,1576,EUR,2024
RO,FALSE,MD,regional,Eurocontrol,1575,EUR,2024
BE,FALSE,NO,regional,Eurocontrol,1574,EUR,2024
ES,TRUE,IL,international,Middle East,1572,EUR,2024
TR,FALSE,IE,regional,Eurocontrol,1571,EUR,2024
LV,FALSE,EE,regional,Eurocontrol,1570,EUR,2024
FR,TRUE,IL,international,Middle East,1567,EUR,2024
MD,FALSE,RO,regional,Eurocontrol,1567,EUR,2024
EE,FALSE,LV,regional,Eurocontrol,1566,EUR,2024
TR,FALSE,PT,regional,Eurocontrol,1559,EUR,2024
ES,TRUE,PE,international,Southern America,1556,EUR,2024
AT,FALSE,AE,international,Middle East,1548,EUR,2024
NL,TRUE,LU,regional,Eurocontrol,1545,EUR,2024
AT,FALSE,PT,regional,Eurocontrol,1544,EUR,2024
NL,TRUE,HU,regional,Eurocontrol,1544,EUR,2024
CH,FALSE,US,international,Northern America,1538,EUR,2024
ES,TRUE,NO,regional,Eurocontrol,1530,EUR,2024
CH,TRUE,CZ,regional,Eurocontrol,1527,EUR,2024
PL,FALSE,MT,regional,Eurocontrol,1527,EUR,2024
MT,FALSE,PL,regional,Eurocontrol,1522,EUR,2024
GB,FALSE,CA,international,Northern America,1515,EUR,2024
AT,FALSE,US,international,Northern America,1511,EUR,2024
RS,FALSE,HR,regional,Eurocontrol,1511,EUR,2024
IE,FALSE,TR,regional,Eurocontrol,1510,EUR,2024
GB,FALSE,NA,NA,NA,1507,EUR,2024
HR,FALSE,RS,regional,Eurocontrol,1499,EUR,2024
HU,FALSE,CN,international,China,1499,EUR,2024
RO,FALSE,IL,international,Middle East,1499,EUR,2024
AM,FALSE,AE,international,Middle East,1493,EUR,2024
FR,FALSE,NO,regional,Eurocontrol,1493,EUR,2024
FR,TRUE,QA,international,Middle East,1493,EUR,2024
GR,FALSE,BG,regional,Eurocontrol,1493,EUR,2024
GB,FALSE,TN,international,Africa,1478,EUR,2024
CH,FALSE,MA,international,Africa,1468,EUR,2024
RO,FALSE,AE,international,Middle East,1455,EUR,2024
FR,FALSE,AE,international,Middle East,1448,EUR,2024
BG,FALSE,GR,regional,Eurocontrol,1446,EUR,2024
TR,FALSE,PK,international,Asia,1443,EUR,2024
GB,FALSE,CN,international,China,1437,EUR,2024
DE,TRUE,SI,regional,Eurocontrol,1432,EUR,2024
DE,FALSE,LU,regional,Eurocontrol,1431,EUR,2024
RS,FALSE,RU,international,Russia,1428,EUR,2024
LV,FALSE,NO,regional,Eurocontrol,1424,EUR,2024
MT,FALSE,ES,regional,Eurocontrol,1424,EUR,2024
BE,FALSE,QA,international,Middle East,1422,EUR,2024
DE,TRUE,IL,international,Middle East,1422,EUR,2024
NO,FALSE,LV,regional,Eurocontrol,1420,EUR,2024
IE,FALSE,CA,international,Northern America,1414,EUR,2024
BE,FALSE,CZ,regional,Eurocontrol,1411,EUR,2024
CZ,FALSE,BE,regional,Eurocontrol,1411,EUR,2024
GI,FALSE,GB,regional,Eurocontrol,1409,EUR,2024
EE,FALSE,PL,regional,Eurocontrol,1408,EUR,2024
SK,FALSE,SK,regional,Eurocontrol,1407,EUR,2024
NL,FALSE,GR,regional,Eurocontrol,1405,EUR,2024
FI,FALSE,BE,regional,Eurocontrol,1404,EUR,2024
FI,FALSE,LT,regional,Eurocontrol,1394,EUR,2024
SE,FALSE,NA,NA,NA,1392,EUR,2024
GB,FALSE,LV,regional,Eurocontrol,1384,EUR,2024
HU,FALSE,IL,international,Middle East,1381,EUR,2024
RS,FALSE,NL,regional,Eurocontrol,1377,EUR,2024
AL,FALSE,FR,regional,Eurocontrol,1373,EUR,2024
LU,FALSE,NL,regional,Eurocontrol,1369,EUR,2024
TR,FALSE,HR,regional,Eurocontrol,1362,EUR,2024
NL,TRUE,QA,international,Middle East,1360,EUR,2024
AT,FALSE,AL,regional,Eurocontrol,1358,EUR,2024
DE,TRUE,MX,international,Southern America,1358,EUR,2024
CH,TRUE,NO,regional,Eurocontrol,1355,EUR,2024
AL,FALSE,AT,regional,Eurocontrol,1354,EUR,2024
BG,FALSE,FR,regional,Eurocontrol,1354,EUR,2024
FR,TRUE,MX,international,Southern America,1354,EUR,2024
IT,FALSE,LV,regional,Eurocontrol,1353,EUR,2024
FI,FALSE,CH,regional,Eurocontrol,1351,EUR,2024
DE,FALSE,CY,regional,Eurocontrol,1350,EUR,2024
ES,TRUE,DO,international,Southern America,1348,EUR,2024
BE,FALSE,HR,regional,Eurocontrol,1345,EUR,2024
NL,FALSE,MA,international,Africa,1344,EUR,2024
BG,FALSE,CZ,regional,Eurocontrol,1342,EUR,2024
TR,FALSE,SK,regional,Eurocontrol,1342,EUR,2024
LV,FALSE,IT,regional,Eurocontrol,1341,EUR,2024
FR,FALSE,AL,regional,Eurocontrol,1340,EUR,2024
HR,FALSE,BE,regional,Eurocontrol,1338,EUR,2024
CZ,FALSE,BG,regional,Eurocontrol,1337,EUR,2024
SK,FALSE,TR,regional,Eurocontrol,1334,EUR,2024
AT,FALSE,NA,NA,NA,1331,EUR,2024
CH,TRUE,HR,regional,Eurocontrol,1331,EUR,2024
GR,FALSE,AL,regional,Eurocontrol,1331,EUR,2024
NL,TRUE,AN,NA,NA,1327,EUR,2024
FR,FALSE,RE,international,Africa,1326,EUR,2024
LT,FALSE,FI,regional,Eurocontrol,1325,EUR,2024
FR,TRUE,HR,regional,Eurocontrol,1320,EUR,2024
CH,TRUE,IE,regional,Eurocontrol,1319,EUR,2024
GE,FALSE,DE,regional,Eurocontrol,1314,EUR,2024
ES,TRUE,DZ,international,Africa,1310,EUR,2024
PL,FALSE,NA,NA,NA,1310,EUR,2024
BE,FALSE,FI,regional,Eurocontrol,1308,EUR,2024
PT,FALSE,NA,NA,NA,1308,EUR,2024
HR,FALSE,SE,regional,Eurocontrol,1301,EUR,2024
HR,FALSE,TR,regional,Eurocontrol,1300,EUR,2024
ES,TRUE,BG,regional,Eurocontrol,1291,EUR,2024
GB,TRUE,NG,international,Africa,1290,EUR,2024
DE,TRUE,EE,regional,Eurocontrol,1286,EUR,2024
SE,FALSE,HR,regional,Eurocontrol,1286,EUR,2024
NL,TRUE,IN,international,Asia,1284,EUR,2024
AL,FALSE,GR,regional,Eurocontrol,1281,EUR,2024
DE,FALSE,IS,international,Northern America,1277,EUR,2024
CZ,FALSE,SK,regional,Eurocontrol,1272,EUR,2024
LV,FALSE,PL,regional,Eurocontrol,1268,EUR,2024
DE,TRUE,IS,international,Northern America,1267,EUR,2024
GB,TRUE,RO,regional,Eurocontrol,1262,EUR,2024
PL,FALSE,LV,regional,Eurocontrol,1258,EUR,2024
RS,FALSE,SI,regional,Eurocontrol,1257,EUR,2024
DK,FALSE,HU,regional,Eurocontrol,1255,EUR,2024
BE,FALSE,EG,international,Middle East,1254,EUR,2024
DE,FALSE,BA,regional,Eurocontrol,1254,EUR,2024
SI,FALSE,RS,regional,Eurocontrol,1251,EUR,2024
HU,FALSE,DK,regional,Eurocontrol,1250,EUR,2024
SK,FALSE,CZ,regional,Eurocontrol,1249,EUR,2024
CZ,FALSE,IL,international,Middle East,1241,EUR,2024
CY,FALSE,AT,regional,Eurocontrol,1237,EUR,2024
ES,TRUE,CA,international,Northern America,1236,EUR,2024
NO,FALSE,BE,regional,Eurocontrol,1234,EUR,2024
CH,FALSE,AE,international,Middle East,1232,EUR,2024
GR,FALSE,IE,regional,Eurocontrol,1231,EUR,2024
FR,TRUE,SG,international,Asia,1230,EUR,2024
RS,FALSE,ES,regional,Eurocontrol,1228,EUR,2024
NL,FALSE,TR,regional,Eurocontrol,1227,EUR,2024
AT,FALSE,CY,regional,Eurocontrol,1224,EUR,2024
FR,FALSE,RS,regional,Eurocontrol,1221,EUR,2024
IE,FALSE,GR,regional,Eurocontrol,1221,EUR,2024
GB,TRUE,MX,international,Southern America,1216,EUR,2024
DE,FALSE,CN,international,China,1212,EUR,2024
IT,FALSE,KR,international,Asia,1210,EUR,2024
LV,FALSE,ES,regional,Eurocontrol,1209,EUR,2024
TR,FALSE,BY,international,Asia,1206,EUR,2024
BG,FALSE,NL,regional,Eurocontrol,1200,EUR,2024
RO,FALSE,EG,international,Middle East,1198,EUR,2024
LT,FALSE,ES,regional,Eurocontrol,1193,EUR,2024
NL,TRUE,IS,international,Northern America,1192,EUR,2024
ES,TRUE,CL,international,Southern America,1189,EUR,2024
NO,FALSE,IS,international,Northern America,1186,EUR,2024
PL,FALSE,EE,regional,Eurocontrol,1185,EUR,2024
LT,FALSE,SE,regional,Eurocontrol,1182,EUR,2024
SE,FALSE,LT,regional,Eurocontrol,1179,EUR,2024
DE,TRUE,SA,international,Middle East,1172,EUR,2024
HU,FALSE,AE,international,Middle East,1171,EUR,2024
ES,TRUE,LU,regional,Eurocontrol,1170,EUR,2024
PT,FALSE,PL,regional,Eurocontrol,1170,EUR,2024
CH,TRUE,HU,regional,Eurocontrol,1166,EUR,2024
BG,FALSE,IL,international,Middle East,1165,EUR,2024
GB,TRUE,BB,international,Southern America,1163,EUR,2024
IE,FALSE,AE,international,Middle East,1161,EUR,2024
FR,TRUE,HU,regional,Eurocontrol,1158,EUR,2024
NL,TRUE,RS,regional,Eurocontrol,1154,EUR,2024
RO,FALSE,CH,regional,Eurocontrol,1153,EUR,2024
MD,FALSE,DE,regional,Eurocontrol,1152,EUR,2024
FR,TRUE,KR,international,Asia,1147,EUR,2024
LV,FALSE,LV,regional,Eurocontrol,1143,EUR,2024
DE,TRUE,BR,international,Southern America,1138,EUR,2024
FR,TRUE,EG,international,Middle East,1133,EUR,2024
BE,FALSE,TN,international,Africa,1131,EUR,2024
GE,FALSE,KZ,international,Asia,1131,EUR,2024
IT,FALSE,IS,international,Northern America,1128,EUR,2024
FR,FALSE,EG,international,Middle East,1127,EUR,2024
HU,FALSE,HU,regional,Eurocontrol,1115,EUR,2024
CY,FALSE,IT,regional,Eurocontrol,1113,EUR,2024
GB,TRUE,TH,international,Asia,1113,EUR,2024
RO,FALSE,IE,regional,Eurocontrol,1113,EUR,2024
TR,FALSE,LV,regional,Eurocontrol,1112,EUR,2024
IE,FALSE,RO,regional,Eurocontrol,1110,EUR,2024
LV,FALSE,TR,regional,Eurocontrol,1101,EUR,2024
DE,TRUE,MA,international,Africa,1099,EUR,2024
PT,TRUE,LU,regional,Eurocontrol,1095,EUR,2024
BA,FALSE,HR,regional,Eurocontrol,1091,EUR,2024
ES,TRUE,HR,regional,Eurocontrol,1089,EUR,2024
FR,TRUE,IS,international,Northern America,1089,EUR,2024
DK,FALSE,HR,regional,Eurocontrol,1086,EUR,2024
HR,FALSE,DK,regional,Eurocontrol,1082,EUR,2024
HR,FALSE,BA,regional,Eurocontrol,1077,EUR,2024
GB,TRUE,BR,international,Southern America,1075,EUR,2024
IT,FALSE,CY,regional,Eurocontrol,1071,EUR,2024
PT,TRUE,AO,international,Africa,1071,EUR,2024
DE,TRUE,LT,regional,Eurocontrol,1060,EUR,2024
IT,FALSE,DZ,international,Africa,1058,EUR,2024
CY,FALSE,FR,regional,Eurocontrol,1057,EUR,2024
TR,FALSE,TM,international,Asia,1057,EUR,2024
CZ,FALSE,AE,international,Middle East,1053,EUR,2024
DE,TRUE,CY,regional,Eurocontrol,1052,EUR,2024
TR,FALSE,KR,international,Asia,1047,EUR,2024
PL,FALSE,IL,international,Middle East,1044,EUR,2024
DK,FALSE,IE,regional,Eurocontrol,1042,EUR,2024
GB,TRUE,BH,international,Middle East,1042,EUR,2024
IE,FALSE,DK,regional,Eurocontrol,1036,EUR,2024
HR,FALSE,IE,regional,Eurocontrol,1035,EUR,2024
MD,FALSE,GB,regional,Eurocontrol,1028,EUR,2024
GB,FALSE,MD,regional,Eurocontrol,1027,EUR,2024
DE,FALSE,MT,regional,Eurocontrol,1022,EUR,2024
TR,FALSE,JP,international,Asia,1021,EUR,2024
NL,TRUE,EG,international,Middle East,1020,EUR,2024
SK,FALSE,IT,regional,Eurocontrol,1019,EUR,2024
GE,FALSE,CN,international,China,1017,EUR,2024
CZ,FALSE,DK,regional,Eurocontrol,1015,EUR,2024
DK,FALSE,CZ,regional,Eurocontrol,1015,EUR,2024
EE,FALSE,TR,regional,Eurocontrol,1015,EUR,2024
IT,FALSE,SK,regional,Eurocontrol,1015,EUR,2024
CH,FALSE,XK,NA,NA,1012,EUR,2024
ES,FALSE,IS,international,Northern America,1011,EUR,2024
TR,FALSE,EE,regional,Eurocontrol,1009,EUR,2024
ES,TRUE,FI,regional,Eurocontrol,1006,EUR,2024
IE,FALSE,HR,regional,Eurocontrol,1001,EUR,2024
GB,TRUE,GI,regional,Eurocontrol,1000,EUR,2024
FI,FALSE,JP,international,Asia,995,EUR,2024
NO,FALSE,QA,international,Middle East,994,EUR,2024
ES,TRUE,MT,regional,Eurocontrol,992,EUR,2024
AT,FALSE,FI,regional,Eurocontrol,991,EUR,2024
CH,TRUE,CA,international,Northern America,991,EUR,2024
FI,FALSE,AT,regional,Eurocontrol,991,EUR,2024
PT,FALSE,MA,international,Africa,989,EUR,2024
GR,FALSE,QA,international,Middle East,986,EUR,2024
CZ,FALSE,PT,regional,Eurocontrol,985,EUR,2024
DE,TRUE,ZA,international,Africa,985,EUR,2024
GR,FALSE,SK,regional,Eurocontrol,981,EUR,2024
AT,FALSE,IL,international,Middle East,976,EUR,2024
GE,FALSE,PL,regional,Eurocontrol,974,EUR,2024
BG,FALSE,BE,regional,Eurocontrol,973,EUR,2024
PL,FALSE,GE,regional,Eurocontrol,972,EUR,2024
AT,FALSE,LU,regional,Eurocontrol,968,EUR,2024
BE,FALSE,BG,regional,Eurocontrol,968,EUR,2024
GB,TRUE,KW,international,Middle East,966,EUR,2024
DE,TRUE,AL,regional,Eurocontrol,965,EUR,2024
SK,FALSE,GR,regional,Eurocontrol,963,EUR,2024
AL,FALSE,BE,regional,Eurocontrol,962,EUR,2024
CH,FALSE,PL,regional,Eurocontrol,961,EUR,2024
GR,FALSE,HR,regional,Eurocontrol,959,EUR,2024
RS,FALSE,GB,regional,Eurocontrol,957,EUR,2024
FR,TRUE,HK,international,China,956,EUR,2024
BE,FALSE,AL,regional,Eurocontrol,955,EUR,2024
CH,FALSE,CZ,regional,Eurocontrol,952,EUR,2024
GR,FALSE,MT,regional,Eurocontrol,951,EUR,2024
PT,FALSE,DK,regional,Eurocontrol,951,EUR,2024
RS,FALSE,RS,regional,Eurocontrol,948,EUR,2024
NL,FALSE,AT,regional,Eurocontrol,944,EUR,2024
FR,FALSE,BG,regional,Eurocontrol,941,EUR,2024
FI,FALSE,CZ,regional,Eurocontrol,940,EUR,2024
SI,FALSE,SI,regional,Eurocontrol,939,EUR,2024
MT,FALSE,GR,regional,Eurocontrol,936,EUR,2024
PT,TRUE,AE,international,Middle East,933,EUR,2024
TR,FALSE,SG,international,Asia,928,EUR,2024
SK,FALSE,AT,regional,Eurocontrol,927,EUR,2024
GB,TRUE,TN,international,Africa,926,EUR,2024
ES,FALSE,US,international,Northern America,924,EUR,2024
AT,FALSE,SK,regional,Eurocontrol,918,EUR,2024
RS,FALSE,AE,international,Middle East,918,EUR,2024
SK,FALSE,DE,regional,Eurocontrol,918,EUR,2024
CZ,FALSE,FI,regional,Eurocontrol,917,EUR,2024
PT,TRUE,PL,regional,Eurocontrol,917,EUR,2024
CY,FALSE,AE,international,Middle East,916,EUR,2024
HR,FALSE,GR,regional,Eurocontrol,915,EUR,2024
HU,FALSE,EG,international,Middle East,913,EUR,2024
CH,FALSE,SE,regional,Eurocontrol,911,EUR,2024
PT,TRUE,TR,regional,Eurocontrol,911,EUR,2024
CY,FALSE,LB,international,Middle East,908,EUR,2024
ME,FALSE,PL,regional,Eurocontrol,904,EUR,2024
PT,FALSE,CA,international,Northern America,904,EUR,2024
CH,FALSE,NA,NA,NA,902,EUR,2024
ES,FALSE,BG,regional,Eurocontrol,902,EUR,2024
GB,FALSE,CV,international,Africa,902,EUR,2024
AT,FALSE,BA,regional,Eurocontrol,898,EUR,2024
PL,FALSE,ME,regional,Eurocontrol,898,EUR,2024
CH,TRUE,RO,regional,Eurocontrol,896,EUR,2024
BA,FALSE,AT,regional,Eurocontrol,895,EUR,2024
FR,FALSE,CY,regional,Eurocontrol,894,EUR,2024
FI,FALSE,US,international,Northern America,893,EUR,2024
GB,TRUE,BG,regional,Eurocontrol,893,EUR,2024
LU,FALSE,AT,regional,Eurocontrol,892,EUR,2024
BE,FALSE,HK,international,China,888,EUR,2024
RO,FALSE,CY,regional,Eurocontrol,888,EUR,2024
ES,FALSE,GR,regional,Eurocontrol,887,EUR,2024
MD,FALSE,EG,international,Middle East,886,EUR,2024
CY,FALSE,RO,regional,Eurocontrol,885,EUR,2024
HU,FALSE,CZ,regional,Eurocontrol,885,EUR,2024
MK,FALSE,AT,regional,Eurocontrol,885,EUR,2024
AT,FALSE,MK,regional,Eurocontrol,884,EUR,2024
ES,TRUE,VE,international,Southern America,881,EUR,2024
IT,FALSE,IN,international,Asia,875,EUR,2024
NL,TRUE,ZA,international,Africa,871,EUR,2024
LU,FALSE,US,international,Northern America,870,EUR,2024
ME,FALSE,GB,regional,Eurocontrol,869,EUR,2024
ES,TRUE,RS,regional,Eurocontrol,866,EUR,2024
FR,FALSE,QA,international,Middle East,865,EUR,2024
FR,TRUE,LU,regional,Eurocontrol,864,EUR,2024
LV,FALSE,AT,regional,Eurocontrol,864,EUR,2024
AT,FALSE,LV,regional,Eurocontrol,860,EUR,2024
LU,FALSE,CN,international,China,856,EUR,2024
CZ,FALSE,TN,international,Africa,855,EUR,2024
RS,FALSE,SE,regional,Eurocontrol,852,EUR,2024
MT,FALSE,CH,regional,Eurocontrol,847,EUR,2024
PT,TRUE,DK,regional,Eurocontrol,847,EUR,2024
HR,FALSE,CZ,regional,Eurocontrol,846,EUR,2024
SE,FALSE,RS,regional,Eurocontrol,845,EUR,2024
GB,FALSE,IL,international,Middle East,838,EUR,2024
LV,FALSE,NL,regional,Eurocontrol,837,EUR,2024
CH,TRUE,LU,regional,Eurocontrol,836,EUR,2024
CH,TRUE,IN,international,Asia,832,EUR,2024
IT,FALSE,BH,international,Middle East,831,EUR,2024
SE,FALSE,PT,regional,Eurocontrol,830,EUR,2024
DE,FALSE,GE,regional,Eurocontrol,828,EUR,2024
HR,FALSE,NO,regional,Eurocontrol,828,EUR,2024
DE,FALSE,SK,regional,Eurocontrol,825,EUR,2024
GB,FALSE,SA,international,Middle East,825,EUR,2024
NL,TRUE,LV,regional,Eurocontrol,825,EUR,2024
CZ,FALSE,HR,regional,Eurocontrol,824,EUR,2024
CZ,FALSE,HU,regional,Eurocontrol,824,EUR,2024
PT,FALSE,AT,regional,Eurocontrol,823,EUR,2024
AM,FALSE,IT,regional,Eurocontrol,822,EUR,2024
IE,FALSE,AT,regional,Eurocontrol,821,EUR,2024
IT,FALSE,AM,regional,Eurocontrol,821,EUR,2024
NO,FALSE,HR,regional,Eurocontrol,821,EUR,2024
DE,TRUE,XK,NA,NA,817,EUR,2024
ES,FALSE,DZ,international,Africa,817,EUR,2024
GE,FALSE,BY,international,Asia,816,EUR,2024
NL,TRUE,NL,regional,Eurocontrol,814,EUR,2024
AT,FALSE,IE,regional,Eurocontrol,813,EUR,2024
NL,TRUE,MX,international,Southern America,812,EUR,2024
PL,FALSE,QA,international,Middle East,812,EUR,2024
FR,FALSE,FI,regional,Eurocontrol,811,EUR,2024
CH,TRUE,FI,regional,Eurocontrol,810,EUR,2024
LT,FALSE,NL,regional,Eurocontrol,805,EUR,2024
TR,FALSE,TZ,international,Africa,804,EUR,2024
TR,FALSE,ZA,international,Africa,802,EUR,2024
AT,FALSE,ME,regional,Eurocontrol,798,EUR,2024
DE,TRUE,HK,international,China,798,EUR,2024
DK,FALSE,NA,NA,NA,798,EUR,2024
NO,FALSE,LT,regional,Eurocontrol,798,EUR,2024
GB,FALSE,HK,international,China,796,EUR,2024
RS,FALSE,HU,regional,Eurocontrol,796,EUR,2024
ES,TRUE,CU,international,Southern America,795,EUR,2024
LT,FALSE,NO,regional,Eurocontrol,795,EUR,2024
CH,FALSE,LU,regional,Eurocontrol,794,EUR,2024
DE,FALSE,SI,regional,Eurocontrol,791,EUR,2024
PL,FALSE,RS,regional,Eurocontrol,791,EUR,2024
RO,FALSE,NA,NA,NA,787,EUR,2024
LV,FALSE,FR,regional,Eurocontrol,786,EUR,2024
ME,FALSE,AT,regional,Eurocontrol,786,EUR,2024
AT,FALSE,XK,NA,NA,784,EUR,2024
NL,TRUE,KR,international,Asia,784,EUR,2024
MT,FALSE,BE,regional,Eurocontrol,783,EUR,2024
FR,TRUE,LB,international,Middle East,782,EUR,2024
DK,FALSE,QA,international,Middle East,781,EUR,2024
CH,TRUE,TH,international,Asia,780,EUR,2024
GB,TRUE,KE,international,Africa,780,EUR,2024
MT,FALSE,TR,regional,Eurocontrol,779,EUR,2024
TR,FALSE,CA,international,Northern America,779,EUR,2024
PL,FALSE,MD,regional,Eurocontrol,778,EUR,2024
GE,FALSE,IR,international,Middle East,777,EUR,2024
RS,FALSE,PL,regional,Eurocontrol,777,EUR,2024
HU,FALSE,RS,regional,Eurocontrol,776,EUR,2024
MD,FALSE,PL,regional,Eurocontrol,776,EUR,2024
SE,FALSE,US,international,Northern America,776,EUR,2024
CH,FALSE,TN,international,Africa,775,EUR,2024
IT,FALSE,JP,international,Asia,775,EUR,2024
NL,TRUE,BR,international,Southern America,773,EUR,2024
AM,FALSE,CY,regional,Eurocontrol,772,EUR,2024
HU,FALSE,PT,regional,Eurocontrol,772,EUR,2024
TR,FALSE,MT,regional,Eurocontrol,771,EUR,2024
TR,FALSE,NG,international,Africa,770,EUR,2024
AL,FALSE,ES,regional,Eurocontrol,768,EUR,2024
RO,FALSE,RS,regional,Eurocontrol,768,EUR,2024
CY,FALSE,AM,regional,Eurocontrol,767,EUR,2024
CZ,FALSE,NA,NA,NA,766,EUR,2024
SI,FALSE,TR,regional,Eurocontrol,766,EUR,2024
DE,FALSE,IQ,international,Middle East,761,EUR,2024
DE,TRUE,DO,international,Southern America,760,EUR,2024
NL,TRUE,SG,international,Asia,760,EUR,2024
TR,FALSE,SI,regional,Eurocontrol,757,EUR,2024
RS,FALSE,RO,regional,Eurocontrol,756,EUR,2024
SI,FALSE,CH,regional,Eurocontrol,754,EUR,2024
BE,FALSE,MT,regional,Eurocontrol,753,EUR,2024
IE,FALSE,IS,international,Northern America,748,EUR,2024
IT,FALSE,JO,international,Middle East,747,EUR,2024
FR,FALSE,IL,international,Middle East,746,EUR,2024
ES,TRUE,EC,international,Southern America,745,EUR,2024
FR,TRUE,MU,international,Africa,745,EUR,2024
CY,FALSE,HU,regional,Eurocontrol,744,EUR,2024
BE,FALSE,IL,international,Middle East,743,EUR,2024
AT,FALSE,QA,international,Middle East,739,EUR,2024
ES,FALSE,LV,regional,Eurocontrol,737,EUR,2024
RO,FALSE,QA,international,Middle East,737,EUR,2024
CZ,FALSE,SE,regional,Eurocontrol,735,EUR,2024
NL,FALSE,BG,regional,Eurocontrol,735,EUR,2024
TR,FALSE,MY,international,Asia,735,EUR,2024
FR,TRUE,SA,international,Middle East,734,EUR,2024
HU,FALSE,IE,regional,Eurocontrol,734,EUR,2024
IE,FALSE,QA,international,Middle East,730,EUR,2024
SE,FALSE,CZ,regional,Eurocontrol,730,EUR,2024
CH,FALSE,IE,regional,Eurocontrol,729,EUR,2024
DE,FALSE,MD,regional,Eurocontrol,729,EUR,2024
GR,FALSE,SA,international,Middle East,729,EUR,2024
TR,FALSE,ET,international,Africa,729,EUR,2024
AT,FALSE,NO,regional,Eurocontrol,728,EUR,2024
MK,FALSE,CH,regional,Eurocontrol,728,EUR,2024
FI,FALSE,IS,international,Northern America,726,EUR,2024
FR,TRUE,SN,NA,NA,726,EUR,2024
NL,TRUE,IL,international,Middle East,725,EUR,2024
EE,FALSE,DK,regional,Eurocontrol,723,EUR,2024
RS,FALSE,BA,regional,Eurocontrol,722,EUR,2024
GB,TRUE,LV,regional,Eurocontrol,721,EUR,2024
AM,FALSE,IR,international,Middle East,720,EUR,2024
IT,FALSE,ET,international,Africa,719,EUR,2024
PT,TRUE,AT,regional,Eurocontrol,718,EUR,2024
IE,FALSE,HU,regional,Eurocontrol,717,EUR,2024
MT,FALSE,AT,regional,Eurocontrol,717,EUR,2024
CY,FALSE,CH,regional,Eurocontrol,716,EUR,2024
DK,FALSE,EE,regional,Eurocontrol,716,EUR,2024
AT,FALSE,MT,regional,Eurocontrol,714,EUR,2024
BA,FALSE,RS,regional,Eurocontrol,713,EUR,2024
FR,TRUE,RS,regional,Eurocontrol,712,EUR,2024
EE,FALSE,GB,regional,Eurocontrol,710,EUR,2024
CY,FALSE,RS,regional,Eurocontrol,709,EUR,2024
NL,TRUE,SA,international,Middle East,705,EUR,2024
TR,FALSE,ID,international,Asia,702,EUR,2024
CH,TRUE,SG,international,Asia,701,EUR,2024
GB,TRUE,MY,international,Asia,698,EUR,2024
NL,FALSE,BE,regional,Eurocontrol,698,EUR,2024
SI,FALSE,IT,regional,Eurocontrol,698,EUR,2024
ES,FALSE,LT,regional,Eurocontrol,697,EUR,2024
ME,FALSE,DE,regional,Eurocontrol,697,EUR,2024
NL,TRUE,KE,international,Africa,697,EUR,2024
DK,FALSE,RO,regional,Eurocontrol,694,EUR,2024
FR,TRUE,KE,international,Africa,694,EUR,2024
FR,TRUE,RE,international,Africa,694,EUR,2024
CH,TRUE,QA,international,Middle East,690,EUR,2024
DE,TRUE,KZ,international,Asia,690,EUR,2024
ES,TRUE,SN,NA,NA,690,EUR,2024
IT,FALSE,HK,international,China,690,EUR,2024
MK,FALSE,IT,regional,Eurocontrol,689,EUR,2024
FR,TRUE,VN,international,Asia,688,EUR,2024
NO,FALSE,PT,regional,Eurocontrol,688,EUR,2024
NL,FALSE,HU,regional,Eurocontrol,687,EUR,2024
RO,FALSE,DK,regional,Eurocontrol,687,EUR,2024
RO,FALSE,BG,regional,Eurocontrol,683,EUR,2024
BG,FALSE,RO,regional,Eurocontrol,682,EUR,2024
NL,FALSE,RO,regional,Eurocontrol,681,EUR,2024
RS,FALSE,CY,regional,Eurocontrol,676,EUR,2024
SI,FALSE,FR,regional,Eurocontrol,675,EUR,2024
GB,TRUE,KR,international,Asia,674,EUR,2024
GR,FALSE,PT,regional,Eurocontrol,674,EUR,2024
RS,FALSE,MK,regional,Eurocontrol,673,EUR,2024
DE,TRUE,TW,international,Asia,672,EUR,2024
IT,FALSE,AZ,international,Asia,671,EUR,2024
SE,FALSE,IS,international,Northern America,668,EUR,2024
HU,FALSE,SE,regional,Eurocontrol,666,EUR,2024
DE,FALSE,HK,international,China,665,EUR,2024
GB,FALSE,BH,international,Middle East,663,EUR,2024
MK,FALSE,RS,regional,Eurocontrol,662,EUR,2024
CH,TRUE,IL,international,Middle East,660,EUR,2024
CH,TRUE,MT,regional,Eurocontrol,660,EUR,2024
DE,TRUE,VN,international,Asia,660,EUR,2024
GB,TRUE,IL,international,Middle East,660,EUR,2024
LT,FALSE,FR,regional,Eurocontrol,660,EUR,2024
ES,TRUE,AL,regional,Eurocontrol,656,EUR,2024
AM,FALSE,EG,international,Middle East,654,EUR,2024
TR,FALSE,VN,international,Asia,647,EUR,2024
HU,FALSE,CY,regional,Eurocontrol,646,EUR,2024
DE,TRUE,JO,international,Middle East,645,EUR,2024
GE,FALSE,GR,regional,Eurocontrol,644,EUR,2024
PT,FALSE,TR,regional,Eurocontrol,644,EUR,2024
SE,FALSE,HU,regional,Eurocontrol,644,EUR,2024
FR,TRUE,TH,international,Asia,643,EUR,2024
ES,TRUE,KR,international,Asia,640,EUR,2024
FR,TRUE,CI,international,Africa,640,EUR,2024
CZ,FALSE,IE,regional,Eurocontrol,636,EUR,2024
GE,FALSE,SA,international,Middle East,635,EUR,2024
LU,FALSE,TR,regional,Eurocontrol,635,EUR,2024
NL,TRUE,HK,international,China,635,EUR,2024
HR,FALSE,NA,NA,NA,633,EUR,2024
IT,FALSE,AR,international,Southern America,633,EUR,2024
GR,FALSE,GE,regional,Eurocontrol,632,EUR,2024
BG,FALSE,RS,regional,Eurocontrol,631,EUR,2024
IE,FALSE,CZ,regional,Eurocontrol,631,EUR,2024
DE,TRUE,DZ,international,Africa,630,EUR,2024
ES,FALSE,HR,regional,Eurocontrol,629,EUR,2024
CH,TRUE,SI,regional,Eurocontrol,627,EUR,2024
RS,FALSE,BG,regional,Eurocontrol,627,EUR,2024
MD,FALSE,IL,international,Middle East,626,EUR,2024
GB,FALSE,ME,regional,Eurocontrol,624,EUR,2024
CY,FALSE,SE,regional,Eurocontrol,623,EUR,2024
EE,FALSE,IT,regional,Eurocontrol,622,EUR,2024
TR,FALSE,LU,regional,Eurocontrol,619,EUR,2024
SE,FALSE,CY,regional,Eurocontrol,618,EUR,2024
BE,FALSE,NA,NA,NA,616,EUR,2024
IT,FALSE,EE,regional,Eurocontrol,616,EUR,2024
AM,FALSE,DE,regional,Eurocontrol,615,EUR,2024
CH,TRUE,MK,regional,Eurocontrol,613,EUR,2024
GB,FALSE,IN,international,Asia,613,EUR,2024
CZ,FALSE,QA,international,Middle East,610,EUR,2024
IE,FALSE,SE,regional,Eurocontrol,610,EUR,2024
PL,FALSE,IS,international,Northern America,610,EUR,2024
AT,FALSE,MD,regional,Eurocontrol,609,EUR,2024
MD,FALSE,AT,regional,Eurocontrol,609,EUR,2024
NO,FALSE,US,international,Northern America,609,EUR,2024
FI,FALSE,TH,international,Asia,608,EUR,2024
GE,FALSE,FR,regional,Eurocontrol,608,EUR,2024
IE,FALSE,FI,regional,Eurocontrol,607,EUR,2024
SE,FALSE,IE,regional,Eurocontrol,607,EUR,2024
FI,FALSE,IE,regional,Eurocontrol,604,EUR,2024
MK,FALSE,FR,regional,Eurocontrol,603,EUR,2024
DE,TRUE,KE,international,Africa,602,EUR,2024
HU,FALSE,MT,regional,Eurocontrol,597,EUR,2024
BG,FALSE,DK,regional,Eurocontrol,595,EUR,2024
CH,TRUE,CY,regional,Eurocontrol,595,EUR,2024
GR,FALSE,LT,regional,Eurocontrol,593,EUR,2024
DK,FALSE,EG,international,Middle East,592,EUR,2024
NO,FALSE,AT,regional,Eurocontrol,592,EUR,2024
AL,FALSE,RS,regional,Eurocontrol,589,EUR,2024
MT,FALSE,HU,regional,Eurocontrol,589,EUR,2024
DK,FALSE,BG,regional,Eurocontrol,588,EUR,2024
LT,FALSE,GR,regional,Eurocontrol,586,EUR,2024
GB,TRUE,JO,international,Middle East,585,EUR,2024
NO,FALSE,IE,regional,Eurocontrol,585,EUR,2024
FR,FALSE,MK,regional,Eurocontrol,584,EUR,2024
RS,FALSE,AL,regional,Eurocontrol,583,EUR,2024
IE,FALSE,NO,regional,Eurocontrol,582,EUR,2024
TR,FALSE,AF,international,Asia,582,EUR,2024
BE,FALSE,IS,international,Northern America,581,EUR,2024
BE,FALSE,CA,international,Northern America,580,EUR,2024
GE,FALSE,AM,regional,Eurocontrol,580,EUR,2024
TR,FALSE,BR,international,Southern America,580,EUR,2024
LV,FALSE,BE,regional,Eurocontrol,576,EUR,2024
NL,FALSE,HR,regional,Eurocontrol,576,EUR,2024
DK,FALSE,AE,international,Middle East,575,EUR,2024
HR,FALSE,FI,regional,Eurocontrol,575,EUR,2024
TR,FALSE,PH,international,Asia,575,EUR,2024
BE,FALSE,LV,regional,Eurocontrol,573,EUR,2024
FR,TRUE,XF,NA,NA,571,EUR,2024
GR,FALSE,CA,international,Northern America,571,EUR,2024
AT,FALSE,TH,international,Asia,570,EUR,2024
FI,FALSE,HR,regional,Eurocontrol,570,EUR,2024
FI,FALSE,HU,regional,Eurocontrol,569,EUR,2024
CH,TRUE,HK,international,China,567,EUR,2024
AT,FALSE,CA,international,Northern America,562,EUR,2024
BG,FALSE,CY,regional,Eurocontrol,562,EUR,2024
DE,FALSE,ME,regional,Eurocontrol,562,EUR,2024
SI,FALSE,GB,regional,Eurocontrol,561,EUR,2024
GB,TRUE,DZ,international,Africa,560,EUR,2024
MT,FALSE,LY,international,Africa,560,EUR,2024
CY,FALSE,BG,regional,Eurocontrol,559,EUR,2024
GB,FALSE,EE,regional,Eurocontrol,559,EUR,2024
ES,TRUE,TN,international,Africa,558,EUR,2024
AM,FALSE,FR,regional,Eurocontrol,557,EUR,2024
DE,FALSE,BH,international,Middle East,557,EUR,2024
PT,TRUE,GR,regional,Eurocontrol,557,EUR,2024
AM,FALSE,GE,regional,Eurocontrol,556,EUR,2024
BG,FALSE,CH,regional,Eurocontrol,556,EUR,2024
HU,FALSE,FI,regional,Eurocontrol,555,EUR,2024
IT,FALSE,SG,international,Asia,551,EUR,2024
ES,TRUE,UY,international,Southern America,550,EUR,2024
GB,TRUE,LB,international,Middle East,548,EUR,2024
GE,FALSE,CY,regional,Eurocontrol,547,EUR,2024
TR,FALSE,MX,international,Southern America,545,EUR,2024
CH,FALSE,FI,regional,Eurocontrol,544,EUR,2024
GE,FALSE,IT,regional,Eurocontrol,544,EUR,2024
GE,FALSE,QA,international,Middle East,544,EUR,2024
FR,FALSE,SA,international,Middle East,542,EUR,2024
LU,FALSE,AE,international,Middle East,542,EUR,2024
NL,FALSE,CH,regional,Eurocontrol,542,EUR,2024
DE,FALSE,EE,regional,Eurocontrol,540,EUR,2024
FR,FALSE,SN,NA,NA,539,EUR,2024
RS,FALSE,CZ,regional,Eurocontrol,537,EUR,2024
GB,TRUE,ET,international,Africa,534,EUR,2024
HR,FALSE,MK,regional,Eurocontrol,534,EUR,2024
GB,TRUE,GH,international,Africa,533,EUR,2024
MK,FALSE,HR,regional,Eurocontrol,533,EUR,2024
SE,FALSE,QA,international,Middle East,532,EUR,2024
ES,TRUE,IS,international,Northern America,531,EUR,2024
GB,TRUE,LU,regional,Eurocontrol,529,EUR,2024
CZ,FALSE,RS,regional,Eurocontrol,527,EUR,2024
CY,FALSE,MT,regional,Eurocontrol,526,EUR,2024
AT,FALSE,CN,international,China,525,EUR,2024
HU,FALSE,BG,regional,Eurocontrol,524,EUR,2024
GR,FALSE,LB,international,Middle East,522,EUR,2024
SK,FALSE,PL,regional,Eurocontrol,522,EUR,2024
DE,TRUE,OM,international,Middle East,521,EUR,2024
GE,FALSE,KW,international,Middle East,520,EUR,2024
IT,FALSE,GE,regional,Eurocontrol,520,EUR,2024
AM,FALSE,AT,regional,Eurocontrol,519,EUR,2024
CY,FALSE,GE,regional,Eurocontrol,519,EUR,2024
ES,FALSE,MR,international,Africa,518,EUR,2024
GR,FALSE,MK,regional,Eurocontrol,518,EUR,2024
PT,TRUE,CZ,regional,Eurocontrol,517,EUR,2024
AL,FALSE,CZ,regional,Eurocontrol,516,EUR,2024
CZ,FALSE,AL,regional,Eurocontrol,515,EUR,2024
FR,TRUE,LV,regional,Eurocontrol,515,EUR,2024
LT,FALSE,IE,regional,Eurocontrol,515,EUR,2024
PL,FALSE,SK,regional,Eurocontrol,515,EUR,2024
AT,FALSE,AM,regional,Eurocontrol,514,EUR,2024
IE,FALSE,LT,regional,Eurocontrol,513,EUR,2024
PL,FALSE,CA,international,Northern America,513,EUR,2024
DE,TRUE,GE,regional,Eurocontrol,508,EUR,2024
BA,FALSE,AE,international,Middle East,507,EUR,2024
IT,FALSE,ME,regional,Eurocontrol,507,EUR,2024
GB,TRUE,RS,regional,Eurocontrol,505,EUR,2024
BG,FALSE,HU,regional,Eurocontrol,503,EUR,2024
ME,FALSE,IT,regional,Eurocontrol,503,EUR,2024
FR,TRUE,MT,regional,Eurocontrol,502,EUR,2024
GB,FALSE,MX,international,Southern America,500,EUR,2024
HR,FALSE,QA,international,Middle East,500,EUR,2024
ES,TRUE,LT,regional,Eurocontrol,497,EUR,2024
GB,FALSE,BB,international,Southern America,497,EUR,2024
GB,TRUE,MU,international,Africa,496,EUR,2024
SK,FALSE,EG,international,Middle East,496,EUR,2024
AT,FALSE,SI,regional,Eurocontrol,495,EUR,2024
DE,TRUE,NG,international,Africa,495,EUR,2024
DK,FALSE,RS,regional,Eurocontrol,495,EUR,2024
DE,FALSE,LB,international,Middle East,494,EUR,2024
ES,TRUE,PA,international,Southern America,494,EUR,2024
TR,FALSE,TW,international,Asia,493,EUR,2024
DK,FALSE,TH,international,Asia,492,EUR,2024
RO,FALSE,CZ,regional,Eurocontrol,492,EUR,2024
RS,FALSE,DK,regional,Eurocontrol,492,EUR,2024
NL,TRUE,JP,international,Asia,491,EUR,2024
NL,TRUE,TH,international,Asia,491,EUR,2024
FR,TRUE,JO,international,Middle East,490,EUR,2024
SE,FALSE,TH,international,Asia,489,EUR,2024
BG,FALSE,AE,international,Middle East,487,EUR,2024
CH,FALSE,EG,international,Middle East,485,EUR,2024
DE,TRUE,KW,international,Middle East,485,EUR,2024
NL,TRUE,TW,international,Asia,485,EUR,2024
GB,TRUE,LC,international,Southern America,484,EUR,2024
GR,FALSE,LV,regional,Eurocontrol,483,EUR,2024
LV,FALSE,GR,regional,Eurocontrol,483,EUR,2024
FR,TRUE,CO,international,Southern America,482,EUR,2024
GR,FALSE,NA,NA,NA,481,EUR,2024
MT,FALSE,MT,regional,Eurocontrol,480,EUR,2024
LU,FALSE,IE,regional,Eurocontrol,477,EUR,2024
CH,FALSE,HR,regional,Eurocontrol,474,EUR,2024
CH,FALSE,SA,international,Middle East,474,EUR,2024
PT,TRUE,HU,regional,Eurocontrol,474,EUR,2024
CH,TRUE,IS,international,Northern America,472,EUR,2024
CZ,FALSE,RO,regional,Eurocontrol,472,EUR,2024
GB,TRUE,SI,regional,Eurocontrol,472,EUR,2024
IE,FALSE,LU,regional,Eurocontrol,472,EUR,2024
DE,TRUE,NA,NA,NA,471,EUR,2024
DE,TRUE,LB,international,Middle East,469,EUR,2024
GB,TRUE,BS,international,Southern America,469,EUR,2024
LU,FALSE,GR,regional,Eurocontrol,469,EUR,2024
PT,FALSE,CZ,regional,Eurocontrol,469,EUR,2024
CH,TRUE,ZA,international,Africa,468,EUR,2024
IT,FALSE,MK,regional,Eurocontrol,468,EUR,2024
ES,TRUE,LV,regional,Eurocontrol,467,EUR,2024
MT,FALSE,NL,regional,Eurocontrol,466,EUR,2024
TR,FALSE,BD,international,Asia,466,EUR,2024
DE,FALSE,AZ,international,Asia,465,EUR,2024
DK,FALSE,GL,international,Northern America,465,EUR,2024
ES,TRUE,CR,international,Southern America,465,EUR,2024
ES,TRUE,SA,international,Middle East,465,EUR,2024
FI,FALSE,PT,regional,Eurocontrol,464,EUR,2024
GR,FALSE,BH,international,Middle East,464,EUR,2024
NL,TRUE,SR,international,Southern America,464,EUR,2024
CZ,FALSE,NO,regional,Eurocontrol,463,EUR,2024
LU,FALSE,PL,regional,Eurocontrol,463,EUR,2024
PL,FALSE,LU,regional,Eurocontrol,461,EUR,2024
SI,FALSE,AT,regional,Eurocontrol,460,EUR,2024
CY,FALSE,EG,international,Middle East,459,EUR,2024
GB,FALSE,JO,international,Middle East,458,EUR,2024
LV,FALSE,CZ,regional,Eurocontrol,458,EUR,2024
MD,FALSE,AM,regional,Eurocontrol,457,EUR,2024
DK,FALSE,CY,regional,Eurocontrol,456,EUR,2024
FR,FALSE,LB,international,Middle East,456,EUR,2024
NL,TRUE,LT,regional,Eurocontrol,456,EUR,2024
NO,FALSE,CZ,regional,Eurocontrol,456,EUR,2024
DE,TRUE,BH,international,Middle East,453,EUR,2024
GB,FALSE,RS,regional,Eurocontrol,453,EUR,2024
GB,TRUE,JM,international,Southern America,453,EUR,2024
BE,FALSE,SA,international,Middle East,452,EUR,2024
CY,FALSE,DK,regional,Eurocontrol,452,EUR,2024
LT,FALSE,AT,regional,Eurocontrol,452,EUR,2024
AM,FALSE,MD,regional,Eurocontrol,451,EUR,2024
IT,FALSE,SI,regional,Eurocontrol,451,EUR,2024
DE,TRUE,BA,regional,Eurocontrol,450,EUR,2024
ME,FALSE,FR,regional,Eurocontrol,450,EUR,2024
CZ,FALSE,LV,regional,Eurocontrol,449,EUR,2024
DE,TRUE,MK,regional,Eurocontrol,449,EUR,2024
NL,FALSE,DK,regional,Eurocontrol,448,EUR,2024
AT,FALSE,LT,regional,Eurocontrol,446,EUR,2024
FR,TRUE,ZA,international,Africa,446,EUR,2024
CH,FALSE,NO,regional,Eurocontrol,445,EUR,2024
ES,FALSE,MT,regional,Eurocontrol,445,EUR,2024
LT,FALSE,EE,regional,Eurocontrol,444,EUR,2024
HU,FALSE,NO,regional,Eurocontrol,442,EUR,2024
LU,FALSE,HK,international,China,442,EUR,2024
GR,FALSE,LU,regional,Eurocontrol,441,EUR,2024
MT,FALSE,CY,regional,Eurocontrol,441,EUR,2024
DE,FALSE,SG,international,Asia,440,EUR,2024
BA,FALSE,SA,international,Middle East,439,EUR,2024
FR,FALSE,BR,international,Southern America,439,EUR,2024
FR,TRUE,SI,regional,Eurocontrol,439,EUR,2024
DK,FALSE,CA,international,Northern America,438,EUR,2024
AL,FALSE,NL,regional,Eurocontrol,437,EUR,2024
DE,TRUE,MD,regional,Eurocontrol,435,EUR,2024
PT,TRUE,SE,regional,Eurocontrol,435,EUR,2024
HU,FALSE,QA,international,Middle East,434,EUR,2024
TR,FALSE,SN,NA,NA,434,EUR,2024
DK,FALSE,LU,regional,Eurocontrol,433,EUR,2024
BE,FALSE,NG,international,Africa,432,EUR,2024
BE,FALSE,SN,NA,NA,432,EUR,2024
BE,FALSE,DZ,international,Africa,430,EUR,2024
FR,FALSE,LT,regional,Eurocontrol,430,EUR,2024
NL,TRUE,AW,international,Southern America,430,EUR,2024
TR,FALSE,GH,international,Africa,430,EUR,2024
ES,FALSE,QA,international,Middle East,429,EUR,2024
FR,FALSE,CI,international,Africa,429,EUR,2024
DE,FALSE,IN,international,Asia,428,EUR,2024
LU,FALSE,DK,regional,Eurocontrol,427,EUR,2024
CH,FALSE,HU,regional,Eurocontrol,425,EUR,2024
DE,FALSE,KR,international,Asia,425,EUR,2024
CY,FALSE,JO,international,Middle East,424,EUR,2024
MD,FALSE,IE,regional,Eurocontrol,424,EUR,2024
SI,FALSE,PL,regional,Eurocontrol,424,EUR,2024
LV,FALSE,CH,regional,Eurocontrol,423,EUR,2024
PL,FALSE,SI,regional,Eurocontrol,423,EUR,2024
DK,FALSE,CN,international,China,422,EUR,2024
IE,FALSE,MD,regional,Eurocontrol,422,EUR,2024
NO,FALSE,AE,international,Middle East,421,EUR,2024
IT,FALSE,KW,international,Middle East,420,EUR,2024
LT,FALSE,EG,international,Middle East,420,EUR,2024
PT,FALSE,CV,international,Africa,420,EUR,2024
FR,TRUE,CM,international,Africa,419,EUR,2024
CY,FALSE,QA,international,Middle East,415,EUR,2024
NO,FALSE,HU,regional,Eurocontrol,413,EUR,2024
NL,TRUE,BG,regional,Eurocontrol,412,EUR,2024
PL,FALSE,MA,international,Africa,412,EUR,2024
TR,FALSE,AM,regional,Eurocontrol,411,EUR,2024
NL,TRUE,CY,regional,Eurocontrol,410,EUR,2024
AM,FALSE,TR,regional,Eurocontrol,408,EUR,2024
EE,FALSE,NL,regional,Eurocontrol,405,EUR,2024
ES,TRUE,BO,international,Southern America,405,EUR,2024
IT,FALSE,LB,international,Middle East,405,EUR,2024
IT,FALSE,LY,international,Africa,405,EUR,2024
ME,FALSE,IL,international,Middle East,405,EUR,2024
RS,FALSE,MT,regional,Eurocontrol,404,EUR,2024
AT,FALSE,SA,international,Middle East,403,EUR,2024
GB,FALSE,GI,regional,Eurocontrol,403,EUR,2024
MT,FALSE,RS,regional,Eurocontrol,402,EUR,2024
NL,TRUE,MT,regional,Eurocontrol,399,EUR,2024
SI,FALSE,NA,NA,NA,399,EUR,2024
TR,FALSE,HK,international,China,399,EUR,2024
PT,TRUE,NO,regional,Eurocontrol,396,EUR,2024
RS,FALSE,QA,international,Middle East,396,EUR,2024
CY,FALSE,NL,regional,Eurocontrol,395,EUR,2024
ES,TRUE,JO,international,Middle East,395,EUR,2024
GB,TRUE,LK,international,Asia,394,EUR,2024
GR,FALSE,JO,international,Middle East,394,EUR,2024
EE,FALSE,LT,regional,Eurocontrol,393,EUR,2024
FR,FALSE,IS,international,Northern America,393,EUR,2024
GE,FALSE,AT,regional,Eurocontrol,392,EUR,2024
HR,FALSE,AE,international,Middle East,392,EUR,2024
PT,FALSE,SE,regional,Eurocontrol,392,EUR,2024
NO,FALSE,EE,regional,Eurocontrol,389,EUR,2024
AT,FALSE,GE,regional,Eurocontrol,388,EUR,2024
FR,TRUE,BG,regional,Eurocontrol,388,EUR,2024
FI,FALSE,NA,NA,NA,387,EUR,2024
MD,FALSE,FR,regional,Eurocontrol,387,EUR,2024
BE,FALSE,ET,international,Africa,386,EUR,2024
NL,TRUE,EE,regional,Eurocontrol,385,EUR,2024
EE,FALSE,NO,regional,Eurocontrol,383,EUR,2024
FR,FALSE,ME,regional,Eurocontrol,383,EUR,2024
GR,FALSE,AM,regional,Eurocontrol,383,EUR,2024
NO,FALSE,RS,regional,Eurocontrol,382,EUR,2024
RS,FALSE,NO,regional,Eurocontrol,382,EUR,2024
LT,FALSE,BE,regional,Eurocontrol,381,EUR,2024
AM,FALSE,GR,regional,Eurocontrol,380,EUR,2024
SE,FALSE,AE,international,Middle East,380,EUR,2024
EE,FALSE,ES,regional,Eurocontrol,377,EUR,2024
GB,TRUE,AG,international,Southern America,377,EUR,2024
LU,FALSE,TN,international,Africa,376,EUR,2024
CH,TRUE,LV,regional,Eurocontrol,375,EUR,2024
EE,FALSE,FR,regional,Eurocontrol,375,EUR,2024
TR,FALSE,KE,international,Africa,374,EUR,2024
CY,FALSE,CZ,regional,Eurocontrol,373,EUR,2024
FR,FALSE,CV,international,Africa,373,EUR,2024
AL,FALSE,RO,regional,Eurocontrol,372,EUR,2024
CH,FALSE,QA,international,Middle East,372,EUR,2024
CY,FALSE,NO,regional,Eurocontrol,372,EUR,2024
MK,FALSE,SE,regional,Eurocontrol,371,EUR,2024
SK,FALSE,HR,regional,Eurocontrol,371,EUR,2024
AM,FALSE,QA,international,Middle East,370,EUR,2024
HU,FALSE,LU,regional,Eurocontrol,370,EUR,2024
DE,TRUE,UZ,international,Asia,368,EUR,2024
DE,TRUE,AM,regional,Eurocontrol,367,EUR,2024
NO,FALSE,CY,regional,Eurocontrol,367,EUR,2024
BE,FALSE,LT,regional,Eurocontrol,366,EUR,2024
GR,FALSE,MD,regional,Eurocontrol,366,EUR,2024
MD,FALSE,GR,regional,Eurocontrol,366,EUR,2024
SE,FALSE,MK,regional,Eurocontrol,366,EUR,2024
LU,FALSE,BR,international,Southern America,365,EUR,2024
DE,FALSE,CV,international,Africa,364,EUR,2024
IT,FALSE,MX,international,Southern America,364,EUR,2024
RO,FALSE,AL,regional,Eurocontrol,364,EUR,2024
SK,FALSE,ES,regional,Eurocontrol,364,EUR,2024
HU,FALSE,AL,regional,Eurocontrol,363,EUR,2024
BA,FALSE,IT,regional,Eurocontrol,362,EUR,2024
CH,TRUE,BR,international,Southern America,362,EUR,2024
PL,FALSE,KR,international,Asia,362,EUR,2024
AL,FALSE,HU,regional,Eurocontrol,361,EUR,2024
CY,FALSE,NA,NA,NA,361,EUR,2024
CZ,FALSE,CY,regional,Eurocontrol,360,EUR,2024
ES,FALSE,SK,regional,Eurocontrol,360,EUR,2024
FR,TRUE,AN,NA,NA,360,EUR,2024
MT,FALSE,PT,regional,Eurocontrol,360,EUR,2024
NL,FALSE,LT,regional,Eurocontrol,360,EUR,2024
HR,FALSE,SK,regional,Eurocontrol,359,EUR,2024
PT,TRUE,SN,NA,NA,358,EUR,2024
BG,FALSE,SK,regional,Eurocontrol,356,EUR,2024
ES,FALSE,RS,regional,Eurocontrol,356,EUR,2024
SK,FALSE,BG,regional,Eurocontrol,356,EUR,2024
AT,FALSE,TW,international,Asia,355,EUR,2024
FI,FALSE,CN,international,China,355,EUR,2024
AL,FALSE,CH,regional,Eurocontrol,354,EUR,2024
NL,TRUE,TZ,international,Africa,354,EUR,2024
TR,FALSE,RW,international,Africa,354,EUR,2024
IT,FALSE,TW,international,Asia,353,EUR,2024
SK,FALSE,CY,regional,Eurocontrol,353,EUR,2024
AT,FALSE,ET,international,Africa,351,EUR,2024
BA,FALSE,SE,regional,Eurocontrol,351,EUR,2024
BE,FALSE,CY,regional,Eurocontrol,351,EUR,2024
DE,TRUE,ET,international,Africa,351,EUR,2024
FI,FALSE,QA,international,Middle East,351,EUR,2024
FI,FALSE,SG,international,Asia,351,EUR,2024
GB,TRUE,CO,international,Southern America,351,EUR,2024
GB,TRUE,CV,international,Africa,351,EUR,2024
GB,TRUE,OM,international,Middle East,351,EUR,2024
IT,FALSE,SN,NA,NA,351,EUR,2024
FR,TRUE,CL,international,Southern America,350,EUR,2024
TR,FALSE,CO,international,Southern America,349,EUR,2024
AL,FALSE,AE,international,Middle East,348,EUR,2024
GB,TRUE,AU,international,Asia,348,EUR,2024
GB,TRUE,MV,international,Asia,348,EUR,2024
IT,FALSE,BA,regional,Eurocontrol,348,EUR,2024
NL,TRUE,PA,international,Southern America,348,EUR,2024
CY,FALSE,SK,regional,Eurocontrol,347,EUR,2024
ES,TRUE,GT,international,Southern America,347,EUR,2024
IE,FALSE,LV,regional,Eurocontrol,347,EUR,2024
LV,FALSE,IE,regional,Eurocontrol,347,EUR,2024
RS,FALSE,PT,regional,Eurocontrol,347,EUR,2024
TR,FALSE,BF,international,Africa,347,EUR,2024
FR,TRUE,BH,international,Middle East,346,EUR,2024
FR,TRUE,GF,international,Southern America,346,EUR,2024
NL,TRUE,GH,international,Africa,346,EUR,2024
DK,FALSE,UZ,international,Asia,345,EUR,2024
FR,TRUE,AR,international,Southern America,345,EUR,2024
FR,TRUE,ET,international,Africa,345,EUR,2024
FR,TRUE,TW,international,Asia,345,EUR,2024
BE,FALSE,CM,international,Africa,344,EUR,2024
FR,FALSE,GE,regional,Eurocontrol,344,EUR,2024
SK,FALSE,NA,NA,NA,344,EUR,2024
HR,FALSE,MT,regional,Eurocontrol,343,EUR,2024
IE,FALSE,BG,regional,Eurocontrol,343,EUR,2024
SE,FALSE,BA,regional,Eurocontrol,343,EUR,2024
DE,TRUE,AR,international,Southern America,341,EUR,2024
FR,TRUE,NG,international,Africa,340,EUR,2024
MT,FALSE,IE,regional,Eurocontrol,340,EUR,2024
SE,FALSE,ET,international,Africa,340,EUR,2024
AT,FALSE,JO,international,Middle East,339,EUR,2024
NL,TRUE,CO,international,Southern America,339,EUR,2024
AL,FALSE,SE,regional,Eurocontrol,338,EUR,2024
BE,FALSE,SI,regional,Eurocontrol,338,EUR,2024
BG,FALSE,IE,regional,Eurocontrol,338,EUR,2024
CH,TRUE,BG,regional,Eurocontrol,338,EUR,2024
ES,TRUE,PR,international,Southern America,338,EUR,2024
FI,FALSE,HK,international,China,338,EUR,2024
IE,FALSE,MT,regional,Eurocontrol,338,EUR,2024
NL,TRUE,AR,international,Southern America,338,EUR,2024
PT,TRUE,FI,regional,Eurocontrol,338,EUR,2024
SI,FALSE,BE,regional,Eurocontrol,338,EUR,2024
TR,FALSE,MN,international,Asia,338,EUR,2024
FI,FALSE,IN,international,Asia,337,EUR,2024
LU,FALSE,AZ,international,Asia,336,EUR,2024
MT,FALSE,HR,regional,Eurocontrol,331,EUR,2024
RO,FALSE,TN,international,Africa,331,EUR,2024
CH,TRUE,CN,international,China,330,EUR,2024
FI,FALSE,KR,international,Asia,330,EUR,2024
MK,FALSE,NL,regional,Eurocontrol,329,EUR,2024
SE,FALSE,AL,regional,Eurocontrol,329,EUR,2024
BA,FALSE,FR,regional,Eurocontrol,328,EUR,2024
MT,FALSE,RO,regional,Eurocontrol,328,EUR,2024
NL,FALSE,CZ,regional,Eurocontrol,327,EUR,2024
TR,FALSE,IL,international,Middle East,327,EUR,2024
BE,FALSE,AZ,international,Asia,326,EUR,2024
SE,FALSE,RO,regional,Eurocontrol,325,EUR,2024
IT,FALSE,XK,NA,NA,324,EUR,2024
PL,FALSE,IN,international,Asia,324,EUR,2024
DE,TRUE,CU,international,Southern America,323,EUR,2024
BG,FALSE,QA,international,Middle East,322,EUR,2024
FR,TRUE,GA,international,Africa,322,EUR,2024
HU,FALSE,GE,regional,Eurocontrol,322,EUR,2024
HU,FALSE,KR,international,Asia,322,EUR,2024
NL,FALSE,AL,regional,Eurocontrol,322,EUR,2024
TR,FALSE,MU,international,Africa,322,EUR,2024
BA,FALSE,CH,regional,Eurocontrol,321,EUR,2024
IE,FALSE,MA,international,Africa,321,EUR,2024
PL,FALSE,MK,regional,Eurocontrol,321,EUR,2024
RO,FALSE,MT,regional,Eurocontrol,321,EUR,2024
FR,TRUE,PE,international,Southern America,320,EUR,2024
ES,FALSE,AE,international,Middle East,319,EUR,2024
HU,FALSE,NA,NA,NA,319,EUR,2024
FR,TRUE,CG,international,Africa,318,EUR,2024
GR,FALSE,SI,regional,Eurocontrol,318,EUR,2024
PL,FALSE,CN,international,China,318,EUR,2024
RO,FALSE,SE,regional,Eurocontrol,318,EUR,2024
TR,FALSE,MV,international,Asia,318,EUR,2024
LV,FALSE,GE,regional,Eurocontrol,317,EUR,2024
MK,FALSE,PL,regional,Eurocontrol,317,EUR,2024
RS,FALSE,US,international,Northern America,317,EUR,2024
GE,FALSE,HU,regional,Eurocontrol,316,EUR,2024
GE,FALSE,LV,regional,Eurocontrol,315,EUR,2024
GR,FALSE,CN,international,China,315,EUR,2024
TR,FALSE,CM,international,Africa,315,EUR,2024
GB,TRUE,RW,international,Africa,314,EUR,2024
FR,TRUE,AM,regional,Eurocontrol,313,EUR,2024
IT,FALSE,CV,international,Africa,313,EUR,2024
RS,FALSE,EG,international,Middle East,313,EUR,2024
TR,FALSE,CD,international,Africa,311,EUR,2024
FR,TRUE,CR,international,Southern America,310,EUR,2024
GB,TRUE,DO,international,Southern America,310,EUR,2024
FR,TRUE,GE,regional,Eurocontrol,309,EUR,2024
NO,FALSE,KR,international,Asia,309,EUR,2024
DE,FALSE,JP,international,Asia,307,EUR,2024
AT,FALSE,IS,international,Northern America,306,EUR,2024
GB,TRUE,BM,international,Southern America,306,EUR,2024
SE,FALSE,XK,NA,NA,306,EUR,2024
FR,TRUE,KW,international,Middle East,305,EUR,2024
SI,FALSE,GR,regional,Eurocontrol,304,EUR,2024
MT,FALSE,TN,international,Africa,302,EUR,2024
NL,TRUE,NG,international,Africa,302,EUR,2024
PT,FALSE,BR,international,Southern America,302,EUR,2024
IT,FALSE,OM,international,Middle East,301,EUR,2024
TR,FALSE,LK,international,Asia,301,EUR,2024
DK,FALSE,SG,international,Asia,300,EUR,2024
SK,FALSE,FR,regional,Eurocontrol,299,EUR,2024
NL,TRUE,PE,international,Southern America,298,EUR,2024
CH,FALSE,CA,international,Northern America,297,EUR,2024
GB,TRUE,AZ,international,Asia,297,EUR,2024
FR,FALSE,BA,regional,Eurocontrol,296,EUR,2024
GB,FALSE,SG,international,Asia,296,EUR,2024
PT,FALSE,HU,regional,Eurocontrol,296,EUR,2024
GB,TRUE,AL,regional,Eurocontrol,294,EUR,2024
LV,FALSE,EG,international,Middle East,294,EUR,2024
EE,FALSE,CH,regional,Eurocontrol,293,EUR,2024
GE,FALSE,UZ,international,Asia,292,EUR,2024
BE,FALSE,RW,international,Africa,291,EUR,2024
ME,FALSE,CH,regional,Eurocontrol,291,EUR,2024
PL,FALSE,AM,regional,Eurocontrol,291,EUR,2024
SE,FALSE,CN,international,China,291,EUR,2024
ES,TRUE,AZ,international,Asia,290,EUR,2024
TR,FALSE,ML,international,Africa,289,EUR,2024
AM,FALSE,PL,regional,Eurocontrol,288,EUR,2024
HU,FALSE,HR,regional,Eurocontrol,288,EUR,2024
CY,FALSE,FI,regional,Eurocontrol,287,EUR,2024
PT,TRUE,IL,international,Middle East,285,EUR,2024
SI,FALSE,BA,regional,Eurocontrol,284,EUR,2024
FI,FALSE,CY,regional,Eurocontrol,283,EUR,2024
ES,TRUE,PY,international,Southern America,282,EUR,2024
LT,FALSE,CZ,regional,Eurocontrol,282,EUR,2024
BE,FALSE,CD,international,Africa,281,EUR,2024
BE,FALSE,KZ,international,Asia,281,EUR,2024
BA,FALSE,SI,regional,Eurocontrol,280,EUR,2024
BG,FALSE,NO,regional,Eurocontrol,280,EUR,2024
FR,TRUE,BJ,international,Africa,280,EUR,2024
MT,FALSE,DK,regional,Eurocontrol,280,EUR,2024
LT,FALSE,CH,regional,Eurocontrol,279,EUR,2024
HR,FALSE,HU,regional,Eurocontrol,278,EUR,2024
BE,FALSE,GE,regional,Eurocontrol,277,EUR,2024
NO,FALSE,TH,international,Asia,277,EUR,2024
TR,FALSE,TJ,international,Asia,277,EUR,2024
FR,TRUE,LT,regional,Eurocontrol,276,EUR,2024
DK,FALSE,MT,regional,Eurocontrol,275,EUR,2024
ES,FALSE,MX,international,Southern America,275,EUR,2024
PT,FALSE,NO,regional,Eurocontrol,275,EUR,2024
DE,TRUE,CV,international,Africa,274,EUR,2024
TR,FALSE,SO,international,Africa,271,EUR,2024
ES,FALSE,EE,regional,Eurocontrol,270,EUR,2024
NL,TRUE,CV,international,Africa,270,EUR,2024
SK,FALSE,CH,regional,Eurocontrol,270,EUR,2024
NO,FALSE,BG,regional,Eurocontrol,269,EUR,2024
BE,FALSE,GH,international,Africa,268,EUR,2024
CH,TRUE,BA,regional,Eurocontrol,268,EUR,2024
BE,FALSE,LU,regional,Eurocontrol,267,EUR,2024
FR,FALSE,SK,regional,Eurocontrol,266,EUR,2024
GB,TRUE,VN,international,Asia,266,EUR,2024
FR,FALSE,LV,regional,Eurocontrol,265,EUR,2024
FR,FALSE,MD,regional,Eurocontrol,265,EUR,2024
MK,FALSE,GR,regional,Eurocontrol,265,EUR,2024
CY,FALSE,LT,regional,Eurocontrol,264,EUR,2024
GB,FALSE,XK,NA,NA,264,EUR,2024
BA,FALSE,KW,international,Middle East,263,EUR,2024
LT,FALSE,CY,regional,Eurocontrol,262,EUR,2024
PT,TRUE,MZ,international,Africa,261,EUR,2024
BG,FALSE,EG,international,Middle East,260,EUR,2024
CH,FALSE,RS,regional,Eurocontrol,260,EUR,2024
NL,TRUE,EC,international,Southern America,260,EUR,2024
SI,FALSE,AE,international,Middle East,259,EUR,2024
BA,FALSE,GB,regional,Eurocontrol,257,EUR,2024
CH,TRUE,JP,international,Asia,257,EUR,2024
CH,TRUE,LT,regional,Eurocontrol,257,EUR,2024
NL,TRUE,MY,international,Asia,257,EUR,2024
CH,TRUE,MA,international,Africa,256,EUR,2024
FR,FALSE,SI,regional,Eurocontrol,256,EUR,2024
GE,FALSE,IN,international,Asia,256,EUR,2024
FR,FALSE,GF,international,Southern America,255,EUR,2024
SK,FALSE,IE,regional,Eurocontrol,255,EUR,2024
MK,FALSE,BE,regional,Eurocontrol,254,EUR,2024
TR,FALSE,BJ,international,Africa,254,EUR,2024
DE,FALSE,TH,international,Asia,253,EUR,2024
CH,TRUE,EE,regional,Eurocontrol,252,EUR,2024
GE,FALSE,BE,regional,Eurocontrol,252,EUR,2024
IE,FALSE,SK,regional,Eurocontrol,252,EUR,2024
LU,FALSE,TM,international,Asia,252,EUR,2024
CH,FALSE,ET,international,Africa,251,EUR,2024
NL,FALSE,NO,regional,Eurocontrol,251,EUR,2024
DE,TRUE,MU,international,Africa,250,EUR,2024
AT,FALSE,MA,international,Africa,249,EUR,2024
EE,FALSE,GR,regional,Eurocontrol,249,EUR,2024
GB,TRUE,ME,regional,Eurocontrol,249,EUR,2024
ES,FALSE,SA,international,Middle East,248,EUR,2024
FR,TRUE,MG,international,Africa,248,EUR,2024
GB,FALSE,BA,regional,Eurocontrol,248,EUR,2024
PT,TRUE,RS,regional,Eurocontrol,248,EUR,2024
BE,FALSE,SG,international,Asia,247,EUR,2024
DE,FALSE,AM,regional,Eurocontrol,247,EUR,2024
FR,FALSE,AM,regional,Eurocontrol,247,EUR,2024
BE,FALSE,MK,regional,Eurocontrol,246,EUR,2024
LU,FALSE,SA,international,Middle East,246,EUR,2024
CZ,FALSE,IS,international,Northern America,245,EUR,2024
FR,FALSE,DO,international,Southern America,245,EUR,2024
FR,TRUE,TG,international,Africa,245,EUR,2024
GR,FALSE,EE,regional,Eurocontrol,245,EUR,2024
ME,FALSE,SI,regional,Eurocontrol,245,EUR,2024
NL,FALSE,MK,regional,Eurocontrol,245,EUR,2024
BG,FALSE,NA,NA,NA,244,EUR,2024
CH,FALSE,RO,regional,Eurocontrol,244,EUR,2024
GB,FALSE,KW,international,Middle East,244,EUR,2024
PL,FALSE,AZ,international,Asia,244,EUR,2024
CH,TRUE,AL,regional,Eurocontrol,243,EUR,2024
NL,TRUE,RW,international,Africa,243,EUR,2024
BE,FALSE,KR,international,Asia,242,EUR,2024
SI,FALSE,ME,regional,Eurocontrol,242,EUR,2024
ES,TRUE,HK,international,China,241,EUR,2024
GB,FALSE,DO,international,Southern America,241,EUR,2024
FR,TRUE,PA,international,Southern America,239,EUR,2024
EE,FALSE,EG,international,Middle East,238,EUR,2024
TR,FALSE,GA,international,Africa,238,EUR,2024
CH,FALSE,DZ,international,Africa,236,EUR,2024
DE,TRUE,CO,international,Southern America,236,EUR,2024
DK,FALSE,IN,international,Asia,236,EUR,2024
GB,FALSE,NG,international,Africa,235,EUR,2024
LU,FALSE,MX,international,Southern America,235,EUR,2024
NL,FALSE,RS,regional,Eurocontrol,235,EUR,2024
RO,FALSE,PT,regional,Eurocontrol,235,EUR,2024
AT,FALSE,EE,regional,Eurocontrol,234,EUR,2024
PL,FALSE,JP,international,Asia,234,EUR,2024
SE,FALSE,EG,international,Middle East,234,EUR,2024
FR,TRUE,OM,international,Middle East,233,EUR,2024
SK,FALSE,BE,regional,Eurocontrol,233,EUR,2024
FR,FALSE,JO,international,Middle East,231,EUR,2024
FR,TRUE,YT,international,Africa,230,EUR,2024
BE,FALSE,JO,international,Middle East,229,EUR,2024
MK,FALSE,SK,regional,Eurocontrol,229,EUR,2024
RO,FALSE,NO,regional,Eurocontrol,229,EUR,2024
CH,FALSE,CN,international,China,228,EUR,2024
CH,FALSE,IL,international,Middle East,228,EUR,2024
EE,FALSE,AT,regional,Eurocontrol,227,EUR,2024
LU,FALSE,NA,NA,NA,227,EUR,2024
MD,FALSE,GE,regional,Eurocontrol,227,EUR,2024
GB,FALSE,MK,regional,Eurocontrol,226,EUR,2024
GB,TRUE,TW,international,Asia,226,EUR,2024
NL,FALSE,IE,regional,Eurocontrol,226,EUR,2024
CH,TRUE,SA,international,Middle East,225,EUR,2024
CY,FALSE,BH,international,Middle East,224,EUR,2024
GE,FALSE,NL,regional,Eurocontrol,224,EUR,2024
IT,FALSE,TM,international,Asia,224,EUR,2024
ME,FALSE,HR,regional,Eurocontrol,224,EUR,2024
BE,FALSE,SK,regional,Eurocontrol,223,EUR,2024
LV,FALSE,CY,regional,Eurocontrol,223,EUR,2024
AT,FALSE,IQ,international,Middle East,222,EUR,2024
GB,FALSE,JM,international,Southern America,222,EUR,2024
IE,FALSE,EG,international,Middle East,222,EUR,2024
NL,TRUE,GE,regional,Eurocontrol,222,EUR,2024
GE,FALSE,MD,regional,Eurocontrol,221,EUR,2024
GR,FALSE,SG,international,Asia,220,EUR,2024
NO,FALSE,RO,regional,Eurocontrol,220,EUR,2024
BG,FALSE,MT,regional,Eurocontrol,219,EUR,2024
CY,FALSE,LV,regional,Eurocontrol,218,EUR,2024
DE,FALSE,SA,international,Middle East,218,EUR,2024
NL,TRUE,JO,international,Middle East,218,EUR,2024
TR,FALSE,MR,international,Africa,218,EUR,2024
MT,FALSE,BG,regional,Eurocontrol,217,EUR,2024
GB,FALSE,AZ,international,Asia,216,EUR,2024
GE,FALSE,ES,regional,Eurocontrol,216,EUR,2024
HU,FALSE,UZ,international,Asia,216,EUR,2024
LV,FALSE,AE,international,Middle East,216,EUR,2024
NL,TRUE,AZ,international,Asia,216,EUR,2024
CY,FALSE,BE,regional,Eurocontrol,215,EUR,2024
ES,TRUE,HN,international,Southern America,215,EUR,2024
IT,FALSE,TH,international,Asia,215,EUR,2024
TR,FALSE,NA,NA,NA,215,EUR,2024
AT,FALSE,TN,international,Africa,214,EUR,2024
BE,FALSE,BH,international,Middle East,214,EUR,2024
SK,FALSE,MK,regional,Eurocontrol,214,EUR,2024
CZ,FALSE,US,international,Northern America,213,EUR,2024
ES,FALSE,CV,international,Africa,213,EUR,2024
BG,FALSE,TN,international,Africa,212,EUR,2024
LU,FALSE,CZ,regional,Eurocontrol,212,EUR,2024
LU,FALSE,HU,regional,Eurocontrol,212,EUR,2024
SE,FALSE,LU,regional,Eurocontrol,212,EUR,2024
SI,FALSE,HR,regional,Eurocontrol,212,EUR,2024
BE,FALSE,EE,regional,Eurocontrol,211,EUR,2024
CH,FALSE,LB,international,Middle East,211,EUR,2024
CZ,FALSE,LU,regional,Eurocontrol,209,EUR,2024
FR,TRUE,MR,international,Africa,209,EUR,2024
SI,FALSE,NL,regional,Eurocontrol,209,EUR,2024
EE,FALSE,BE,regional,Eurocontrol,208,EUR,2024
MK,FALSE,GB,regional,Eurocontrol,208,EUR,2024
CY,FALSE,HR,regional,Eurocontrol,207,EUR,2024
CH,FALSE,BG,regional,Eurocontrol,205,EUR,2024
LU,FALSE,BE,regional,Eurocontrol,205,EUR,2024
LU,FALSE,SE,regional,Eurocontrol,205,EUR,2024
RS,FALSE,TN,international,Africa,205,EUR,2024
HR,FALSE,ME,regional,Eurocontrol,204,EUR,2024
TR,FALSE,CU,international,Southern America,204,EUR,2024
ES,TRUE,GE,regional,Eurocontrol,203,EUR,2024
DE,TRUE,AZ,international,Asia,202,EUR,2024
ES,TRUE,KW,international,Middle East,202,EUR,2024
FR,TRUE,TD,international,Africa,202,EUR,2024
HR,FALSE,CY,regional,Eurocontrol,202,EUR,2024
RS,FALSE,CN,international,China,202,EUR,2024
DE,FALSE,JO,international,Middle East,201,EUR,2024
FR,TRUE,EE,regional,Eurocontrol,201,EUR,2024
NL,TRUE,KZ,international,Asia,201,EUR,2024
ES,FALSE,CA,international,Northern America,200,EUR,2024
HU,FALSE,SA,international,Middle East,200,EUR,2024
PT,TRUE,GW,international,Africa,200,EUR,2024
TR,FALSE,NP,international,Asia,200,EUR,2024
CH,TRUE,KR,international,Asia,199,EUR,2024
ES,TRUE,NA,NA,NA,199,EUR,2024
GB,TRUE,BD,international,Asia,199,EUR,2024
GB,TRUE,CL,international,Southern America,198,EUR,2024
LV,FALSE,PT,regional,Eurocontrol,198,EUR,2024
DE,TRUE,MN,international,Asia,197,EUR,2024
FR,TRUE,CU,international,Southern America,197,EUR,2024
ES,FALSE,SN,NA,NA,193,EUR,2024
CZ,FALSE,CV,international,Africa,191,EUR,2024
NL,TRUE,SI,regional,Eurocontrol,191,EUR,2024
RO,FALSE,LV,regional,Eurocontrol,191,EUR,2024
CH,TRUE,NA,NA,NA,190,EUR,2024
LU,FALSE,ZA,international,Africa,189,EUR,2024
TR,FALSE,DJ,international,Africa,189,EUR,2024
TR,FALSE,PA,international,Southern America,188,EUR,2024
GR,FALSE,ET,international,Africa,187,EUR,2024
AT,FALSE,IR,international,Middle East,186,EUR,2024
CZ,FALSE,GE,regional,Eurocontrol,186,EUR,2024
LV,FALSE,MT,regional,Eurocontrol,186,EUR,2024
BE,FALSE,CV,international,Africa,185,EUR,2024
DE,FALSE,KW,international,Middle East,185,EUR,2024
ES,FALSE,IL,international,Middle East,185,EUR,2024
CH,TRUE,ME,regional,Eurocontrol,184,EUR,2024
DE,TRUE,IR,international,Middle East,184,EUR,2024
GR,FALSE,ME,regional,Eurocontrol,184,EUR,2024
MD,FALSE,AZ,international,Asia,184,EUR,2024
GE,FALSE,CZ,regional,Eurocontrol,183,EUR,2024
IT,FALSE,TZ,international,Africa,183,EUR,2024
MT,FALSE,LV,regional,Eurocontrol,183,EUR,2024
BE,FALSE,SL,international,Africa,182,EUR,2024
CZ,FALSE,KR,international,Asia,182,EUR,2024
HR,FALSE,SI,regional,Eurocontrol,182,EUR,2024
LV,FALSE,UZ,international,Asia,182,EUR,2024
AT,FALSE,KR,international,Asia,181,EUR,2024
IE,FALSE,NA,NA,NA,181,EUR,2024
AT,FALSE,JP,international,Asia,180,EUR,2024
BA,FALSE,BA,regional,Eurocontrol,180,EUR,2024
DE,TRUE,MV,international,Asia,180,EUR,2024
IT,FALSE,MV,international,Asia,180,EUR,2024
RS,FALSE,IL,international,Middle East,180,EUR,2024
MT,FALSE,SK,regional,Eurocontrol,179,EUR,2024
SK,FALSE,MT,regional,Eurocontrol,179,EUR,2024
CH,TRUE,SK,regional,Eurocontrol,178,EUR,2024
PL,FALSE,BA,regional,Eurocontrol,178,EUR,2024
BA,FALSE,PL,regional,Eurocontrol,177,EUR,2024
IT,FALSE,DO,international,Southern America,177,EUR,2024
LV,FALSE,RO,regional,Eurocontrol,177,EUR,2024
ME,FALSE,CZ,regional,Eurocontrol,176,EUR,2024
PT,TRUE,RO,regional,Eurocontrol,176,EUR,2024
PL,FALSE,KZ,international,Asia,175,EUR,2024
PT,TRUE,QA,international,Middle East,175,EUR,2024
PT,TRUE,MX,international,Southern America,174,EUR,2024
SE,FALSE,MA,international,Africa,174,EUR,2024
DK,FALSE,JP,international,Asia,173,EUR,2024
PT,FALSE,MT,regional,Eurocontrol,173,EUR,2024
TR,FALSE,VE,international,Southern America,173,EUR,2024
LT,FALSE,MT,regional,Eurocontrol,172,EUR,2024
CZ,FALSE,ME,regional,Eurocontrol,171,EUR,2024
DE,FALSE,CA,international,Northern America,170,EUR,2024
GE,FALSE,GE,regional,Eurocontrol,170,EUR,2024
CH,TRUE,TN,international,Africa,169,EUR,2024
HU,FALSE,AZ,international,Asia,169,EUR,2024
IT,FALSE,KZ,international,Asia,169,EUR,2024
SK,FALSE,TN,international,Africa,169,EUR,2024
AT,FALSE,AZ,international,Asia,168,EUR,2024
BE,FALSE,ZA,international,Africa,167,EUR,2024
FR,FALSE,EE,regional,Eurocontrol,167,EUR,2024
AT,FALSE,IN,international,Asia,166,EUR,2024
BG,FALSE,LT,regional,Eurocontrol,166,EUR,2024
BG,FALSE,SE,regional,Eurocontrol,166,EUR,2024
GR,FALSE,MA,international,Africa,166,EUR,2024
MT,FALSE,MK,regional,Eurocontrol,166,EUR,2024
SI,FALSE,MK,regional,Eurocontrol,166,EUR,2024
MT,FALSE,LT,regional,Eurocontrol,165,EUR,2024
FR,TRUE,CY,regional,Eurocontrol,164,EUR,2024
SK,FALSE,HU,regional,Eurocontrol,164,EUR,2024
DE,TRUE,IQ,international,Middle East,163,EUR,2024
DE,TRUE,TM,international,Asia,163,EUR,2024
LT,FALSE,BG,regional,Eurocontrol,163,EUR,2024
PT,TRUE,MT,regional,Eurocontrol,163,EUR,2024
SK,FALSE,NL,regional,Eurocontrol,163,EUR,2024
CH,FALSE,KW,international,Middle East,161,EUR,2024
LU,FALSE,MT,regional,Eurocontrol,161,EUR,2024
MK,FALSE,SI,regional,Eurocontrol,161,EUR,2024
GB,FALSE,KZ,international,Asia,160,EUR,2024
HU,FALSE,SK,regional,Eurocontrol,160,EUR,2024
ME,FALSE,GR,regional,Eurocontrol,160,EUR,2024
MK,FALSE,MT,regional,Eurocontrol,160,EUR,2024
CH,FALSE,MT,regional,Eurocontrol,159,EUR,2024
HU,FALSE,ME,regional,Eurocontrol,159,EUR,2024
CZ,FALSE,AZ,international,Asia,158,EUR,2024
HR,FALSE,RO,regional,Eurocontrol,158,EUR,2024
ME,FALSE,HU,regional,Eurocontrol,158,EUR,2024
BE,FALSE,RS,regional,Eurocontrol,157,EUR,2024
BG,FALSE,LV,regional,Eurocontrol,157,EUR,2024
MT,FALSE,LU,regional,Eurocontrol,157,EUR,2024
CZ,FALSE,UZ,international,Asia,155,EUR,2024
GB,TRUE,TT,international,Southern America,155,EUR,2024
LU,FALSE,CV,international,Africa,155,EUR,2024
PL,FALSE,OM,international,Middle East,155,EUR,2024
BE,FALSE,LB,international,Middle East,154,EUR,2024
MK,FALSE,HU,regional,Eurocontrol,154,EUR,2024
BG,FALSE,PT,regional,Eurocontrol,153,EUR,2024
LU,FALSE,MA,international,Africa,153,EUR,2024
ES,FALSE,AZ,international,Asia,152,EUR,2024
FR,TRUE,CD,international,Africa,152,EUR,2024
FR,TRUE,GN,international,Africa,152,EUR,2024
FR,TRUE,TZ,international,Africa,152,EUR,2024
MD,FALSE,ES,regional,Eurocontrol,152,EUR,2024
PT,TRUE,GH,international,Africa,152,EUR,2024
DE,TRUE,LK,international,Asia,151,EUR,2024
GB,TRUE,KZ,international,Asia,151,EUR,2024
SE,FALSE,CA,international,Northern America,151,EUR,2024
BE,FALSE,UZ,international,Asia,150,EUR,2024
ES,TRUE,LB,international,Middle East,150,EUR,2024
FR,FALSE,MX,international,Southern America,150,EUR,2024
RO,FALSE,HR,regional,Eurocontrol,150,EUR,2024
BG,FALSE,HR,regional,Eurocontrol,149,EUR,2024
CH,FALSE,IS,international,Northern America,149,EUR,2024
DE,TRUE,CR,international,Southern America,149,EUR,2024
GB,TRUE,EE,regional,Eurocontrol,149,EUR,2024
HR,FALSE,BG,regional,Eurocontrol,149,EUR,2024
LT,FALSE,PT,regional,Eurocontrol,149,EUR,2024
NL,TRUE,GM,international,Africa,149,EUR,2024
TR,FALSE,TD,international,Africa,149,EUR,2024
BE,FALSE,DO,international,Southern America,148,EUR,2024
DK,FALSE,MA,international,Africa,148,EUR,2024
GB,TRUE,PK,international,Asia,148,EUR,2024
PT,FALSE,TN,international,Africa,148,EUR,2024
RS,FALSE,BE,regional,Eurocontrol,148,EUR,2024
ES,FALSE,EG,international,Middle East,146,EUR,2024
GB,TRUE,UZ,international,Asia,146,EUR,2024
HU,FALSE,MK,regional,Eurocontrol,146,EUR,2024
AM,FALSE,BY,international,Asia,145,EUR,2024
BA,FALSE,BE,regional,Eurocontrol,145,EUR,2024
ES,FALSE,BR,international,Southern America,145,EUR,2024
LU,FALSE,KW,international,Middle East,145,EUR,2024
LV,FALSE,BG,regional,Eurocontrol,145,EUR,2024
BE,FALSE,CI,international,Africa,144,EUR,2024
CH,FALSE,SI,regional,Eurocontrol,143,EUR,2024
FR,FALSE,ML,international,Africa,143,EUR,2024
FR,TRUE,AZ,international,Asia,143,EUR,2024
GI,FALSE,ES,regional,Eurocontrol,143,EUR,2024
LU,FALSE,NO,regional,Eurocontrol,143,EUR,2024
MD,FALSE,AE,international,Middle East,143,EUR,2024
DE,TRUE,ME,regional,Eurocontrol,142,EUR,2024
DK,FALSE,LB,international,Middle East,142,EUR,2024
FR,TRUE,RW,international,Africa,142,EUR,2024
GE,FALSE,NA,NA,NA,142,EUR,2024
SE,FALSE,BG,regional,Eurocontrol,142,EUR,2024
BE,FALSE,BA,regional,Eurocontrol,141,EUR,2024
PT,TRUE,BG,regional,Eurocontrol,140,EUR,2024
CH,TRUE,CR,international,Southern America,139,EUR,2024
FR,FALSE,CN,international,China,139,EUR,2024
NL,FALSE,SE,regional,Eurocontrol,139,EUR,2024
PL,FALSE,CV,international,Africa,139,EUR,2024
CH,FALSE,CY,regional,Eurocontrol,138,EUR,2024
FI,FALSE,BG,regional,Eurocontrol,138,EUR,2024
NL,FALSE,SK,regional,Eurocontrol,138,EUR,2024
NL,TRUE,KW,international,Middle East,138,EUR,2024
CY,FALSE,MD,regional,Eurocontrol,137,EUR,2024
DE,TRUE,AO,international,Africa,137,EUR,2024
LU,FALSE,EG,international,Middle East,137,EUR,2024
PT,TRUE,CN,international,China,137,EUR,2024
GB,FALSE,BD,international,Asia,136,EUR,2024
BG,FALSE,FI,regional,Eurocontrol,135,EUR,2024
EE,FALSE,CZ,regional,Eurocontrol,135,EUR,2024
GE,FALSE,BG,regional,Eurocontrol,135,EUR,2024
DE,TRUE,SN,NA,NA,134,EUR,2024
NL,FALSE,LU,regional,Eurocontrol,134,EUR,2024
PL,FALSE,HK,international,China,134,EUR,2024
RO,FALSE,MA,international,Africa,134,EUR,2024
CH,TRUE,DO,international,Southern America,133,EUR,2024
CH,TRUE,OM,international,Middle East,133,EUR,2024
PL,FALSE,UZ,international,Asia,133,EUR,2024
PT,FALSE,GR,regional,Eurocontrol,133,EUR,2024
FR,TRUE,GQ,international,Africa,132,EUR,2024
HU,FALSE,IS,international,Northern America,132,EUR,2024
MT,FALSE,CZ,regional,Eurocontrol,132,EUR,2024
PT,FALSE,FI,regional,Eurocontrol,132,EUR,2024
CZ,FALSE,KZ,international,Asia,131,EUR,2024
FR,TRUE,GH,international,Africa,131,EUR,2024
PL,FALSE,TH,international,Asia,131,EUR,2024
SK,FALSE,LT,regional,Eurocontrol,131,EUR,2024
TR,FALSE,ER,international,Africa,131,EUR,2024
BG,FALSE,GE,regional,Eurocontrol,130,EUR,2024
CZ,FALSE,EE,regional,Eurocontrol,130,EUR,2024
CZ,FALSE,SI,regional,Eurocontrol,130,EUR,2024
DK,FALSE,IQ,international,Middle East,130,EUR,2024
LT,FALSE,SK,regional,Eurocontrol,130,EUR,2024
MD,FALSE,CY,regional,Eurocontrol,130,EUR,2024
PT,TRUE,LV,regional,Eurocontrol,130,EUR,2024
CZ,FALSE,OM,international,Middle East,129,EUR,2024
FI,FALSE,SI,regional,Eurocontrol,129,EUR,2024
PT,TRUE,VE,international,Southern America,129,EUR,2024
SE,FALSE,MT,regional,Eurocontrol,129,EUR,2024
SI,FALSE,FI,regional,Eurocontrol,129,EUR,2024
CZ,FALSE,MT,regional,Eurocontrol,128,EUR,2024
LV,FALSE,IS,international,Northern America,128,EUR,2024
SI,FALSE,CZ,regional,Eurocontrol,128,EUR,2024
AL,FALSE,NO,regional,Eurocontrol,127,EUR,2024
PT,TRUE,IS,international,Northern America,127,EUR,2024
BE,FALSE,AM,regional,Eurocontrol,126,EUR,2024
DE,FALSE,IR,international,Middle East,126,EUR,2024
EE,FALSE,CY,regional,Eurocontrol,126,EUR,2024
FR,TRUE,AO,international,Africa,126,EUR,2024
FR,TRUE,MD,regional,Eurocontrol,126,EUR,2024
LU,FALSE,RO,regional,Eurocontrol,126,EUR,2024
NO,FALSE,AL,regional,Eurocontrol,126,EUR,2024
NO,FALSE,LU,regional,Eurocontrol,126,EUR,2024
MK,FALSE,BA,regional,Eurocontrol,125,EUR,2024
NO,FALSE,IL,international,Middle East,124,EUR,2024
PT,TRUE,ST,international,Africa,124,EUR,2024
FI,FALSE,XK,NA,NA,123,EUR,2024
AM,FALSE,KZ,international,Asia,122,EUR,2024
BE,FALSE,BF,international,Africa,122,EUR,2024
CY,FALSE,EE,regional,Eurocontrol,122,EUR,2024
ES,TRUE,MD,regional,Eurocontrol,122,EUR,2024
GR,FALSE,KW,international,Middle East,122,EUR,2024
HU,FALSE,KZ,international,Asia,122,EUR,2024
RO,FALSE,US,international,Northern America,122,EUR,2024
BE,FALSE,IN,international,Asia,121,EUR,2024
CY,FALSE,IE,regional,Eurocontrol,121,EUR,2024
IT,FALSE,UZ,international,Asia,121,EUR,2024
MT,FALSE,SE,regional,Eurocontrol,121,EUR,2024
RO,FALSE,LU,regional,Eurocontrol,121,EUR,2024
CH,TRUE,MX,international,Southern America,120,EUR,2024
DE,TRUE,NA,NA,NA,120,EUR,2024
ES,TRUE,GM,international,Africa,120,EUR,2024
FR,FALSE,MU,international,Africa,120,EUR,2024
BA,FALSE,MK,regional,Eurocontrol,119,EUR,2024
BE,FALSE,KE,international,Africa,118,EUR,2024
DK,FALSE,MK,regional,Eurocontrol,118,EUR,2024
LV,FALSE,HU,regional,Eurocontrol,118,EUR,2024
MK,FALSE,DK,regional,Eurocontrol,118,EUR,2024
AM,FALSE,BG,regional,Eurocontrol,117,EUR,2024
BG,FALSE,AM,regional,Eurocontrol,117,EUR,2024
HU,FALSE,LV,regional,Eurocontrol,117,EUR,2024
IT,FALSE,GH,international,Africa,117,EUR,2024
MK,FALSE,NO,regional,Eurocontrol,117,EUR,2024
NO,FALSE,MK,regional,Eurocontrol,117,EUR,2024
PL,FALSE,DO,international,Southern America,117,EUR,2024
AT,FALSE,MV,international,Asia,116,EUR,2024
SE,FALSE,CV,international,Africa,116,EUR,2024
ES,FALSE,AL,regional,Eurocontrol,115,EUR,2024
GB,TRUE,IR,international,Middle East,115,EUR,2024
IE,FALSE,CY,regional,Eurocontrol,115,EUR,2024
ME,FALSE,ME,regional,Eurocontrol,115,EUR,2024
AM,FALSE,BE,regional,Eurocontrol,114,EUR,2024
BE,FALSE,MD,regional,Eurocontrol,114,EUR,2024
HR,FALSE,US,international,Northern America,114,EUR,2024
IT,FALSE,BD,international,Asia,114,EUR,2024
NL,TRUE,AL,regional,Eurocontrol,114,EUR,2024
SI,FALSE,EG,international,Middle East,114,EUR,2024
BE,FALSE,ME,regional,Eurocontrol,113,EUR,2024
LT,FALSE,GE,regional,Eurocontrol,113,EUR,2024
MD,FALSE,BE,regional,Eurocontrol,113,EUR,2024
PT,TRUE,DO,international,Southern America,113,EUR,2024
CH,FALSE,AL,regional,Eurocontrol,112,EUR,2024
GE,FALSE,LT,regional,Eurocontrol,112,EUR,2024
PT,FALSE,IS,international,Northern America,112,EUR,2024
ES,TRUE,EE,regional,Eurocontrol,111,EUR,2024
GB,TRUE,GM,international,Africa,111,EUR,2024
SI,FALSE,ES,regional,Eurocontrol,111,EUR,2024
CY,FALSE,ES,regional,Eurocontrol,110,EUR,2024
DE,TRUE,JM,international,Southern America,110,EUR,2024
HR,FALSE,LT,regional,Eurocontrol,110,EUR,2024
LT,FALSE,HR,regional,Eurocontrol,110,EUR,2024
PL,FALSE,SA,international,Middle East,110,EUR,2024
BG,FALSE,US,international,Northern America,109,EUR,2024
TR,FALSE,SS,international,Africa,109,EUR,2024
CY,FALSE,IQ,international,Middle East,108,EUR,2024
FI,FALSE,AE,international,Middle East,108,EUR,2024
GE,FALSE,BH,international,Middle East,108,EUR,2024
LU,FALSE,SI,regional,Eurocontrol,107,EUR,2024
NL,FALSE,JO,international,Middle East,107,EUR,2024
PT,TRUE,TN,international,Africa,107,EUR,2024
ES,TRUE,CV,international,Africa,106,EUR,2024
HU,FALSE,JO,international,Middle East,106,EUR,2024
IE,FALSE,CN,international,China,106,EUR,2024
LU,FALSE,HR,regional,Eurocontrol,106,EUR,2024
GB,FALSE,SH,international,Africa,105,EUR,2024
BE,FALSE,MX,international,Southern America,104,EUR,2024
HR,FALSE,LU,regional,Eurocontrol,104,EUR,2024
HU,FALSE,MD,regional,Eurocontrol,104,EUR,2024
HU,FALSE,TN,international,Africa,104,EUR,2024
MD,FALSE,HU,regional,Eurocontrol,104,EUR,2024
PT,FALSE,RS,regional,Eurocontrol,104,EUR,2024
BE,FALSE,JP,international,Asia,103,EUR,2024
FR,FALSE,BJ,international,Africa,103,EUR,2024
FR,FALSE,KZ,international,Asia,103,EUR,2024
ME,FALSE,LT,regional,Eurocontrol,103,EUR,2024
SE,FALSE,JO,international,Middle East,103,EUR,2024
TR,FALSE,GM,international,Africa,103,EUR,2024
CY,FALSE,SA,international,Middle East,102,EUR,2024
EE,FALSE,IE,regional,Eurocontrol,102,EUR,2024
GE,FALSE,JO,international,Middle East,102,EUR,2024
IE,FALSE,EE,regional,Eurocontrol,102,EUR,2024
NL,TRUE,ID,international,Asia,102,EUR,2024
RO,FALSE,LB,international,Middle East,102,EUR,2024
CH,FALSE,MK,regional,Eurocontrol,101,EUR,2024
DK,FALSE,GE,regional,Eurocontrol,101,EUR,2024
LT,FALSE,ME,regional,Eurocontrol,101,EUR,2024
ME,FALSE,BE,regional,Eurocontrol,101,EUR,2024
FR,FALSE,IN,international,Asia,100,EUR,2024
FR,FALSE,NG,international,Africa,100,EUR,2024
GB,TRUE,TC,international,Southern America,100,EUR,2024
LU,FALSE,SG,international,Asia,100,EUR,2024
MD,FALSE,NL,regional,Eurocontrol,100,EUR,2024
NO,FALSE,CN,international,China,100,EUR,2024
NO,FALSE,XK,NA,NA,100,EUR,2024
CH,FALSE,SK,regional,Eurocontrol,99,EUR,2024
CZ,FALSE,TW,international,Asia,99,EUR,2024
GE,FALSE,DK,regional,Eurocontrol,99,EUR,2024
GR,FALSE,IS,international,Northern America,99,EUR,2024
HR,FALSE,EE,regional,Eurocontrol,99,EUR,2024
IT,FALSE,IR,international,Middle East,99,EUR,2024
SI,FALSE,LU,regional,Eurocontrol,99,EUR,2024
CH,FALSE,ME,regional,Eurocontrol,98,EUR,2024
GR,FALSE,BA,regional,Eurocontrol,98,EUR,2024
NL,TRUE,MD,regional,Eurocontrol,98,EUR,2024
EE,FALSE,HR,regional,Eurocontrol,97,EUR,2024
ES,FALSE,GI,regional,Eurocontrol,97,EUR,2024
LU,FALSE,QA,international,Middle East,97,EUR,2024
GB,TRUE,CR,international,Southern America,96,EUR,2024
IT,FALSE,KE,international,Africa,96,EUR,2024
NL,TRUE,SN,NA,NA,96,EUR,2024
AM,FALSE,LB,international,Middle East,95,EUR,2024
LT,FALSE,NA,NA,NA,95,EUR,2024
BA,FALSE,GR,regional,Eurocontrol,94,EUR,2024
MD,FALSE,LV,regional,Eurocontrol,94,EUR,2024
SK,FALSE,RO,regional,Eurocontrol,93,EUR,2024
LU,FALSE,MY,international,Asia,92,EUR,2024
NL,FALSE,EG,international,Middle East,92,EUR,2024
TR,FALSE,CI,international,Africa,92,EUR,2024
BE,FALSE,BI,international,Africa,91,EUR,2024
EE,FALSE,NA,NA,NA,91,EUR,2024
FR,TRUE,CF,international,Africa,91,EUR,2024
LV,FALSE,MD,regional,Eurocontrol,91,EUR,2024
RO,FALSE,SK,regional,Eurocontrol,91,EUR,2024
SI,FALSE,HU,regional,Eurocontrol,91,EUR,2024
BE,FALSE,AO,international,Africa,90,EUR,2024
GE,FALSE,IQ,international,Middle East,90,EUR,2024
LV,FALSE,ME,regional,Eurocontrol,90,EUR,2024
ME,FALSE,LV,regional,Eurocontrol,90,EUR,2024
RO,FALSE,JO,international,Middle East,90,EUR,2024
HR,FALSE,LV,regional,Eurocontrol,89,EUR,2024
NL,TRUE,CR,international,Southern America,89,EUR,2024
BA,FALSE,QA,international,Middle East,88,EUR,2024
GR,FALSE,TN,international,Africa,88,EUR,2024
LT,FALSE,IL,international,Middle East,88,EUR,2024
MD,FALSE,PT,regional,Eurocontrol,87,EUR,2024
HU,FALSE,SI,regional,Eurocontrol,86,EUR,2024
LV,FALSE,HR,regional,Eurocontrol,86,EUR,2024
PT,TRUE,DZ,international,Africa,85,EUR,2024
RS,FALSE,NA,NA,NA,85,EUR,2024
GB,TRUE,TM,international,Asia,84,EUR,2024
PT,TRUE,MD,regional,Eurocontrol,84,EUR,2024
FR,FALSE,TD,international,Africa,83,EUR,2024
ME,FALSE,KZ,international,Asia,83,EUR,2024
BE,FALSE,GM,international,Africa,82,EUR,2024
DE,TRUE,BB,international,Southern America,82,EUR,2024
FR,TRUE,ME,regional,Eurocontrol,82,EUR,2024
LU,FALSE,IN,international,Asia,82,EUR,2024
NO,FALSE,EG,international,Middle East,82,EUR,2024
PT,FALSE,AO,international,Africa,82,EUR,2024
AT,FALSE,MU,international,Africa,81,EUR,2024
CH,TRUE,MV,international,Asia,81,EUR,2024
DK,FALSE,ME,regional,Eurocontrol,81,EUR,2024
HU,FALSE,HK,international,China,81,EUR,2024
MD,FALSE,CZ,regional,Eurocontrol,81,EUR,2024
NL,TRUE,MK,regional,Eurocontrol,81,EUR,2024
CH,TRUE,JO,international,Middle East,79,EUR,2024
CZ,FALSE,CN,international,China,79,EUR,2024
PT,FALSE,BM,international,Southern America,79,EUR,2024
SI,FALSE,XK,NA,NA,79,EUR,2024
GE,FALSE,GB,regional,Eurocontrol,78,EUR,2024
ME,FALSE,DK,regional,Eurocontrol,78,EUR,2024
NL,FALSE,FI,regional,Eurocontrol,78,EUR,2024
NL,FALSE,US,international,Northern America,78,EUR,2024
PL,FALSE,LB,international,Middle East,77,EUR,2024
TR,FALSE,SC,international,Africa,77,EUR,2024
CH,TRUE,CV,international,Africa,76,EUR,2024
FR,FALSE,LY,international,Africa,76,EUR,2024
IT,FALSE,MG,international,Africa,76,EUR,2024
LT,FALSE,TN,international,Africa,76,EUR,2024
LV,FALSE,AM,regional,Eurocontrol,76,EUR,2024
AM,FALSE,LV,regional,Eurocontrol,75,EUR,2024
BE,FALSE,XK,NA,NA,75,EUR,2024
BG,FALSE,AZ,international,Asia,75,EUR,2024
CZ,FALSE,MD,regional,Eurocontrol,75,EUR,2024
FR,FALSE,BS,international,Southern America,75,EUR,2024
FR,TRUE,UZ,international,Asia,75,EUR,2024
GB,FALSE,SI,regional,Eurocontrol,75,EUR,2024
LV,FALSE,SI,regional,Eurocontrol,75,EUR,2024
PT,FALSE,LT,regional,Eurocontrol,75,EUR,2024
NL,TRUE,IQ,international,Middle East,74,EUR,2024
LU,FALSE,JO,international,Middle East,73,EUR,2024
PT,TRUE,LT,regional,Eurocontrol,73,EUR,2024
SI,FALSE,LV,regional,Eurocontrol,73,EUR,2024
ME,FALSE,AZ,international,Asia,72,EUR,2024
SK,FALSE,AE,international,Middle East,72,EUR,2024
CZ,FALSE,LT,regional,Eurocontrol,71,EUR,2024
GB,FALSE,BR,international,Southern America,71,EUR,2024
LU,FALSE,BG,regional,Eurocontrol,71,EUR,2024
NL,FALSE,MT,regional,Eurocontrol,71,EUR,2024
BG,FALSE,LU,regional,Eurocontrol,70,EUR,2024
CH,FALSE,JO,international,Middle East,70,EUR,2024
FR,TRUE,AU,international,Asia,70,EUR,2024
DE,TRUE,TJ,international,Asia,69,EUR,2024
BA,FALSE,EG,international,Middle East,68,EUR,2024
FR,TRUE,CV,international,Africa,68,EUR,2024
ME,FALSE,AE,international,Middle East,68,EUR,2024
PT,FALSE,LV,regional,Eurocontrol,68,EUR,2024
TR,FALSE,NE,international,Africa,68,EUR,2024
BG,FALSE,IQ,international,Middle East,67,EUR,2024
DE,TRUE,SK,regional,Eurocontrol,67,EUR,2024
ES,FALSE,CY,regional,Eurocontrol,67,EUR,2024
HR,FALSE,CA,international,Northern America,67,EUR,2024
IT,FALSE,NE,international,Africa,67,EUR,2024
NL,TRUE,DO,international,Southern America,67,EUR,2024
PT,TRUE,CU,international,Southern America,67,EUR,2024
AM,FALSE,ES,regional,Eurocontrol,66,EUR,2024
AM,FALSE,ME,regional,Eurocontrol,66,EUR,2024
DK,FALSE,SI,regional,Eurocontrol,66,EUR,2024
HR,FALSE,KR,international,Asia,66,EUR,2024
ME,FALSE,AM,regional,Eurocontrol,66,EUR,2024
NL,TRUE,LB,international,Middle East,66,EUR,2024
CH,TRUE,MU,international,Africa,65,EUR,2024
FR,FALSE,AZ,international,Asia,65,EUR,2024
FR,FALSE,DJ,international,Africa,65,EUR,2024
GE,FALSE,HK,international,China,65,EUR,2024
SI,FALSE,DK,regional,Eurocontrol,65,EUR,2024
DE,FALSE,UZ,international,Asia,64,EUR,2024
FR,TRUE,IR,international,Middle East,64,EUR,2024
LV,FALSE,AL,regional,Eurocontrol,64,EUR,2024
NL,FALSE,CY,regional,Eurocontrol,64,EUR,2024
PT,TRUE,NA,NA,NA,64,EUR,2024
AL,FALSE,LV,regional,Eurocontrol,63,EUR,2024
PT,TRUE,GM,international,Africa,63,EUR,2024
AM,FALSE,IQ,international,Middle East,62,EUR,2024
AT,FALSE,KW,international,Middle East,62,EUR,2024
CH,FALSE,AZ,international,Asia,62,EUR,2024
CH,FALSE,MU,international,Africa,62,EUR,2024
CH,TRUE,TZ,international,Africa,62,EUR,2024
ES,TRUE,SG,international,Asia,62,EUR,2024
GR,FALSE,KZ,international,Asia,62,EUR,2024
HR,FALSE,AL,regional,Eurocontrol,62,EUR,2024
AM,FALSE,HU,regional,Eurocontrol,61,EUR,2024
AM,FALSE,NA,NA,NA,61,EUR,2024
BE,FALSE,BJ,international,Africa,61,EUR,2024
EE,FALSE,ME,regional,Eurocontrol,61,EUR,2024
ES,FALSE,KW,international,Middle East,61,EUR,2024
ES,TRUE,AM,regional,Eurocontrol,61,EUR,2024
ES,TRUE,SV,international,Southern America,61,EUR,2024
HR,FALSE,IL,international,Middle East,61,EUR,2024
SK,FALSE,OM,international,Middle East,61,EUR,2024
AL,FALSE,HR,regional,Eurocontrol,60,EUR,2024
CY,FALSE,KW,international,Middle East,60,EUR,2024
ES,TRUE,SI,regional,Eurocontrol,60,EUR,2024
HU,FALSE,AM,regional,Eurocontrol,60,EUR,2024
ME,FALSE,EE,regional,Eurocontrol,60,EUR,2024
PL,FALSE,VN,international,Asia,60,EUR,2024
SK,FALSE,ME,regional,Eurocontrol,60,EUR,2024
DE,FALSE,LY,international,Africa,59,EUR,2024
FR,TRUE,LK,international,Asia,59,EUR,2024
GB,FALSE,BS,international,Southern America,59,EUR,2024
PT,FALSE,RO,regional,Eurocontrol,59,EUR,2024
AL,FALSE,SK,regional,Eurocontrol,58,EUR,2024
ES,FALSE,KZ,international,Asia,58,EUR,2024
HU,FALSE,OM,international,Middle East,58,EUR,2024
LT,FALSE,RO,regional,Eurocontrol,58,EUR,2024
LU,FALSE,TH,international,Asia,58,EUR,2024
ME,FALSE,SK,regional,Eurocontrol,58,EUR,2024
AT,FALSE,DZ,international,Africa,57,EUR,2024
PT,TRUE,EG,international,Middle East,57,EUR,2024
SI,FALSE,SK,regional,Eurocontrol,57,EUR,2024
SK,FALSE,AL,regional,Eurocontrol,57,EUR,2024
CZ,FALSE,MA,international,Africa,56,EUR,2024
DE,FALSE,KZ,international,Asia,56,EUR,2024
GB,FALSE,ZA,international,Africa,56,EUR,2024
MK,FALSE,EG,international,Middle East,56,EUR,2024
NO,FALSE,MA,international,Africa,56,EUR,2024
PL,FALSE,JO,international,Middle East,56,EUR,2024
BG,FALSE,EE,regional,Eurocontrol,55,EUR,2024
GB,FALSE,TH,international,Asia,55,EUR,2024
GR,FALSE,DJ,international,Africa,55,EUR,2024
LT,FALSE,AE,international,Middle East,55,EUR,2024
BE,FALSE,LY,international,Africa,54,EUR,2024
CH,TRUE,CO,international,Southern America,54,EUR,2024
ES,TRUE,SK,regional,Eurocontrol,54,EUR,2024
GB,FALSE,OM,international,Middle East,54,EUR,2024
HR,FALSE,PT,regional,Eurocontrol,54,EUR,2024
HU,FALSE,US,international,Northern America,54,EUR,2024
LT,FALSE,HU,regional,Eurocontrol,54,EUR,2024
LV,FALSE,MA,international,Africa,54,EUR,2024
RS,FALSE,LV,regional,Eurocontrol,54,EUR,2024
AM,FALSE,IL,international,Middle East,53,EUR,2024
FR,TRUE,DJ,international,Africa,53,EUR,2024
IT,FALSE,CU,international,Southern America,53,EUR,2024
ME,FALSE,FI,regional,Eurocontrol,53,EUR,2024
RO,FALSE,FI,regional,Eurocontrol,53,EUR,2024
SI,FALSE,IL,international,Middle East,53,EUR,2024
SK,FALSE,RS,regional,Eurocontrol,53,EUR,2024
BE,FALSE,NE,international,Africa,52,EUR,2024
BG,FALSE,XK,NA,NA,52,EUR,2024
CZ,FALSE,DO,international,Southern America,52,EUR,2024
DE,FALSE,DO,international,Southern America,52,EUR,2024
FI,FALSE,RO,regional,Eurocontrol,52,EUR,2024
FR,FALSE,KW,international,Middle East,52,EUR,2024
LU,FALSE,BH,international,Middle East,52,EUR,2024
ME,FALSE,MD,regional,Eurocontrol,52,EUR,2024
MT,FALSE,AE,international,Middle East,52,EUR,2024
MT,FALSE,MA,international,Africa,52,EUR,2024
NO,FALSE,AZ,international,Asia,52,EUR,2024
PL,FALSE,MX,international,Southern America,52,EUR,2024
TR,FALSE,AO,international,Africa,52,EUR,2024
ES,FALSE,SI,regional,Eurocontrol,51,EUR,2024
FI,FALSE,EG,international,Middle East,51,EUR,2024
FI,FALSE,ME,regional,Eurocontrol,51,EUR,2024
LU,FALSE,KR,international,Asia,51,EUR,2024
LU,FALSE,SN,NA,NA,51,EUR,2024
LV,FALSE,RS,regional,Eurocontrol,51,EUR,2024
NL,FALSE,CV,international,Africa,51,EUR,2024
PT,FALSE,IL,international,Middle East,51,EUR,2024
ES,FALSE,VE,international,Southern America,50,EUR,2024
FR,FALSE,CG,international,Africa,50,EUR,2024
GB,FALSE,GM,international,Africa,50,EUR,2024
IE,FALSE,SA,international,Middle East,50,EUR,2024
NL,TRUE,JM,international,Southern America,50,EUR,2024
SK,FALSE,SI,regional,Eurocontrol,50,EUR,2024
DK,FALSE,CV,international,Africa,49,EUR,2024
FR,FALSE,BH,international,Middle East,49,EUR,2024
LU,FALSE,OM,international,Middle East,49,EUR,2024
MD,FALSE,CH,regional,Eurocontrol,49,EUR,2024
MD,FALSE,ME,regional,Eurocontrol,49,EUR,2024
MD,FALSE,RS,regional,Eurocontrol,49,EUR,2024
RO,FALSE,SA,international,Middle East,49,EUR,2024
SK,FALSE,BH,international,Middle East,49,EUR,2024
AL,FALSE,XK,NA,NA,48,EUR,2024
CZ,FALSE,SA,international,Middle East,48,EUR,2024
EE,FALSE,BG,regional,Eurocontrol,48,EUR,2024
ES,TRUE,CY,regional,Eurocontrol,48,EUR,2024
LU,FALSE,GE,regional,Eurocontrol,48,EUR,2024
LU,FALSE,LU,regional,Eurocontrol,48,EUR,2024
LU,FALSE,ME,regional,Eurocontrol,48,EUR,2024
NL,TRUE,TN,international,Africa,48,EUR,2024
RO,FALSE,LT,regional,Eurocontrol,48,EUR,2024
BE,FALSE,ZM,international,Africa,47,EUR,2024
HU,FALSE,LT,regional,Eurocontrol,47,EUR,2024
LV,FALSE,NA,NA,NA,47,EUR,2024
NL,TRUE,NA,NA,NA,47,EUR,2024
ES,TRUE,UZ,international,Asia,46,EUR,2024
GE,FALSE,EG,international,Middle East,46,EUR,2024
IE,FALSE,KW,international,Middle East,46,EUR,2024
ME,FALSE,LU,regional,Eurocontrol,46,EUR,2024
RS,FALSE,SK,regional,Eurocontrol,46,EUR,2024
DK,FALSE,AL,regional,Eurocontrol,45,EUR,2024
MT,FALSE,EG,international,Middle East,45,EUR,2024
RO,FALSE,AZ,international,Asia,45,EUR,2024
GB,FALSE,AG,international,Southern America,44,EUR,2024
IT,FALSE,XF,NA,NA,44,EUR,2024
LT,FALSE,IS,international,Northern America,44,EUR,2024
MT,FALSE,SA,international,Middle East,44,EUR,2024
SE,FALSE,ME,regional,Eurocontrol,44,EUR,2024
CH,TRUE,LB,international,Middle East,43,EUR,2024
DE,FALSE,NE,international,Africa,43,EUR,2024
HR,FALSE,IS,international,Northern America,43,EUR,2024
HU,FALSE,BA,regional,Eurocontrol,43,EUR,2024
ME,FALSE,CY,regional,Eurocontrol,43,EUR,2024
ME,FALSE,ES,regional,Eurocontrol,43,EUR,2024
ME,FALSE,SE,regional,Eurocontrol,43,EUR,2024
MK,FALSE,LV,regional,Eurocontrol,43,EUR,2024
MT,FALSE,NA,NA,NA,43,EUR,2024
PL,FALSE,KW,international,Middle East,43,EUR,2024
PT,TRUE,KR,international,Asia,43,EUR,2024
AL,FALSE,DK,regional,Eurocontrol,42,EUR,2024
CY,FALSE,AZ,international,Asia,42,EUR,2024
CZ,FALSE,KW,international,Middle East,42,EUR,2024
ES,FALSE,BH,international,Middle East,42,EUR,2024
FR,FALSE,GA,international,Africa,42,EUR,2024
FR,FALSE,UZ,international,Asia,42,EUR,2024
FR,TRUE,AL,regional,Eurocontrol,42,EUR,2024
IT,FALSE,AU,international,Asia,42,EUR,2024
PT,FALSE,DO,international,Southern America,42,EUR,2024
BA,FALSE,HU,regional,Eurocontrol,41,EUR,2024
CH,FALSE,LV,regional,Eurocontrol,41,EUR,2024
GE,FALSE,RO,regional,Eurocontrol,41,EUR,2024
GR,FALSE,IN,international,Asia,41,EUR,2024
LV,FALSE,AZ,international,Asia,41,EUR,2024
LV,FALSE,IL,international,Middle East,41,EUR,2024
LV,FALSE,MK,regional,Eurocontrol,41,EUR,2024
RO,FALSE,GE,regional,Eurocontrol,41,EUR,2024
SE,FALSE,SK,regional,Eurocontrol,41,EUR,2024
BE,FALSE,TH,international,Asia,40,EUR,2024
GB,FALSE,IQ,international,Middle East,40,EUR,2024
PL,FALSE,VE,international,Southern America,40,EUR,2024
SE,FALSE,KR,international,Asia,40,EUR,2024
AL,FALSE,SA,international,Middle East,39,EUR,2024
BA,FALSE,TN,international,Africa,39,EUR,2024
ES,FALSE,KR,international,Asia,39,EUR,2024
RS,FALSE,MD,regional,Eurocontrol,39,EUR,2024
BG,FALSE,ME,regional,Eurocontrol,38,EUR,2024
CH,FALSE,BR,international,Southern America,38,EUR,2024
CH,FALSE,EE,regional,Eurocontrol,38,EUR,2024
DE,FALSE,DJ,international,Africa,38,EUR,2024
DE,FALSE,SN,NA,NA,38,EUR,2024
GB,FALSE,BM,international,Southern America,38,EUR,2024
GI,FALSE,FR,regional,Eurocontrol,38,EUR,2024
IT,FALSE,NG,international,Africa,38,EUR,2024
LU,FALSE,XK,NA,NA,38,EUR,2024
NL,FALSE,AE,international,Middle East,38,EUR,2024
NL,FALSE,HK,international,China,38,EUR,2024
PT,FALSE,HR,regional,Eurocontrol,38,EUR,2024
BA,FALSE,ME,regional,Eurocontrol,37,EUR,2024
BA,FALSE,RO,regional,Eurocontrol,37,EUR,2024
CH,TRUE,SC,international,Africa,37,EUR,2024
CY,FALSE,ME,regional,Eurocontrol,37,EUR,2024
DK,FALSE,BH,international,Middle East,37,EUR,2024
GR,FALSE,LY,international,Africa,37,EUR,2024
LU,FALSE,RS,regional,Eurocontrol,37,EUR,2024
ME,FALSE,EG,international,Middle East,37,EUR,2024
MT,FALSE,IL,international,Middle East,37,EUR,2024
NO,FALSE,CV,international,Africa,37,EUR,2024
NO,FALSE,GL,international,Northern America,37,EUR,2024
SE,FALSE,LB,international,Middle East,37,EUR,2024
BG,FALSE,CN,international,China,36,EUR,2024
DE,TRUE,SC,international,Africa,36,EUR,2024
GB,FALSE,UZ,international,Asia,36,EUR,2024
GE,FALSE,TM,international,Asia,36,EUR,2024
NL,FALSE,IS,international,Northern America,36,EUR,2024
SK,FALSE,DK,regional,Eurocontrol,36,EUR,2024
TR,FALSE,SD,international,Africa,36,EUR,2024
AL,FALSE,IL,international,Middle East,35,EUR,2024
BG,FALSE,MK,regional,Eurocontrol,35,EUR,2024
CH,FALSE,KZ,international,Asia,35,EUR,2024
DK,FALSE,XK,NA,NA,35,EUR,2024
ES,TRUE,GQ,international,Africa,35,EUR,2024
ES,TRUE,TH,international,Asia,35,EUR,2024
GR,FALSE,AZ,international,Asia,35,EUR,2024
ME,FALSE,BA,regional,Eurocontrol,35,EUR,2024
RO,FALSE,BA,regional,Eurocontrol,35,EUR,2024
RO,FALSE,SI,regional,Eurocontrol,35,EUR,2024
SI,FALSE,RO,regional,Eurocontrol,35,EUR,2024
AL,FALSE,BG,regional,Eurocontrol,34,EUR,2024
CH,FALSE,MD,regional,Eurocontrol,34,EUR,2024
HU,FALSE,MA,international,Africa,34,EUR,2024
SK,FALSE,LU,regional,Eurocontrol,34,EUR,2024
SK,FALSE,SE,regional,Eurocontrol,34,EUR,2024
ES,FALSE,MD,regional,Eurocontrol,33,EUR,2024
ES,TRUE,IN,international,Asia,33,EUR,2024
GB,FALSE,DZ,international,Africa,33,EUR,2024
MK,FALSE,BG,regional,Eurocontrol,33,EUR,2024
MK,FALSE,TN,international,Africa,33,EUR,2024
PT,FALSE,SN,NA,NA,33,EUR,2024
CZ,FALSE,JO,international,Middle East,32,EUR,2024
CZ,FALSE,VN,international,Asia,32,EUR,2024
DK,FALSE,ET,international,Africa,32,EUR,2024
DK,FALSE,SK,regional,Eurocontrol,32,EUR,2024
GB,FALSE,AN,NA,NA,32,EUR,2024
HR,FALSE,EG,international,Middle East,32,EUR,2024
LU,FALSE,SK,regional,Eurocontrol,32,EUR,2024
LV,FALSE,XK,NA,NA,32,EUR,2024
MT,FALSE,US,international,Northern America,32,EUR,2024
TR,FALSE,CY,regional,Eurocontrol,32,EUR,2024
BE,FALSE,CU,international,Southern America,31,EUR,2024
BG,FALSE,AL,regional,Eurocontrol,31,EUR,2024
CH,TRUE,AZ,international,Asia,31,EUR,2024
CZ,FALSE,TH,international,Asia,31,EUR,2024
DK,FALSE,BA,regional,Eurocontrol,31,EUR,2024
ES,TRUE,GI,regional,Eurocontrol,31,EUR,2024
FR,FALSE,HK,international,China,31,EUR,2024
GB,FALSE,MV,international,Asia,31,EUR,2024
GE,FALSE,TJ,international,Asia,31,EUR,2024
IT,FALSE,IQ,international,Middle East,31,EUR,2024
MT,FALSE,EE,regional,Eurocontrol,31,EUR,2024
PL,FALSE,BH,international,Middle East,31,EUR,2024
PT,FALSE,SK,regional,Eurocontrol,31,EUR,2024
SI,FALSE,TN,international,Africa,31,EUR,2024
AM,FALSE,AM,regional,Eurocontrol,30,EUR,2024
AM,FALSE,IN,international,Asia,30,EUR,2024
BA,FALSE,NL,regional,Eurocontrol,30,EUR,2024
CH,TRUE,LK,international,Asia,30,EUR,2024
EE,FALSE,MT,regional,Eurocontrol,30,EUR,2024
ES,FALSE,IN,international,Asia,30,EUR,2024
ES,FALSE,NG,international,Africa,30,EUR,2024
GB,FALSE,VC,international,Southern America,30,EUR,2024
GI,FALSE,PT,regional,Eurocontrol,30,EUR,2024
LV,FALSE,CA,international,Northern America,30,EUR,2024
PL,FALSE,CU,international,Southern America,30,EUR,2024
PL,FALSE,GM,international,Africa,30,EUR,2024
RO,FALSE,OM,international,Middle East,30,EUR,2024
CH,FALSE,NG,international,Africa,29,EUR,2024
DE,TRUE,XF,NA,NA,29,EUR,2024
ES,TRUE,JP,international,Asia,29,EUR,2024
FR,FALSE,IQ,international,Middle East,29,EUR,2024
FR,FALSE,OM,international,Middle East,29,EUR,2024
GB,FALSE,GE,regional,Eurocontrol,29,EUR,2024
GB,TRUE,SN,NA,NA,29,EUR,2024
LU,FALSE,VN,international,Asia,29,EUR,2024
ME,FALSE,KW,international,Middle East,29,EUR,2024
MT,FALSE,NO,regional,Eurocontrol,29,EUR,2024
NL,TRUE,SK,regional,Eurocontrol,29,EUR,2024
NO,FALSE,ME,regional,Eurocontrol,29,EUR,2024
RS,FALSE,AZ,international,Asia,29,EUR,2024
SI,FALSE,CY,regional,Eurocontrol,29,EUR,2024
AL,FALSE,PT,regional,Eurocontrol,28,EUR,2024
AT,FALSE,UZ,international,Asia,28,EUR,2024
BA,FALSE,DK,regional,Eurocontrol,28,EUR,2024
CY,FALSE,RU,international,Russia,28,EUR,2024
DE,FALSE,BB,international,Southern America,28,EUR,2024
DE,FALSE,NG,international,Africa,28,EUR,2024
DE,FALSE,OM,international,Middle East,28,EUR,2024
ES,FALSE,ME,regional,Eurocontrol,28,EUR,2024
FI,FALSE,LU,regional,Eurocontrol,28,EUR,2024
HU,FALSE,XK,NA,NA,28,EUR,2024
ME,FALSE,NO,regional,Eurocontrol,28,EUR,2024
PT,FALSE,EG,international,Middle East,28,EUR,2024
AL,FALSE,KW,international,Middle East,27,EUR,2024
AL,FALSE,LT,regional,Eurocontrol,27,EUR,2024
AT,FALSE,MX,international,Southern America,27,EUR,2024
CH,FALSE,LT,regional,Eurocontrol,27,EUR,2024
CH,TRUE,CU,international,Southern America,27,EUR,2024
CZ,FALSE,CU,international,Southern America,27,EUR,2024
DE,FALSE,DZ,international,Africa,27,EUR,2024
ES,FALSE,ZA,international,Africa,27,EUR,2024
FR,FALSE,HT,international,Southern America,27,EUR,2024
FR,FALSE,TH,international,Asia,27,EUR,2024
FR,FALSE,ZA,international,Africa,27,EUR,2024
GB,FALSE,LY,international,Africa,27,EUR,2024
GB,TRUE,IQ,international,Middle East,27,EUR,2024
GR,FALSE,XK,NA,NA,27,EUR,2024
ME,FALSE,XK,NA,NA,27,EUR,2024
PT,FALSE,GI,regional,Eurocontrol,27,EUR,2024
TR,FALSE,TG,international,Africa,27,EUR,2024
AT,FALSE,CV,international,Africa,26,EUR,2024
BG,FALSE,KW,international,Middle East,26,EUR,2024
ES,FALSE,GE,regional,Eurocontrol,26,EUR,2024
FR,FALSE,MR,international,Africa,26,EUR,2024
GR,FALSE,KR,international,Asia,26,EUR,2024
HR,FALSE,XK,NA,NA,26,EUR,2024
IE,FALSE,IL,international,Middle East,26,EUR,2024
IE,FALSE,IN,international,Asia,26,EUR,2024
LU,FALSE,FI,regional,Eurocontrol,26,EUR,2024
MD,FALSE,TN,international,Africa,26,EUR,2024
NL,FALSE,TN,international,Africa,26,EUR,2024
NL,TRUE,CU,international,Southern America,26,EUR,2024
NO,FALSE,MT,regional,Eurocontrol,26,EUR,2024
PL,FALSE,MG,international,Africa,26,EUR,2024
RO,FALSE,ME,regional,Eurocontrol,26,EUR,2024
SE,FALSE,TN,international,Africa,26,EUR,2024
AL,FALSE,ME,regional,Eurocontrol,25,EUR,2024
BE,FALSE,GA,international,Africa,25,EUR,2024
CH,FALSE,BS,international,Southern America,25,EUR,2024
CY,FALSE,KZ,international,Asia,25,EUR,2024
CY,FALSE,TR,regional,Eurocontrol,25,EUR,2024
CZ,FALSE,MV,international,Asia,25,EUR,2024
LT,FALSE,AL,regional,Eurocontrol,25,EUR,2024
ME,FALSE,BG,regional,Eurocontrol,25,EUR,2024
ME,FALSE,RO,regional,Eurocontrol,25,EUR,2024
MK,FALSE,RO,regional,Eurocontrol,25,EUR,2024
RO,FALSE,MK,regional,Eurocontrol,25,EUR,2024
RS,FALSE,LT,regional,Eurocontrol,25,EUR,2024
AM,FALSE,CN,international,China,24,EUR,2024
BE,FALSE,LR,international,Africa,24,EUR,2024
DE,TRUE,TT,international,Southern America,24,EUR,2024
FR,FALSE,GI,regional,Eurocontrol,24,EUR,2024
FR,FALSE,MV,international,Asia,24,EUR,2024
GB,FALSE,CU,international,Southern America,24,EUR,2024
GB,FALSE,KE,international,Africa,24,EUR,2024
IT,FALSE,DJ,international,Africa,24,EUR,2024
NO,FALSE,CA,international,Northern America,24,EUR,2024
TR,FALSE,IS,international,Northern America,24,EUR,2024
AL,FALSE,NA,NA,NA,23,EUR,2024
AT,FALSE,KZ,international,Asia,23,EUR,2024
CY,FALSE,SI,regional,Eurocontrol,23,EUR,2024
CZ,FALSE,MN,international,Asia,23,EUR,2024
GB,TRUE,PE,international,Southern America,23,EUR,2024
GE,FALSE,LB,international,Middle East,23,EUR,2024
GE,FALSE,MO,international,China,23,EUR,2024
GR,FALSE,OM,international,Middle East,23,EUR,2024
IT,FALSE,BS,international,Southern America,23,EUR,2024
LU,FALSE,PR,international,Southern America,23,EUR,2024
MK,FALSE,AL,regional,Eurocontrol,23,EUR,2024
NL,FALSE,BA,regional,Eurocontrol,23,EUR,2024
PT,FALSE,AN,NA,NA,23,EUR,2024
RS,FALSE,LU,regional,Eurocontrol,23,EUR,2024
RS,FALSE,UZ,international,Asia,23,EUR,2024
SK,FALSE,IL,international,Middle East,23,EUR,2024
SK,FALSE,LV,regional,Eurocontrol,23,EUR,2024
SK,FALSE,PT,regional,Eurocontrol,23,EUR,2024
AL,FALSE,OM,international,Middle East,22,EUR,2024
BA,FALSE,CZ,regional,Eurocontrol,22,EUR,2024
CY,FALSE,US,international,Northern America,22,EUR,2024
ES,FALSE,AR,international,Southern America,22,EUR,2024
FR,FALSE,AN,NA,NA,22,EUR,2024
FR,FALSE,RW,international,Africa,22,EUR,2024
GB,FALSE,LB,international,Middle East,22,EUR,2024
GR,FALSE,KE,international,Africa,22,EUR,2024
MD,FALSE,BG,regional,Eurocontrol,22,EUR,2024
MD,FALSE,MD,regional,Eurocontrol,22,EUR,2024
NL,FALSE,QA,international,Middle East,22,EUR,2024
NL,TRUE,XK,NA,NA,22,EUR,2024
PT,FALSE,AL,regional,Eurocontrol,22,EUR,2024
SE,FALSE,MX,international,Southern America,22,EUR,2024
SK,FALSE,GE,regional,Eurocontrol,22,EUR,2024
AL,FALSE,MK,regional,Eurocontrol,21,EUR,2024
AM,FALSE,SY,international,Middle East,21,EUR,2024
BG,FALSE,HK,international,China,21,EUR,2024
BG,FALSE,SI,regional,Eurocontrol,21,EUR,2024
CH,FALSE,GI,regional,Eurocontrol,21,EUR,2024
ES,FALSE,JO,international,Middle East,21,EUR,2024
ES,FALSE,TN,international,Africa,21,EUR,2024
FR,FALSE,JP,international,Asia,21,EUR,2024
GE,FALSE,CH,regional,Eurocontrol,21,EUR,2024
IT,FALSE,MU,international,Africa,21,EUR,2024
LU,FALSE,CA,international,Northern America,21,EUR,2024
MK,FALSE,SA,international,Middle East,21,EUR,2024
NL,FALSE,SI,regional,Eurocontrol,21,EUR,2024
PL,FALSE,XK,NA,NA,21,EUR,2024
PT,FALSE,NG,international,Africa,21,EUR,2024
BA,FALSE,NA,NA,NA,20,EUR,2024
BE,FALSE,BD,international,Asia,20,EUR,2024
CH,TRUE,UZ,international,Asia,20,EUR,2024
FI,FALSE,SK,regional,Eurocontrol,20,EUR,2024
LT,FALSE,BH,international,Middle East,20,EUR,2024
LT,FALSE,RS,regional,Eurocontrol,20,EUR,2024
RO,FALSE,XK,NA,NA,20,EUR,2024
SK,FALSE,BA,regional,Eurocontrol,20,EUR,2024
AL,FALSE,MD,regional,Eurocontrol,19,EUR,2024
AL,FALSE,US,international,Northern America,19,EUR,2024
BA,FALSE,XK,NA,NA,19,EUR,2024
BG,FALSE,MD,regional,Eurocontrol,19,EUR,2024
CH,FALSE,BA,regional,Eurocontrol,19,EUR,2024
CY,FALSE,PT,regional,Eurocontrol,19,EUR,2024
DE,FALSE,JM,international,Southern America,19,EUR,2024
DK,FALSE,HK,international,China,19,EUR,2024
EE,FALSE,AL,regional,Eurocontrol,19,EUR,2024
FR,FALSE,CM,international,Africa,19,EUR,2024
GB,FALSE,GH,international,Africa,19,EUR,2024
GB,FALSE,PK,international,Asia,19,EUR,2024
LV,FALSE,SK,regional,Eurocontrol,19,EUR,2024
NL,FALSE,SA,international,Middle East,19,EUR,2024
AL,FALSE,EE,regional,Eurocontrol,18,EUR,2024
AL,FALSE,EG,international,Middle East,18,EUR,2024
AM,FALSE,TN,international,Africa,18,EUR,2024
BA,FALSE,NO,regional,Eurocontrol,18,EUR,2024
ES,FALSE,CL,international,Southern America,18,EUR,2024
ES,FALSE,GM,international,Africa,18,EUR,2024
FR,FALSE,GH,international,Africa,18,EUR,2024
FR,FALSE,SG,international,Asia,18,EUR,2024
HR,FALSE,SA,international,Middle East,18,EUR,2024
NO,FALSE,BA,regional,Eurocontrol,18,EUR,2024
SK,FALSE,US,international,Northern America,18,EUR,2024
BG,FALSE,SA,international,Middle East,17,EUR,2024
CH,TRUE,KZ,international,Asia,17,EUR,2024
ES,FALSE,LB,international,Middle East,17,EUR,2024
ES,FALSE,TH,international,Asia,17,EUR,2024
GB,FALSE,RW,international,Africa,17,EUR,2024
IE,FALSE,BA,regional,Eurocontrol,17,EUR,2024
MD,FALSE,AL,regional,Eurocontrol,17,EUR,2024
ME,FALSE,MK,regional,Eurocontrol,17,EUR,2024
MK,FALSE,ME,regional,Eurocontrol,17,EUR,2024
NL,FALSE,EE,regional,Eurocontrol,17,EUR,2024
PT,FALSE,BS,international,Southern America,17,EUR,2024
PT,FALSE,CO,international,Southern America,17,EUR,2024
PT,FALSE,XF,NA,NA,17,EUR,2024
SI,FALSE,BG,regional,Eurocontrol,17,EUR,2024
AM,FALSE,HK,international,China,16,EUR,2024
BA,FALSE,IL,international,Middle East,16,EUR,2024
BG,FALSE,MA,international,Africa,16,EUR,2024
CY,FALSE,MV,international,Asia,16,EUR,2024
ES,FALSE,AO,international,Africa,16,EUR,2024
ES,FALSE,BJ,international,Africa,16,EUR,2024
ES,TRUE,ME,regional,Eurocontrol,16,EUR,2024
ES,TRUE,MU,international,Africa,16,EUR,2024
ES,TRUE,TZ,international,Africa,16,EUR,2024
FR,FALSE,ET,international,Africa,16,EUR,2024
FR,FALSE,TG,international,Africa,16,EUR,2024
GB,FALSE,JP,international,Asia,16,EUR,2024
GB,FALSE,SN,NA,NA,16,EUR,2024
GE,FALSE,SK,regional,Eurocontrol,16,EUR,2024
HU,FALSE,DZ,international,Africa,16,EUR,2024
IE,FALSE,BB,international,Southern America,16,EUR,2024
IT,FALSE,GI,regional,Eurocontrol,16,EUR,2024
IT,FALSE,TG,international,Africa,16,EUR,2024
LV,FALSE,TN,international,Africa,16,EUR,2024
ME,FALSE,AL,regional,Eurocontrol,16,EUR,2024
MT,FALSE,DZ,international,Africa,16,EUR,2024
NL,TRUE,RU,international,Russia,16,EUR,2024
PT,FALSE,PR,international,Southern America,16,EUR,2024
PT,TRUE,HR,regional,Eurocontrol,16,EUR,2024
RO,FALSE,IQ,international,Middle East,16,EUR,2024
SE,FALSE,JP,international,Asia,16,EUR,2024
SI,FALSE,MT,regional,Eurocontrol,16,EUR,2024
SK,FALSE,CV,international,Africa,16,EUR,2024
AL,FALSE,AL,regional,Eurocontrol,15,EUR,2024
BA,FALSE,SK,regional,Eurocontrol,15,EUR,2024
BE,FALSE,TD,international,Africa,15,EUR,2024
CH,FALSE,CV,international,Africa,15,EUR,2024
CH,TRUE,IQ,international,Middle East,15,EUR,2024
DE,TRUE,TZ,international,Africa,15,EUR,2024
ES,FALSE,HK,international,China,15,EUR,2024
ES,TRUE,ZA,international,Africa,15,EUR,2024
FI,FALSE,CV,international,Africa,15,EUR,2024
FI,FALSE,IL,international,Middle East,15,EUR,2024
FI,FALSE,MA,international,Africa,15,EUR,2024
FR,FALSE,KE,international,Africa,15,EUR,2024
GR,FALSE,TH,international,Asia,15,EUR,2024
MK,FALSE,MK,regional,Eurocontrol,15,EUR,2024
MT,FALSE,ME,regional,Eurocontrol,15,EUR,2024
PT,FALSE,AE,international,Middle East,15,EUR,2024
RO,FALSE,TZ,international,Africa,15,EUR,2024
SI,FALSE,PT,regional,Eurocontrol,15,EUR,2024
SK,FALSE,MD,regional,Eurocontrol,15,EUR,2024
SK,FALSE,QA,international,Middle East,15,EUR,2024
AM,FALSE,LT,regional,Eurocontrol,14,EUR,2024
BE,FALSE,IQ,international,Middle East,14,EUR,2024
BE,FALSE,KW,international,Middle East,14,EUR,2024
CH,FALSE,AN,NA,NA,14,EUR,2024
CH,FALSE,IN,international,Asia,14,EUR,2024
CH,FALSE,MV,international,Asia,14,EUR,2024
CY,FALSE,IN,international,Asia,14,EUR,2024
CZ,FALSE,BA,regional,Eurocontrol,14,EUR,2024
CZ,FALSE,LK,international,Asia,14,EUR,2024
DE,TRUE,GD,international,Southern America,14,EUR,2024
ES,FALSE,CN,international,China,14,EUR,2024
GB,TRUE,BN,international,Asia,14,EUR,2024
GI,FALSE,CH,regional,Eurocontrol,14,EUR,2024
GI,FALSE,MA,international,Africa,14,EUR,2024
HR,FALSE,MD,regional,Eurocontrol,14,EUR,2024
IT,FALSE,CG,international,Africa,14,EUR,2024
MD,FALSE,HR,regional,Eurocontrol,14,EUR,2024
ME,FALSE,NL,regional,Eurocontrol,14,EUR,2024
MT,FALSE,BH,international,Middle East,14,EUR,2024
MT,FALSE,SI,regional,Eurocontrol,14,EUR,2024
NL,FALSE,CA,international,Northern America,14,EUR,2024
PL,FALSE,BR,international,Southern America,14,EUR,2024
PL,FALSE,LK,international,Asia,14,EUR,2024
AL,FALSE,BA,regional,Eurocontrol,13,EUR,2024
BA,FALSE,BG,regional,Eurocontrol,13,EUR,2024
CH,FALSE,CM,international,Africa,13,EUR,2024
CH,FALSE,IQ,international,Middle East,13,EUR,2024
CY,FALSE,BA,regional,Eurocontrol,13,EUR,2024
CY,FALSE,LY,international,Africa,13,EUR,2024
CZ,FALSE,KE,international,Africa,13,EUR,2024
CZ,FALSE,MG,international,Africa,13,EUR,2024
CZ,FALSE,TZ,international,Africa,13,EUR,2024
DK,FALSE,TN,international,Africa,13,EUR,2024
EE,FALSE,HU,regional,Eurocontrol,13,EUR,2024
EE,FALSE,PT,regional,Eurocontrol,13,EUR,2024
EE,FALSE,TN,international,Africa,13,EUR,2024
ES,FALSE,ML,international,Africa,13,EUR,2024
FR,FALSE,CD,international,Africa,13,EUR,2024
FR,TRUE,PH,international,Asia,13,EUR,2024
GB,FALSE,GL,international,Northern America,13,EUR,2024
GI,FALSE,IT,regional,Eurocontrol,13,EUR,2024
GR,FALSE,DZ,international,Africa,13,EUR,2024
GR,FALSE,NE,international,Africa,13,EUR,2024
IE,FALSE,MX,international,Southern America,13,EUR,2024
LV,FALSE,KZ,international,Asia,13,EUR,2024
ME,FALSE,MT,regional,Eurocontrol,13,EUR,2024
MK,FALSE,XK,NA,NA,13,EUR,2024
MT,FALSE,NE,international,Africa,13,EUR,2024
PT,FALSE,BG,regional,Eurocontrol,13,EUR,2024
PT,FALSE,CY,regional,Eurocontrol,13,EUR,2024
PT,FALSE,DZ,international,Africa,13,EUR,2024
PT,FALSE,VE,international,Southern America,13,EUR,2024
RO,FALSE,MV,international,Asia,13,EUR,2024
AL,FALSE,SI,regional,Eurocontrol,12,EUR,2024
AM,FALSE,RO,regional,Eurocontrol,12,EUR,2024
BE,FALSE,BR,international,Southern America,12,EUR,2024
BG,FALSE,BA,regional,Eurocontrol,12,EUR,2024
BG,FALSE,LB,international,Middle East,12,EUR,2024
CH,FALSE,SN,NA,NA,12,EUR,2024
CY,FALSE,DJ,international,Africa,12,EUR,2024
CZ,FALSE,BH,international,Middle East,12,EUR,2024
DE,FALSE,GH,international,Africa,12,EUR,2024
EE,FALSE,AE,international,Middle East,12,EUR,2024
EE,FALSE,RO,regional,Eurocontrol,12,EUR,2024
ES,FALSE,DO,international,Southern America,12,EUR,2024
ES,FALSE,GH,international,Africa,12,EUR,2024
FR,FALSE,KR,international,Asia,12,EUR,2024
FR,TRUE,PM,international,Northern America,12,EUR,2024
GB,FALSE,KR,international,Asia,12,EUR,2024
GE,FALSE,AL,regional,Eurocontrol,12,EUR,2024
LU,FALSE,CY,regional,Eurocontrol,12,EUR,2024
LV,FALSE,BH,international,Middle East,12,EUR,2024
MD,FALSE,SK,regional,Eurocontrol,12,EUR,2024
ME,FALSE,US,international,Northern America,12,EUR,2024
NL,TRUE,BH,international,Middle East,12,EUR,2024
PT,FALSE,MX,international,Southern America,12,EUR,2024
PT,FALSE,VC,international,Southern America,12,EUR,2024
RO,FALSE,KZ,international,Asia,12,EUR,2024
AL,FALSE,CY,regional,Eurocontrol,11,EUR,2024
BA,FALSE,BH,international,Middle East,11,EUR,2024
BA,FALSE,CY,regional,Eurocontrol,11,EUR,2024
CH,FALSE,BH,international,Middle East,11,EUR,2024
CH,FALSE,LY,international,Africa,11,EUR,2024
CH,FALSE,OM,international,Middle East,11,EUR,2024
CH,FALSE,UZ,international,Asia,11,EUR,2024
CH,TRUE,DZ,international,Africa,11,EUR,2024
CY,FALSE,AL,regional,Eurocontrol,11,EUR,2024
CY,FALSE,OM,international,Middle East,11,EUR,2024
DE,FALSE,PK,international,Asia,11,EUR,2024
DK,FALSE,SA,international,Middle East,11,EUR,2024
ES,FALSE,MV,international,Asia,11,EUR,2024
ES,TRUE,AO,international,Africa,11,EUR,2024
GB,FALSE,LK,international,Asia,11,EUR,2024
GB,FALSE,PR,international,Southern America,11,EUR,2024
GB,FALSE,TC,international,Southern America,11,EUR,2024
GB,FALSE,VG,international,Southern America,11,EUR,2024
HR,FALSE,AZ,international,Asia,11,EUR,2024
HR,FALSE,MA,international,Africa,11,EUR,2024
IE,FALSE,JO,international,Middle East,11,EUR,2024
IT,FALSE,AG,international,Southern America,11,EUR,2024
IT,FALSE,VC,international,Southern America,11,EUR,2024
LT,FALSE,US,international,Northern America,11,EUR,2024
MT,FALSE,JO,international,Middle East,11,EUR,2024
PL,FALSE,MY,international,Asia,11,EUR,2024
PT,FALSE,BB,international,Southern America,11,EUR,2024
PT,TRUE,AL,regional,Eurocontrol,11,EUR,2024
RO,FALSE,AM,regional,Eurocontrol,11,EUR,2024
RS,FALSE,KZ,international,Asia,11,EUR,2024
SI,FALSE,AL,regional,Eurocontrol,11,EUR,2024
SI,FALSE,SE,regional,Eurocontrol,11,EUR,2024
SK,FALSE,NO,regional,Eurocontrol,11,EUR,2024
SK,FALSE,VN,international,Asia,11,EUR,2024
TR,FALSE,GQ,international,Africa,11,EUR,2024
BE,FALSE,MY,international,Asia,10,EUR,2024
BG,FALSE,IN,international,Asia,10,EUR,2024
BG,FALSE,JO,international,Middle East,10,EUR,2024
BG,FALSE,TH,international,Asia,10,EUR,2024
BG,FALSE,UZ,international,Asia,10,EUR,2024
CH,FALSE,TH,international,Asia,10,EUR,2024
CY,FALSE,IS,international,Northern America,10,EUR,2024
CY,FALSE,KE,international,Africa,10,EUR,2024
CZ,FALSE,MX,international,Southern America,10,EUR,2024
CZ,FALSE,XK,NA,NA,10,EUR,2024
DE,FALSE,BR,international,Southern America,10,EUR,2024
DE,FALSE,KE,international,Africa,10,EUR,2024
DK,FALSE,MX,international,Southern America,10,EUR,2024
EE,FALSE,BH,international,Middle East,10,EUR,2024
EE,FALSE,US,international,Northern America,10,EUR,2024
ES,FALSE,IQ,international,Middle East,10,EUR,2024
FI,FALSE,MX,international,Southern America,10,EUR,2024
FR,FALSE,GN,international,Africa,10,EUR,2024
FR,TRUE,GL,international,Northern America,10,EUR,2024
FR,TRUE,NA,NA,NA,10,EUR,2024
GB,FALSE,AO,international,Africa,10,EUR,2024
GE,FALSE,RS,regional,Eurocontrol,10,EUR,2024
GI,FALSE,NL,regional,Eurocontrol,10,EUR,2024
HR,FALSE,TN,international,Africa,10,EUR,2024
IE,FALSE,KZ,international,Asia,10,EUR,2024
IT,FALSE,CI,international,Africa,10,EUR,2024
ME,FALSE,SA,international,Middle East,10,EUR,2024
MK,FALSE,CZ,regional,Eurocontrol,10,EUR,2024
NL,FALSE,IQ,international,Middle East,10,EUR,2024
NO,FALSE,SK,regional,Eurocontrol,10,EUR,2024
PL,FALSE,MV,international,Asia,10,EUR,2024
PL,FALSE,TZ,international,Africa,10,EUR,2024
RO,FALSE,IS,international,Northern America,10,EUR,2024
RS,FALSE,SA,international,Middle East,10,EUR,2024
SE,FALSE,SA,international,Middle East,10,EUR,2024
SE,FALSE,SI,regional,Eurocontrol,10,EUR,2024
SI,FALSE,IE,regional,Eurocontrol,10,EUR,2024
SK,FALSE,AZ,international,Asia,10,EUR,2024
SK,FALSE,DO,international,Southern America,10,EUR,2024
SK,FALSE,EE,regional,Eurocontrol,10,EUR,2024
SK,FALSE,KZ,international,Asia,10,EUR,2024
AM,FALSE,UZ,international,Asia,9,EUR,2024
BA,FALSE,ES,regional,Eurocontrol,9,EUR,2024
BE,FALSE,DJ,international,Africa,9,EUR,2024
BG,FALSE,IS,international,Northern America,9,EUR,2024
CH,FALSE,GE,regional,Eurocontrol,9,EUR,2024
CH,FALSE,HK,international,China,9,EUR,2024
CH,TRUE,AG,international,Southern America,9,EUR,2024
CH,TRUE,GE,regional,Eurocontrol,9,EUR,2024
CY,FALSE,MA,international,Africa,9,EUR,2024
CY,FALSE,MK,regional,Eurocontrol,9,EUR,2024
CZ,FALSE,IN,international,Asia,9,EUR,2024
CZ,FALSE,MK,regional,Eurocontrol,9,EUR,2024
DE,FALSE,GI,regional,Eurocontrol,9,EUR,2024
DE,TRUE,AG,international,Southern America,9,EUR,2024
DE,TRUE,PH,international,Asia,9,EUR,2024
ES,FALSE,BA,regional,Eurocontrol,9,EUR,2024
ES,TRUE,LY,international,Africa,9,EUR,2024
ES,TRUE,NG,international,Africa,9,EUR,2024
FI,FALSE,CA,international,Northern America,9,EUR,2024
FR,FALSE,AG,international,Southern America,9,EUR,2024
FR,FALSE,BF,international,Africa,9,EUR,2024
FR,FALSE,TW,international,Asia,9,EUR,2024
FR,FALSE,VC,international,Southern America,9,EUR,2024
FR,FALSE,VN,international,Asia,9,EUR,2024
GB,FALSE,GD,international,Southern America,9,EUR,2024
GB,FALSE,KY,international,Southern America,9,EUR,2024
GB,FALSE,SC,international,Africa,9,EUR,2024
GB,FALSE,TM,international,Asia,9,EUR,2024
GB,TRUE,BA,regional,Eurocontrol,9,EUR,2024
GE,FALSE,PK,international,Asia,9,EUR,2024
GI,FALSE,US,international,Northern America,9,EUR,2024
GR,FALSE,JP,international,Asia,9,EUR,2024
IE,FALSE,AZ,international,Asia,9,EUR,2024
IE,FALSE,BH,international,Middle East,9,EUR,2024
IT,FALSE,TD,international,Africa,9,EUR,2024
IT,FALSE,ZA,international,Africa,9,EUR,2024
LT,FALSE,SI,regional,Eurocontrol,9,EUR,2024
LU,FALSE,DZ,international,Africa,9,EUR,2024
LU,FALSE,MK,regional,Eurocontrol,9,EUR,2024
ME,FALSE,NA,NA,NA,9,EUR,2024
MK,FALSE,LU,regional,Eurocontrol,9,EUR,2024
MT,FALSE,CA,international,Northern America,9,EUR,2024
MT,FALSE,GI,regional,Eurocontrol,9,EUR,2024
PL,FALSE,CO,international,Southern America,9,EUR,2024
PL,FALSE,MU,international,Africa,9,EUR,2024
PL,FALSE,SO,international,Africa,9,EUR,2024
PT,FALSE,EE,regional,Eurocontrol,9,EUR,2024
PT,FALSE,GH,international,Africa,9,EUR,2024
PT,TRUE,TZ,international,Africa,9,EUR,2024
RO,FALSE,EE,regional,Eurocontrol,9,EUR,2024
RS,FALSE,GE,regional,Eurocontrol,9,EUR,2024
RS,FALSE,TD,international,Africa,9,EUR,2024
TR,FALSE,CG,international,Africa,9,EUR,2024
TR,FALSE,MG,international,Africa,9,EUR,2024
AL,FALSE,MT,regional,Eurocontrol,8,EUR,2024
AT,FALSE,LB,international,Middle East,8,EUR,2024
BA,FALSE,MT,regional,Eurocontrol,8,EUR,2024
BG,FALSE,KR,international,Asia,8,EUR,2024
BG,FALSE,OM,international,Middle East,8,EUR,2024
BG,FALSE,PK,international,Asia,8,EUR,2024
CH,FALSE,AG,international,Southern America,8,EUR,2024
CH,FALSE,MX,international,Southern America,8,EUR,2024
CH,TRUE,BH,international,Middle East,8,EUR,2024
CZ,FALSE,CA,international,Northern America,8,EUR,2024
CZ,FALSE,IQ,international,Middle East,8,EUR,2024
CZ,FALSE,NG,international,Africa,8,EUR,2024
DE,FALSE,MV,international,Asia,8,EUR,2024
DK,FALSE,GM,international,Africa,8,EUR,2024
GB,FALSE,BW,international,Africa,8,EUR,2024
GB,FALSE,CG,international,Africa,8,EUR,2024
GB,FALSE,KH,international,Asia,8,EUR,2024
GE,FALSE,KG,international,Asia,8,EUR,2024
GE,FALSE,KR,international,Asia,8,EUR,2024
GR,FALSE,GI,regional,Eurocontrol,8,EUR,2024
GR,FALSE,HK,international,China,8,EUR,2024
GR,FALSE,RW,international,Africa,8,EUR,2024
LU,FALSE,JP,international,Asia,8,EUR,2024
ME,FALSE,GE,regional,Eurocontrol,8,EUR,2024
MT,FALSE,CD,international,Africa,8,EUR,2024
MT,FALSE,GE,regional,Eurocontrol,8,EUR,2024
MT,FALSE,NG,international,Africa,8,EUR,2024
NL,FALSE,IL,international,Middle East,8,EUR,2024
NL,FALSE,LV,regional,Eurocontrol,8,EUR,2024
NO,FALSE,SI,regional,Eurocontrol,8,EUR,2024
PT,FALSE,AG,international,Southern America,8,EUR,2024
PT,TRUE,CY,regional,Eurocontrol,8,EUR,2024
RO,FALSE,KW,international,Middle East,8,EUR,2024
SE,FALSE,MV,international,Asia,8,EUR,2024
SI,FALSE,US,international,Northern America,8,EUR,2024
SK,FALSE,MV,international,Asia,8,EUR,2024
AL,FALSE,GE,regional,Eurocontrol,7,EUR,2024
AL,FALSE,NG,international,Africa,7,EUR,2024
AT,FALSE,BH,international,Middle East,7,EUR,2024
BE,FALSE,CG,international,Africa,7,EUR,2024
BE,FALSE,OM,international,Middle East,7,EUR,2024
BE,FALSE,TC,international,Southern America,7,EUR,2024
BG,FALSE,DJ,international,Africa,7,EUR,2024
BG,FALSE,KZ,international,Asia,7,EUR,2024
CH,FALSE,CI,international,Africa,7,EUR,2024
CH,FALSE,PK,international,Asia,7,EUR,2024
CH,FALSE,ZA,international,Africa,7,EUR,2024
CH,TRUE,GI,regional,Eurocontrol,7,EUR,2024
CH,TRUE,KW,international,Middle East,7,EUR,2024
CH,TRUE,MD,regional,Eurocontrol,7,EUR,2024
CH,TRUE,NG,international,Africa,7,EUR,2024
CZ,FALSE,AM,regional,Eurocontrol,7,EUR,2024
DE,FALSE,CI,international,Africa,7,EUR,2024
DE,FALSE,ZA,international,Africa,7,EUR,2024
ES,FALSE,AN,NA,NA,7,EUR,2024
ES,FALSE,CI,international,Africa,7,EUR,2024
ES,FALSE,KH,international,Asia,7,EUR,2024
ES,FALSE,PR,international,Southern America,7,EUR,2024
ES,FALSE,TD,international,Africa,7,EUR,2024
FR,FALSE,AO,international,Africa,7,EUR,2024
FR,FALSE,SL,international,Africa,7,EUR,2024
FR,FALSE,TZ,international,Africa,7,EUR,2024
FR,FALSE,UG,international,Africa,7,EUR,2024
GB,FALSE,AR,international,Southern America,7,EUR,2024
GB,FALSE,MU,international,Africa,7,EUR,2024
GB,FALSE,SL,international,Africa,7,EUR,2024
GB,FALSE,TT,international,Southern America,7,EUR,2024
GB,FALSE,TZ,international,Africa,7,EUR,2024
GB,TRUE,PH,international,Asia,7,EUR,2024
HR,FALSE,BR,international,Southern America,7,EUR,2024
HR,FALSE,KW,international,Middle East,7,EUR,2024
HU,FALSE,IQ,international,Middle East,7,EUR,2024
HU,FALSE,LB,international,Middle East,7,EUR,2024
HU,FALSE,RU,international,Russia,7,EUR,2024
IT,FALSE,GL,international,Northern America,7,EUR,2024
IT,FALSE,LK,international,Asia,7,EUR,2024
IT,FALSE,RW,international,Africa,7,EUR,2024
LT,FALSE,AM,regional,Eurocontrol,7,EUR,2024
LT,FALSE,MA,international,Africa,7,EUR,2024
LV,FALSE,JP,international,Asia,7,EUR,2024
LV,FALSE,US,international,Northern America,7,EUR,2024
MD,FALSE,LT,regional,Eurocontrol,7,EUR,2024
MT,FALSE,AL,regional,Eurocontrol,7,EUR,2024
MT,FALSE,CN,international,China,7,EUR,2024
MT,FALSE,CV,international,Africa,7,EUR,2024
NL,FALSE,XK,NA,NA,7,EUR,2024
NL,TRUE,GI,regional,Eurocontrol,7,EUR,2024
NL,TRUE,ME,regional,Eurocontrol,7,EUR,2024
PT,FALSE,SA,international,Middle East,7,EUR,2024
PT,FALSE,SI,regional,Eurocontrol,7,EUR,2024
PT,FALSE,UG,international,Africa,7,EUR,2024
PT,TRUE,SA,international,Middle East,7,EUR,2024
PT,TRUE,SK,regional,Eurocontrol,7,EUR,2024
RS,FALSE,IE,regional,Eurocontrol,7,EUR,2024
RS,FALSE,LB,international,Middle East,7,EUR,2024
RS,FALSE,LY,international,Africa,7,EUR,2024
SE,FALSE,AZ,international,Asia,7,EUR,2024
SE,FALSE,GE,regional,Eurocontrol,7,EUR,2024
SE,FALSE,IQ,international,Middle East,7,EUR,2024
SI,FALSE,LT,regional,Eurocontrol,7,EUR,2024
SI,FALSE,NO,regional,Eurocontrol,7,EUR,2024
SK,FALSE,FI,regional,Eurocontrol,7,EUR,2024
TR,FALSE,ZW,international,Africa,7,EUR,2024
AM,FALSE,CZ,regional,Eurocontrol,6,EUR,2024
AM,FALSE,SA,international,Middle East,6,EUR,2024
AM,FALSE,TJ,international,Asia,6,EUR,2024
BE,FALSE,CF,international,Africa,6,EUR,2024
BE,FALSE,GN,international,Africa,6,EUR,2024
BE,FALSE,ML,international,Africa,6,EUR,2024
BG,FALSE,JP,international,Asia,6,EUR,2024
CH,TRUE,AN,NA,NA,6,EUR,2024
CH,TRUE,CM,international,Africa,6,EUR,2024
CH,TRUE,GL,international,Northern America,6,EUR,2024
CY,FALSE,LU,regional,Eurocontrol,6,EUR,2024
DE,FALSE,TD,international,Africa,6,EUR,2024
ES,FALSE,KE,international,Africa,6,EUR,2024
ES,FALSE,OM,international,Middle East,6,EUR,2024
ES,FALSE,TZ,international,Africa,6,EUR,2024
ES,FALSE,UY,international,Southern America,6,EUR,2024
ES,TRUE,BH,international,Middle East,6,EUR,2024
ES,TRUE,BS,international,Southern America,6,EUR,2024
ES,TRUE,CI,international,Africa,6,EUR,2024
ES,TRUE,GH,international,Africa,6,EUR,2024
ES,TRUE,MV,international,Asia,6,EUR,2024
FR,FALSE,BB,international,Southern America,6,EUR,2024
FR,FALSE,LK,international,Asia,6,EUR,2024
GB,FALSE,CR,international,Southern America,6,EUR,2024
GB,FALSE,MR,international,Africa,6,EUR,2024
GE,FALSE,BD,international,Asia,6,EUR,2024
GE,FALSE,IE,regional,Eurocontrol,6,EUR,2024
GE,FALSE,ME,regional,Eurocontrol,6,EUR,2024
GE,FALSE,US,international,Northern America,6,EUR,2024
GI,FALSE,DE,regional,Eurocontrol,6,EUR,2024
GR,FALSE,IQ,international,Middle East,6,EUR,2024
HR,FALSE,GE,regional,Eurocontrol,6,EUR,2024
HR,FALSE,LY,international,Africa,6,EUR,2024
HU,FALSE,EE,regional,Eurocontrol,6,EUR,2024
HU,FALSE,IN,international,Asia,6,EUR,2024
HU,FALSE,ZA,international,Africa,6,EUR,2024
IE,FALSE,BM,international,Southern America,6,EUR,2024
IE,FALSE,DZ,international,Africa,6,EUR,2024
IT,FALSE,AN,NA,NA,6,EUR,2024
IT,FALSE,BF,international,Africa,6,EUR,2024
IT,FALSE,GQ,international,Africa,6,EUR,2024
IT,FALSE,MR,international,Africa,6,EUR,2024
MD,FALSE,BH,international,Middle East,6,EUR,2024
MD,FALSE,SE,regional,Eurocontrol,6,EUR,2024
ME,FALSE,IS,international,Northern America,6,EUR,2024
MK,FALSE,CY,regional,Eurocontrol,6,EUR,2024
MK,FALSE,EE,regional,Eurocontrol,6,EUR,2024
MK,FALSE,ES,regional,Eurocontrol,6,EUR,2024
MT,FALSE,BA,regional,Eurocontrol,6,EUR,2024
MT,FALSE,FI,regional,Eurocontrol,6,EUR,2024
MT,FALSE,KZ,international,Asia,6,EUR,2024
NL,FALSE,IN,international,Asia,6,EUR,2024
NL,FALSE,NG,international,Africa,6,EUR,2024
NL,TRUE,BA,regional,Eurocontrol,6,EUR,2024
NL,TRUE,IR,international,Middle East,6,EUR,2024
PL,FALSE,TJ,international,Asia,6,EUR,2024
PT,FALSE,ME,regional,Eurocontrol,6,EUR,2024
RO,FALSE,UZ,international,Asia,6,EUR,2024
RS,FALSE,AM,regional,Eurocontrol,6,EUR,2024
RS,FALSE,GH,international,Africa,6,EUR,2024
SE,FALSE,IL,international,Middle East,6,EUR,2024
SK,FALSE,SA,international,Middle East,6,EUR,2024
AM,FALSE,HR,regional,Eurocontrol,5,EUR,2024
AM,FALSE,KW,international,Middle East,5,EUR,2024
AM,FALSE,MK,regional,Eurocontrol,5,EUR,2024
AT,FALSE,BS,international,Southern America,5,EUR,2024
AT,FALSE,NG,international,Africa,5,EUR,2024
BA,FALSE,AL,regional,Eurocontrol,5,EUR,2024
BE,FALSE,AF,international,Asia,5,EUR,2024
BE,FALSE,TG,international,Africa,5,EUR,2024
BE,FALSE,UG,international,Africa,5,EUR,2024
BG,FALSE,CA,international,Northern America,5,EUR,2024
BG,FALSE,DZ,international,Africa,5,EUR,2024
CH,FALSE,GA,international,Africa,5,EUR,2024
CH,FALSE,KG,international,Asia,5,EUR,2024
CH,FALSE,SL,international,Africa,5,EUR,2024
CH,TRUE,BS,international,Southern America,5,EUR,2024
CH,TRUE,GH,international,Africa,5,EUR,2024
CH,TRUE,ID,international,Asia,5,EUR,2024
CY,FALSE,GI,regional,Eurocontrol,5,EUR,2024
CY,FALSE,SO,international,Africa,5,EUR,2024
CZ,FALSE,AN,NA,NA,5,EUR,2024
DE,FALSE,AN,NA,NA,5,EUR,2024
DE,FALSE,BD,international,Asia,5,EUR,2024
DE,FALSE,BS,international,Southern America,5,EUR,2024
DE,FALSE,MX,international,Southern America,5,EUR,2024
DE,FALSE,RW,international,Africa,5,EUR,2024
DE,TRUE,LY,international,Africa,5,EUR,2024
EE,FALSE,RS,regional,Eurocontrol,5,EUR,2024
EE,FALSE,SK,regional,Eurocontrol,5,EUR,2024
ES,FALSE,CD,international,Africa,5,EUR,2024
ES,FALSE,NE,international,Africa,5,EUR,2024
ES,FALSE,PE,international,Southern America,5,EUR,2024
ES,FALSE,PY,international,Southern America,5,EUR,2024
ES,TRUE,AN,NA,NA,5,EUR,2024
ES,TRUE,BB,international,Southern America,5,EUR,2024
ES,TRUE,VN,international,Asia,5,EUR,2024
FI,FALSE,AL,regional,Eurocontrol,5,EUR,2024
FI,FALSE,LB,international,Middle East,5,EUR,2024
FI,FALSE,RS,regional,Eurocontrol,5,EUR,2024
FR,FALSE,GW,international,Africa,5,EUR,2024
FR,FALSE,SC,international,Africa,5,EUR,2024
FR,FALSE,SO,international,Africa,5,EUR,2024
FR,FALSE,TM,international,Asia,5,EUR,2024
FR,FALSE,YT,international,Africa,5,EUR,2024
GB,FALSE,CI,international,Africa,5,EUR,2024
GB,FALSE,GA,international,Africa,5,EUR,2024
GB,FALSE,PH,international,Asia,5,EUR,2024
GB,FALSE,VN,international,Asia,5,EUR,2024
GE,FALSE,JP,international,Asia,5,EUR,2024
GI,FALSE,AE,international,Middle East,5,EUR,2024
GI,FALSE,CY,regional,Eurocontrol,5,EUR,2024
GR,FALSE,CD,international,Africa,5,EUR,2024
GR,FALSE,TZ,international,Africa,5,EUR,2024
GR,FALSE,UZ,international,Asia,5,EUR,2024
HR,FALSE,IQ,international,Middle East,5,EUR,2024
HR,FALSE,JO,international,Middle East,5,EUR,2024
HU,FALSE,BH,international,Middle East,5,EUR,2024
IE,FALSE,ET,international,Africa,5,EUR,2024
IE,FALSE,RS,regional,Eurocontrol,5,EUR,2024
IE,FALSE,SI,regional,Eurocontrol,5,EUR,2024
IT,FALSE,KG,international,Asia,5,EUR,2024
IT,FALSE,SC,international,Africa,5,EUR,2024
IT,FALSE,VN,international,Asia,5,EUR,2024
LU,FALSE,LT,regional,Eurocontrol,5,EUR,2024
LU,FALSE,TW,international,Asia,5,EUR,2024
LV,FALSE,KG,international,Asia,5,EUR,2024
MD,FALSE,SI,regional,Eurocontrol,5,EUR,2024
MK,FALSE,NA,NA,NA,5,EUR,2024
MT,FALSE,CG,international,Africa,5,EUR,2024
MT,FALSE,GH,international,Africa,5,EUR,2024
MT,FALSE,HK,international,China,5,EUR,2024
MT,FALSE,IN,international,Asia,5,EUR,2024
MT,FALSE,IS,international,Northern America,5,EUR,2024
MT,FALSE,MD,regional,Eurocontrol,5,EUR,2024
MT,FALSE,MR,international,Africa,5,EUR,2024
NL,FALSE,AN,NA,NA,5,EUR,2024
NL,FALSE,BR,international,Southern America,5,EUR,2024
NL,TRUE,BS,international,Southern America,5,EUR,2024
PL,FALSE,BY,international,Asia,5,EUR,2024
PT,FALSE,PK,international,Asia,5,EUR,2024
PT,FALSE,RW,international,Africa,5,EUR,2024
PT,FALSE,TC,international,Southern America,5,EUR,2024
PT,TRUE,LB,international,Middle East,5,EUR,2024
PT,TRUE,SI,regional,Eurocontrol,5,EUR,2024
PT,TRUE,ZA,international,Africa,5,EUR,2024
SE,FALSE,MD,regional,Eurocontrol,5,EUR,2024
SI,FALSE,JO,international,Middle East,5,EUR,2024
SI,FALSE,MD,regional,Eurocontrol,5,EUR,2024
SI,FALSE,UZ,international,Asia,5,EUR,2024
SK,FALSE,MA,international,Africa,5,EUR,2024
SK,FALSE,NG,international,Africa,5,EUR,2024
TR,FALSE,KH,international,Asia,5,EUR,2024
TR,FALSE,MO,international,China,5,EUR,2024
AL,FALSE,AZ,international,Asia,4,EUR,2024
AL,FALSE,FI,regional,Eurocontrol,4,EUR,2024
AM,FALSE,AZ,international,Asia,4,EUR,2024
AM,FALSE,RS,regional,Eurocontrol,4,EUR,2024
AT,FALSE,TM,international,Asia,4,EUR,2024
AT,FALSE,ZA,international,Africa,4,EUR,2024
BE,FALSE,BS,international,Southern America,4,EUR,2024
BE,FALSE,GI,regional,Eurocontrol,4,EUR,2024
BE,FALSE,GQ,international,Africa,4,EUR,2024
BE,FALSE,MW,international,Africa,4,EUR,2024
BE,FALSE,NA,NA,NA,4,EUR,2024
BE,FALSE,TW,international,Asia,4,EUR,2024
BE,FALSE,VN,international,Asia,4,EUR,2024
BG,FALSE,BH,international,Middle East,4,EUR,2024
BG,FALSE,LY,international,Africa,4,EUR,2024
CH,FALSE,BM,international,Southern America,4,EUR,2024
CH,FALSE,CR,international,Southern America,4,EUR,2024
CH,FALSE,KY,international,Southern America,4,EUR,2024
CH,FALSE,SG,international,Asia,4,EUR,2024
CH,TRUE,TD,international,Africa,4,EUR,2024
CY,FALSE,NG,international,Africa,4,EUR,2024
CY,FALSE,PK,international,Asia,4,EUR,2024
CY,FALSE,XK,NA,NA,4,EUR,2024
CZ,FALSE,HK,international,China,4,EUR,2024
DE,FALSE,GL,international,Northern America,4,EUR,2024
DE,FALSE,KG,international,Asia,4,EUR,2024
DE,FALSE,MY,international,Asia,4,EUR,2024
DE,FALSE,XF,NA,NA,4,EUR,2024
DE,TRUE,RW,international,Africa,4,EUR,2024
DK,FALSE,AZ,international,Asia,4,EUR,2024
DK,FALSE,BS,international,Southern America,4,EUR,2024
ES,FALSE,AW,international,Southern America,4,EUR,2024
ES,FALSE,BF,international,Africa,4,EUR,2024
ES,FALSE,CO,international,Southern America,4,EUR,2024
ES,FALSE,CU,international,Southern America,4,EUR,2024
ES,FALSE,DJ,international,Africa,4,EUR,2024
ES,FALSE,LY,international,Africa,4,EUR,2024
ES,FALSE,MK,regional,Eurocontrol,4,EUR,2024
ES,FALSE,VN,international,Asia,4,EUR,2024
ES,TRUE,GA,international,Africa,4,EUR,2024
ES,TRUE,PH,international,Asia,4,EUR,2024
ES,TRUE,PK,international,Asia,4,EUR,2024
ES,TRUE,TG,international,Africa,4,EUR,2024
FI,FALSE,AZ,international,Asia,4,EUR,2024
FI,FALSE,GE,regional,Eurocontrol,4,EUR,2024
FI,FALSE,MT,regional,Eurocontrol,4,EUR,2024
FI,FALSE,SA,international,Middle East,4,EUR,2024
FR,FALSE,GL,international,Northern America,4,EUR,2024
FR,FALSE,GQ,international,Africa,4,EUR,2024
FR,FALSE,KY,international,Southern America,4,EUR,2024
FR,FALSE,NA,NA,NA,4,EUR,2024
FR,FALSE,PH,international,Asia,4,EUR,2024
FR,FALSE,TC,international,Southern America,4,EUR,2024
FR,FALSE,VI,international,Southern America,4,EUR,2024
FR,FALSE,ZM,international,Africa,4,EUR,2024
FR,TRUE,LY,international,Africa,4,EUR,2024
FR,TRUE,MV,international,Asia,4,EUR,2024
FR,TRUE,SK,regional,Eurocontrol,4,EUR,2024
GB,FALSE,AI,international,Southern America,4,EUR,2024
GB,FALSE,AM,regional,Eurocontrol,4,EUR,2024
GB,FALSE,CD,international,Africa,4,EUR,2024
GB,FALSE,CO,international,Southern America,4,EUR,2024
GB,FALSE,ET,international,Africa,4,EUR,2024
GB,FALSE,KN,international,Southern America,4,EUR,2024
GB,FALSE,TD,international,Africa,4,EUR,2024
GB,TRUE,LT,regional,Eurocontrol,4,EUR,2024
GB,TRUE,SK,regional,Eurocontrol,4,EUR,2024
GE,FALSE,AF,international,Asia,4,EUR,2024
GE,FALSE,EE,regional,Eurocontrol,4,EUR,2024
GE,FALSE,MT,regional,Eurocontrol,4,EUR,2024
GE,FALSE,VN,international,Asia,4,EUR,2024
GI,FALSE,GR,regional,Eurocontrol,4,EUR,2024
GI,FALSE,MT,regional,Eurocontrol,4,EUR,2024
GI,FALSE,RO,regional,Eurocontrol,4,EUR,2024
GR,FALSE,BR,international,Southern America,4,EUR,2024
GR,FALSE,MV,international,Asia,4,EUR,2024
GR,FALSE,SN,NA,NA,4,EUR,2024
GR,FALSE,ZA,international,Africa,4,EUR,2024
HR,FALSE,AM,regional,Eurocontrol,4,EUR,2024
HU,FALSE,KG,international,Asia,4,EUR,2024
HU,FALSE,MU,international,Africa,4,EUR,2024
IE,FALSE,AL,regional,Eurocontrol,4,EUR,2024
IE,FALSE,BR,international,Southern America,4,EUR,2024
IE,FALSE,BS,international,Southern America,4,EUR,2024
IE,FALSE,GE,regional,Eurocontrol,4,EUR,2024
IE,FALSE,LB,international,Middle East,4,EUR,2024
IE,FALSE,UZ,international,Asia,4,EUR,2024
IT,FALSE,BM,international,Southern America,4,EUR,2024
IT,FALSE,ID,international,Asia,4,EUR,2024
IT,FALSE,ML,international,Africa,4,EUR,2024
IT,FALSE,MZ,international,Africa,4,EUR,2024
IT,FALSE,TC,international,Southern America,4,EUR,2024
LT,FALSE,MD,regional,Eurocontrol,4,EUR,2024
LU,FALSE,BA,regional,Eurocontrol,4,EUR,2024
LU,FALSE,IS,international,Northern America,4,EUR,2024
LV,FALSE,LU,regional,Eurocontrol,4,EUR,2024
MD,FALSE,MK,regional,Eurocontrol,4,EUR,2024
MD,FALSE,UZ,international,Asia,4,EUR,2024
ME,FALSE,MA,international,Africa,4,EUR,2024
ME,FALSE,PT,regional,Eurocontrol,4,EUR,2024
MK,FALSE,AM,regional,Eurocontrol,4,EUR,2024
MK,FALSE,LT,regional,Eurocontrol,4,EUR,2024
MT,FALSE,AZ,international,Asia,4,EUR,2024
MT,FALSE,KW,international,Middle East,4,EUR,2024
MT,FALSE,OM,international,Middle East,4,EUR,2024
MT,FALSE,QA,international,Middle East,4,EUR,2024
NL,FALSE,ME,regional,Eurocontrol,4,EUR,2024
NO,FALSE,SA,international,Middle East,4,EUR,2024
PL,FALSE,IQ,international,Middle East,4,EUR,2024
PL,FALSE,TD,international,Africa,4,EUR,2024
PT,FALSE,PA,international,Southern America,4,EUR,2024
PT,FALSE,ZA,international,Africa,4,EUR,2024
PT,TRUE,CO,international,Southern America,4,EUR,2024
RO,FALSE,LY,international,Africa,4,EUR,2024
RS,FALSE,FI,regional,Eurocontrol,4,EUR,2024
SI,FALSE,EE,regional,Eurocontrol,4,EUR,2024
SI,FALSE,IS,international,Northern America,4,EUR,2024
SK,FALSE,AM,regional,Eurocontrol,4,EUR,2024
SK,FALSE,CA,international,Northern America,4,EUR,2024
TR,FALSE,DO,international,Southern America,4,EUR,2024
TR,FALSE,GN,international,Africa,4,EUR,2024
TR,FALSE,LR,international,Africa,4,EUR,2024
TR,FALSE,UG,international,Africa,4,EUR,2024
AL,FALSE,LU,regional,Eurocontrol,3,EUR,2024
AM,FALSE,KR,international,Asia,3,EUR,2024
AM,FALSE,NL,regional,Eurocontrol,3,EUR,2024
AM,FALSE,SI,regional,Eurocontrol,3,EUR,2024
AM,FALSE,SK,regional,Eurocontrol,3,EUR,2024
AT,FALSE,RU,international,Russia,3,EUR,2024
BA,FALSE,GE,regional,Eurocontrol,3,EUR,2024
BA,FALSE,LU,regional,Eurocontrol,3,EUR,2024
BE,FALSE,AN,NA,NA,3,EUR,2024
BE,FALSE,KG,international,Asia,3,EUR,2024
BE,FALSE,LK,international,Asia,3,EUR,2024
BE,FALSE,MR,international,Africa,3,EUR,2024
BG,FALSE,ET,international,Africa,3,EUR,2024
BG,FALSE,KG,international,Asia,3,EUR,2024
BG,FALSE,UG,international,Africa,3,EUR,2024
BG,FALSE,VN,international,Asia,3,EUR,2024
CH,FALSE,BF,international,Africa,3,EUR,2024
CH,FALSE,GQ,international,Africa,3,EUR,2024
CH,FALSE,KR,international,Asia,3,EUR,2024
CH,FALSE,MR,international,Africa,3,EUR,2024
CH,FALSE,TC,international,Southern America,3,EUR,2024
CH,FALSE,TZ,international,Africa,3,EUR,2024
CH,TRUE,KY,international,Southern America,3,EUR,2024
CH,TRUE,PK,international,Asia,3,EUR,2024
CH,TRUE,RW,international,Africa,3,EUR,2024
CY,FALSE,AU,international,Asia,3,EUR,2024
CY,FALSE,CA,international,Northern America,3,EUR,2024
CY,FALSE,SC,international,Africa,3,EUR,2024
CZ,FALSE,GI,regional,Eurocontrol,3,EUR,2024
CZ,FALSE,SC,international,Africa,3,EUR,2024
CZ,FALSE,TD,international,Africa,3,EUR,2024
CZ,FALSE,VG,international,Southern America,3,EUR,2024
DE,FALSE,BN,international,Asia,3,EUR,2024
DE,FALSE,CD,international,Africa,3,EUR,2024
DE,FALSE,CM,international,Africa,3,EUR,2024
DE,FALSE,GA,international,Africa,3,EUR,2024
DE,FALSE,TJ,international,Asia,3,EUR,2024
DE,FALSE,TM,international,Asia,3,EUR,2024
DE,FALSE,VN,international,Asia,3,EUR,2024
DE,FALSE,ZW,international,Africa,3,EUR,2024
DE,TRUE,GI,regional,Eurocontrol,3,EUR,2024
DE,TRUE,GM,international,Africa,3,EUR,2024
DE,TRUE,VC,international,Southern America,3,EUR,2024
DK,FALSE,GH,international,Africa,3,EUR,2024
DK,FALSE,KR,international,Asia,3,EUR,2024
DK,FALSE,LY,international,Africa,3,EUR,2024
EE,FALSE,AZ,international,Asia,3,EUR,2024
EE,FALSE,GE,regional,Eurocontrol,3,EUR,2024
EE,FALSE,MD,regional,Eurocontrol,3,EUR,2024
EE,FALSE,MK,regional,Eurocontrol,3,EUR,2024
ES,FALSE,BN,international,Asia,3,EUR,2024
ES,FALSE,BW,international,Africa,3,EUR,2024
ES,FALSE,CM,international,Africa,3,EUR,2024
ES,FALSE,EC,international,Southern America,3,EUR,2024
ES,FALSE,RW,international,Africa,3,EUR,2024
ES,FALSE,SH,international,Africa,3,EUR,2024
ES,FALSE,UZ,international,Asia,3,EUR,2024
ES,FALSE,XK,NA,NA,3,EUR,2024
ES,TRUE,AG,international,Southern America,3,EUR,2024
ES,TRUE,BA,regional,Eurocontrol,3,EUR,2024
ES,TRUE,CM,international,Africa,3,EUR,2024
ES,TRUE,ET,international,Africa,3,EUR,2024
ES,TRUE,KE,international,Africa,3,EUR,2024
ES,TRUE,KZ,international,Asia,3,EUR,2024
ES,TRUE,NA,NA,NA,3,EUR,2024
ES,TRUE,OM,international,Middle East,3,EUR,2024
ES,TRUE,RW,international,Africa,3,EUR,2024
ES,TRUE,XF,NA,NA,3,EUR,2024
FI,FALSE,IQ,international,Middle East,3,EUR,2024
FI,FALSE,KZ,international,Asia,3,EUR,2024
FR,FALSE,BD,international,Asia,3,EUR,2024
FR,FALSE,BW,international,Africa,3,EUR,2024
FR,FALSE,CO,international,Southern America,3,EUR,2024
FR,FALSE,KG,international,Asia,3,EUR,2024
FR,FALSE,KH,international,Asia,3,EUR,2024
FR,FALSE,PR,international,Southern America,3,EUR,2024
FR,FALSE,RU,international,Russia,3,EUR,2024
FR,TRUE,SL,international,Africa,3,EUR,2024
GB,FALSE,BZ,international,Southern America,3,EUR,2024
GB,FALSE,CM,international,Africa,3,EUR,2024
GB,FALSE,GN,international,Africa,3,EUR,2024
GB,FALSE,MN,international,Asia,3,EUR,2024
GB,FALSE,TG,international,Africa,3,EUR,2024
GB,FALSE,TW,international,Asia,3,EUR,2024
GB,FALSE,UY,international,Southern America,3,EUR,2024
GB,FALSE,ZM,international,Africa,3,EUR,2024
GE,FALSE,BA,regional,Eurocontrol,3,EUR,2024
GE,FALSE,CA,international,Northern America,3,EUR,2024
GE,FALSE,IS,international,Northern America,3,EUR,2024
GE,FALSE,MA,international,Africa,3,EUR,2024
GE,FALSE,MN,international,Asia,3,EUR,2024
GE,FALSE,SE,regional,Eurocontrol,3,EUR,2024
GR,FALSE,CI,international,Africa,3,EUR,2024
GR,FALSE,CM,international,Africa,3,EUR,2024
GR,FALSE,MR,international,Africa,3,EUR,2024
GR,FALSE,NG,international,Africa,3,EUR,2024
GR,FALSE,PR,international,Southern America,3,EUR,2024
GR,FALSE,SL,international,Africa,3,EUR,2024
GR,FALSE,ZW,international,Africa,3,EUR,2024
HR,FALSE,BH,international,Middle East,3,EUR,2024
HR,FALSE,HK,international,China,3,EUR,2024
HR,FALSE,IN,international,Asia,3,EUR,2024
HR,FALSE,KZ,international,Asia,3,EUR,2024
HU,FALSE,MV,international,Asia,3,EUR,2024
HU,FALSE,TZ,international,Africa,3,EUR,2024
IE,FALSE,DO,international,Southern America,3,EUR,2024
IE,FALSE,GI,regional,Eurocontrol,3,EUR,2024
IE,FALSE,KE,international,Africa,3,EUR,2024
IE,FALSE,NG,international,Africa,3,EUR,2024
IE,FALSE,VC,international,Southern America,3,EUR,2024
IT,FALSE,AI,international,Southern America,3,EUR,2024
IT,FALSE,AO,international,Africa,3,EUR,2024
IT,FALSE,BB,international,Southern America,3,EUR,2024
IT,FALSE,BN,international,Asia,3,EUR,2024
IT,FALSE,CD,international,Africa,3,EUR,2024
IT,FALSE,CM,international,Africa,3,EUR,2024
IT,FALSE,TJ,international,Asia,3,EUR,2024
LT,FALSE,KW,international,Middle East,3,EUR,2024
LT,FALSE,LU,regional,Eurocontrol,3,EUR,2024
LT,FALSE,XK,NA,NA,3,EUR,2024
LU,FALSE,AL,regional,Eurocontrol,3,EUR,2024
LU,FALSE,CM,international,Africa,3,EUR,2024
LU,FALSE,KZ,international,Asia,3,EUR,2024
LU,FALSE,LV,regional,Eurocontrol,3,EUR,2024
LV,FALSE,RU,international,Russia,3,EUR,2024
MD,FALSE,EE,regional,Eurocontrol,3,EUR,2024
MD,FALSE,LB,international,Middle East,3,EUR,2024
MD,FALSE,MT,regional,Eurocontrol,3,EUR,2024
ME,FALSE,IN,international,Asia,3,EUR,2024
MT,FALSE,CM,international,Africa,3,EUR,2024
NL,FALSE,BH,international,Middle East,3,EUR,2024
NL,FALSE,CN,international,China,3,EUR,2024
NL,FALSE,LY,international,Africa,3,EUR,2024
NL,FALSE,MX,international,Southern America,3,EUR,2024
NL,FALSE,OM,international,Middle East,3,EUR,2024
NO,FALSE,HK,international,China,3,EUR,2024
NO,FALSE,IN,international,Asia,3,EUR,2024
NO,FALSE,MX,international,Southern America,3,EUR,2024
PL,FALSE,RU,international,Russia,3,EUR,2024
PT,FALSE,AZ,international,Asia,3,EUR,2024
PT,FALSE,CG,international,Africa,3,EUR,2024
PT,FALSE,CI,international,Africa,3,EUR,2024
PT,FALSE,GA,international,Africa,3,EUR,2024
PT,FALSE,KE,international,Africa,3,EUR,2024
PT,FALSE,QA,international,Middle East,3,EUR,2024
PT,FALSE,VI,international,Southern America,3,EUR,2024
PT,TRUE,AR,international,Southern America,3,EUR,2024
PT,TRUE,AZ,international,Asia,3,EUR,2024
PT,TRUE,GI,regional,Eurocontrol,3,EUR,2024
PT,TRUE,IN,international,Asia,3,EUR,2024
PT,TRUE,KE,international,Africa,3,EUR,2024
PT,TRUE,PK,international,Asia,3,EUR,2024
PT,TRUE,TD,international,Africa,3,EUR,2024
RO,FALSE,GI,regional,Eurocontrol,3,EUR,2024
RO,FALSE,NG,international,Africa,3,EUR,2024
RO,FALSE,TH,international,Asia,3,EUR,2024
RS,FALSE,DZ,international,Africa,3,EUR,2024
RS,FALSE,GQ,international,Africa,3,EUR,2024
RS,FALSE,XK,NA,NA,3,EUR,2024
SE,FALSE,BS,international,Southern America,3,EUR,2024
SE,FALSE,GL,international,Northern America,3,EUR,2024
SE,FALSE,UZ,international,Asia,3,EUR,2024
SI,FALSE,AM,regional,Eurocontrol,3,EUR,2024
SI,FALSE,AZ,international,Asia,3,EUR,2024
SI,FALSE,DZ,international,Africa,3,EUR,2024
SI,FALSE,KZ,international,Asia,3,EUR,2024
SI,FALSE,MA,international,Africa,3,EUR,2024
SI,FALSE,SA,international,Middle East,3,EUR,2024
SK,FALSE,GI,regional,Eurocontrol,3,EUR,2024
SK,FALSE,IS,international,Northern America,3,EUR,2024
SK,FALSE,JO,international,Middle East,3,EUR,2024
SK,FALSE,TH,international,Asia,3,EUR,2024
SK,FALSE,XK,NA,NA,3,EUR,2024
TR,FALSE,GW,international,Africa,3,EUR,2024
TR,FALSE,HT,international,Southern America,3,EUR,2024
AL,FALSE,MV,international,Asia,2,EUR,2024
AM,FALSE,BH,international,Middle East,2,EUR,2024
AM,FALSE,CH,regional,Eurocontrol,2,EUR,2024
AM,FALSE,DK,regional,Eurocontrol,2,EUR,2024
AM,FALSE,GB,regional,Eurocontrol,2,EUR,2024
AM,FALSE,JO,international,Middle East,2,EUR,2024
AM,FALSE,KG,international,Asia,2,EUR,2024
AM,FALSE,MT,regional,Eurocontrol,2,EUR,2024
AM,FALSE,TM,international,Asia,2,EUR,2024
AT,FALSE,AN,NA,NA,2,EUR,2024
AT,FALSE,DO,international,Southern America,2,EUR,2024
AT,FALSE,GH,international,Africa,2,EUR,2024
AT,FALSE,GI,regional,Eurocontrol,2,EUR,2024
AT,FALSE,GL,international,Northern America,2,EUR,2024
AT,FALSE,KG,international,Asia,2,EUR,2024
AT,FALSE,RW,international,Africa,2,EUR,2024
AT,FALSE,SG,international,Asia,2,EUR,2024
AT,FALSE,VC,international,Southern America,2,EUR,2024
BA,FALSE,IS,international,Northern America,2,EUR,2024
BA,FALSE,JO,international,Middle East,2,EUR,2024
BA,FALSE,MA,international,Africa,2,EUR,2024
BA,FALSE,US,international,Northern America,2,EUR,2024
BE,FALSE,AG,international,Southern America,2,EUR,2024
BE,FALSE,PH,international,Asia,2,EUR,2024
BG,FALSE,BS,international,Southern America,2,EUR,2024
BG,FALSE,MU,international,Africa,2,EUR,2024
BG,FALSE,MV,international,Asia,2,EUR,2024
BG,FALSE,MX,international,Southern America,2,EUR,2024
BG,FALSE,TD,international,Africa,2,EUR,2024
BG,FALSE,TM,international,Asia,2,EUR,2024
CH,FALSE,AR,international,Southern America,2,EUR,2024
CH,FALSE,CG,international,Africa,2,EUR,2024
CH,FALSE,GT,international,Southern America,2,EUR,2024
CH,FALSE,IR,international,Middle East,2,EUR,2024
CH,FALSE,JP,international,Asia,2,EUR,2024
CH,FALSE,KE,international,Africa,2,EUR,2024
CH,FALSE,LR,international,Africa,2,EUR,2024
CH,FALSE,MN,international,Asia,2,EUR,2024
CH,FALSE,MY,international,Asia,2,EUR,2024
CH,FALSE,NA,NA,NA,2,EUR,2024
CH,FALSE,RW,international,Africa,2,EUR,2024
CH,FALSE,VC,international,Southern America,2,EUR,2024
CH,FALSE,VG,international,Southern America,2,EUR,2024
CH,TRUE,AM,regional,Eurocontrol,2,EUR,2024
CH,TRUE,BB,international,Southern America,2,EUR,2024
CH,TRUE,CI,international,Africa,2,EUR,2024
CH,TRUE,ET,international,Africa,2,EUR,2024
CH,TRUE,LY,international,Africa,2,EUR,2024
CH,TRUE,MY,international,Asia,2,EUR,2024
CH,TRUE,PH,international,Asia,2,EUR,2024
CH,TRUE,ZM,international,Africa,2,EUR,2024
CY,FALSE,CN,international,China,2,EUR,2024
CY,FALSE,MU,international,Africa,2,EUR,2024
CY,FALSE,TJ,international,Asia,2,EUR,2024
CY,FALSE,UZ,international,Asia,2,EUR,2024
CY,FALSE,ZA,international,Africa,2,EUR,2024
CZ,FALSE,BR,international,Southern America,2,EUR,2024
CZ,FALSE,ET,international,Africa,2,EUR,2024
CZ,FALSE,MU,international,Africa,2,EUR,2024
CZ,FALSE,NA,NA,NA,2,EUR,2024
CZ,FALSE,TJ,international,Asia,2,EUR,2024
DE,FALSE,AO,international,Africa,2,EUR,2024
DE,FALSE,BF,international,Africa,2,EUR,2024
DE,FALSE,CU,international,Southern America,2,EUR,2024
DE,FALSE,KY,international,Southern America,2,EUR,2024
DE,FALSE,LK,international,Asia,2,EUR,2024
DE,FALSE,MN,international,Asia,2,EUR,2024
DE,FALSE,MO,international,China,2,EUR,2024
DE,FALSE,PH,international,Asia,2,EUR,2024
DE,FALSE,PR,international,Southern America,2,EUR,2024
DE,FALSE,RU,international,Russia,2,EUR,2024
DE,FALSE,SC,international,Africa,2,EUR,2024
DE,FALSE,TC,international,Southern America,2,EUR,2024
DE,FALSE,TW,international,Asia,2,EUR,2024
DE,FALSE,UG,international,Africa,2,EUR,2024
DE,FALSE,VC,international,Southern America,2,EUR,2024
DE,FALSE,ZM,international,Africa,2,EUR,2024
DE,TRUE,AN,NA,NA,2,EUR,2024
DE,TRUE,BN,international,Asia,2,EUR,2024
DE,TRUE,GL,international,Northern America,2,EUR,2024
DE,TRUE,GQ,international,Africa,2,EUR,2024
DK,FALSE,AM,regional,Eurocontrol,2,EUR,2024
DK,FALSE,AN,NA,NA,2,EUR,2024
DK,FALSE,DZ,international,Africa,2,EUR,2024
DK,FALSE,IL,international,Middle East,2,EUR,2024
DK,FALSE,JO,international,Middle East,2,EUR,2024
DK,FALSE,MV,international,Asia,2,EUR,2024
DK,FALSE,RU,international,Russia,2,EUR,2024
EE,FALSE,CA,international,Northern America,2,EUR,2024
EE,FALSE,KW,international,Middle East,2,EUR,2024
EE,FALSE,SI,regional,Eurocontrol,2,EUR,2024
ES,FALSE,AG,international,Southern America,2,EUR,2024
ES,FALSE,AM,regional,Eurocontrol,2,EUR,2024
ES,FALSE,BM,international,Southern America,2,EUR,2024
ES,FALSE,BS,international,Southern America,2,EUR,2024
ES,FALSE,CG,international,Africa,2,EUR,2024
ES,FALSE,GA,international,Africa,2,EUR,2024
ES,FALSE,GF,international,Southern America,2,EUR,2024
ES,FALSE,GN,international,Africa,2,EUR,2024
ES,FALSE,GW,international,Africa,2,EUR,2024
ES,FALSE,JP,international,Asia,2,EUR,2024
ES,FALSE,LK,international,Asia,2,EUR,2024
ES,FALSE,SC,international,Africa,2,EUR,2024
ES,FALSE,SL,international,Africa,2,EUR,2024
ES,FALSE,XF,NA,NA,2,EUR,2024
ES,FALSE,ZM,international,Africa,2,EUR,2024
ES,TRUE,CG,international,Africa,2,EUR,2024
ES,TRUE,GL,international,Northern America,2,EUR,2024
ES,TRUE,GN,international,Africa,2,EUR,2024
ES,TRUE,IQ,international,Middle East,2,EUR,2024
ES,TRUE,KY,international,Southern America,2,EUR,2024
ES,TRUE,MR,international,Africa,2,EUR,2024
ES,TRUE,RE,international,Africa,2,EUR,2024
ES,TRUE,SL,international,Africa,2,EUR,2024
ES,TRUE,TC,international,Southern America,2,EUR,2024
ES,TRUE,XK,NA,NA,2,EUR,2024
FI,FALSE,BF,international,Africa,2,EUR,2024
FI,FALSE,MD,regional,Eurocontrol,2,EUR,2024
FI,FALSE,RU,international,Russia,2,EUR,2024
FR,FALSE,GM,international,Africa,2,EUR,2024
FR,FALSE,MY,international,Asia,2,EUR,2024
FR,FALSE,PA,international,Southern America,2,EUR,2024
FR,FALSE,PK,international,Asia,2,EUR,2024
FR,FALSE,PM,international,Northern America,2,EUR,2024
FR,FALSE,TT,international,Southern America,2,EUR,2024
FR,FALSE,UY,international,Southern America,2,EUR,2024
FR,FALSE,ZW,international,Africa,2,EUR,2024
FR,TRUE,IQ,international,Middle East,2,EUR,2024
GB,FALSE,DM,international,Southern America,2,EUR,2024
GB,FALSE,KG,international,Asia,2,EUR,2024
GB,FALSE,LC,international,Southern America,2,EUR,2024
GB,FALSE,MY,international,Asia,2,EUR,2024
GB,FALSE,NA,NA,NA,2,EUR,2024
GB,FALSE,PE,international,Southern America,2,EUR,2024
GB,FALSE,VE,international,Southern America,2,EUR,2024
GB,FALSE,VI,international,Southern America,2,EUR,2024
GB,FALSE,ZW,international,Africa,2,EUR,2024
GB,TRUE,NA,NA,NA,2,EUR,2024
GE,FALSE,HR,regional,Eurocontrol,2,EUR,2024
GE,FALSE,KE,international,Africa,2,EUR,2024
GE,FALSE,LU,regional,Eurocontrol,2,EUR,2024
GE,FALSE,SI,regional,Eurocontrol,2,EUR,2024
GE,FALSE,SS,international,Africa,2,EUR,2024
GE,FALSE,TH,international,Asia,2,EUR,2024
GE,FALSE,TN,international,Africa,2,EUR,2024
GI,FALSE,GI,regional,Eurocontrol,2,EUR,2024
GI,FALSE,IE,regional,Eurocontrol,2,EUR,2024
GI,FALSE,NA,NA,NA,2,EUR,2024
GR,FALSE,AO,international,Africa,2,EUR,2024
GR,FALSE,GA,international,Africa,2,EUR,2024
GR,FALSE,GQ,international,Africa,2,EUR,2024
GR,FALSE,GY,international,Southern America,2,EUR,2024
GR,FALSE,RE,international,Africa,2,EUR,2024
GR,FALSE,SC,international,Africa,2,EUR,2024
GR,FALSE,TW,international,Asia,2,EUR,2024
GR,FALSE,UG,international,Africa,2,EUR,2024
HR,FALSE,CD,international,Africa,2,EUR,2024
HR,FALSE,LB,international,Middle East,2,EUR,2024
HR,FALSE,NG,international,Africa,2,EUR,2024
HU,FALSE,BY,international,Asia,2,EUR,2024
HU,FALSE,CA,international,Northern America,2,EUR,2024
HU,FALSE,CV,international,Africa,2,EUR,2024
HU,FALSE,KE,international,Africa,2,EUR,2024
HU,FALSE,NE,international,Africa,2,EUR,2024
HU,FALSE,TH,international,Asia,2,EUR,2024
HU,FALSE,VN,international,Asia,2,EUR,2024
IE,FALSE,ME,regional,Eurocontrol,2,EUR,2024
IE,FALSE,OM,international,Middle East,2,EUR,2024
IE,FALSE,PA,international,Southern America,2,EUR,2024
IE,FALSE,PR,international,Southern America,2,EUR,2024
IE,FALSE,XK,NA,NA,2,EUR,2024
IE,FALSE,ZA,international,Africa,2,EUR,2024
IT,FALSE,BJ,international,Africa,2,EUR,2024
IT,FALSE,CF,international,Africa,2,EUR,2024
IT,FALSE,CR,international,Southern America,2,EUR,2024
IT,FALSE,ER,international,Africa,2,EUR,2024
IT,FALSE,GA,international,Africa,2,EUR,2024
IT,FALSE,GM,international,Africa,2,EUR,2024
IT,FALSE,GN,international,Africa,2,EUR,2024
IT,FALSE,NP,international,Asia,2,EUR,2024
IT,FALSE,PA,international,Southern America,2,EUR,2024
IT,FALSE,PR,international,Southern America,2,EUR,2024
IT,FALSE,RE,international,Africa,2,EUR,2024
IT,FALSE,SS,international,Africa,2,EUR,2024
IT,FALSE,SY,international,Middle East,2,EUR,2024
IT,FALSE,UG,international,Africa,2,EUR,2024
IT,FALSE,VE,international,Southern America,2,EUR,2024
IT,FALSE,ZW,international,Africa,2,EUR,2024
LT,FALSE,BD,international,Asia,2,EUR,2024
LT,FALSE,MK,regional,Eurocontrol,2,EUR,2024
LT,FALSE,PH,international,Asia,2,EUR,2024
LU,FALSE,BF,international,Africa,2,EUR,2024
LU,FALSE,EE,regional,Eurocontrol,2,EUR,2024
LU,FALSE,IL,international,Middle East,2,EUR,2024
MD,FALSE,DK,regional,Eurocontrol,2,EUR,2024
MD,FALSE,DZ,international,Africa,2,EUR,2024
MD,FALSE,LU,regional,Eurocontrol,2,EUR,2024
MD,FALSE,US,international,Northern America,2,EUR,2024
ME,FALSE,ET,international,Africa,2,EUR,2024
ME,FALSE,IE,regional,Eurocontrol,2,EUR,2024
ME,FALSE,JP,international,Asia,2,EUR,2024
MK,FALSE,AE,international,Middle East,2,EUR,2024
MK,FALSE,AZ,international,Asia,2,EUR,2024
MK,FALSE,GE,regional,Eurocontrol,2,EUR,2024
MK,FALSE,IL,international,Middle East,2,EUR,2024
MK,FALSE,US,international,Northern America,2,EUR,2024
MT,FALSE,AM,regional,Eurocontrol,2,EUR,2024
MT,FALSE,BI,international,Africa,2,EUR,2024
MT,FALSE,LB,international,Middle East,2,EUR,2024
MT,FALSE,MV,international,Asia,2,EUR,2024
MT,FALSE,MW,international,Africa,2,EUR,2024
MT,FALSE,SN,NA,NA,2,EUR,2024
MT,FALSE,TZ,international,Africa,2,EUR,2024
MT,FALSE,UG,international,Africa,2,EUR,2024
MT,FALSE,XK,NA,NA,2,EUR,2024
NL,FALSE,AZ,international,Asia,2,EUR,2024
NL,FALSE,GI,regional,Eurocontrol,2,EUR,2024
NL,FALSE,JP,international,Asia,2,EUR,2024
NL,FALSE,LB,international,Middle East,2,EUR,2024
NL,FALSE,MD,regional,Eurocontrol,2,EUR,2024
NL,FALSE,MY,international,Asia,2,EUR,2024
NL,FALSE,SG,international,Asia,2,EUR,2024
NL,FALSE,ZA,international,Africa,2,EUR,2024
NO,FALSE,BS,international,Southern America,2,EUR,2024
NO,FALSE,DZ,international,Africa,2,EUR,2024
NO,FALSE,GE,regional,Eurocontrol,2,EUR,2024
NO,FALSE,JO,international,Middle East,2,EUR,2024
NO,FALSE,KW,international,Middle East,2,EUR,2024
NO,FALSE,KZ,international,Asia,2,EUR,2024
NO,FALSE,OM,international,Middle East,2,EUR,2024
NO,FALSE,RU,international,Russia,2,EUR,2024
PL,FALSE,AN,NA,NA,2,EUR,2024
PL,FALSE,DZ,international,Africa,2,EUR,2024
PL,FALSE,GH,international,Africa,2,EUR,2024
PL,FALSE,KE,international,Africa,2,EUR,2024
PL,FALSE,SC,international,Africa,2,EUR,2024
PL,FALSE,SD,international,Africa,2,EUR,2024
PT,FALSE,BA,regional,Eurocontrol,2,EUR,2024
PT,FALSE,BF,international,Africa,2,EUR,2024
PT,FALSE,BH,international,Middle East,2,EUR,2024
PT,FALSE,GD,international,Southern America,2,EUR,2024
PT,FALSE,GM,international,Africa,2,EUR,2024
PT,FALSE,KY,international,Southern America,2,EUR,2024
PT,FALSE,MR,international,Africa,2,EUR,2024
PT,FALSE,TH,international,Asia,2,EUR,2024
PT,FALSE,TT,international,Southern America,2,EUR,2024
PT,FALSE,TZ,international,Africa,2,EUR,2024
PT,TRUE,BH,international,Middle East,2,EUR,2024
PT,TRUE,CF,international,Africa,2,EUR,2024
PT,TRUE,CL,international,Southern America,2,EUR,2024
PT,TRUE,JO,international,Middle East,2,EUR,2024
PT,TRUE,NG,international,Africa,2,EUR,2024
RO,FALSE,CF,international,Africa,2,EUR,2024
RO,FALSE,DO,international,Southern America,2,EUR,2024
RO,FALSE,HK,international,China,2,EUR,2024
RO,FALSE,IN,international,Asia,2,EUR,2024
RO,FALSE,SY,international,Middle East,2,EUR,2024
RS,FALSE,CD,international,Africa,2,EUR,2024
RS,FALSE,CV,international,Africa,2,EUR,2024
RS,FALSE,EE,regional,Eurocontrol,2,EUR,2024
RS,FALSE,IN,international,Asia,2,EUR,2024
RS,FALSE,IQ,international,Middle East,2,EUR,2024
RS,FALSE,IR,international,Middle East,2,EUR,2024
RS,FALSE,IS,international,Northern America,2,EUR,2024
RS,FALSE,JO,international,Middle East,2,EUR,2024
RS,FALSE,JP,international,Asia,2,EUR,2024
RS,FALSE,KG,international,Asia,2,EUR,2024
RS,FALSE,MA,international,Africa,2,EUR,2024
SE,FALSE,AN,NA,NA,2,EUR,2024
SE,FALSE,BR,international,Southern America,2,EUR,2024
SE,FALSE,VC,international,Southern America,2,EUR,2024
SI,FALSE,GE,regional,Eurocontrol,2,EUR,2024
SI,FALSE,LY,international,Africa,2,EUR,2024
SI,FALSE,QA,international,Middle East,2,EUR,2024
SK,FALSE,CU,international,Southern America,2,EUR,2024
SK,FALSE,IN,international,Asia,2,EUR,2024
SK,FALSE,RU,international,Russia,2,EUR,2024
TR,FALSE,BB,international,Southern America,2,EUR,2024
TR,FALSE,BI,international,Africa,2,EUR,2024
TR,FALSE,BS,international,Southern America,2,EUR,2024
TR,FALSE,CV,international,Africa,2,EUR,2024
TR,FALSE,MW,international,Africa,2,EUR,2024
TR,FALSE,SY,international,Middle East,2,EUR,2024
AL,FALSE,AM,regional,Eurocontrol,1,EUR,2024
AL,FALSE,CN,international,China,1,EUR,2024
AL,FALSE,DZ,international,Africa,1,EUR,2024
AL,FALSE,IE,regional,Eurocontrol,1,EUR,2024
AL,FALSE,IQ,international,Middle East,1,EUR,2024
AL,FALSE,JO,international,Middle East,1,EUR,2024
AL,FALSE,KE,international,Africa,1,EUR,2024
AL,FALSE,KZ,international,Asia,1,EUR,2024
AL,FALSE,MA,international,Africa,1,EUR,2024
AL,FALSE,SN,NA,NA,1,EUR,2024
AL,FALSE,TM,international,Asia,1,EUR,2024
AL,FALSE,TN,international,Africa,1,EUR,2024
AL,FALSE,UZ,international,Asia,1,EUR,2024
AM,FALSE,AL,regional,Eurocontrol,1,EUR,2024
AM,FALSE,KE,international,Africa,1,EUR,2024
AM,FALSE,NO,regional,Eurocontrol,1,EUR,2024
AM,FALSE,OM,international,Middle East,1,EUR,2024
AM,FALSE,XK,NA,NA,1,EUR,2024
AT,FALSE,BY,international,Asia,1,EUR,2024
AT,FALSE,DJ,international,Africa,1,EUR,2024
AT,FALSE,HK,international,China,1,EUR,2024
AT,FALSE,KN,international,Southern America,1,EUR,2024
AT,FALSE,KY,international,Southern America,1,EUR,2024
AT,FALSE,LY,international,Africa,1,EUR,2024
AT,FALSE,MG,international,Africa,1,EUR,2024
AT,FALSE,NA,NA,NA,1,EUR,2024
AT,FALSE,NP,international,Asia,1,EUR,2024
AT,FALSE,TC,international,Southern America,1,EUR,2024
AT,FALSE,TJ,international,Asia,1,EUR,2024
AT,FALSE,VN,international,Asia,1,EUR,2024
BA,FALSE,AZ,international,Asia,1,EUR,2024
BA,FALSE,CV,international,Africa,1,EUR,2024
BA,FALSE,EE,regional,Eurocontrol,1,EUR,2024
BA,FALSE,GL,international,Northern America,1,EUR,2024
BA,FALSE,IE,regional,Eurocontrol,1,EUR,2024
BA,FALSE,IQ,international,Middle East,1,EUR,2024
BA,FALSE,KG,international,Asia,1,EUR,2024
BA,FALSE,KZ,international,Asia,1,EUR,2024
BA,FALSE,LT,regional,Eurocontrol,1,EUR,2024
BA,FALSE,LY,international,Africa,1,EUR,2024
BA,FALSE,MD,regional,Eurocontrol,1,EUR,2024
BA,FALSE,TH,international,Asia,1,EUR,2024
BE,FALSE,AI,international,Southern America,1,EUR,2024
BE,FALSE,AW,international,Southern America,1,EUR,2024
BE,FALSE,BM,international,Southern America,1,EUR,2024
BE,FALSE,BW,international,Africa,1,EUR,2024
BE,FALSE,CL,international,Southern America,1,EUR,2024
BE,FALSE,HT,international,Southern America,1,EUR,2024
BE,FALSE,ID,international,Asia,1,EUR,2024
BE,FALSE,KH,international,Asia,1,EUR,2024
BE,FALSE,MV,international,Asia,1,EUR,2024
BE,FALSE,PR,international,Southern America,1,EUR,2024
BE,FALSE,SC,international,Africa,1,EUR,2024
BE,FALSE,SD,international,Africa,1,EUR,2024
BE,FALSE,VC,international,Southern America,1,EUR,2024
BE,FALSE,YT,international,Africa,1,EUR,2024
BG,FALSE,DO,international,Southern America,1,EUR,2024
BG,FALSE,GH,international,Africa,1,EUR,2024
BG,FALSE,IR,international,Middle East,1,EUR,2024
BG,FALSE,NE,international,Africa,1,EUR,2024
BG,FALSE,NG,international,Africa,1,EUR,2024
BG,FALSE,PH,international,Asia,1,EUR,2024
BG,FALSE,SD,international,Africa,1,EUR,2024
BG,FALSE,VC,international,Southern America,1,EUR,2024
BG,FALSE,ZA,international,Africa,1,EUR,2024
CH,FALSE,AM,regional,Eurocontrol,1,EUR,2024
CH,FALSE,AO,international,Africa,1,EUR,2024
CH,FALSE,BD,international,Asia,1,EUR,2024
CH,FALSE,BJ,international,Africa,1,EUR,2024
CH,FALSE,BN,international,Asia,1,EUR,2024
CH,FALSE,BW,international,Africa,1,EUR,2024
CH,FALSE,CD,international,Africa,1,EUR,2024
CH,FALSE,CF,international,Africa,1,EUR,2024
CH,FALSE,CO,international,Southern America,1,EUR,2024
CH,FALSE,CU,international,Southern America,1,EUR,2024
CH,FALSE,DO,international,Southern America,1,EUR,2024
CH,FALSE,GD,international,Southern America,1,EUR,2024
CH,FALSE,GM,international,Africa,1,EUR,2024
CH,FALSE,ID,international,Asia,1,EUR,2024
CH,FALSE,KM,international,Africa,1,EUR,2024
CH,FALSE,MG,international,Africa,1,EUR,2024
CH,FALSE,ML,international,Africa,1,EUR,2024
CH,FALSE,MO,international,China,1,EUR,2024
CH,FALSE,PA,international,Southern America,1,EUR,2024
CH,FALSE,PH,international,Asia,1,EUR,2024
CH,FALSE,PR,international,Southern America,1,EUR,2024
CH,FALSE,SC,international,Africa,1,EUR,2024
CH,FALSE,TG,international,Africa,1,EUR,2024
CH,FALSE,TJ,international,Asia,1,EUR,2024
CH,FALSE,UY,international,Southern America,1,EUR,2024
CH,FALSE,XF,NA,NA,1,EUR,2024
CH,FALSE,ZM,international,Africa,1,EUR,2024
CH,TRUE,AO,international,Africa,1,EUR,2024
CH,TRUE,AW,international,Southern America,1,EUR,2024
CH,TRUE,BF,international,Africa,1,EUR,2024
CH,TRUE,CD,international,Africa,1,EUR,2024
CH,TRUE,CF,international,Africa,1,EUR,2024
CH,TRUE,CG,international,Africa,1,EUR,2024
CH,TRUE,IR,international,Middle East,1,EUR,2024
CH,TRUE,KE,international,Africa,1,EUR,2024
CH,TRUE,MR,international,Africa,1,EUR,2024
CH,TRUE,NA,NA,NA,1,EUR,2024
CH,TRUE,PR,international,Southern America,1,EUR,2024
CH,TRUE,SL,international,Africa,1,EUR,2024
CH,TRUE,TJ,international,Asia,1,EUR,2024
CH,TRUE,TM,international,Asia,1,EUR,2024
CH,TRUE,UG,international,Africa,1,EUR,2024
CH,TRUE,VC,international,Southern America,1,EUR,2024
CH,TRUE,VG,international,Southern America,1,EUR,2024
CH,TRUE,VI,international,Southern America,1,EUR,2024
CY,FALSE,BD,international,Asia,1,EUR,2024
CY,FALSE,CI,international,Africa,1,EUR,2024
CY,FALSE,CV,international,Africa,1,EUR,2024
CY,FALSE,GH,international,Africa,1,EUR,2024
CY,FALSE,ID,international,Asia,1,EUR,2024
CY,FALSE,KG,international,Asia,1,EUR,2024
CY,FALSE,KR,international,Asia,1,EUR,2024
CY,FALSE,LK,international,Asia,1,EUR,2024
CY,FALSE,MO,international,China,1,EUR,2024
CY,FALSE,MY,international,Asia,1,EUR,2024
CY,FALSE,PH,international,Asia,1,EUR,2024
CY,FALSE,RW,international,Africa,1,EUR,2024
CY,FALSE,SD,international,Africa,1,EUR,2024
CY,FALSE,SN,NA,NA,1,EUR,2024
CY,FALSE,SY,international,Middle East,1,EUR,2024
CY,FALSE,TH,international,Asia,1,EUR,2024
CY,FALSE,TN,international,Africa,1,EUR,2024
CY,FALSE,TZ,international,Africa,1,EUR,2024
CY,FALSE,ZW,international,Africa,1,EUR,2024
CZ,FALSE,AG,international,Southern America,1,EUR,2024
CZ,FALSE,AR,international,Southern America,1,EUR,2024
CZ,FALSE,BS,international,Southern America,1,EUR,2024
CZ,FALSE,CO,international,Southern America,1,EUR,2024
CZ,FALSE,CR,international,Southern America,1,EUR,2024
CZ,FALSE,GL,international,Northern America,1,EUR,2024
CZ,FALSE,GT,international,Southern America,1,EUR,2024
CZ,FALSE,JP,international,Asia,1,EUR,2024
CZ,FALSE,KH,international,Asia,1,EUR,2024
CZ,FALSE,KN,international,Southern America,1,EUR,2024
CZ,FALSE,NP,international,Asia,1,EUR,2024
CZ,FALSE,PH,international,Asia,1,EUR,2024
CZ,FALSE,PK,international,Asia,1,EUR,2024
CZ,FALSE,PR,international,Southern America,1,EUR,2024
CZ,FALSE,SG,international,Asia,1,EUR,2024
CZ,FALSE,TC,international,Southern America,1,EUR,2024
CZ,FALSE,VI,international,Southern America,1,EUR,2024
CZ,FALSE,ZA,international,Africa,1,EUR,2024
CZ,FALSE,ZW,international,Africa,1,EUR,2024
DE,FALSE,AF,international,Asia,1,EUR,2024
DE,FALSE,AG,international,Southern America,1,EUR,2024
DE,FALSE,AI,international,Southern America,1,EUR,2024
DE,FALSE,AR,international,Southern America,1,EUR,2024
DE,FALSE,BJ,international,Africa,1,EUR,2024
DE,FALSE,BM,international,Southern America,1,EUR,2024
DE,FALSE,BW,international,Africa,1,EUR,2024
DE,FALSE,ET,international,Africa,1,EUR,2024
DE,FALSE,GN,international,Africa,1,EUR,2024
DE,FALSE,HN,international,Southern America,1,EUR,2024
DE,FALSE,ID,international,Asia,1,EUR,2024
DE,FALSE,ML,international,Africa,1,EUR,2024
DE,FALSE,MR,international,Africa,1,EUR,2024
DE,FALSE,MU,international,Africa,1,EUR,2024
DE,FALSE,NA,NA,NA,1,EUR,2024
DE,FALSE,PM,international,Northern America,1,EUR,2024
DE,FALSE,TG,international,Africa,1,EUR,2024
DE,FALSE,VE,international,Southern America,1,EUR,2024
DE,TRUE,AI,international,Southern America,1,EUR,2024
DE,TRUE,BD,international,Asia,1,EUR,2024
DE,TRUE,BS,international,Southern America,1,EUR,2024
DE,TRUE,BW,international,Africa,1,EUR,2024
DE,TRUE,CI,international,Africa,1,EUR,2024
DE,TRUE,GA,international,Africa,1,EUR,2024
DE,TRUE,ID,international,Asia,1,EUR,2024
DE,TRUE,KG,international,Asia,1,EUR,2024
DE,TRUE,MY,international,Asia,1,EUR,2024
DE,TRUE,PA,international,Southern America,1,EUR,2024
DE,TRUE,PE,international,Southern America,1,EUR,2024
DE,TRUE,SO,international,Africa,1,EUR,2024
DE,TRUE,UG,international,Africa,1,EUR,2024
DE,TRUE,ZW,international,Africa,1,EUR,2024
DK,FALSE,AF,international,Asia,1,EUR,2024
DK,FALSE,AO,international,Africa,1,EUR,2024
DK,FALSE,CM,international,Africa,1,EUR,2024
DK,FALSE,DO,international,Southern America,1,EUR,2024
DK,FALSE,GI,regional,Eurocontrol,1,EUR,2024
DK,FALSE,GW,international,Africa,1,EUR,2024
DK,FALSE,KE,international,Africa,1,EUR,2024
DK,FALSE,KZ,international,Asia,1,EUR,2024
DK,FALSE,MD,regional,Eurocontrol,1,EUR,2024
DK,FALSE,SD,international,Africa,1,EUR,2024
DK,FALSE,SN,NA,NA,1,EUR,2024
DK,FALSE,VC,international,Southern America,1,EUR,2024
DK,FALSE,ZA,international,Africa,1,EUR,2024
EE,FALSE,BB,international,Southern America,1,EUR,2024
EE,FALSE,IL,international,Middle East,1,EUR,2024
EE,FALSE,IN,international,Asia,1,EUR,2024
EE,FALSE,IS,international,Northern America,1,EUR,2024
EE,FALSE,JO,international,Middle East,1,EUR,2024
EE,FALSE,JP,international,Asia,1,EUR,2024
EE,FALSE,KG,international,Asia,1,EUR,2024
EE,FALSE,LU,regional,Eurocontrol,1,EUR,2024
EE,FALSE,MA,international,Africa,1,EUR,2024
EE,FALSE,MV,international,Asia,1,EUR,2024
EE,FALSE,UZ,international,Asia,1,EUR,2024
ES,FALSE,BB,international,Southern America,1,EUR,2024
ES,FALSE,CR,international,Southern America,1,EUR,2024
ES,FALSE,DM,international,Southern America,1,EUR,2024
ES,FALSE,ER,international,Africa,1,EUR,2024
ES,FALSE,GL,international,Northern America,1,EUR,2024
ES,FALSE,GQ,international,Africa,1,EUR,2024
ES,FALSE,GT,international,Southern America,1,EUR,2024
ES,FALSE,JM,international,Southern America,1,EUR,2024
ES,FALSE,KY,international,Southern America,1,EUR,2024
ES,FALSE,MY,international,Asia,1,EUR,2024
ES,FALSE,MZ,international,Africa,1,EUR,2024
ES,FALSE,PA,international,Southern America,1,EUR,2024
ES,FALSE,PK,international,Asia,1,EUR,2024
ES,FALSE,SG,international,Asia,1,EUR,2024
ES,FALSE,TC,international,Southern America,1,EUR,2024
ES,FALSE,UG,international,Africa,1,EUR,2024
ES,FALSE,VC,international,Southern America,1,EUR,2024
ES,FALSE,VI,international,Southern America,1,EUR,2024
ES,FALSE,ZW,international,Africa,1,EUR,2024
ES,TRUE,AW,international,Southern America,1,EUR,2024
ES,TRUE,BF,international,Africa,1,EUR,2024
ES,TRUE,BM,international,Southern America,1,EUR,2024
ES,TRUE,BW,international,Africa,1,EUR,2024
ES,TRUE,GD,international,Southern America,1,EUR,2024
ES,TRUE,GW,international,Africa,1,EUR,2024
ES,TRUE,MK,regional,Eurocontrol,1,EUR,2024
ES,TRUE,MO,international,China,1,EUR,2024
ES,TRUE,MY,international,Asia,1,EUR,2024
ES,TRUE,MZ,international,Africa,1,EUR,2024
ES,TRUE,NE,international,Africa,1,EUR,2024
ES,TRUE,SC,international,Africa,1,EUR,2024
ES,TRUE,TD,international,Africa,1,EUR,2024
ES,TRUE,TM,international,Asia,1,EUR,2024
ES,TRUE,VC,international,Southern America,1,EUR,2024
ES,TRUE,VI,international,Southern America,1,EUR,2024
FI,FALSE,BS,international,Southern America,1,EUR,2024
FI,FALSE,DZ,international,Africa,1,EUR,2024
FI,FALSE,GL,international,Northern America,1,EUR,2024
FI,FALSE,GW,international,Africa,1,EUR,2024
FI,FALSE,JO,international,Middle East,1,EUR,2024
FI,FALSE,MK,regional,Eurocontrol,1,EUR,2024
FI,FALSE,MV,international,Asia,1,EUR,2024
FI,FALSE,OM,international,Middle East,1,EUR,2024
FI,FALSE,PH,international,Asia,1,EUR,2024
FI,FALSE,PR,international,Southern America,1,EUR,2024
FI,FALSE,SC,international,Africa,1,EUR,2024
FI,FALSE,UZ,international,Asia,1,EUR,2024
FR,FALSE,AI,international,Southern America,1,EUR,2024
FR,FALSE,AR,international,Southern America,1,EUR,2024
FR,FALSE,BM,international,Southern America,1,EUR,2024
FR,FALSE,BN,international,Asia,1,EUR,2024
FR,FALSE,BO,international,Southern America,1,EUR,2024
FR,FALSE,BY,international,Asia,1,EUR,2024
FR,FALSE,BZ,international,Southern America,1,EUR,2024
FR,FALSE,CF,international,Africa,1,EUR,2024
FR,FALSE,CL,international,Southern America,1,EUR,2024
FR,FALSE,CR,international,Southern America,1,EUR,2024
FR,FALSE,EC,international,Southern America,1,EUR,2024
FR,FALSE,GD,international,Southern America,1,EUR,2024
FR,FALSE,GT,international,Southern America,1,EUR,2024
FR,FALSE,GY,international,Southern America,1,EUR,2024
FR,FALSE,ID,international,Asia,1,EUR,2024
FR,FALSE,IR,international,Middle East,1,EUR,2024
FR,FALSE,KM,international,Africa,1,EUR,2024
FR,FALSE,KN,international,Southern America,1,EUR,2024
FR,FALSE,LR,international,Africa,1,EUR,2024
FR,FALSE,MW,international,Africa,1,EUR,2024
FR,FALSE,MZ,international,Africa,1,EUR,2024
FR,FALSE,PE,international,Southern America,1,EUR,2024
FR,FALSE,PY,international,Southern America,1,EUR,2024
FR,FALSE,SV,international,Southern America,1,EUR,2024
FR,FALSE,TJ,international,Asia,1,EUR,2024
FR,TRUE,BS,international,Southern America,1,EUR,2024
FR,TRUE,DO,international,Southern America,1,EUR,2024
FR,TRUE,GW,international,Africa,1,EUR,2024
FR,TRUE,KH,international,Asia,1,EUR,2024
FR,TRUE,KZ,international,Asia,1,EUR,2024
FR,TRUE,PY,international,Southern America,1,EUR,2024
FR,TRUE,TT,international,Southern America,1,EUR,2024
FR,TRUE,XK,NA,NA,1,EUR,2024
GB,FALSE,BJ,international,Africa,1,EUR,2024
GB,FALSE,BN,international,Asia,1,EUR,2024
GB,FALSE,DJ,international,Africa,1,EUR,2024
GB,FALSE,GF,international,Southern America,1,EUR,2024
GB,FALSE,GQ,international,Africa,1,EUR,2024
GB,FALSE,GT,international,Southern America,1,EUR,2024
GB,FALSE,HT,international,Southern America,1,EUR,2024
GB,FALSE,ID,international,Asia,1,EUR,2024
GB,FALSE,LR,international,Africa,1,EUR,2024
GB,FALSE,ML,international,Africa,1,EUR,2024
GB,FALSE,MO,international,China,1,EUR,2024
GB,FALSE,MZ,international,Africa,1,EUR,2024
GB,FALSE,PA,international,Southern America,1,EUR,2024
GB,FALSE,PM,international,Northern America,1,EUR,2024
GB,FALSE,RE,international,Africa,1,EUR,2024
GB,FALSE,SR,international,Southern America,1,EUR,2024
GB,FALSE,ST,international,Africa,1,EUR,2024
GB,FALSE,TJ,international,Asia,1,EUR,2024
GB,FALSE,XF,NA,NA,1,EUR,2024
GB,TRUE,AN,NA,NA,1,EUR,2024
GB,TRUE,AR,international,Southern America,1,EUR,2024
GB,TRUE,CU,international,Southern America,1,EUR,2024
GB,TRUE,MD,regional,Eurocontrol,1,EUR,2024
GB,TRUE,SR,international,Southern America,1,EUR,2024
GE,FALSE,DJ,international,Africa,1,EUR,2024
GE,FALSE,FI,regional,Eurocontrol,1,EUR,2024
GE,FALSE,GM,international,Africa,1,EUR,2024
GE,FALSE,LK,international,Asia,1,EUR,2024
GE,FALSE,LY,international,Africa,1,EUR,2024
GE,FALSE,MK,regional,Eurocontrol,1,EUR,2024
GE,FALSE,MU,international,Africa,1,EUR,2024
GE,FALSE,MV,international,Asia,1,EUR,2024
GE,FALSE,NG,international,Africa,1,EUR,2024
GE,FALSE,OM,international,Middle East,1,EUR,2024
GE,FALSE,PH,international,Asia,1,EUR,2024
GE,FALSE,PT,regional,Eurocontrol,1,EUR,2024
GE,FALSE,SG,international,Asia,1,EUR,2024
GI,FALSE,AM,regional,Eurocontrol,1,EUR,2024
GI,FALSE,AT,regional,Eurocontrol,1,EUR,2024
GI,FALSE,AZ,international,Asia,1,EUR,2024
GI,FALSE,BE,regional,Eurocontrol,1,EUR,2024
GI,FALSE,CV,international,Africa,1,EUR,2024
GI,FALSE,CZ,regional,Eurocontrol,1,EUR,2024
GI,FALSE,DK,regional,Eurocontrol,1,EUR,2024
GI,FALSE,EG,international,Middle East,1,EUR,2024
GI,FALSE,IL,international,Middle East,1,EUR,2024
GI,FALSE,MD,regional,Eurocontrol,1,EUR,2024
GI,FALSE,ME,regional,Eurocontrol,1,EUR,2024
GI,FALSE,NG,international,Africa,1,EUR,2024
GI,FALSE,NO,regional,Eurocontrol,1,EUR,2024
GI,FALSE,QA,international,Middle East,1,EUR,2024
GI,FALSE,SA,international,Middle East,1,EUR,2024
GI,FALSE,SE,regional,Eurocontrol,1,EUR,2024
GI,FALSE,SK,regional,Eurocontrol,1,EUR,2024
GI,FALSE,TR,regional,Eurocontrol,1,EUR,2024
GI,FALSE,VG,international,Southern America,1,EUR,2024
GR,FALSE,BB,international,Southern America,1,EUR,2024
GR,FALSE,BJ,international,Africa,1,EUR,2024
GR,FALSE,BS,international,Southern America,1,EUR,2024
GR,FALSE,BW,international,Africa,1,EUR,2024
GR,FALSE,CV,international,Africa,1,EUR,2024
GR,FALSE,GN,international,Africa,1,EUR,2024
GR,FALSE,KG,international,Asia,1,EUR,2024
GR,FALSE,LR,international,Africa,1,EUR,2024
GR,FALSE,MU,international,Africa,1,EUR,2024
GR,FALSE,MX,international,Southern America,1,EUR,2024
GR,FALSE,MY,international,Asia,1,EUR,2024
GR,FALSE,MZ,international,Africa,1,EUR,2024
GR,FALSE,TC,international,Southern America,1,EUR,2024
GR,FALSE,TM,international,Asia,1,EUR,2024
GR,FALSE,VC,international,Southern America,1,EUR,2024
GR,FALSE,ZM,international,Africa,1,EUR,2024
HR,FALSE,CI,international,Africa,1,EUR,2024
HR,FALSE,DZ,international,Africa,1,EUR,2024
HR,FALSE,MX,international,Southern America,1,EUR,2024
HR,FALSE,OM,international,Middle East,1,EUR,2024
HR,FALSE,PK,international,Asia,1,EUR,2024
HR,FALSE,TZ,international,Africa,1,EUR,2024
HR,FALSE,VI,international,Southern America,1,EUR,2024
HU,FALSE,BB,international,Southern America,1,EUR,2024
HU,FALSE,BR,international,Southern America,1,EUR,2024
HU,FALSE,BW,international,Africa,1,EUR,2024
HU,FALSE,CG,international,Africa,1,EUR,2024
HU,FALSE,GD,international,Southern America,1,EUR,2024
HU,FALSE,GI,regional,Eurocontrol,1,EUR,2024
HU,FALSE,GL,international,Northern America,1,EUR,2024
HU,FALSE,GQ,international,Africa,1,EUR,2024
HU,FALSE,IR,international,Middle East,1,EUR,2024
HU,FALSE,JP,international,Asia,1,EUR,2024
HU,FALSE,KW,international,Middle East,1,EUR,2024
HU,FALSE,LY,international,Africa,1,EUR,2024
HU,FALSE,MN,international,Asia,1,EUR,2024
HU,FALSE,MY,international,Asia,1,EUR,2024
HU,FALSE,PH,international,Asia,1,EUR,2024
HU,FALSE,PK,international,Asia,1,EUR,2024
HU,FALSE,SG,international,Asia,1,EUR,2024
HU,FALSE,TD,international,Africa,1,EUR,2024
HU,FALSE,TJ,international,Asia,1,EUR,2024
HU,FALSE,TM,international,Asia,1,EUR,2024
IE,FALSE,AG,international,Southern America,1,EUR,2024
IE,FALSE,AI,international,Southern America,1,EUR,2024
IE,FALSE,BF,international,Africa,1,EUR,2024
IE,FALSE,CD,international,Africa,1,EUR,2024
IE,FALSE,CO,international,Southern America,1,EUR,2024
IE,FALSE,CU,international,Southern America,1,EUR,2024
IE,FALSE,CV,international,Africa,1,EUR,2024
IE,FALSE,DJ,international,Africa,1,EUR,2024
IE,FALSE,GH,international,Africa,1,EUR,2024
IE,FALSE,HK,international,China,1,EUR,2024
IE,FALSE,JM,international,Southern America,1,EUR,2024
IE,FALSE,LC,international,Southern America,1,EUR,2024
IE,FALSE,LY,international,Africa,1,EUR,2024
IE,FALSE,MK,regional,Eurocontrol,1,EUR,2024
IE,FALSE,PY,international,Southern America,1,EUR,2024
IE,FALSE,SG,international,Asia,1,EUR,2024
IE,FALSE,SR,international,Southern America,1,EUR,2024
IE,FALSE,TC,international,Southern America,1,EUR,2024
IE,FALSE,TZ,international,Africa,1,EUR,2024
IE,FALSE,XF,NA,NA,1,EUR,2024
IT,FALSE,CO,international,Southern America,1,EUR,2024
IT,FALSE,DM,international,Southern America,1,EUR,2024
IT,FALSE,GD,international,Southern America,1,EUR,2024
IT,FALSE,GT,international,Southern America,1,EUR,2024
IT,FALSE,GW,international,Africa,1,EUR,2024
IT,FALSE,KN,international,Southern America,1,EUR,2024
IT,FALSE,KY,international,Southern America,1,EUR,2024
IT,FALSE,LC,international,Southern America,1,EUR,2024
IT,FALSE,MN,international,Asia,1,EUR,2024
IT,FALSE,MO,international,China,1,EUR,2024
IT,FALSE,MY,international,Asia,1,EUR,2024
IT,FALSE,NA,NA,NA,1,EUR,2024
IT,FALSE,PY,international,Southern America,1,EUR,2024
IT,FALSE,SD,international,Africa,1,EUR,2024
IT,FALSE,SO,international,Africa,1,EUR,2024
IT,FALSE,UY,international,Southern America,1,EUR,2024
LT,FALSE,AZ,international,Asia,1,EUR,2024
LT,FALSE,BA,regional,Eurocontrol,1,EUR,2024
LT,FALSE,DJ,international,Africa,1,EUR,2024
LT,FALSE,IN,international,Asia,1,EUR,2024
LT,FALSE,KZ,international,Asia,1,EUR,2024
LT,FALSE,LY,international,Africa,1,EUR,2024
LT,FALSE,MV,international,Asia,1,EUR,2024
LT,FALSE,RU,international,Russia,1,EUR,2024
LT,FALSE,SA,international,Middle East,1,EUR,2024
LT,FALSE,TM,international,Asia,1,EUR,2024
LU,FALSE,AN,NA,NA,1,EUR,2024
LU,FALSE,BM,international,Southern America,1,EUR,2024
LU,FALSE,BS,international,Southern America,1,EUR,2024
LU,FALSE,DJ,international,Africa,1,EUR,2024
LU,FALSE,ET,international,Africa,1,EUR,2024
LU,FALSE,GH,international,Africa,1,EUR,2024
LU,FALSE,GI,regional,Eurocontrol,1,EUR,2024
LU,FALSE,GL,international,Northern America,1,EUR,2024
LU,FALSE,LY,international,Africa,1,EUR,2024
LU,FALSE,MD,regional,Eurocontrol,1,EUR,2024
LU,FALSE,ML,international,Africa,1,EUR,2024
LU,FALSE,MU,international,Africa,1,EUR,2024
LU,FALSE,MV,international,Asia,1,EUR,2024
LU,FALSE,UZ,international,Asia,1,EUR,2024
LV,FALSE,BA,regional,Eurocontrol,1,EUR,2024
LV,FALSE,CR,international,Southern America,1,EUR,2024
LV,FALSE,GI,regional,Eurocontrol,1,EUR,2024
LV,FALSE,IN,international,Asia,1,EUR,2024
LV,FALSE,LB,international,Middle East,1,EUR,2024
LV,FALSE,PK,international,Asia,1,EUR,2024
LV,FALSE,SN,NA,NA,1,EUR,2024
LV,FALSE,TD,international,Africa,1,EUR,2024
MD,FALSE,BA,regional,Eurocontrol,1,EUR,2024
MD,FALSE,FI,regional,Eurocontrol,1,EUR,2024
MD,FALSE,IN,international,Asia,1,EUR,2024
MD,FALSE,IS,international,Northern America,1,EUR,2024
MD,FALSE,KZ,international,Asia,1,EUR,2024
MD,FALSE,LY,international,Africa,1,EUR,2024
MD,FALSE,MA,international,Africa,1,EUR,2024
MD,FALSE,SA,international,Middle East,1,EUR,2024
MD,FALSE,NA,NA,NA,1,EUR,2024
ME,FALSE,BR,international,Southern America,1,EUR,2024
ME,FALSE,CA,international,Northern America,1,EUR,2024
ME,FALSE,HK,international,China,1,EUR,2024
ME,FALSE,KE,international,Africa,1,EUR,2024
ME,FALSE,LB,international,Middle East,1,EUR,2024
ME,FALSE,PH,international,Asia,1,EUR,2024
ME,FALSE,QA,international,Middle East,1,EUR,2024
ME,FALSE,VC,international,Southern America,1,EUR,2024
MK,FALSE,CA,international,Northern America,1,EUR,2024
MK,FALSE,FI,regional,Eurocontrol,1,EUR,2024
MK,FALSE,HK,international,China,1,EUR,2024
MK,FALSE,IE,regional,Eurocontrol,1,EUR,2024
MK,FALSE,IS,international,Northern America,1,EUR,2024
MK,FALSE,KW,international,Middle East,1,EUR,2024
MK,FALSE,MD,regional,Eurocontrol,1,EUR,2024
MK,FALSE,PT,regional,Eurocontrol,1,EUR,2024
MT,FALSE,AG,international,Southern America,1,EUR,2024
MT,FALSE,AO,international,Africa,1,EUR,2024
MT,FALSE,AR,international,Southern America,1,EUR,2024
MT,FALSE,BR,international,Southern America,1,EUR,2024
MT,FALSE,CI,international,Africa,1,EUR,2024
MT,FALSE,DJ,international,Africa,1,EUR,2024
MT,FALSE,IQ,international,Middle East,1,EUR,2024
MT,FALSE,JP,international,Asia,1,EUR,2024
MT,FALSE,KE,international,Africa,1,EUR,2024
MT,FALSE,LR,international,Africa,1,EUR,2024
MT,FALSE,MY,international,Asia,1,EUR,2024
MT,FALSE,PR,international,Southern America,1,EUR,2024
MT,FALSE,RW,international,Africa,1,EUR,2024
MT,FALSE,SD,international,Africa,1,EUR,2024
MT,FALSE,SL,international,Africa,1,EUR,2024
MT,FALSE,TD,international,Africa,1,EUR,2024
MT,FALSE,TG,international,Africa,1,EUR,2024
MT,FALSE,TH,international,Asia,1,EUR,2024
MT,FALSE,UZ,international,Asia,1,EUR,2024
MT,FALSE,VN,international,Asia,1,EUR,2024
MT,FALSE,ZA,international,Africa,1,EUR,2024
MT,FALSE,ZM,international,Africa,1,EUR,2024
MT,FALSE,ZW,international,Africa,1,EUR,2024
NL,FALSE,AG,international,Southern America,1,EUR,2024
NL,FALSE,DZ,international,Africa,1,EUR,2024
NL,FALSE,GE,regional,Eurocontrol,1,EUR,2024
NL,FALSE,GL,international,Northern America,1,EUR,2024
NL,FALSE,GQ,international,Africa,1,EUR,2024
NL,FALSE,KW,international,Middle East,1,EUR,2024
NL,FALSE,KZ,international,Asia,1,EUR,2024
NL,FALSE,SN,NA,NA,1,EUR,2024
NL,FALSE,TT,international,Southern America,1,EUR,2024
NL,FALSE,VC,international,Southern America,1,EUR,2024
NL,FALSE,VI,international,Southern America,1,EUR,2024
NL,TRUE,AM,regional,Eurocontrol,1,EUR,2024
NL,TRUE,BM,international,Southern America,1,EUR,2024
NL,TRUE,CI,international,Africa,1,EUR,2024
NL,TRUE,CM,international,Africa,1,EUR,2024
NL,TRUE,DZ,international,Africa,1,EUR,2024
NL,TRUE,MR,international,Africa,1,EUR,2024
NL,TRUE,MV,international,Asia,1,EUR,2024
NL,TRUE,MZ,international,Africa,1,EUR,2024
NL,TRUE,PK,international,Asia,1,EUR,2024
NL,TRUE,TT,international,Southern America,1,EUR,2024
NL,TRUE,UZ,international,Asia,1,EUR,2024
NL,TRUE,VC,international,Southern America,1,EUR,2024
NL,TRUE,VE,international,Southern America,1,EUR,2024
NL,TRUE,ZW,international,Africa,1,EUR,2024
NO,FALSE,AU,international,Asia,1,EUR,2024
NO,FALSE,BD,international,Asia,1,EUR,2024
NO,FALSE,BR,international,Southern America,1,EUR,2024
NO,FALSE,CO,international,Southern America,1,EUR,2024
NO,FALSE,IQ,international,Middle East,1,EUR,2024
NO,FALSE,MV,international,Asia,1,EUR,2024
NO,FALSE,MY,international,Asia,1,EUR,2024
NO,FALSE,TN,international,Africa,1,EUR,2024
NO,FALSE,TZ,international,Africa,1,EUR,2024
NO,FALSE,UZ,international,Asia,1,EUR,2024
NO,FALSE,VC,international,Southern America,1,EUR,2024
NO,FALSE,ZA,international,Africa,1,EUR,2024
PL,FALSE,AG,international,Southern America,1,EUR,2024
PL,FALSE,BD,international,Asia,1,EUR,2024
PL,FALSE,DJ,international,Africa,1,EUR,2024
PL,FALSE,GL,international,Northern America,1,EUR,2024
PL,FALSE,KH,international,Asia,1,EUR,2024
PL,FALSE,KY,international,Southern America,1,EUR,2024
PL,FALSE,SG,international,Asia,1,EUR,2024
PL,FALSE,TW,international,Asia,1,EUR,2024
PL,FALSE,UG,international,Africa,1,EUR,2024
PL,FALSE,ZW,international,Africa,1,EUR,2024
PT,FALSE,AI,international,Southern America,1,EUR,2024
PT,FALSE,AR,international,Southern America,1,EUR,2024
PT,FALSE,AW,international,Southern America,1,EUR,2024
PT,FALSE,CF,international,Africa,1,EUR,2024
PT,FALSE,CM,international,Africa,1,EUR,2024
PT,FALSE,CR,international,Southern America,1,EUR,2024
PT,FALSE,CU,international,Southern America,1,EUR,2024
PT,FALSE,ET,international,Africa,1,EUR,2024
PT,FALSE,GE,regional,Eurocontrol,1,EUR,2024
PT,FALSE,GF,international,Southern America,1,EUR,2024
PT,FALSE,GN,international,Africa,1,EUR,2024
PT,FALSE,GY,international,Southern America,1,EUR,2024
PT,FALSE,IN,international,Asia,1,EUR,2024
PT,FALSE,KN,international,Southern America,1,EUR,2024
PT,FALSE,KZ,international,Asia,1,EUR,2024
PT,FALSE,LK,international,Asia,1,EUR,2024
PT,FALSE,LY,international,Africa,1,EUR,2024
PT,FALSE,MD,regional,Eurocontrol,1,EUR,2024
PT,FALSE,MK,regional,Eurocontrol,1,EUR,2024
PT,FALSE,MV,international,Asia,1,EUR,2024
PT,FALSE,NE,international,Africa,1,EUR,2024
PT,FALSE,OM,international,Middle East,1,EUR,2024
PT,FALSE,PE,international,Southern America,1,EUR,2024
PT,FALSE,SH,international,Africa,1,EUR,2024
PT,FALSE,SR,international,Southern America,1,EUR,2024
PT,FALSE,SV,international,Southern America,1,EUR,2024
PT,FALSE,TD,international,Africa,1,EUR,2024
PT,FALSE,TG,international,Africa,1,EUR,2024
PT,FALSE,VG,international,Southern America,1,EUR,2024
PT,FALSE,ZM,international,Africa,1,EUR,2024
PT,TRUE,AG,international,Southern America,1,EUR,2024
PT,TRUE,AN,NA,NA,1,EUR,2024
PT,TRUE,BA,regional,Eurocontrol,1,EUR,2024
PT,TRUE,CI,international,Africa,1,EUR,2024
PT,TRUE,ET,international,Africa,1,EUR,2024
PT,TRUE,JM,international,Southern America,1,EUR,2024
PT,TRUE,KY,international,Southern America,1,EUR,2024
PT,TRUE,KZ,international,Asia,1,EUR,2024
PT,TRUE,LR,international,Africa,1,EUR,2024
PT,TRUE,PA,international,Southern America,1,EUR,2024
PT,TRUE,PE,international,Southern America,1,EUR,2024
PT,TRUE,PR,international,Southern America,1,EUR,2024
PT,TRUE,RW,international,Africa,1,EUR,2024
PT,TRUE,SC,international,Africa,1,EUR,2024
PT,TRUE,TH,international,Asia,1,EUR,2024
RO,FALSE,AO,international,Africa,1,EUR,2024
RO,FALSE,BR,international,Southern America,1,EUR,2024
RO,FALSE,CA,international,Northern America,1,EUR,2024
RO,FALSE,CN,international,China,1,EUR,2024
RO,FALSE,JP,international,Asia,1,EUR,2024
RO,FALSE,KG,international,Asia,1,EUR,2024
RO,FALSE,KR,international,Asia,1,EUR,2024
RO,FALSE,LK,international,Asia,1,EUR,2024
RO,FALSE,MZ,international,Africa,1,EUR,2024
RO,FALSE,NA,NA,NA,1,EUR,2024
RO,FALSE,PH,international,Asia,1,EUR,2024
RO,FALSE,SG,international,Asia,1,EUR,2024
RO,FALSE,TJ,international,Asia,1,EUR,2024
RO,FALSE,VN,international,Asia,1,EUR,2024
RS,FALSE,AG,international,Southern America,1,EUR,2024
RS,FALSE,AO,international,Africa,1,EUR,2024
RS,FALSE,BB,international,Southern America,1,EUR,2024
RS,FALSE,BR,international,Southern America,1,EUR,2024
RS,FALSE,BY,international,Asia,1,EUR,2024
RS,FALSE,CU,international,Southern America,1,EUR,2024
RS,FALSE,DJ,international,Africa,1,EUR,2024
RS,FALSE,ET,international,Africa,1,EUR,2024
RS,FALSE,GA,international,Africa,1,EUR,2024
RS,FALSE,HK,international,China,1,EUR,2024
RS,FALSE,KE,international,Africa,1,EUR,2024
RS,FALSE,KW,international,Middle East,1,EUR,2024
RS,FALSE,NG,international,Africa,1,EUR,2024
RS,FALSE,SG,international,Asia,1,EUR,2024
RS,FALSE,UG,international,Africa,1,EUR,2024
RS,FALSE,VE,international,Southern America,1,EUR,2024
SE,FALSE,BB,international,Southern America,1,EUR,2024
SE,FALSE,CO,international,Southern America,1,EUR,2024
SE,FALSE,DO,international,Southern America,1,EUR,2024
SE,FALSE,GI,regional,Eurocontrol,1,EUR,2024
SE,FALSE,HN,international,Southern America,1,EUR,2024
SE,FALSE,IN,international,Asia,1,EUR,2024
SE,FALSE,KG,international,Asia,1,EUR,2024
SE,FALSE,KZ,international,Asia,1,EUR,2024
SE,FALSE,NA,NA,NA,1,EUR,2024
SE,FALSE,OM,international,Middle East,1,EUR,2024
SE,FALSE,PK,international,Asia,1,EUR,2024
SE,FALSE,TC,international,Southern America,1,EUR,2024
SE,FALSE,TZ,international,Africa,1,EUR,2024
SE,FALSE,VG,international,Southern America,1,EUR,2024
SE,FALSE,VN,international,Asia,1,EUR,2024
SI,FALSE,AN,NA,NA,1,EUR,2024
SI,FALSE,CN,international,China,1,EUR,2024
SI,FALSE,IQ,international,Middle East,1,EUR,2024
SI,FALSE,NG,international,Africa,1,EUR,2024
SK,FALSE,BB,international,Southern America,1,EUR,2024
SK,FALSE,DJ,international,Africa,1,EUR,2024
SK,FALSE,HK,international,China,1,EUR,2024
SK,FALSE,KE,international,Africa,1,EUR,2024
SK,FALSE,KG,international,Asia,1,EUR,2024
SK,FALSE,MZ,international,Africa,1,EUR,2024
SK,FALSE,PR,international,Southern America,1,EUR,2024
SK,FALSE,SC,international,Africa,1,EUR,2024
SK,FALSE,TJ,international,Asia,1,EUR,2024
SK,FALSE,VC,international,Southern America,1,EUR,2024
TR,FALSE,DM,international,Southern America,1,EUR,2024
TR,FALSE,MZ,international,Africa,1,EUR,2024
TR,FALSE,PR,international,Southern America,1,EUR,2024
TR,FALSE,SL,international,Africa,1,EUR,2024
TR,FALSE,TC,international,Southern America,1,EUR,2024
TR,FALSE,VI,international,Southern America,1,EUR,2024
