ICAO,DATE,ARRS,DEPS,SRC_NA,ARRS_REG,DEPS_REG,HEL,H,M,L,NA
EDDF,2022-01-01,341,391,0,214,260,0,220,508,4,0
EDDF,2022-01-02,485,495,0,346,345,0,248,728,4,0
EDDF,2022-01-03,466,458,0,334,337,0,215,707,2,0
EDDF,2022-01-04,423,413,0,296,292,0,218,610,8,0
EDDF,2022-01-05,417,427,0,298,295,0,222,621,1,0
EDDF,2022-01-06,436,425,0,313,304,0,217,635,9,0
EDDF,2022-01-07,458,472,0,331,336,0,240,679,11,0
EDDF,2022-01-08,479,477,0,339,336,0,234,711,11,0
EDDF,2022-01-09,487,487,0,339,339,0,265,703,6,0
EDDF,2022-01-10,425,418,0,292,294,0,222,620,1,0
EDDF,2022-01-11,376,364,0,253,245,0,216,514,10,0
EDDF,2022-01-12,367,380,0,245,245,0,232,509,6,0
EDDF,2022-01-13,365,372,0,247,248,0,232,495,10,0
EDDF,2022-01-14,406,415,0,277,280,0,245,572,4,0
EDDF,2022-01-15,429,405,0,289,268,0,245,586,3,0
EDDF,2022-01-16,411,425,0,274,281,0,245,586,5,0
EDDF,2022-01-17,403,385,0,268,263,0,236,546,6,0
EDDF,2022-01-18,342,348,0,223,228,0,220,457,13,0
EDDF,2022-01-19,333,336,0,218,213,0,227,432,10,0
EDDF,2022-01-20,353,365,0,238,247,0,227,483,8,0
EDDF,2022-01-21,389,391,0,265,258,0,242,534,4,0
EDDF,2022-01-22,384,370,0,246,225,0,248,504,2,0
EDDF,2022-01-23,408,417,0,272,278,0,249,564,12,0
EDDF,2022-01-24,352,328,0,231,220,0,219,456,5,0
EDDF,2022-01-25,312,314,0,207,206,0,197,419,10,0
EDDF,2022-01-26,323,332,0,220,222,0,205,444,6,0
EDDF,2022-01-27,355,361,0,246,242,0,218,486,12,0
EDDF,2022-01-28,390,401,0,270,270,0,226,552,13,0
EDDF,2022-01-29,402,381,0,270,251,0,240,536,7,0
EDDF,2022-01-30,394,415,0,268,278,0,237,568,4,0
EDDF,2022-01-31,387,371,0,255,252,0,233,522,3,0
EDDF,2022-02-01,358,358,0,248,253,0,195,515,6,0
EDDF,2022-02-02,359,354,0,257,243,0,198,505,10,0
EDDF,2022-02-03,361,379,0,252,261,0,221,514,5,0
EDDF,2022-02-04,408,419,0,292,293,0,218,595,14,0
EDDF,2022-02-05,411,396,0,281,261,0,237,564,6,0
EDDF,2022-02-06,418,417,0,287,290,0,236,591,8,0
EDDF,2022-02-07,366,355,0,262,257,0,193,524,4,0
EDDF,2022-02-08,341,346,0,237,236,0,196,486,5,0
EDDF,2022-02-09,349,355,0,250,249,0,205,490,9,0
EDDF,2022-02-10,388,385,0,279,267,0,212,554,7,0
EDDF,2022-02-11,412,438,0,288,303,0,235,611,4,0
EDDF,2022-02-12,435,414,0,297,276,0,249,591,9,0
EDDF,2022-02-13,420,425,0,285,286,0,249,589,7,0
EDDF,2022-02-14,395,378,0,272,267,0,219,546,8,0
EDDF,2022-02-15,359,360,0,246,249,0,205,509,5,0
EDDF,2022-02-16,375,373,0,264,252,0,223,520,5,0
EDDF,2022-02-17,386,393,0,266,269,0,234,534,11,0
EDDF,2022-02-18,419,422,0,294,289,0,226,607,8,0
EDDF,2022-02-19,440,445,0,307,301,0,245,636,4,0
EDDF,2022-02-20,448,446,0,309,314,0,235,649,10,0
EDDF,2022-02-21,408,381,0,288,270,0,215,572,2,0
EDDF,2022-02-22,351,355,0,244,249,0,196,501,9,0
EDDF,2022-02-23,367,382,0,263,266,0,201,540,8,0
EDDF,2022-02-24,405,410,0,286,285,0,229,580,6,0
EDDF,2022-02-25,443,452,0,315,316,0,245,645,5,0
EDDF,2022-02-26,462,451,0,319,309,0,248,659,6,0
EDDF,2022-02-27,447,451,0,315,320,0,240,655,3,0
EDDF,2022-02-28,433,424,0,310,303,0,225,627,5,0
EDDF,2022-03-01,403,390,0,296,287,0,203,571,19,0
EDDF,2022-03-02,390,412,0,286,288,0,217,574,11,0
EDDF,2022-03-03,404,402,0,291,285,0,223,578,5,0
EDDF,2022-03-04,440,450,0,320,319,0,236,646,8,0
EDDF,2022-03-05,454,447,0,324,315,0,237,662,2,0
EDDF,2022-03-06,467,468,0,332,334,0,246,681,8,0
EDDF,2022-03-07,428,413,0,300,291,0,235,594,12,0
EDDF,2022-03-08,367,363,0,257,256,0,206,522,2,0
EDDF,2022-03-09,386,399,0,278,278,0,225,558,2,0
EDDF,2022-03-10,439,432,0,312,303,0,243,619,9,0
EDDF,2022-03-11,447,463,0,322,328,0,246,661,3,0
EDDF,2022-03-12,456,439,0,323,301,0,251,640,4,0
EDDF,2022-03-13,465,476,0,326,336,2,249,680,10,0
EDDF,2022-03-14,444,428,0,308,302,0,245,611,16,0
EDDF,2022-03-15,353,346,0,247,248,0,193,493,13,0
EDDF,2022-03-16,421,422,0,309,295,0,230,602,11,0
EDDF,2022-03-17,410,429,0,295,307,0,235,591,13,0
EDDF,2022-03-18,451,451,0,328,320,0,240,651,11,0
EDDF,2022-03-19,459,460,0,324,318,0,258,656,5,0
EDDF,2022-03-20,471,470,0,339,333,0,250,683,8,0
EDDF,2022-03-21,438,431,0,310,309,0,232,631,6,0
EDDF,2022-03-22,360,335,0,261,249,0,193,491,11,0
EDDF,2022-03-23,408,427,0,296,299,0,225,604,6,0
EDDF,2022-03-24,431,443,0,307,310,0,248,616,10,0
EDDF,2022-03-25,460,460,0,337,326,0,249,664,7,0
EDDF,2022-03-26,476,469,0,332,327,0,262,680,3,0
EDDF,2022-03-27,512,524,0,374,386,0,247,782,7,0
EDDF,2022-03-28,479,463,0,345,333,0,243,690,9,0
EDDF,2022-03-29,417,415,0,293,290,0,220,604,8,0
EDDF,2022-03-30,454,467,0,335,336,0,232,680,9,0
EDDF,2022-03-31,469,484,0,343,346,0,235,705,13,0
EDDF,2022-04-01,529,517,0,390,381,0,245,785,16,0
EDDF,2022-04-02,520,523,0,376,375,0,263,769,11,0
EDDF,2022-04-03,552,547,0,407,403,0,263,827,9,0
EDDF,2022-04-04,511,501,0,383,376,0,232,775,5,0
EDDF,2022-04-05,458,458,0,339,340,0,209,696,11,0
EDDF,2022-04-06,480,496,0,363,366,0,230,744,2,0
EDDF,2022-04-07,517,521,0,393,383,0,240,786,12,0
EDDF,2022-04-08,551,550,0,417,410,0,244,854,3,0
EDDF,2022-04-09,571,573,0,423,415,2,264,860,18,0
EDDF,2022-04-10,574,566,0,425,420,0,265,868,7,0
EDDF,2022-04-11,531,521,0,390,384,0,255,787,10,0
EDDF,2022-04-12,493,492,0,363,362,0,227,748,10,0
EDDF,2022-04-13,531,543,0,401,407,0,237,829,8,0
EDDF,2022-04-14,561,575,0,428,434,0,244,881,11,0
EDDF,2022-04-15,586,577,0,448,440,2,243,913,5,0
EDDF,2022-04-16,558,541,0,412,386,0,266,829,4,0
EDDF,2022-04-17,540,544,0,392,397,0,273,806,5,0
EDDF,2022-04-18,545,549,0,410,422,0,231,857,6,0
EDDF,2022-04-19,531,531,0,409,407,0,221,826,15,0
EDDF,2022-04-20,525,522,0,400,389,0,232,804,11,0
EDDF,2022-04-21,531,548,0,397,403,0,252,819,8,0
EDDF,2022-04-22,569,566,0,431,427,0,249,877,9,0
EDDF,2022-04-23,578,572,0,430,417,0,270,873,7,0
EDDF,2022-04-24,593,576,0,442,431,0,264,898,7,0
EDDF,2022-04-25,549,554,0,417,424,0,237,850,16,0
EDDF,2022-04-26,503,500,0,378,374,0,223,766,14,0
EDDF,2022-04-27,515,522,0,387,389,0,240,786,11,0
EDDF,2022-04-28,542,546,0,412,407,0,242,841,5,0
EDDF,2022-04-29,573,573,0,441,436,0,242,896,8,0
EDDF,2022-04-30,560,559,0,418,409,0,258,854,7,0
EDDF,2022-05-01,596,602,0,452,456,0,254,940,4,0
EDDF,2022-05-02,578,552,0,437,418,0,255,870,5,0
EDDF,2022-05-03,525,540,0,402,411,0,223,838,4,0
EDDF,2022-05-04,546,548,0,414,412,0,242,845,7,0
EDDF,2022-05-05,587,599,0,455,455,4,248,922,12,0
EDDF,2022-05-06,607,608,0,475,473,0,246,960,9,0
EDDF,2022-05-07,606,603,0,457,447,0,276,931,2,0
EDDF,2022-05-08,613,615,0,470,465,0,257,961,10,0
EDDF,2022-05-09,593,577,0,445,439,0,261,901,8,0
EDDF,2022-05-10,539,531,0,409,396,0,237,825,8,0
EDDF,2022-05-11,547,552,0,410,415,0,251,841,7,0
EDDF,2022-05-12,590,601,0,449,453,6,255,920,10,0
EDDF,2022-05-13,611,618,0,472,476,0,258,961,10,0
EDDF,2022-05-14,619,607,0,466,450,0,276,942,8,0
EDDF,2022-05-15,632,635,0,478,480,0,273,983,11,0
EDDF,2022-05-16,589,576,0,447,442,0,245,904,16,0
EDDF,2022-05-17,557,555,0,416,418,4,239,839,30,0
EDDF,2022-05-18,576,595,0,441,454,0,251,907,13,0
EDDF,2022-05-19,616,609,0,478,458,0,262,941,22,0
EDDF,2022-05-20,571,579,0,437,438,0,249,893,8,0
EDDF,2022-05-21,601,597,0,447,439,0,275,915,8,0
EDDF,2022-05-22,649,641,0,486,476,0,288,987,15,0
EDDF,2022-05-23,570,572,0,424,432,0,261,873,8,0
EDDF,2022-05-24,556,560,0,413,421,0,250,857,9,0
EDDF,2022-05-25,610,625,0,468,477,0,260,970,5,0
EDDF,2022-05-26,593,580,0,452,433,0,264,900,9,0
EDDF,2022-05-27,566,575,0,422,424,0,264,870,7,0
EDDF,2022-05-28,597,593,0,437,433,2,284,897,7,0
EDDF,2022-05-29,641,638,0,483,477,2,281,983,13,0
EDDF,2022-05-30,626,620,0,476,474,0,276,953,17,0
EDDF,2022-05-31,575,580,0,433,438,0,251,893,11,0
EDDF,2022-06-01,600,608,0,453,450,0,275,925,8,0
EDDF,2022-06-02,610,606,0,460,454,0,274,936,6,0
EDDF,2022-06-03,618,625,0,471,468,0,289,946,8,0
EDDF,2022-06-04,607,597,0,446,437,0,296,901,7,0
EDDF,2022-06-05,599,591,0,443,433,0,281,899,10,0
EDDF,2022-06-06,600,604,0,448,467,0,265,928,11,0
EDDF,2022-06-07,587,585,0,450,449,0,241,928,3,0
EDDF,2022-06-08,589,596,0,449,443,0,274,899,12,0
EDDF,2022-06-09,601,604,0,457,455,0,275,922,8,0
EDDF,2022-06-10,603,611,0,463,460,0,277,928,9,0
EDDF,2022-06-11,616,608,0,453,445,2,293,925,4,0
EDDF,2022-06-12,606,606,0,449,450,0,286,922,4,0
EDDF,2022-06-13,613,607,0,459,463,10,265,940,5,0
EDDF,2022-06-14,585,571,0,444,436,0,235,914,7,0
EDDF,2022-06-15,600,613,0,451,461,4,272,929,8,0
EDDF,2022-06-16,586,593,0,441,437,0,279,890,10,0
EDDF,2022-06-17,585,598,0,444,447,0,279,899,5,0
EDDF,2022-06-18,610,602,0,450,436,0,300,901,11,0
EDDF,2022-06-19,615,601,0,449,447,0,286,923,7,0
EDDF,2022-06-20,607,601,0,452,448,0,276,921,11,0
EDDF,2022-06-21,595,601,0,447,454,2,256,929,9,0
EDDF,2022-06-22,612,619,0,466,465,2,267,948,14,0
EDDF,2022-06-23,610,604,0,462,457,6,267,921,20,0
EDDF,2022-06-24,582,588,0,439,433,0,289,850,31,0
EDDF,2022-06-25,588,584,0,431,421,2,294,869,7,0
EDDF,2022-06-26,596,599,0,437,437,0,293,896,6,0
EDDF,2022-06-27,599,592,0,440,443,0,283,895,13,0
EDDF,2022-06-28,568,569,0,421,423,0,248,875,14,0
EDDF,2022-06-29,558,562,0,412,406,0,276,832,12,0
EDDF,2022-06-30,597,594,0,446,442,3,279,892,17,0
EDDF,2022-07-01,570,547,0,424,406,0,271,835,11,0
EDDF,2022-07-02,558,577,0,402,400,0,302,822,11,0
EDDF,2022-07-03,599,602,0,441,450,1,283,910,7,0
EDDF,2022-07-04,598,597,0,430,431,0,298,887,10,0
EDDF,2022-07-05,566,572,0,407,410,0,274,848,16,0
EDDF,2022-07-06,594,591,0,443,433,0,279,893,13,0
EDDF,2022-07-07,593,582,0,432,430,0,280,884,11,0
EDDF,2022-07-08,558,583,0,412,417,0,283,854,4,0
EDDF,2022-07-09,593,581,0,421,413,0,304,863,7,0
EDDF,2022-07-10,582,586,0,424,428,0,285,871,12,0
EDDF,2022-07-11,579,576,0,415,417,0,301,845,9,0
EDDF,2022-07-12,558,540,0,406,385,0,273,816,9,0
EDDF,2022-07-13,572,587,0,424,431,0,279,875,5,0
EDDF,2022-07-14,582,590,0,425,430,0,277,886,9,0
EDDF,2022-07-15,572,577,0,425,422,0,279,853,17,0
EDDF,2022-07-16,590,583,0,422,414,0,294,871,8,0
EDDF,2022-07-17,577,568,0,419,412,0,284,851,10,0
EDDF,2022-07-18,580,572,0,419,418,0,283,866,3,0
EDDF,2022-07-19,556,552,0,408,402,0,259,847,2,0
EDDF,2022-07-20,546,535,0,394,382,0,276,802,3,0
EDDF,2022-07-21,544,571,0,388,402,4,293,814,4,0
EDDF,2022-07-22,567,575,0,421,422,0,276,856,10,0
EDDF,2022-07-23,591,586,0,426,425,0,287,880,10,0
EDDF,2022-07-24,590,587,0,430,429,0,282,888,7,0
EDDF,2022-07-25,591,590,0,430,434,0,288,885,8,0
EDDF,2022-07-26,570,557,0,421,405,0,259,860,8,0
EDDF,2022-07-27,222,222,0,124,129,0,180,250,14,0
EDDF,2022-07-28,575,590,0,424,430,0,281,880,4,0
EDDF,2022-07-29,563,561,0,415,408,0,278,838,8,0
EDDF,2022-07-30,585,590,0,422,423,0,288,881,6,0
EDDF,2022-07-31,579,577,0,418,418,0,286,860,10,0
EDDF,2022-08-01,586,576,0,426,420,0,294,861,7,0
EDDF,2022-08-02,568,571,0,416,416,0,264,864,11,0
EDDF,2022-08-03,574,574,0,426,422,0,274,866,8,0
EDDF,2022-08-04,574,575,0,417,411,0,284,862,3,0
EDDF,2022-08-05,580,581,0,429,424,0,281,868,12,0
EDDF,2022-08-06,581,575,0,419,411,0,280,869,7,0
EDDF,2022-08-07,577,576,0,416,418,0,279,870,4,0
EDDF,2022-08-08,570,575,0,410,419,0,288,850,7,0
EDDF,2022-08-09,567,567,0,417,416,0,263,866,5,0
EDDF,2022-08-10,569,565,0,424,420,0,261,868,5,0
EDDF,2022-08-11,578,580,0,425,418,0,276,876,6,0
EDDF,2022-08-12,569,568,0,419,412,0,286,846,5,0
EDDF,2022-08-13,578,579,0,414,413,0,289,857,11,0
EDDF,2022-08-14,589,580,0,423,421,0,285,872,12,0
EDDF,2022-08-15,578,588,0,423,435,0,283,870,13,0
EDDF,2022-08-16,569,568,0,422,417,0,260,872,5,0
EDDF,2022-08-17,578,576,0,434,427,2,259,883,10,0
EDDF,2022-08-18,579,588,0,422,424,0,286,869,12,0
EDDF,2022-08-19,580,579,0,429,420,0,282,873,4,0
EDDF,2022-08-20,580,581,0,419,419,0,283,871,7,0
EDDF,2022-08-21,607,592,0,444,428,0,289,906,4,0
EDDF,2022-08-22,592,595,0,431,441,0,288,896,3,0
EDDF,2022-08-23,575,588,0,425,431,0,264,889,10,0
EDDF,2022-08-24,593,592,0,443,436,0,275,901,9,0
EDDF,2022-08-25,588,588,0,426,425,1,286,881,8,0
EDDF,2022-08-26,567,560,0,413,399,3,282,835,7,0
EDDF,2022-08-27,584,588,0,421,421,0,292,875,5,0
EDDF,2022-08-28,609,598,0,441,434,0,293,906,8,0
EDDF,2022-08-29,586,595,0,425,441,0,288,887,6,0
EDDF,2022-08-30,585,583,0,435,429,2,261,899,6,0
EDDF,2022-08-31,598,589,0,449,433,0,276,900,11,0
EDDF,2022-09-01,586,581,0,431,418,2,283,877,5,0
EDDF,2022-09-02,330,300,0,206,200,0,207,416,7,0
EDDF,2022-09-03,549,593,0,402,411,0,294,841,7,0
EDDF,2022-09-04,602,589,0,437,431,0,288,895,8,0
EDDF,2022-09-05,579,579,0,415,421,0,291,865,2,0
EDDF,2022-09-06,548,551,0,402,401,0,256,831,12,0
EDDF,2022-09-07,584,578,0,435,425,0,271,881,10,0
EDDF,2022-09-08,589,597,0,429,431,0,294,875,17,0
EDDF,2022-09-09,592,589,0,437,426,0,290,878,13,0
EDDF,2022-09-10,574,580,0,413,412,0,291,854,9,0
EDDF,2022-09-11,587,585,0,425,424,0,290,873,9,0
EDDF,2022-09-12,570,578,0,412,418,0,294,849,5,0
EDDF,2022-09-13,557,545,0,406,400,0,263,834,5,0
EDDF,2022-09-14,582,586,0,435,427,0,281,873,14,0
EDDF,2022-09-15,583,582,0,426,426,0,288,869,8,0
EDDF,2022-09-16,569,569,0,418,408,0,288,838,12,0
EDDF,2022-09-17,577,578,0,412,415,0,302,842,11,0
EDDF,2022-09-18,592,591,0,426,425,0,300,877,6,0
EDDF,2022-09-19,577,572,0,420,424,12,281,845,11,0
EDDF,2022-09-20,551,561,0,410,408,0,257,848,7,0
EDDF,2022-09-21,589,575,0,435,424,0,283,865,16,0
EDDF,2022-09-22,592,599,0,441,439,2,283,884,22,0
EDDF,2022-09-23,593,597,0,440,435,0,286,884,20,0
EDDF,2022-09-24,575,569,0,416,407,0,295,841,8,0
EDDF,2022-09-25,587,595,0,422,431,0,301,873,8,0
EDDF,2022-09-26,584,579,0,424,429,0,280,872,11,0
EDDF,2022-09-27,553,552,0,417,409,0,253,843,9,0
EDDF,2022-09-28,575,568,0,424,420,0,271,866,6,0
EDDF,2022-09-29,567,579,0,416,421,0,287,842,17,0
EDDF,2022-09-30,589,591,0,445,435,0,275,889,16,0
EDDF,2022-10-01,580,584,0,421,420,2,289,863,10,0
EDDF,2022-10-02,594,589,0,433,428,0,287,892,4,0
EDDF,2022-10-03,579,562,0,427,419,0,264,869,8,0
EDDF,2022-10-04,551,555,0,413,416,0,246,854,6,0
EDDF,2022-10-05,579,575,0,438,430,0,262,877,15,0
EDDF,2022-10-06,578,589,0,423,432,2,280,873,12,0
EDDF,2022-10-07,583,597,0,445,439,0,270,900,10,0
EDDF,2022-10-08,590,585,0,429,422,0,295,874,6,0
EDDF,2022-10-09,596,594,0,436,436,0,293,889,8,0
EDDF,2022-10-10,576,567,0,426,426,0,270,862,11,0
EDDF,2022-10-11,542,551,0,400,399,0,259,830,4,0
EDDF,2022-10-12,578,574,0,429,425,0,271,869,12,0
EDDF,2022-10-13,577,578,0,423,420,0,279,862,14,0
EDDF,2022-10-14,590,600,0,444,437,0,279,905,6,0
EDDF,2022-10-15,592,594,0,426,426,0,301,872,13,0
EDDF,2022-10-16,601,597,0,434,433,0,303,891,4,0
EDDF,2022-10-17,580,571,0,421,422,0,280,863,8,0
EDDF,2022-10-18,542,538,0,400,392,0,250,822,8,0
EDDF,2022-10-19,571,567,0,427,419,0,269,860,9,0
EDDF,2022-10-20,562,571,0,407,413,0,274,845,14,0
EDDF,2022-10-21,563,574,0,413,411,0,284,844,9,0
EDDF,2022-10-22,581,580,0,420,416,0,295,856,10,0
EDDF,2022-10-23,587,579,0,428,422,0,288,874,4,0
EDDF,2022-10-24,576,565,0,417,414,0,275,856,10,0
EDDF,2022-10-25,537,542,0,398,396,0,248,816,15,0
EDDF,2022-10-26,561,560,0,418,413,0,264,842,15,0
EDDF,2022-10-27,562,561,0,408,408,0,268,848,7,0
EDDF,2022-10-28,565,581,0,422,416,0,276,868,2,0
EDDF,2022-10-29,586,590,0,422,432,0,290,881,5,0
EDDF,2022-10-30,591,576,0,433,424,0,281,881,5,0
EDDF,2022-10-31,576,566,0,428,424,0,267,865,10,0
EDDF,2022-11-01,544,545,0,403,402,0,238,843,8,0
EDDF,2022-11-02,565,564,0,429,427,0,249,865,15,0
EDDF,2022-11-03,552,565,0,414,415,0,256,856,5,0
EDDF,2022-11-04,552,562,0,414,408,0,259,849,6,0
EDDF,2022-11-05,542,533,0,386,379,0,283,790,2,0
EDDF,2022-11-06,553,547,0,402,398,0,266,834,0,0
EDDF,2022-11-07,551,550,0,402,407,0,268,828,5,0
EDDF,2022-11-08,522,522,0,391,392,0,224,813,7,0
EDDF,2022-11-09,545,550,0,412,414,0,246,840,9,0
EDDF,2022-11-10,550,550,0,412,406,0,252,840,8,0
EDDF,2022-11-11,550,559,0,414,407,0,262,840,7,0
EDDF,2022-11-12,532,515,0,379,364,0,273,770,4,0
EDDF,2022-11-13,558,554,0,398,395,0,275,829,8,0
EDDF,2022-11-14,546,553,0,399,412,2,261,826,10,0
EDDF,2022-11-15,519,515,0,389,387,0,220,800,14,0
EDDF,2022-11-16,557,560,0,424,422,0,251,850,16,0
EDDF,2022-11-17,556,561,0,412,411,0,256,843,18,0
EDDF,2022-11-18,557,566,0,415,411,0,266,847,10,0
EDDF,2022-11-19,532,522,0,380,368,0,277,777,0,0
EDDF,2022-11-20,557,555,0,407,398,0,273,830,9,0
EDDF,2022-11-21,524,523,0,376,384,0,262,782,3,0
EDDF,2022-11-22,503,505,0,373,377,0,224,779,5,0
EDDF,2022-11-23,529,532,0,398,396,0,246,812,3,0
EDDF,2022-11-24,533,539,0,398,397,0,253,816,3,0
EDDF,2022-11-25,546,557,0,410,404,0,267,825,11,0
EDDF,2022-11-26,528,517,0,371,363,0,279,760,6,0
EDDF,2022-11-27,552,551,0,398,392,0,278,813,12,0
EDDF,2022-11-28,553,551,0,404,409,2,267,825,10,0
EDDF,2022-11-29,521,518,0,389,389,0,229,796,14,0
EDDF,2022-11-30,536,538,0,403,404,0,246,823,5,0
EDDF,2022-12-01,544,552,0,404,404,0,261,831,4,0
EDDF,2022-12-02,540,545,0,401,391,0,272,805,8,0
EDDF,2022-12-03,532,530,0,377,373,0,289,765,8,0
EDDF,2022-12-04,558,551,0,399,391,0,287,818,4,0
EDDF,2022-12-05,529,534,0,386,395,0,259,800,4,0
EDDF,2022-12-06,510,498,0,377,365,0,228,772,8,0
EDDF,2022-12-07,537,538,0,399,400,0,257,799,19,0
EDDF,2022-12-08,543,552,0,404,404,0,268,813,14,0
EDDF,2022-12-09,547,554,0,402,398,0,279,812,10,0
EDDF,2022-12-10,525,515,0,369,361,0,280,755,5,0
EDDF,2022-12-11,544,535,0,387,378,0,279,789,11,0
EDDF,2022-12-12,523,526,0,375,379,0,272,765,12,0
EDDF,2022-12-13,496,504,0,362,368,0,229,764,7,0
EDDF,2022-12-14,449,439,0,316,303,0,249,622,17,0
EDDF,2022-12-15,492,474,0,349,335,0,255,700,11,0
EDDF,2022-12-16,451,486,0,308,327,4,269,646,18,0
EDDF,2022-12-17,481,460,0,329,304,0,281,651,9,0
EDDF,2022-12-18,480,477,0,324,324,0,270,680,7,0
EDDF,2022-12-19,417,406,0,268,264,0,270,548,5,0
EDDF,2022-12-20,452,473,0,319,329,0,244,673,8,0
EDDF,2022-12-21,509,512,0,372,375,0,257,758,6,0
EDDF,2022-12-22,517,522,0,378,374,0,261,772,6,0
EDDF,2022-12-23,503,510,0,362,360,0,261,748,4,0
EDDF,2022-12-24,464,408,0,319,263,0,265,601,6,0
EDDF,2022-12-25,369,381,0,230,241,0,251,491,8,0
EDDF,2022-12-26,420,437,0,285,306,0,243,606,8,0
EDDF,2022-12-27,414,414,0,291,285,0,208,619,1,0
EDDF,2022-12-28,444,456,0,315,319,0,238,659,3,0
EDDF,2022-12-29,452,453,0,316,316,0,248,654,3,0
EDDF,2022-12-30,458,443,0,322,301,0,238,661,2,0
EDDF,2022-12-31,404,368,0,267,239,0,245,527,0,0
EDDF,2023-01-01,381,422,0,248,288,0,239,560,4,0
EDDF,2023-01-02,492,504,0,359,369,0,241,753,2,0
EDDF,2023-01-03,467,457,0,341,332,0,213,708,3,0
EDDF,2023-01-04,482,499,0,360,365,0,240,735,6,0
EDDF,2023-01-05,497,497,0,361,356,0,250,740,4,0
EDDF,2023-01-06,512,517,0,372,367,0,257,769,3,0
EDDF,2023-01-07,517,512,0,367,357,0,277,744,8,0
EDDF,2023-01-08,534,532,0,380,381,0,271,791,4,0
EDDF,2023-01-09,511,508,0,368,375,0,256,761,2,0
EDDF,2023-01-10,472,461,0,342,330,0,222,700,11,0
EDDF,2023-01-11,478,491,0,353,361,0,241,711,17,0
EDDF,2023-01-12,486,489,0,349,343,0,260,708,7,0
EDDF,2023-01-13,493,504,0,353,350,0,267,727,3,0
EDDF,2023-01-14,500,489,0,345,335,0,280,703,6,0
EDDF,2023-01-15,505,500,0,351,349,0,275,725,5,0
EDDF,2023-01-16,499,495,0,355,358,0,264,720,10,0
EDDF,2023-01-17,449,444,0,319,315,0,221,665,7,0
EDDF,2023-01-18,466,468,0,337,338,0,247,681,6,0
EDDF,2023-01-19,482,486,0,343,342,0,259,697,12,0
EDDF,2023-01-20,486,479,0,350,330,0,257,701,7,0
EDDF,2023-01-21,448,455,0,297,301,0,283,618,2,0
EDDF,2023-01-22,486,482,0,332,331,0,281,682,5,0
EDDF,2023-01-23,468,471,0,328,341,0,261,675,3,0
EDDF,2023-01-24,438,431,0,313,309,0,221,641,7,0
EDDF,2023-01-25,444,453,0,326,327,0,237,649,11,0
EDDF,2023-01-26,477,474,0,341,336,0,258,682,11,0
EDDF,2023-01-27,473,486,0,341,340,0,257,695,7,0
EDDF,2023-01-28,473,469,0,329,320,0,262,676,4,0
EDDF,2023-01-29,502,499,0,349,349,0,274,722,5,0
EDDF,2023-01-30,463,465,0,331,330,0,252,669,7,0
EDDF,2023-01-31,451,440,0,324,319,0,220,662,9,0
EDDF,2023-02-01,468,469,0,346,341,0,225,708,4,0
EDDF,2023-02-02,485,486,0,353,345,0,255,709,7,0
EDDF,2023-02-03,498,509,0,362,361,0,260,741,6,0
EDDF,2023-02-04,491,494,0,341,341,0,275,706,4,0
EDDF,2023-02-05,534,522,0,381,369,0,272,775,9,0
EDDF,2023-02-06,502,509,0,358,371,0,265,739,7,0
EDDF,2023-02-07,477,465,0,350,345,0,219,709,14,0
EDDF,2023-02-08,472,482,0,356,355,0,225,719,10,0
EDDF,2023-02-09,495,507,0,358,360,0,258,741,3,0
EDDF,2023-02-10,516,518,0,379,371,2,269,758,5,0
EDDF,2023-02-11,516,513,0,365,360,0,278,748,3,0
EDDF,2023-02-12,525,514,0,370,359,0,274,762,3,0
EDDF,2023-02-13,502,500,0,356,361,0,260,728,14,0
EDDF,2023-02-14,471,462,0,342,332,0,228,696,9,0
EDDF,2023-02-15,382,389,0,262,259,0,240,518,13,0
EDDF,2023-02-16,497,519,0,358,370,0,272,735,9,0
EDDF,2023-02-17,6,4,0,4,4,0,8,0,2,0
EDDF,2023-02-18,547,549,0,384,372,0,327,765,4,0
EDDF,2023-02-19,546,531,0,382,378,0,283,789,5,0
EDDF,2023-02-20,526,527,0,381,381,0,283,764,6,0
EDDF,2023-02-21,496,480,0,366,350,0,231,732,13,0
EDDF,2023-02-22,508,523,0,382,391,0,250,764,17,0
EDDF,2023-02-23,517,519,0,380,372,0,269,756,11,0
EDDF,2023-02-24,521,524,0,379,374,0,273,760,12,0
EDDF,2023-02-25,521,522,0,370,368,0,282,754,7,0
EDDF,2023-02-26,556,538,0,400,384,0,272,806,16,0
EDDF,2023-02-27,526,530,0,377,386,0,270,777,9,0
EDDF,2023-02-28,487,488,0,356,353,0,227,741,7,0
EDDF,2023-03-01,521,523,0,394,386,2,247,784,11,0
EDDF,2023-03-02,532,543,0,387,390,0,264,795,16,0
EDDF,2023-03-03,548,545,0,403,392,0,275,802,16,0
EDDF,2023-03-04,522,529,0,368,370,0,278,765,8,0
EDDF,2023-03-05,557,542,0,392,382,0,281,811,7,0
EDDF,2023-03-06,522,514,0,368,373,0,272,760,4,0
EDDF,2023-03-07,484,473,0,356,346,0,224,719,14,0
EDDF,2023-03-08,492,498,0,367,362,0,248,727,15,0
EDDF,2023-03-09,526,544,0,382,391,2,283,774,11,0
EDDF,2023-03-10,524,527,0,382,376,0,268,777,6,0
EDDF,2023-03-11,533,539,0,374,376,0,292,776,4,0
EDDF,2023-03-12,540,525,0,379,366,0,276,785,4,0
EDDF,2023-03-13,512,504,0,365,363,0,280,731,5,0
EDDF,2023-03-14,498,501,0,367,367,0,232,757,10,0
EDDF,2023-03-15,539,550,0,407,411,4,253,821,11,0
EDDF,2023-03-16,539,542,0,396,393,0,272,806,3,0
EDDF,2023-03-17,555,551,0,406,392,0,284,814,8,0
EDDF,2023-03-18,537,537,0,380,377,0,288,783,3,0
EDDF,2023-03-19,549,541,0,392,388,0,276,810,4,0
EDDF,2023-03-20,539,545,0,389,399,0,281,790,13,0
EDDF,2023-03-21,499,487,0,365,355,0,232,749,5,0
EDDF,2023-03-22,524,526,0,396,390,0,252,789,9,0
EDDF,2023-03-23,537,543,0,392,392,0,270,800,10,0
EDDF,2023-03-24,539,544,0,392,385,0,281,796,6,0
EDDF,2023-03-25,516,521,0,360,364,0,287,744,6,0
EDDF,2023-03-26,566,573,0,402,400,0,289,840,10,0
EDDF,2023-03-27,10,7,0,10,6,0,4,11,2,0
EDDF,2023-03-28,564,558,0,396,395,0,304,814,4,0
EDDF,2023-03-29,576,581,0,426,429,0,268,879,10,0
EDDF,2023-03-30,582,568,0,435,412,0,271,869,10,0
EDDF,2023-03-31,574,588,0,419,419,0,282,864,16,0
EDDF,2023-04-01,602,594,0,432,420,0,308,879,9,0
EDDF,2023-04-02,590,591,0,417,424,0,284,890,7,0
EDDF,2023-04-03,584,582,0,430,429,0,269,892,5,0
EDDF,2023-04-04,561,554,0,419,416,0,244,861,10,0
EDDF,2023-04-05,579,580,0,437,432,0,258,897,4,0
EDDF,2023-04-06,593,601,0,447,446,0,265,923,6,0
EDDF,2023-04-07,600,602,0,443,432,0,286,906,10,0
EDDF,2023-04-08,592,587,0,425,415,0,300,875,4,0
EDDF,2023-04-09,600,595,0,432,432,0,284,905,6,0
EDDF,2023-04-10,581,592,0,429,441,0,265,905,3,0
EDDF,2023-04-11,565,555,0,424,419,0,239,871,10,0
EDDF,2023-04-12,570,574,0,430,431,0,252,886,6,0
EDDF,2023-04-13,583,590,0,440,436,0,269,896,8,0
EDDF,2023-04-14,599,597,0,447,434,0,279,910,7,0
EDDF,2023-04-15,606,605,0,444,436,0,296,912,3,0
EDDF,2023-04-16,608,603,0,447,442,0,274,932,5,0
EDDF,2023-04-17,590,593,0,434,442,0,274,905,4,0
EDDF,2023-04-18,572,569,0,433,429,0,244,881,16,0
EDDF,2023-04-19,588,593,0,446,447,0,265,913,3,0
EDDF,2023-04-20,594,594,0,447,442,0,275,902,11,0
EDDF,2023-04-21,607,596,0,457,428,0,287,902,14,0
EDDF,2023-04-22,600,613,0,439,448,0,289,920,4,0
EDDF,2023-04-23,624,608,0,455,442,0,293,934,5,0
EDDF,2023-04-24,586,593,0,430,440,0,279,891,9,0
EDDF,2023-04-25,572,554,0,429,417,0,251,868,7,0
EDDF,2023-04-26,570,589,0,429,433,0,268,879,12,0
EDDF,2023-04-27,608,604,0,452,447,2,285,910,15,0
EDDF,2023-04-28,602,609,0,453,444,0,285,906,20,0
EDDF,2023-04-29,608,606,0,442,441,4,299,906,5,0
EDDF,2023-04-30,627,619,0,463,452,0,298,944,4,0
EDDF,2023-05-01,588,591,0,430,439,2,266,908,3,0
EDDF,2023-05-02,576,572,0,431,431,0,244,897,7,0
EDDF,2023-05-03,592,610,0,445,451,0,266,926,10,0
EDDF,2023-05-04,619,611,0,468,454,0,286,940,4,0
EDDF,2023-05-05,620,619,0,470,454,0,281,958,0,0
EDDF,2023-05-06,631,631,0,463,458,0,291,966,5,0
EDDF,2023-05-07,628,627,0,466,462,0,292,959,4,0
EDDF,2023-05-08,623,617,0,463,461,2,278,956,4,0
EDDF,2023-05-09,575,575,0,433,436,0,248,897,5,0
EDDF,2023-05-10,615,620,0,467,461,0,271,948,16,0
EDDF,2023-05-11,625,628,0,473,472,0,280,959,14,0
EDDF,2023-05-12,649,650,0,496,481,0,296,991,12,0
EDDF,2023-05-13,633,637,0,467,465,0,292,971,7,0
EDDF,2023-05-14,660,653,0,488,483,0,309,999,5,0
EDDF,2023-05-15,627,619,0,470,465,0,278,965,3,0
EDDF,2023-05-16,552,547,0,410,404,0,253,830,16,0
EDDF,2023-05-17,565,575,0,412,409,0,283,843,14,0
EDDF,2023-05-18,577,584,0,428,424,0,277,881,3,0
EDDF,2023-05-19,575,568,0,422,405,0,293,849,1,0
EDDF,2023-05-20,574,579,0,407,407,0,298,853,2,0
EDDF,2023-05-21,613,600,0,445,427,0,309,897,7,0
EDDF,2023-05-22,558,563,0,394,403,0,287,826,8,0
EDDF,2023-05-23,580,573,0,431,421,4,257,884,8,0
EDDF,2023-05-24,606,614,0,446,445,0,287,922,11,0
EDDF,2023-05-25,583,583,0,430,422,0,288,864,14,0
EDDF,2023-05-26,608,606,0,452,443,0,292,907,15,0
EDDF,2023-05-27,599,602,0,430,424,0,309,882,10,0
EDDF,2023-05-28,613,601,0,437,428,0,302,904,8,0
EDDF,2023-05-29,599,607,0,430,443,0,294,904,8,0
EDDF,2023-05-30,580,575,0,430,423,0,260,888,7,0
EDDF,2023-05-31,598,601,0,440,434,0,279,913,7,0
EDDF,2023-06-01,619,643,0,460,475,4,295,960,3,0
EDDF,2023-06-02,674,668,0,510,493,0,304,1027,11,0
EDDF,2023-06-03,652,648,0,479,468,0,314,974,12,0
EDDF,2023-06-04,647,653,0,468,469,0,318,977,5,0
EDDF,2023-06-05,648,636,0,476,477,0,296,988,0,0
EDDF,2023-06-06,622,621,0,472,471,0,258,981,4,0
EDDF,2023-06-07,658,669,0,504,496,0,291,1018,18,0
EDDF,2023-06-08,617,613,0,452,445,0,290,938,2,0
EDDF,2023-06-09,657,663,0,490,491,0,301,1014,5,0
EDDF,2023-06-10,650,644,0,479,471,0,306,979,9,0
EDDF,2023-06-11,677,675,0,497,495,0,309,1032,11,0
EDDF,2023-06-12,660,653,0,491,491,0,296,1001,16,0
EDDF,2023-06-13,631,640,0,475,480,6,265,993,7,0
EDDF,2023-06-14,649,654,0,485,482,1,292,1001,9,0
EDDF,2023-06-15,641,646,0,480,478,1,287,991,8,0
EDDF,2023-06-16,670,670,0,506,494,0,301,1032,7,0
EDDF,2023-06-17,658,648,0,485,471,0,315,989,2,0
EDDF,2023-06-18,666,672,0,484,482,0,324,1008,6,0
EDDF,2023-06-19,651,650,0,477,481,0,305,991,5,0
EDDF,2023-06-20,622,599,0,467,443,0,273,931,17,0
EDDF,2023-06-21,638,666,0,469,486,0,304,985,15,0
EDDF,2023-06-22,591,588,0,427,418,0,290,874,15,0
EDDF,2023-06-23,655,654,0,488,479,0,303,992,14,0
EDDF,2023-06-24,647,639,0,472,460,0,312,965,9,0
EDDF,2023-06-25,671,676,0,492,493,0,319,1012,16,0
EDDF,2023-06-26,663,665,0,489,495,0,308,1007,13,0
EDDF,2023-06-27,631,624,0,475,470,0,269,979,7,0
EDDF,2023-06-28,651,657,0,491,485,0,292,1009,7,0
EDDF,2023-06-29,659,651,0,491,484,2,293,1002,13,0
EDDF,2023-06-30,660,664,0,493,484,0,308,1006,10,0
EDDF,2023-07-01,657,661,0,482,475,0,320,995,3,0
EDDF,2023-07-02,675,677,0,490,492,0,325,1021,6,0
EDDF,2023-07-03,663,664,0,486,492,0,312,1011,4,0
EDDF,2023-07-04,632,627,0,466,465,0,273,984,2,0
EDDF,2023-07-05,658,662,0,488,480,0,306,1003,11,0
EDDF,2023-07-06,662,662,0,495,488,0,303,1003,18,0
EDDF,2023-07-07,680,684,0,509,500,0,315,1036,13,0
EDDF,2023-07-08,660,654,0,479,470,0,322,985,7,0
EDDF,2023-07-09,683,678,0,500,491,2,334,1022,3,0
EDDF,2023-07-10,659,670,0,481,497,0,308,1011,10,0
EDDF,2023-07-11,611,603,0,448,443,0,280,924,10,0
EDDF,2023-07-12,645,652,0,475,472,0,304,984,9,0
EDDF,2023-07-13,653,656,0,486,482,0,306,994,9,0
EDDF,2023-07-14,674,674,0,502,496,0,315,1023,10,0
EDDF,2023-07-15,605,598,0,427,417,0,311,885,7,0
EDDF,2023-07-16,668,674,0,487,488,0,327,1013,2,0
EDDF,2023-07-17,671,665,0,492,491,0,322,1006,8,0
EDDF,2023-07-18,634,635,0,468,469,0,283,976,10,0
EDDF,2023-07-19,671,673,0,498,490,2,313,1022,7,0
EDDF,2023-07-20,659,661,0,493,485,0,304,1006,10,0
EDDF,2023-07-21,679,679,0,505,494,0,323,1027,8,0
EDDF,2023-07-22,656,659,0,477,475,0,311,1000,4,0
EDDF,2023-07-23,676,673,0,495,487,0,328,1016,5,0
EDDF,2023-07-24,637,634,0,459,463,0,311,954,6,0
EDDF,2023-07-25,626,618,0,457,452,0,289,950,5,0
EDDF,2023-07-26,654,653,0,485,476,0,307,995,5,0
EDDF,2023-07-27,646,651,0,482,479,0,296,988,13,0
EDDF,2023-07-28,662,665,0,496,487,0,305,1013,9,0
EDDF,2023-07-29,628,630,0,448,444,0,315,936,7,0
EDDF,2023-07-30,672,664,0,490,479,0,327,1005,4,0
EDDF,2023-07-31,655,659,0,480,487,1,308,1001,4,0
EDDF,2023-08-01,620,623,0,456,455,4,286,945,8,0
EDDF,2023-08-02,653,653,0,477,476,1,310,982,13,0
EDDF,2023-08-03,647,646,0,480,471,0,308,979,6,0
EDDF,2023-08-04,672,665,0,497,486,0,317,1014,6,0
EDDF,2023-08-05,650,652,0,470,467,0,316,981,5,0
EDDF,2023-08-06,672,668,0,493,487,0,324,1005,11,0
EDDF,2023-08-07,645,653,0,475,475,0,315,978,5,0
EDDF,2023-08-08,637,630,0,463,464,0,291,959,17,0
EDDF,2023-08-09,649,652,0,479,475,0,310,987,4,0
EDDF,2023-08-10,637,648,0,477,476,2,298,984,1,0
EDDF,2023-08-11,670,666,0,496,489,0,312,1020,4,0
EDDF,2023-08-12,639,638,0,462,455,0,311,964,2,0
EDDF,2023-08-13,670,663,0,490,484,0,318,1010,5,0
EDDF,2023-08-14,648,646,0,477,476,0,297,990,7,0
EDDF,2023-08-15,615,610,0,448,446,0,285,936,4,0
EDDF,2023-08-16,593,554,0,426,399,0,276,868,3,0
EDDF,2023-08-17,571,603,0,419,424,2,305,863,4,0
EDDF,2023-08-18,646,661,0,478,482,0,304,1001,2,0
EDDF,2023-08-19,643,648,0,468,463,0,315,975,1,0
EDDF,2023-08-20,674,670,0,494,492,0,316,1023,5,0
EDDF,2023-08-21,641,646,0,473,478,0,298,982,7,0
EDDF,2023-08-22,623,621,0,458,454,0,284,956,4,0
EDDF,2023-08-23,658,655,0,485,482,0,300,1002,11,0
EDDF,2023-08-24,629,624,0,469,455,0,295,952,6,0
EDDF,2023-08-25,628,627,0,464,451,2,302,939,12,0
EDDF,2023-08-26,648,657,0,473,470,0,321,974,10,0
EDDF,2023-08-27,674,666,0,490,484,2,321,1007,10,0
EDDF,2023-08-28,633,640,0,461,468,0,303,960,10,0
EDDF,2023-08-29,647,645,0,478,476,0,286,996,10,0
EDDF,2023-08-30,668,664,0,497,486,0,302,1019,11,0
EDDF,2023-08-31,652,664,0,491,495,2,297,1005,12,0
EDDF,2023-09-01,674,665,0,504,492,0,304,1021,14,0
EDDF,2023-09-02,650,658,0,478,469,0,313,985,10,0
EDDF,2023-09-03,685,684,0,501,498,0,330,1026,13,0
EDDF,2023-09-04,666,667,0,496,497,0,304,1027,2,0
EDDF,2023-09-05,647,641,0,481,478,0,287,990,11,0
EDDF,2023-09-06,659,667,0,490,488,0,305,1015,6,0
EDDF,2023-09-07,659,651,0,495,480,0,306,997,7,0
EDDF,2023-09-08,669,669,0,500,490,0,311,1016,11,0
EDDF,2023-09-09,655,657,0,478,468,0,323,980,9,0
EDDF,2023-09-10,690,686,0,510,508,0,317,1048,11,0
EDDF,2023-09-11,668,669,0,493,495,0,314,1017,6,0
EDDF,2023-09-12,645,621,0,481,458,0,283,978,5,0
EDDF,2023-09-13,650,672,0,476,491,0,311,996,15,0
EDDF,2023-09-14,672,680,0,505,506,0,314,1030,8,0
EDDF,2023-09-15,688,687,0,517,506,0,309,1054,12,0
EDDF,2023-09-16,657,652,0,484,471,0,320,982,7,0
EDDF,2023-09-17,678,674,0,501,495,0,325,1026,1,0
EDDF,2023-09-18,650,651,0,477,479,0,312,982,7,0
EDDF,2023-09-19,647,640,0,485,480,0,284,994,9,0
EDDF,2023-09-20,664,681,0,501,501,0,304,1030,11,0
EDDF,2023-09-21,648,647,0,482,475,0,310,978,7,0
EDDF,2023-09-22,662,655,0,498,480,0,310,997,10,0
EDDF,2023-09-23,652,652,0,479,470,0,318,980,6,0
EDDF,2023-09-24,678,673,0,495,496,0,332,1011,8,0
EDDF,2023-09-25,653,663,0,489,497,0,305,1007,4,0
EDDF,2023-09-26,641,640,0,480,477,0,281,993,7,0
EDDF,2023-09-27,663,670,0,494,494,0,309,1018,6,0
EDDF,2023-09-28,663,641,0,499,475,0,299,1000,5,0
EDDF,2023-09-29,644,658,0,475,481,2,310,973,17,0
EDDF,2023-09-30,651,654,0,478,470,0,322,975,8,0
EDDF,2023-10-01,687,682,0,504,504,0,322,1037,10,0
EDDF,2023-10-02,660,667,0,491,499,0,304,1017,6,0
EDDF,2023-10-03,632,630,0,473,471,0,276,975,11,0
EDDF,2023-10-04,672,677,0,508,503,0,289,1048,12,0
EDDF,2023-10-05,672,673,0,506,505,0,301,1036,8,0
EDDF,2023-10-06,680,676,0,517,499,0,306,1040,10,0
EDDF,2023-10-07,657,655,0,481,479,0,312,993,7,0
EDDF,2023-10-08,692,680,0,512,501,0,320,1041,11,0
EDDF,2023-10-09,666,662,0,500,497,0,297,1023,8,0
EDDF,2023-10-10,635,636,0,476,475,2,273,989,7,0
EDDF,2023-10-11,663,675,0,500,498,0,297,1030,11,0
EDDF,2023-10-12,660,664,0,496,496,0,304,1009,11,0
EDDF,2023-10-13,678,676,0,514,497,0,310,1032,12,0
EDDF,2023-10-14,658,652,0,489,478,0,323,983,4,0
EDDF,2023-10-15,686,682,0,510,508,0,311,1046,11,0
EDDF,2023-10-16,657,665,0,490,498,0,300,1015,7,0
EDDF,2023-10-17,631,628,0,475,473,0,270,982,7,0
EDDF,2023-10-18,666,664,0,502,491,0,301,1019,10,0
EDDF,2023-10-19,654,657,0,500,493,0,300,1001,10,0
EDDF,2023-10-20,672,663,0,509,490,0,306,1011,18,0
EDDF,2023-10-21,641,647,0,471,475,0,315,968,5,0
EDDF,2023-10-22,676,677,0,504,501,0,309,1037,7,0
EDDF,2023-10-23,643,645,0,477,480,0,303,978,7,0
EDDF,2023-10-24,625,627,0,472,471,0,281,964,7,0
EDDF,2023-10-25,674,669,0,508,497,2,291,1042,8,0
EDDF,2023-10-26,650,649,0,490,486,0,298,999,2,0
EDDF,2023-10-27,666,669,0,511,495,0,295,1029,11,0
EDDF,2023-10-28,652,663,0,482,487,0,316,993,6,0
EDDF,2023-10-29,660,638,0,484,475,0,296,995,7,0
EDDF,2023-10-30,618,617,0,460,461,0,292,937,6,0
EDDF,2023-10-31,590,582,0,439,432,0,272,889,11,0
EDDF,2023-11-01,605,620,0,450,462,2,275,941,7,0
EDDF,2023-11-02,592,593,0,440,434,0,288,891,6,0
EDDF,2023-11-03,628,625,0,468,463,0,284,964,5,0
EDDF,2023-11-04,588,581,0,423,409,0,301,862,6,0
EDDF,2023-11-05,616,622,0,444,451,0,306,920,12,0
EDDF,2023-11-06,624,624,0,466,471,0,290,942,16,0
EDDF,2023-11-07,577,568,0,428,420,0,272,856,17,0
EDDF,2023-11-08,607,621,0,454,460,0,281,940,7,0
EDDF,2023-11-09,588,591,0,438,433,0,284,889,6,0
EDDF,2023-11-10,632,624,0,466,460,0,293,948,15,0
EDDF,2023-11-11,566,561,0,406,398,0,291,832,4,0
EDDF,2023-11-12,615,616,0,442,442,0,306,913,12,0
EDDF,2023-11-13,602,606,0,443,451,0,294,903,11,0
EDDF,2023-11-14,561,558,0,417,410,0,263,850,6,0
EDDF,2023-11-15,613,618,0,459,461,0,282,939,10,0
EDDF,2023-11-16,583,586,0,439,430,2,277,888,2,0
EDDF,2023-11-17,620,618,0,460,455,0,284,937,17,0
EDDF,2023-11-18,556,555,0,399,390,0,287,819,5,0
EDDF,2023-11-19,593,594,0,424,426,0,299,884,4,0
EDDF,2023-11-20,589,596,0,432,443,0,299,885,1,0
EDDF,2023-11-21,567,559,0,421,412,0,266,853,7,0
EDDF,2023-11-22,585,592,0,436,444,0,275,896,6,0
EDDF,2023-11-23,587,580,0,440,427,0,278,882,7,0
EDDF,2023-11-24,609,610,0,454,447,0,286,918,15,0
EDDF,2023-11-25,556,555,0,399,391,0,295,808,8,0
EDDF,2023-11-26,599,599,0,429,429,0,305,887,6,0
EDDF,2023-11-27,544,488,0,387,349,0,271,753,8,0
EDDF,2023-11-28,494,538,0,350,381,0,277,748,7,0
EDDF,2023-11-29,580,594,0,432,442,0,274,891,9,0
EDDF,2023-11-30,568,574,0,420,416,0,282,848,12,0
EDDF,2023-12-01,583,566,0,427,408,0,284,858,7,0
EDDF,2023-12-02,526,519,0,349,349,0,313,722,10,0
EDDF,2023-12-03,578,590,0,405,417,0,313,848,7,0
EDDF,2023-12-04,519,505,0,364,362,0,287,729,8,0
EDDF,2023-12-05,518,534,0,381,389,0,254,790,8,0
EDDF,2023-12-06,594,605,0,443,452,0,277,914,8,0
EDDF,2023-12-07,570,563,0,427,410,0,276,839,18,0
EDDF,2023-12-08,524,535,0,373,377,0,284,766,9,0
EDDF,2023-12-09,554,546,0,397,381,2,297,794,7,0
EDDF,2023-12-10,591,587,0,421,420,0,297,874,7,0
EDDF,2023-12-11,577,584,0,426,434,0,289,867,5,0
EDDF,2023-12-12,559,547,0,414,404,0,267,832,7,0
EDDF,2023-12-13,592,602,0,441,448,0,278,908,8,0
EDDF,2023-12-14,578,584,0,433,423,0,279,874,9,0
EDDF,2023-12-15,619,610,0,457,450,0,284,940,5,0
EDDF,2023-12-16,557,556,0,401,389,0,287,818,8,0
EDDF,2023-12-17,596,592,0,423,425,0,294,884,10,0
EDDF,2023-12-18,572,577,0,419,424,0,294,843,12,0
EDDF,2023-12-19,566,561,0,417,409,0,273,836,18,0
EDDF,2023-12-20,601,603,0,440,443,0,281,916,7,0
EDDF,2023-12-21,556,555,0,404,390,0,289,817,5,0
EDDF,2023-12-22,597,599,0,430,434,0,294,883,19,0
EDDF,2023-12-23,541,539,0,376,372,0,291,783,6,0
EDDF,2023-12-24,479,412,0,318,264,0,282,607,2,0
EDDF,2023-12-25,373,402,0,237,267,0,252,518,5,0
EDDF,2023-12-26,437,450,0,306,316,0,236,648,3,0
EDDF,2023-12-27,494,507,0,347,356,0,257,738,6,0
EDDF,2023-12-28,487,494,0,352,342,0,252,724,5,0
EDDF,2023-12-29,516,518,0,362,365,0,256,776,2,0
EDDF,2023-12-30,496,480,0,348,330,0,264,708,4,0
EDDF,2023-12-31,451,411,0,300,259,0,266,591,5,0
EDDF,2024-01-01,407,461,0,272,322,0,252,611,5,0
EDDF,2024-01-02,499,494,0,359,353,0,256,735,2,0
EDDF,2024-01-03,515,528,0,366,375,0,262,779,2,0
EDDF,2024-01-04,531,533,0,383,379,0,270,792,2,0
EDDF,2024-01-05,551,546,0,392,383,0,273,815,9,0
EDDF,2024-01-06,528,526,0,369,359,0,289,758,7,0
EDDF,2024-01-07,549,554,0,381,388,0,288,806,9,0
EDDF,2024-01-08,541,550,0,389,396,0,285,798,8,0
EDDF,2024-01-09,510,498,0,362,351,0,270,732,6,0
EDDF,2024-01-10,525,536,0,378,386,0,275,783,3,0
EDDF,2024-01-11,528,529,0,388,375,0,269,782,6,0
EDDF,2024-01-12,552,548,0,392,388,0,285,808,7,0
EDDF,2024-01-13,501,497,0,348,334,0,286,710,2,0
EDDF,2024-01-14,551,543,0,380,375,0,289,804,1,0
EDDF,2024-01-15,512,516,0,362,367,0,276,748,4,0
EDDF,2024-01-16,481,481,0,344,342,0,261,697,4,0
EDDF,2024-01-17,182,136,0,91,70,0,129,187,2,0
EDDF,2024-01-18,347,390,0,233,250,0,234,486,17,0
EDDF,2024-01-19,523,530,0,376,375,0,274,775,4,0
EDDF,2024-01-20,497,492,0,340,331,0,288,697,4,0
EDDF,2024-01-21,526,523,0,360,359,0,288,756,5,0
EDDF,2024-01-22,516,520,0,366,376,2,275,753,6,0
EDDF,2024-01-23,484,478,0,343,339,0,264,692,6,0
EDDF,2024-01-24,498,514,0,362,368,2,268,741,1,0
EDDF,2024-01-25,523,515,0,382,369,0,268,760,10,0
EDDF,2024-01-26,537,534,0,390,385,0,269,796,6,0
EDDF,2024-01-27,509,501,0,353,336,0,294,713,3,0
EDDF,2024-01-28,532,539,0,364,372,0,289,777,5,0
EDDF,2024-01-29,530,527,0,372,381,0,277,771,9,0
EDDF,2024-01-30,489,489,0,350,349,0,264,704,10,0
EDDF,2024-01-31,519,539,0,375,388,0,268,781,9,0
EDDF,2024-02-01,400,386,0,306,298,0,195,578,13,0
EDDF,2024-02-02,557,567,0,399,396,0,303,816,5,0
EDDF,2024-02-03,514,509,0,363,348,0,285,736,2,0
EDDF,2024-02-04,539,542,0,373,378,0,283,785,13,0
EDDF,2024-02-05,525,521,0,378,383,0,271,775,0,0
EDDF,2024-02-06,509,485,0,372,357,0,251,734,9,0
EDDF,2024-02-07,307,273,0,185,171,0,212,357,11,0
EDDF,2024-02-08,465,533,0,361,383,0,236,757,5,0
EDDF,2024-02-09,557,551,0,399,398,0,268,822,18,0
EDDF,2024-02-10,518,518,0,373,356,0,283,749,4,0
EDDF,2024-02-11,560,568,0,390,397,0,292,834,2,0
EDDF,2024-02-12,552,543,0,400,404,0,275,819,1,0
EDDF,2024-02-13,523,516,0,385,381,0,258,778,3,0
EDDF,2024-02-14,549,560,0,411,412,0,260,840,9,0
EDDF,2024-02-15,559,567,0,423,419,2,264,853,7,0
EDDF,2024-02-16,590,588,0,433,431,0,274,897,7,0
EDDF,2024-02-17,542,531,0,387,374,0,285,777,11,0
EDDF,2024-02-18,575,572,0,409,410,0,278,861,8,0
EDDF,2024-02-19,525,511,0,379,371,0,264,771,1,0
EDDF,2024-02-20,255,230,0,145,138,0,191,285,9,0
EDDF,2024-02-21,484,528,0,377,392,0,224,778,10,0
EDDF,2024-02-22,550,549,0,418,407,0,252,840,7,0
EDDF,2024-02-23,579,587,0,430,430,0,275,886,5,0
EDDF,2024-02-24,547,537,0,393,381,0,279,799,6,0
EDDF,2024-02-25,568,577,0,411,416,0,272,861,12,0
EDDF,2024-02-26,576,572,0,426,427,0,274,866,8,0
EDDF,2024-02-27,536,521,0,397,383,0,254,801,2,0
EDDF,2024-02-28,568,574,0,427,431,0,262,870,10,0
EDDF,2024-02-29,564,568,0,428,422,0,260,860,12,0
EDDF,2024-03-01,587,593,0,443,439,0,270,900,10,0
EDDF,2024-03-02,551,541,0,395,383,0,276,811,5,0
EDDF,2024-03-03,582,586,0,412,416,0,280,883,5,0
EDDF,2024-03-04,586,587,0,434,437,0,274,894,5,0
EDDF,2024-03-05,563,556,0,421,413,0,263,845,11,0
EDDF,2024-03-06,563,556,0,418,412,0,265,846,8,0
EDDF,2024-03-07,241,194,0,137,134,0,162,265,8,0
EDDF,2024-03-08,256,271,0,156,152,0,199,318,10,0
EDDF,2024-03-09,435,479,0,315,321,0,245,663,6,0
EDDF,2024-03-10,577,585,0,413,413,0,289,870,3,0
EDDF,2024-03-11,575,569,0,423,423,0,274,864,6,0
EDDF,2024-03-12,274,246,0,158,149,0,211,299,10,0
EDDF,2024-03-13,553,590,0,420,436,0,265,870,8,0
EDDF,2024-03-14,564,574,0,420,411,0,275,848,15,0
EDDF,2024-03-15,608,598,0,454,439,0,286,917,3,0
EDDF,2024-03-16,561,558,0,404,395,0,285,828,6,0
EDDF,2024-03-17,590,588,0,420,420,0,285,885,8,0
EDDF,2024-03-18,582,590,0,430,439,0,272,893,7,0
EDDF,2024-03-19,573,552,0,421,403,0,272,844,9,0
EDDF,2024-03-20,595,607,0,445,454,0,276,919,7,0
EDDF,2024-03-21,586,587,0,431,422,0,283,882,8,0
EDDF,2024-03-22,621,623,0,463,456,0,288,947,9,0
EDDF,2024-03-23,576,582,0,414,411,0,298,854,6,0
EDDF,2024-03-24,613,603,0,436,431,0,298,909,9,0
EDDF,2024-03-25,593,599,0,438,445,0,274,912,6,0
EDDF,2024-03-26,578,567,0,429,416,0,269,868,8,0
EDDF,2024-03-27,601,607,0,446,455,0,280,920,8,0
EDDF,2024-03-28,582,592,0,430,425,0,284,886,4,0
EDDF,2024-03-29,608,603,0,448,440,0,283,920,8,0
EDDF,2024-03-30,582,577,0,422,403,0,296,862,1,0
EDDF,2024-03-31,629,624,0,456,451,0,303,939,11,0
EDDF,2024-04-01,603,611,0,440,449,0,286,926,2,0
EDDF,2024-04-02,594,597,0,439,445,0,271,912,8,0
EDDF,2024-04-03,624,627,0,467,465,0,283,963,5,0
EDDF,2024-04-04,624,627,0,466,462,0,289,957,5,0
EDDF,2024-04-05,642,635,0,482,471,0,291,976,10,0
EDDF,2024-04-06,634,636,0,468,459,0,301,962,7,0
EDDF,2024-04-07,650,641,0,476,470,0,299,987,5,0
EDDF,2024-04-08,622,625,0,458,464,0,295,942,10,0
EDDF,2024-04-09,600,596,0,444,443,0,276,918,2,0
EDDF,2024-04-10,624,638,0,470,475,0,294,963,5,0
EDDF,2024-04-11,638,636,0,478,468,2,296,969,7,0
EDDF,2024-04-12,642,636,0,483,470,0,292,976,10,0
EDDF,2024-04-13,641,643,0,472,468,0,308,960,16,0
EDDF,2024-04-14,649,640,0,479,472,0,301,980,8,0
EDDF,2024-04-15,619,621,0,457,464,0,291,941,8,0
EDDF,2024-04-16,598,585,0,444,433,0,281,898,4,0
EDDF,2024-04-17,622,644,0,470,481,0,285,969,12,0
EDDF,2024-04-18,626,622,0,472,460,0,290,950,8,0
EDDF,2024-04-19,631,635,0,476,468,0,296,961,9,0
EDDF,2024-04-20,624,618,0,457,444,0,300,938,4,0
EDDF,2024-04-21,636,636,0,464,465,0,305,959,8,0
EDDF,2024-04-22,619,617,0,458,462,0,289,945,2,0
EDDF,2024-04-23,604,602,0,450,451,0,264,934,8,0
EDDF,2024-04-24,636,639,0,480,477,0,290,981,4,0
EDDF,2024-04-25,611,619,0,459,453,0,293,929,8,0
EDDF,2024-04-26,650,652,0,489,484,2,300,994,6,0
EDDF,2024-04-27,639,635,0,470,464,0,305,966,3,0
EDDF,2024-04-28,645,637,0,475,466,0,301,978,3,0
EDDF,2024-04-29,626,626,0,462,471,0,293,955,4,0
EDDF,2024-04-30,604,603,0,450,454,0,275,926,6,0
EDDF,2024-05-01,623,627,0,467,466,0,283,958,9,0
EDDF,2024-05-02,581,580,0,420,416,0,293,867,1,0
EDDF,2024-05-03,641,643,0,484,478,0,289,990,5,0
EDDF,2024-05-04,643,639,0,471,467,0,307,970,5,0
EDDF,2024-05-05,643,644,0,479,474,0,300,981,6,0
EDDF,2024-05-06,626,631,0,464,473,0,293,957,7,0
EDDF,2024-05-07,621,610,0,475,466,0,270,950,11,0
EDDF,2024-05-08,643,661,0,484,493,0,294,1000,10,0
EDDF,2024-05-09,645,638,0,481,474,0,298,976,9,0
EDDF,2024-05-10,642,646,0,488,480,0,286,998,4,0
EDDF,2024-05-11,646,638,0,473,465,0,308,971,5,0
EDDF,2024-05-12,659,658,0,496,485,0,299,1012,6,0
EDDF,2024-05-13,650,649,0,483,489,0,299,992,8,0
EDDF,2024-05-14,626,619,0,473,470,0,274,961,10,0
EDDF,2024-05-15,650,659,0,490,492,0,295,998,16,0
EDDF,2024-05-16,657,657,0,494,487,0,300,1004,10,0
EDDF,2024-05-17,664,672,0,507,501,0,287,1041,8,0
EDDF,2024-05-18,671,665,0,490,486,0,327,997,12,0
EDDF,2024-05-19,666,663,0,491,486,0,317,1002,10,0
EDDF,2024-05-20,643,647,0,475,483,2,305,974,9,0
EDDF,2024-05-21,629,620,0,470,463,0,282,962,5,0
EDDF,2024-05-22,653,663,0,490,498,0,296,1007,13,0
EDDF,2024-05-23,647,652,0,484,485,0,306,987,6,0
EDDF,2024-05-24,666,665,0,505,498,0,292,1031,8,0
EDDF,2024-05-25,650,651,0,476,470,0,320,975,6,0
EDDF,2024-05-26,656,652,0,482,478,0,313,990,5,0
EDDF,2024-05-27,649,649,0,480,489,0,306,984,8,0
EDDF,2024-05-28,620,607,0,460,449,0,282,940,5,0
EDDF,2024-05-29,665,672,0,498,498,0,304,1026,7,0
EDDF,2024-05-30,626,632,0,467,465,0,301,955,2,0
EDDF,2024-05-31,679,670,0,516,503,0,299,1043,7,0
EDDF,2024-06-01,668,670,0,488,481,0,325,1006,7,0
EDDF,2024-06-02,680,664,0,499,487,0,314,1022,8,0
EDDF,2024-06-03,660,666,0,491,500,0,304,1012,10,0
EDDF,2024-06-04,626,629,0,474,472,0,285,963,7,0
EDDF,2024-06-05,667,665,0,496,495,0,298,1026,8,0
EDDF,2024-06-06,651,666,0,489,493,0,309,998,10,0
EDDF,2024-06-07,671,669,0,506,499,0,307,1025,8,0
EDDF,2024-06-08,652,652,0,473,468,0,324,974,6,0
EDDF,2024-06-09,672,667,0,493,485,0,323,1014,2,0
EDDF,2024-06-10,670,663,0,495,498,0,313,1013,7,0
EDDF,2024-06-11,621,627,0,465,465,0,293,947,8,0
EDDF,2024-06-12,669,669,0,502,499,0,307,1022,9,0
EDDF,2024-06-13,662,668,0,496,496,0,314,1010,6,0
EDDF,2024-06-14,682,682,0,517,506,0,315,1034,15,0
EDDF,2024-06-15,664,664,0,483,476,0,334,991,3,0
EDDF,2024-06-16,680,674,0,504,493,0,321,1020,13,0
EDDF,2024-06-17,667,667,0,491,499,0,314,995,25,0
EDDF,2024-06-18,631,637,0,466,472,0,301,955,12,0
EDDF,2024-06-19,671,668,0,498,490,0,316,1015,8,0
EDDF,2024-06-20,683,683,0,517,505,0,319,1027,20,0
EDDF,2024-06-21,643,646,0,483,475,0,305,963,21,0
EDDF,2024-06-22,651,654,0,476,472,0,324,979,2,0
EDDF,2024-06-23,692,676,0,514,496,0,321,1028,19,0
EDDF,2024-06-24,665,680,0,485,504,2,318,1004,21,0
EDDF,2024-06-25,626,623,0,463,459,0,301,938,10,0
EDDF,2024-06-26,630,610,0,462,445,2,296,932,10,0
EDDF,2024-06-27,624,642,0,460,466,0,310,941,15,0
EDDF,2024-06-28,656,662,0,494,485,0,313,995,10,0
EDDF,2024-06-29,644,639,0,466,459,0,310,961,12,0
EDDF,2024-06-30,660,655,0,484,474,0,325,984,6,0
EDDF,2024-07-01,660,660,0,485,487,0,312,999,9,0
EDDF,2024-07-02,636,633,0,468,472,0,295,959,15,0
EDDF,2024-07-03,665,670,0,497,496,0,307,1015,13,0
EDDF,2024-07-04,650,660,0,488,485,0,308,996,6,0
EDDF,2024-07-05,679,684,0,514,504,0,312,1045,6,0
EDDF,2024-07-06,661,660,0,475,469,0,333,980,8,0
EDDF,2024-07-07,669,663,0,488,478,0,324,1004,4,0
EDDF,2024-07-08,666,663,0,487,494,0,311,1008,10,0
EDDF,2024-07-09,650,644,0,481,476,0,292,992,10,0
EDDF,2024-07-10,648,638,0,481,463,0,310,971,5,0
EDDF,2024-07-11,628,646,0,460,470,0,310,958,6,0
EDDF,2024-07-12,626,632,0,460,452,2,319,927,10,0
EDDF,2024-07-13,665,659,0,482,470,4,326,985,9,0
EDDF,2024-07-14,685,680,0,505,495,0,325,1031,9,0
EDDF,2024-07-15,668,665,0,489,491,0,325,1000,8,0
EDDF,2024-07-16,640,642,0,474,471,0,293,973,16,0
EDDF,2024-07-17,668,671,0,497,499,0,310,1023,6,0
EDDF,2024-07-18,662,665,0,490,485,0,315,1004,8,0
EDDF,2024-07-19,650,649,0,483,473,0,317,976,6,0
EDDF,2024-07-20,653,656,0,470,463,0,332,977,0,0
EDDF,2024-07-21,675,661,0,493,475,0,329,1005,2,0
EDDF,2024-07-22,656,668,0,478,496,0,319,1000,5,0
EDDF,2024-07-23,621,616,0,454,448,0,289,942,6,0
EDDF,2024-07-24,659,665,0,483,490,0,321,998,5,0
EDDF,2024-07-25,539,535,0,416,358,2,307,757,8,0
EDDF,2024-07-26,677,684,0,506,502,2,323,1032,4,0
EDDF,2024-07-27,662,668,0,477,476,0,330,998,2,0
EDDF,2024-07-28,681,670,0,499,485,0,328,1016,7,0
EDDF,2024-07-29,667,666,0,489,494,0,324,1002,7,0
EDDF,2024-07-30,634,631,0,468,468,0,295,963,7,0
EDDF,2024-07-31,653,658,0,483,485,0,313,992,6,0
EDDF,2024-08-01,634,628,0,467,447,0,320,933,9,0
EDDF,2024-08-02,662,668,0,495,495,0,312,1014,4,0
EDDF,2024-08-03,645,638,0,467,452,0,327,944,12,0
EDDF,2024-08-04,662,662,0,487,482,0,320,996,8,0
EDDF,2024-08-05,664,665,0,491,496,0,320,999,10,0
EDDF,2024-08-06,620,621,0,458,457,0,300,939,2,0
EDDF,2024-08-07,631,629,0,463,459,0,302,949,9,0
EDDF,2024-08-08,636,648,0,473,475,0,312,963,9,0
EDDF,2024-08-09,669,663,0,503,489,0,317,1008,7,0
EDDF,2024-08-10,662,664,0,479,477,0,331,991,4,0
EDDF,2024-08-11,669,663,0,490,483,0,328,996,8,0
EDDF,2024-08-12,660,659,0,487,486,0,321,993,5,0
EDDF,2024-08-13,615,610,0,450,448,0,292,931,2,0
EDDF,2024-08-14,645,646,0,476,476,0,305,984,2,0
EDDF,2024-08-15,635,641,0,470,474,0,308,966,2,0
EDDF,2024-08-16,661,663,0,500,497,0,303,1018,3,0
EDDF,2024-08-17,658,657,0,483,473,0,320,990,5,0
EDDF,2024-08-18,660,648,0,485,472,0,319,982,7,0
EDDF,2024-08-19,655,662,0,485,491,0,322,993,2,0
EDDF,2024-08-20,633,626,0,469,462,0,293,962,4,0
EDDF,2024-08-21,660,656,0,491,485,0,312,996,8,0
EDDF,2024-08-22,648,662,0,482,487,0,313,992,5,0
EDDF,2024-08-23,671,671,0,512,499,0,308,1028,6,0
EDDF,2024-08-24,661,656,0,477,473,0,329,980,8,0
EDDF,2024-08-25,669,667,0,494,490,0,317,1013,6,0
EDDF,2024-08-26,654,653,0,484,486,0,315,991,1,0
EDDF,2024-08-27,621,622,0,460,456,0,285,951,7,0
EDDF,2024-08-28,651,656,0,481,485,0,307,991,9,0
EDDF,2024-08-29,649,651,0,484,478,0,313,976,11,0
EDDF,2024-08-30,666,662,0,505,491,2,306,1005,15,0
EDDF,2024-08-31,657,659,0,478,474,0,331,973,12,0
EDDF,2024-09-01,677,671,0,501,492,0,321,1017,10,0
EDDF,2024-09-02,673,672,0,499,503,0,315,1021,9,0
EDDF,2024-09-03,638,640,0,477,474,0,294,975,9,0
EDDF,2024-09-04,648,652,0,478,475,0,307,984,9,0
EDDF,2024-09-05,667,671,0,498,498,0,314,1018,6,0
EDDF,2024-09-06,688,688,0,524,516,0,302,1066,8,0
EDDF,2024-09-07,661,663,0,484,477,0,330,985,9,0
EDDF,2024-09-08,676,665,0,497,482,0,326,1009,6,0
EDDF,2024-09-09,673,672,0,496,501,0,318,1015,12,0
EDDF,2024-09-10,643,638,0,481,475,0,291,979,11,0
EDDF,2024-09-11,664,672,0,498,502,0,302,1028,6,0
EDDF,2024-09-12,672,676,0,506,502,0,317,1022,9,0
EDDF,2024-09-13,693,685,0,528,515,0,310,1051,17,0
EDDF,2024-09-14,651,660,0,479,477,0,326,977,8,0
EDDF,2024-09-15,679,675,0,503,495,0,320,1025,9,0
EDDF,2024-09-16,661,657,0,494,499,0,303,1011,4,0
EDDF,2024-09-17,633,625,0,474,465,0,283,968,7,0
EDDF,2024-09-18,650,655,0,496,491,0,288,1005,12,0
EDDF,2024-09-19,662,681,0,499,510,0,305,1026,12,0
EDDF,2024-09-20,682,675,0,520,508,0,303,1047,7,0
EDDF,2024-09-21,652,653,0,482,474,0,315,980,10,0
EDDF,2024-09-22,682,675,0,505,496,0,322,1027,8,0
EDDF,2024-09-23,666,659,0,497,498,2,299,1016,8,0
EDDF,2024-09-24,632,637,0,475,477,0,282,976,11,0
EDDF,2024-09-25,658,659,0,494,492,0,303,1007,7,0
EDDF,2024-09-26,654,661,0,492,492,0,299,1005,11,0
EDDF,2024-09-27,674,679,0,515,511,0,299,1047,7,0
EDDF,2024-09-28,659,653,0,490,475,0,322,986,4,0
EDDF,2024-09-29,672,670,0,500,494,0,316,1018,8,0
EDDF,2024-09-30,664,659,0,491,496,0,306,1010,7,0
EDDF,2024-10-01,643,644,0,484,478,0,294,973,20,0
EDDF,2024-10-02,652,655,0,491,488,0,298,1003,6,0
EDDF,2024-10-03,643,648,0,484,483,0,298,985,8,0
EDDF,2024-10-04,627,624,0,467,452,1,307,937,6,0
EDDF,2024-10-05,643,649,0,479,473,1,319,969,3,0
EDDF,2024-10-06,673,668,0,497,493,4,313,1019,5,0
EDDF,2024-10-07,668,659,0,502,500,0,297,1011,19,0
EDDF,2024-10-08,640,644,0,479,480,0,288,980,16,0
EDDF,2024-10-09,654,652,0,491,485,4,294,1005,3,0
EDDF,2024-10-10,656,657,0,503,488,0,297,1009,7,0
EDDF,2024-10-11,675,679,0,514,505,0,303,1046,5,0
EDDF,2024-10-12,660,665,0,492,486,0,318,1000,7,0
EDDF,2024-10-13,682,670,0,509,493,0,320,1026,6,0
EDDF,2024-10-14,655,652,0,488,488,0,298,1002,7,0
EDDF,2024-10-15,623,625,0,468,467,0,268,973,7,0
EDDF,2024-10-16,655,664,0,492,496,0,302,1013,4,0
EDDF,2024-10-17,641,643,0,487,479,0,294,987,3,0
EDDF,2024-10-18,683,682,0,523,505,0,309,1047,9,0
EDDF,2024-10-19,651,657,0,484,484,0,312,992,4,0
EDDF,2024-10-20,667,651,0,490,477,0,312,1002,4,0
EDDF,2024-10-21,648,645,0,480,478,0,302,985,6,0
EDDF,2024-10-22,617,614,0,465,463,0,265,960,6,0
EDDF,2024-10-23,635,641,0,480,474,0,301,967,8,0
EDDF,2024-10-24,637,639,0,478,475,0,294,969,13,0
EDDF,2024-10-25,666,673,0,512,500,0,298,1026,15,0
EDDF,2024-10-26,652,649,0,482,481,0,310,982,9,0
EDDF,2024-10-27,648,634,0,471,464,0,302,970,10,0
EDDF,2024-10-28,584,589,0,431,435,0,287,880,6,0
EDDF,2024-10-29,554,553,0,411,407,0,260,840,7,0
EDDF,2024-10-30,603,601,0,448,442,0,284,911,9,0
EDDF,2024-10-31,589,598,0,443,441,0,283,894,10,0
EDDF,2024-11-01,608,615,0,457,450,0,288,928,7,0
EDDF,2024-11-02,571,560,0,410,397,0,291,835,5,0
EDDF,2024-11-03,601,599,0,435,435,0,290,904,6,0
EDDF,2024-11-04,593,593,0,443,440,0,293,890,3,0
EDDF,2024-11-05,576,564,0,419,412,0,280,847,13,0
EDDF,2024-11-06,592,600,0,439,439,0,276,913,3,0
EDDF,2024-11-07,582,592,0,434,431,0,290,877,7,0
EDDF,2024-11-08,595,601,0,441,437,0,291,897,8,0
EDDF,2024-11-09,562,555,0,400,389,0,297,816,4,0
EDDF,2024-11-10,595,593,0,431,427,0,286,891,11,0
EDDF,2024-11-11,599,600,0,443,446,0,295,898,6,0
EDDF,2024-11-12,546,541,0,399,392,0,272,810,5,0
EDDF,2024-11-13,575,587,0,429,431,0,274,887,1,0
EDDF,2024-11-14,587,579,0,437,424,0,289,868,9,0
EDDF,2024-11-15,600,613,0,452,451,0,286,918,9,0
EDDF,2024-11-16,570,555,0,404,386,0,298,824,3,0
EDDF,2024-11-17,588,590,0,424,428,0,288,886,4,0
EDDF,2024-11-18,597,597,0,449,443,0,294,895,5,0
EDDF,2024-11-19,522,514,0,376,367,0,270,754,12,0
EDDF,2024-11-20,595,615,0,449,461,0,277,913,20,0
EDDF,2024-11-21,588,579,0,440,425,0,285,877,5,0
EDDF,2024-11-22,589,605,0,438,443,0,284,902,8,0
EDDF,2024-11-23,557,541,0,398,381,1,285,809,3,0
EDDF,2024-11-24,582,579,0,416,412,1,294,860,6,0
EDDF,2024-11-25,582,587,0,434,436,0,293,872,4,0
EDDF,2024-11-26,564,556,0,417,410,0,265,846,9,0
EDDF,2024-11-27,573,585,0,433,436,0,266,890,2,0
EDDF,2024-11-28,582,579,0,438,433,0,277,874,10,0
EDDF,2024-11-29,589,592,0,443,435,0,279,894,8,0
EDDF,2024-11-30,553,549,0,399,384,0,293,806,3,0
EDDF,2024-12-01,562,566,0,398,393,0,299,819,10,0
EDDF,2024-12-02,583,587,0,432,435,0,294,867,9,0
EDDF,2024-12-03,560,551,0,411,409,0,263,836,12,0
EDDF,2024-12-04,571,575,0,426,420,0,276,861,9,0
EDDF,2024-12-05,566,564,0,420,416,0,284,837,9,0
EDDF,2024-12-06,581,593,0,430,430,0,281,891,2,0
EDDF,2024-12-07,552,543,0,387,375,0,306,783,6,0
EDDF,2024-12-08,580,579,0,410,409,0,301,853,5,0
EDDF,2024-12-09,573,580,0,422,433,0,291,851,11,0
EDDF,2024-12-10,566,548,0,419,402,0,265,839,10,0
EDDF,2024-12-11,583,597,0,434,434,0,285,889,6,0
EDDF,2024-12-12,567,572,0,422,421,0,289,847,3,0
EDDF,2024-12-13,616,616,0,459,448,0,292,925,15,0
EDDF,2024-12-14,556,547,0,396,382,0,294,802,7,0
EDDF,2024-12-15,577,576,0,408,407,0,295,847,11,0
EDDF,2024-12-16,571,568,0,416,412,0,297,826,16,0
EDDF,2024-12-17,543,546,0,397,402,0,268,812,9,0
EDDF,2024-12-18,593,592,0,440,434,0,282,893,10,0
EDDF,2024-12-19,583,588,0,436,435,0,294,869,8,0
EDDF,2024-12-20,604,612,0,448,443,0,297,915,4,0
EDDF,2024-12-21,568,557,0,408,392,0,296,825,4,0
EDDF,2024-12-22,593,595,0,419,423,0,305,877,6,0
EDDF,2024-12-23,559,539,0,408,401,0,283,811,4,0
EDDF,2024-12-24,431,377,0,294,250,0,245,559,4,0
EDDF,2024-12-25,366,386,0,238,250,0,233,514,5,0
EDDF,2024-12-26,410,427,0,283,288,0,243,588,6,0
EDDF,2024-12-27,459,460,0,314,311,0,265,644,10,0
EDDF,2024-12-28,438,435,0,295,287,0,263,602,8,0
EDDF,2024-12-29,486,497,0,329,340,0,269,708,6,0
EDDF,2024-12-30,480,473,0,341,335,0,266,684,3,0
EDDF,2024-12-31,411,370,0,280,244,0,231,550,0,0
EDDM,2022-01-01,266,279,0,226,244,8,53,475,9,0
EDDM,2022-01-02,334,341,0,291,295,3,53,610,9,0
EDDM,2022-01-03,326,326,0,289,294,11,58,575,8,0
EDDM,2022-01-04,291,280,0,262,248,10,52,498,11,0
EDDM,2022-01-05,291,300,0,255,264,8,54,521,8,0
EDDM,2022-01-06,283,279,0,247,242,2,53,497,10,0
EDDM,2022-01-07,306,309,0,260,268,6,61,539,9,0
EDDM,2022-01-08,313,315,0,269,270,8,58,552,10,0
EDDM,2022-01-09,327,327,0,284,287,6,54,582,12,0
EDDM,2022-01-10,302,300,0,266,266,11,56,522,13,0
EDDM,2022-01-11,263,250,0,237,223,13,45,438,17,0
EDDM,2022-01-12,246,249,0,216,221,6,49,422,18,0
EDDM,2022-01-13,247,254,0,217,219,6,50,428,17,0
EDDM,2022-01-14,290,291,0,253,258,8,57,501,15,0
EDDM,2022-01-15,259,253,0,221,213,0,52,455,5,0
EDDM,2022-01-16,273,270,0,237,238,5,45,482,11,0
EDDM,2022-01-17,261,257,0,227,229,8,51,446,13,0
EDDM,2022-01-18,220,211,0,197,185,13,43,361,14,0
EDDM,2022-01-19,228,237,0,195,206,15,47,388,15,0
EDDM,2022-01-20,259,261,0,228,226,14,52,439,15,0
EDDM,2022-01-21,270,273,0,235,239,2,50,476,15,0
EDDM,2022-01-22,251,247,0,213,207,0,51,441,6,0
EDDM,2022-01-23,258,257,0,226,224,5,46,450,14,0
EDDM,2022-01-24,241,232,0,211,205,4,46,410,13,0
EDDM,2022-01-25,199,194,0,173,169,2,44,339,8,0
EDDM,2022-01-26,229,236,0,200,207,3,54,382,26,0
EDDM,2022-01-27,257,261,0,229,230,18,50,432,18,0
EDDM,2022-01-28,265,280,0,231,246,7,58,467,13,0
EDDM,2022-01-29,263,253,0,221,215,10,55,439,12,0
EDDM,2022-01-30,242,249,0,205,211,7,50,430,4,0
EDDM,2022-01-31,257,241,0,221,210,5,52,426,15,0
EDDM,2022-02-01,224,231,0,200,201,5,44,398,8,0
EDDM,2022-02-02,243,248,0,216,220,4,49,418,20,0
EDDM,2022-02-03,250,248,0,221,218,9,51,428,10,0
EDDM,2022-02-04,274,289,0,241,255,9,51,495,8,0
EDDM,2022-02-05,264,260,0,230,224,9,49,455,11,0
EDDM,2022-02-06,258,261,0,224,228,5,44,458,12,0
EDDM,2022-02-07,275,257,0,245,228,2,49,466,15,0
EDDM,2022-02-08,213,211,0,187,184,8,42,368,6,0
EDDM,2022-02-09,244,247,0,213,215,10,48,416,17,0
EDDM,2022-02-10,263,258,0,237,231,6,45,450,20,0
EDDM,2022-02-11,282,304,0,254,271,2,50,512,22,0
EDDM,2022-02-12,296,284,0,260,247,10,48,508,14,0
EDDM,2022-02-13,274,269,0,242,238,9,42,481,11,0
EDDM,2022-02-14,259,256,0,229,229,12,47,446,10,0
EDDM,2022-02-15,251,231,0,227,209,6,49,408,19,0
EDDM,2022-02-16,242,251,0,214,226,8,44,425,16,0
EDDM,2022-02-17,282,257,0,246,227,11,45,458,25,0
EDDM,2022-02-18,304,297,0,265,265,15,51,512,23,0
EDDM,2022-02-19,304,330,0,266,285,19,49,554,12,0
EDDM,2022-02-20,310,334,0,271,282,19,54,553,18,0
EDDM,2022-02-21,280,264,0,242,229,6,49,475,14,0
EDDM,2022-02-22,242,240,0,220,216,10,40,417,15,0
EDDM,2022-02-23,242,255,0,214,227,4,44,429,20,0
EDDM,2022-02-24,271,278,0,241,249,6,42,486,15,0
EDDM,2022-02-25,300,299,0,268,261,4,54,524,17,0
EDDM,2022-02-26,304,301,0,271,263,4,48,542,11,0
EDDM,2022-02-27,296,294,0,262,258,2,43,527,18,0
EDDM,2022-02-28,278,273,0,246,243,4,52,478,17,0
EDDM,2022-03-01,263,265,0,240,243,4,45,467,12,0
EDDM,2022-03-02,260,261,0,234,232,4,44,462,11,0
EDDM,2022-03-07,295,289,0,262,258,2,52,521,9,0
EDDM,2022-03-08,256,249,0,231,223,6,46,442,11,0
EDDM,2022-03-09,270,280,0,243,253,7,44,482,17,0
EDDM,2022-03-10,296,298,0,267,266,7,48,529,10,0
EDDM,2022-03-11,307,310,0,275,281,10,55,537,15,0
EDDM,2022-03-12,282,282,0,249,245,3,50,498,13,0
EDDM,2022-03-13,298,295,0,261,262,10,53,520,10,0
EDDM,2022-03-14,291,279,0,259,248,10,52,497,11,0
EDDM,2022-03-15,273,281,0,247,253,15,47,485,7,0
EDDM,2022-03-16,270,268,0,243,243,10,45,476,7,0
EDDM,2022-03-17,299,305,0,270,274,8,48,534,14,0
EDDM,2022-03-18,324,328,0,292,296,6,53,572,21,0
EDDM,2022-03-19,295,298,0,263,261,8,53,523,9,0
EDDM,2022-03-20,295,295,0,257,258,6,51,522,11,0
EDDM,2022-03-21,310,300,0,275,271,8,53,538,11,0
EDDM,2022-03-22,273,270,0,249,242,14,49,459,21,0
EDDM,2022-03-23,293,301,0,262,272,12,45,506,31,0
EDDM,2022-03-24,317,312,0,288,278,11,54,539,25,0
EDDM,2022-03-25,320,325,0,287,293,6,58,560,21,0
EDDM,2022-03-26,298,297,0,263,255,8,59,512,16,0
EDDM,2022-03-27,367,367,0,327,321,5,68,654,7,0
EDDM,2022-03-28,401,393,0,354,351,17,75,687,15,0
EDDM,2022-03-29,351,354,0,317,320,12,63,614,16,0
EDDM,2022-03-30,354,361,0,318,325,14,64,619,18,0
EDDM,2022-03-31,385,393,0,344,352,8,59,694,17,0
EDDM,2022-04-01,410,409,0,368,369,10,73,720,16,0
EDDM,2022-04-02,350,345,0,310,304,0,58,632,5,0
EDDM,2022-04-03,379,379,0,335,338,2,66,676,14,0
EDDM,2022-04-04,391,380,0,351,341,4,66,693,8,0
EDDM,2022-04-05,355,349,0,319,316,12,65,615,12,0
EDDM,2022-04-06,364,372,0,331,334,12,64,651,9,0
EDDM,2022-04-07,409,410,0,364,367,9,65,733,12,0
EDDM,2022-04-08,428,432,0,388,385,8,69,765,18,0
EDDM,2022-04-09,392,393,0,350,349,10,64,699,12,0
EDDM,2022-04-10,410,412,0,361,363,6,69,738,9,0
EDDM,2022-04-11,406,406,0,361,359,12,73,715,12,0
EDDM,2022-04-12,387,373,0,349,337,8,65,667,20,0
EDDM,2022-04-13,390,407,0,350,362,6,72,704,15,0
EDDM,2022-04-14,423,425,0,378,377,14,65,755,14,0
EDDM,2022-04-15,409,407,0,365,365,9,66,727,14,0
EDDM,2022-04-16,382,375,0,340,332,6,62,681,8,0
EDDM,2022-04-17,398,399,0,349,354,11,70,709,7,0
EDDM,2022-04-18,399,401,0,358,359,4,65,720,11,0
EDDM,2022-04-19,405,403,0,366,369,12,65,714,17,0
EDDM,2022-04-20,395,399,0,356,359,12,70,700,12,0
EDDM,2022-04-21,408,396,0,365,354,6,63,725,10,0
EDDM,2022-04-22,424,429,0,382,385,13,70,760,10,0
EDDM,2022-04-23,400,393,0,353,347,5,60,713,15,0
EDDM,2022-04-24,421,427,0,368,376,4,71,751,22,0
EDDM,2022-04-25,418,419,0,374,377,10,72,737,18,0
EDDM,2022-04-26,394,391,0,359,356,8,67,701,9,0
EDDM,2022-04-27,398,404,0,358,359,8,68,713,13,0
EDDM,2022-04-28,427,424,0,383,378,14,68,752,17,0
EDDM,2022-04-29,433,432,0,389,389,10,74,775,6,0
EDDM,2022-04-30,390,386,0,344,339,5,60,704,7,0
EDDM,2022-05-01,425,428,0,379,380,6,72,764,11,0
EDDM,2022-05-02,443,439,0,399,396,10,74,789,9,0
EDDM,2022-05-03,410,411,0,373,373,15,64,733,9,0
EDDM,2022-05-04,420,415,0,376,372,5,71,750,9,0
EDDM,2022-05-05,442,445,0,394,398,11,68,795,13,0
EDDM,2022-05-06,460,465,0,414,418,6,81,818,20,0
EDDM,2022-05-07,406,409,0,361,361,4,64,742,5,0
EDDM,2022-05-08,436,431,0,385,381,8,75,766,18,0
EDDM,2022-05-09,442,438,0,396,394,3,76,789,12,0
EDDM,2022-05-10,420,399,0,377,357,7,70,723,19,0
EDDM,2022-05-11,442,444,0,392,398,9,81,767,29,0
EDDM,2022-05-12,449,464,0,402,415,11,63,809,30,0
EDDM,2022-05-13,454,468,0,407,421,0,79,823,20,0
EDDM,2022-05-14,426,417,0,380,369,4,67,759,13,0
EDDM,2022-05-15,451,451,0,400,401,9,75,796,22,0
EDDM,2022-05-16,454,452,0,407,407,10,75,802,19,0
EDDM,2022-05-17,407,405,0,367,364,8,72,709,23,0
EDDM,2022-05-18,431,432,0,384,386,14,80,752,17,0
EDDM,2022-05-19,446,450,0,400,403,14,73,793,16,0
EDDM,2022-05-20,449,456,0,401,408,9,81,804,11,0
EDDM,2022-05-21,442,429,0,397,384,6,67,785,13,0
EDDM,2022-05-22,445,437,0,394,387,6,76,778,22,0
EDDM,2022-05-23,439,426,0,389,382,4,80,765,16,0
EDDM,2022-05-24,413,422,0,372,380,7,70,734,24,0
EDDM,2022-05-25,453,472,0,405,424,9,78,816,22,0
EDDM,2022-05-26,441,432,0,394,385,4,65,783,21,0
EDDM,2022-05-27,423,439,0,375,391,4,81,760,17,0
EDDM,2022-05-28,422,420,0,375,373,6,64,759,13,0
EDDM,2022-05-29,455,446,0,404,397,12,74,775,40,0
EDDM,2022-05-30,471,467,0,424,420,11,78,829,20,0
EDDM,2022-05-31,436,440,0,392,396,9,75,774,18,0
EDDM,2022-06-01,462,464,0,409,412,5,81,817,23,0
EDDM,2022-06-02,499,495,0,447,440,8,79,882,25,0
EDDM,2022-06-03,479,485,0,431,434,15,83,841,25,0
EDDM,2022-06-04,465,460,0,414,408,8,68,830,19,0
EDDM,2022-06-05,429,432,0,379,381,4,80,762,15,0
EDDM,2022-06-06,469,463,0,417,411,2,75,831,24,0
EDDM,2022-06-07,449,455,0,400,406,11,80,794,19,0
EDDM,2022-06-08,448,449,0,396,398,5,82,799,11,0
EDDM,2022-06-09,482,477,0,428,425,12,80,850,17,0
EDDM,2022-06-10,472,476,0,422,426,9,81,842,16,0
EDDM,2022-06-11,446,445,0,396,396,2,69,806,14,0
EDDM,2022-06-12,468,460,0,415,408,4,84,810,30,0
EDDM,2022-06-13,468,465,0,418,415,5,81,835,12,0
EDDM,2022-06-14,434,450,0,388,404,10,78,776,20,0
EDDM,2022-06-15,481,469,0,422,416,10,93,808,39,0
EDDM,2022-06-16,457,461,0,407,411,8,72,825,13,0
EDDM,2022-06-17,464,470,0,414,418,13,85,822,14,0
EDDM,2022-06-18,469,460,0,419,410,11,76,825,17,0
EDDM,2022-06-19,474,469,0,421,415,7,83,818,35,0
EDDM,2022-06-20,468,471,0,412,421,19,88,813,19,0
EDDM,2022-06-21,452,457,0,400,407,13,80,792,24,0
EDDM,2022-06-22,457,457,0,407,408,22,81,782,29,0
EDDM,2022-06-23,485,481,0,430,429,18,88,821,39,0
EDDM,2022-06-24,429,430,0,378,379,45,83,713,18,0
EDDM,2022-06-25,441,445,0,390,397,79,71,723,13,0
EDDM,2022-06-26,475,462,0,411,408,51,89,777,20,0
EDDM,2022-06-27,452,452,0,396,398,42,82,765,15,0
EDDM,2022-06-28,467,480,0,422,434,83,89,756,19,0
EDDM,2022-06-29,447,444,0,396,385,12,93,768,18,0
EDDM,2022-06-30,444,457,0,392,402,7,81,794,19,0
EDDM,2022-07-01,424,435,0,372,381,5,88,747,19,0
EDDM,2022-07-02,411,403,0,358,349,10,81,715,8,0
EDDM,2022-07-03,440,433,0,386,379,8,82,757,26,0
EDDM,2022-07-04,424,430,0,370,376,0,89,743,22,0
EDDM,2022-07-05,427,425,0,380,380,13,80,739,20,0
EDDM,2022-07-06,446,439,0,393,386,13,88,761,23,0
EDDM,2022-07-07,423,429,0,372,377,10,77,752,13,0
EDDM,2022-07-08,443,443,0,388,386,12,92,765,17,0
EDDM,2022-07-09,417,416,0,363,362,8,86,724,15,0
EDDM,2022-07-10,427,425,0,371,369,7,88,734,23,0
EDDM,2022-07-11,449,448,0,395,393,8,86,778,25,0
EDDM,2022-07-12,425,428,0,378,379,16,85,730,22,0
EDDM,2022-07-13,422,429,0,370,377,13,87,732,19,0
EDDM,2022-07-14,434,434,0,381,385,15,80,757,16,0
EDDM,2022-07-15,427,433,0,374,377,12,93,743,12,0
EDDM,2022-07-16,417,401,0,364,348,12,84,709,13,0
EDDM,2022-07-17,417,426,0,359,370,11,89,724,19,0
EDDM,2022-07-18,437,428,0,382,371,15,93,740,17,0
EDDM,2022-07-19,411,415,0,359,366,12,81,724,9,0
EDDM,2022-07-20,422,425,0,372,374,9,79,746,13,0
EDDM,2022-07-21,423,429,0,373,378,11,80,744,17,0
EDDM,2022-07-22,440,435,0,383,378,11,94,762,8,0
EDDM,2022-07-23,412,405,0,360,354,5,81,709,22,0
EDDM,2022-07-24,440,435,0,384,377,11,87,748,29,0
EDDM,2022-07-25,433,431,0,376,377,18,87,741,18,0
EDDM,2022-07-26,427,426,0,375,379,5,88,735,25,0
EDDM,2022-07-27,237,241,0,203,208,12,49,385,32,0
EDDM,2022-07-28,430,438,0,386,388,10,77,765,16,0
EDDM,2022-07-29,466,466,0,411,407,11,92,797,32,0
EDDM,2022-07-30,435,437,0,382,383,6,84,764,18,0
EDDM,2022-07-31,445,437,0,389,381,5,88,772,17,0
EDDM,2022-08-01,463,466,0,410,413,5,88,813,23,0
EDDM,2022-08-02,454,452,0,406,403,12,85,787,22,0
EDDM,2022-08-03,467,471,0,412,416,12,90,815,21,0
EDDM,2022-08-04,463,468,0,411,417,18,81,815,17,0
EDDM,2022-08-05,458,460,0,404,405,12,87,807,12,0
EDDM,2022-08-06,436,434,0,387,384,4,80,771,15,0
EDDM,2022-08-07,442,440,0,388,386,8,91,777,6,0
EDDM,2022-08-08,468,471,0,414,418,8,90,817,24,0
EDDM,2022-08-09,444,440,0,395,390,6,88,779,11,0
EDDM,2022-08-10,445,449,0,390,394,14,88,781,11,0
EDDM,2022-08-11,458,456,0,407,406,11,82,805,16,0
EDDM,2022-08-12,461,466,0,408,409,5,87,819,16,0
EDDM,2022-08-13,441,435,0,388,383,8,78,777,13,0
EDDM,2022-08-14,444,449,0,392,397,9,79,788,17,0
EDDM,2022-08-15,468,465,0,413,408,11,83,813,26,0
EDDM,2022-08-16,445,442,0,395,393,6,87,781,13,0
EDDM,2022-08-17,456,463,0,403,410,6,85,814,14,0
EDDM,2022-08-18,466,463,0,415,411,16,81,815,17,0
EDDM,2022-08-19,458,462,0,403,409,4,88,812,16,0
EDDM,2022-08-20,445,437,0,392,384,2,80,776,24,0
EDDM,2022-08-21,460,460,0,406,406,6,83,809,22,0
EDDM,2022-08-22,460,463,0,407,411,12,89,815,7,0
EDDM,2022-08-23,452,444,0,402,396,10,86,788,12,0
EDDM,2022-08-24,460,460,0,407,405,4,83,815,18,0
EDDM,2022-08-25,469,472,0,415,420,11,82,837,11,0
EDDM,2022-08-26,454,455,0,401,399,5,86,806,12,0
EDDM,2022-08-27,458,452,0,404,400,8,81,802,19,0
EDDM,2022-08-28,455,464,0,403,410,2,83,816,18,0
EDDM,2022-08-29,466,468,0,413,413,11,87,825,11,0
EDDM,2022-08-30,461,454,0,412,404,13,89,799,14,0
EDDM,2022-08-31,467,473,0,416,420,5,83,830,22,0
EDDM,2022-09-01,465,472,0,411,418,6,87,836,8,0
EDDM,2022-09-02,325,309,0,291,278,10,51,548,25,0
EDDM,2022-09-03,449,453,0,399,402,11,75,805,11,0
EDDM,2022-09-04,467,468,0,414,416,11,80,832,12,0
EDDM,2022-09-05,487,488,0,433,435,22,89,842,22,0
EDDM,2022-09-06,477,478,0,428,424,14,87,836,18,0
EDDM,2022-09-07,487,490,0,431,437,5,90,865,17,0
EDDM,2022-09-08,486,488,0,433,434,7,84,860,23,0
EDDM,2022-09-09,473,475,0,419,419,4,86,846,12,0
EDDM,2022-09-10,463,449,0,410,397,7,78,814,13,0
EDDM,2022-09-11,470,477,0,414,422,4,85,837,21,0
EDDM,2022-09-12,473,474,0,421,420,4,91,836,16,0
EDDM,2022-09-13,473,459,0,421,410,14,92,807,19,0
EDDM,2022-09-14,481,487,0,426,431,8,84,850,26,0
EDDM,2022-09-15,485,483,0,431,431,10,86,844,28,0
EDDM,2022-09-16,454,458,0,399,403,2,89,806,15,0
EDDM,2022-09-17,458,448,0,406,396,9,77,795,25,0
EDDM,2022-09-18,473,470,0,420,419,10,84,821,28,0
EDDM,2022-09-19,476,480,0,424,428,7,83,841,25,0
EDDM,2022-09-20,455,463,0,408,413,7,80,811,20,0
EDDM,2022-09-21,484,474,0,430,421,4,87,848,19,0
EDDM,2022-09-22,485,498,0,431,443,10,88,857,28,0
EDDM,2022-09-23,493,490,0,440,435,6,86,858,33,0
EDDM,2022-09-24,446,438,0,395,387,3,76,788,17,0
EDDM,2022-09-25,472,481,0,418,427,7,86,825,35,0
EDDM,2022-09-26,477,478,0,427,428,4,81,844,26,0
EDDM,2022-09-27,466,460,0,418,413,10,84,812,20,0
EDDM,2022-09-28,479,469,0,425,417,2,85,845,16,0
EDDM,2022-09-29,463,471,0,409,412,6,83,830,15,0
EDDM,2022-09-30,491,479,0,436,422,0,86,847,37,0
EDDM,2022-10-01,449,443,0,396,391,2,77,792,21,0
EDDM,2022-10-02,464,476,0,408,422,4,84,824,28,0
EDDM,2022-10-03,496,490,0,445,439,9,76,868,33,0
EDDM,2022-10-04,469,469,0,420,424,9,81,821,27,0
EDDM,2022-10-05,471,477,0,418,425,9,86,834,19,0
EDDM,2022-10-06,463,475,0,412,423,9,78,815,36,0
EDDM,2022-10-07,462,465,0,407,411,3,91,818,15,0
EDDM,2022-10-08,439,428,0,384,375,4,76,769,18,0
EDDM,2022-10-09,458,462,0,404,407,8,86,802,24,0
EDDM,2022-10-10,465,475,0,415,425,9,83,825,23,0
EDDM,2022-10-11,458,456,0,411,408,8,85,801,20,0
EDDM,2022-10-12,456,456,0,398,402,6,85,809,12,0
EDDM,2022-10-13,444,448,0,395,398,6,80,795,11,0
EDDM,2022-10-14,471,467,0,412,410,4,90,822,22,0
EDDM,2022-10-15,426,423,0,376,369,1,76,761,11,0
EDDM,2022-10-16,460,463,0,405,408,11,85,814,13,0
EDDM,2022-10-17,440,443,0,391,392,4,83,786,10,0
EDDM,2022-10-18,423,427,0,376,380,4,82,753,11,0
EDDM,2022-10-19,446,442,0,391,390,6,91,775,16,0
EDDM,2022-10-20,472,464,0,419,412,9,84,820,23,0
EDDM,2022-10-21,437,441,0,382,387,10,89,765,14,0
EDDM,2022-10-22,438,433,0,386,380,7,84,769,11,0
EDDM,2022-10-23,444,444,0,388,391,0,91,775,22,0
EDDM,2022-10-24,457,460,0,405,408,4,89,801,23,0
EDDM,2022-10-25,458,448,0,406,400,9,86,789,22,0
EDDM,2022-10-26,469,478,0,416,425,8,91,811,37,0
EDDM,2022-10-27,464,460,0,412,405,8,88,809,19,0
EDDM,2022-10-28,458,471,0,403,413,7,91,816,15,0
EDDM,2022-10-29,445,430,0,388,374,4,84,767,20,0
EDDM,2022-10-30,409,434,0,355,380,5,86,739,13,0
EDDM,2022-10-31,414,407,0,364,357,4,84,720,13,0
EDDM,2022-11-01,404,393,0,360,349,4,70,710,13,0
EDDM,2022-11-02,402,411,0,356,365,8,80,712,13,0
EDDM,2022-11-03,422,427,0,374,376,8,80,745,16,0
EDDM,2022-11-04,429,430,0,380,382,10,86,752,11,0
EDDM,2022-11-05,390,380,0,342,327,3,77,688,2,0
EDDM,2022-11-06,415,424,0,361,368,5,80,744,10,0
EDDM,2022-11-07,416,412,0,364,360,8,85,713,22,0
EDDM,2022-11-08,389,392,0,349,349,8,74,682,17,0
EDDM,2022-11-09,388,392,0,341,348,8,77,679,16,0
EDDM,2022-11-10,416,416,0,372,367,14,81,715,22,0
EDDM,2022-11-11,423,423,0,369,375,6,88,743,9,0
EDDM,2022-11-12,362,346,0,314,300,0,79,621,8,0
EDDM,2022-11-13,407,413,0,358,361,8,83,704,25,0
EDDM,2022-11-14,406,412,0,358,362,6,85,707,20,0
EDDM,2022-11-15,395,395,0,352,351,6,74,694,16,0
EDDM,2022-11-16,384,379,0,341,338,2,77,670,14,0
EDDM,2022-11-17,418,421,0,368,370,6,76,734,23,0
EDDM,2022-11-18,401,413,0,357,363,4,79,721,10,0
EDDM,2022-11-19,362,348,0,311,300,4,80,614,12,0
EDDM,2022-11-20,382,386,0,336,338,8,79,669,12,0
EDDM,2022-11-21,390,402,0,343,356,9,85,682,16,0
EDDM,2022-11-22,381,365,0,338,321,5,78,656,7,0
EDDM,2022-11-23,374,372,0,330,331,10,78,648,10,0
EDDM,2022-11-24,393,403,0,348,359,5,75,708,8,0
EDDM,2022-11-25,407,408,0,364,361,10,80,716,9,0
EDDM,2022-11-26,352,341,0,306,294,6,78,598,11,0
EDDM,2022-11-27,375,383,0,325,337,0,79,666,13,0
EDDM,2022-11-28,397,392,0,346,344,0,86,688,15,0
EDDM,2022-11-29,382,377,0,338,332,0,80,667,12,0
EDDM,2022-11-30,381,389,0,337,345,4,81,665,20,0
EDDM,2022-12-01,396,399,0,347,350,2,83,702,8,0
EDDM,2022-12-02,393,389,0,347,345,0,83,677,22,0
EDDM,2022-12-03,334,332,0,290,285,0,77,583,6,0
EDDM,2022-12-04,372,372,0,324,328,0,75,655,14,0
EDDM,2022-12-05,382,389,0,334,342,0,81,682,8,0
EDDM,2022-12-06,353,349,0,311,307,2,71,620,9,0
EDDM,2022-12-07,361,364,0,319,321,6,77,624,18,0
EDDM,2022-12-08,392,393,0,349,348,6,76,692,11,0
EDDM,2022-12-09,384,385,0,341,342,2,79,674,14,0
EDDM,2022-12-10,343,333,0,298,287,0,72,592,12,0
EDDM,2022-12-11,328,333,0,287,289,4,69,582,6,0
EDDM,2022-12-12,365,371,0,316,324,8,87,634,7,0
EDDM,2022-12-13,350,348,0,311,307,7,72,613,6,0
EDDM,2022-12-14,242,204,0,200,175,1,71,355,19,0
EDDM,2022-12-15,326,350,0,288,297,2,78,576,20,0
EDDM,2022-12-16,306,298,0,261,255,0,78,512,14,0
EDDM,2022-12-17,302,301,0,255,251,5,76,506,16,0
EDDM,2022-12-18,305,326,0,259,275,0,76,550,5,0
EDDM,2022-12-19,334,330,0,284,282,7,86,559,12,0
EDDM,2022-12-20,376,372,0,334,328,14,75,646,13,0
EDDM,2022-12-21,377,380,0,330,333,12,80,652,13,0
EDDM,2022-12-22,400,397,0,354,350,10,81,694,12,0
EDDM,2022-12-23,419,416,0,367,369,7,85,731,12,0
EDDM,2022-12-24,325,270,0,281,226,2,72,515,6,0
EDDM,2022-12-25,251,295,0,209,252,8,71,450,17,0
EDDM,2022-12-26,333,344,0,285,293,6,74,588,9,0
EDDM,2022-12-27,336,333,0,295,286,8,72,578,11,0
EDDM,2022-12-28,323,328,0,280,286,7,75,558,11,0
EDDM,2022-12-29,346,344,0,299,294,9,82,593,6,0
EDDM,2022-12-30,341,345,0,296,298,12,76,594,4,0
EDDM,2022-12-31,309,275,0,265,230,5,73,504,2,0
EDDM,2023-01-01,287,319,0,241,274,6,73,521,6,0
EDDM,2023-01-02,361,365,0,310,315,9,79,633,5,0
EDDM,2023-01-03,340,335,0,297,290,8,71,592,4,0
EDDM,2023-01-04,344,353,0,298,304,6,79,607,5,0
EDDM,2023-01-05,355,358,0,309,310,4,81,618,10,0
EDDM,2023-01-06,353,350,0,301,301,2,81,618,2,0
EDDM,2023-01-07,363,350,0,311,303,4,80,621,8,0
EDDM,2023-01-08,356,369,0,307,318,5,82,636,2,0
EDDM,2023-01-09,358,352,0,307,303,8,85,610,7,0
EDDM,2023-01-10,332,324,0,292,283,12,74,565,5,0
EDDM,2023-01-11,309,317,0,269,277,8,75,535,8,0
EDDM,2023-01-12,330,335,0,284,287,2,81,570,12,0
EDDM,2023-01-13,336,340,0,290,295,7,82,578,9,0
EDDM,2023-01-14,314,303,0,270,261,2,71,532,12,0
EDDM,2023-01-15,325,331,0,278,284,7,75,563,11,0
EDDM,2023-01-16,345,334,0,296,288,9,82,579,9,0
EDDM,2023-01-17,306,301,0,263,259,8,75,511,13,0
EDDM,2023-01-18,302,310,0,265,271,8,72,519,13,0
EDDM,2023-01-19,331,325,0,287,279,15,80,547,14,0
EDDM,2023-01-20,332,342,0,288,296,9,85,571,9,0
EDDM,2023-01-21,303,296,0,261,255,5,74,508,12,0
EDDM,2023-01-22,315,327,0,271,280,5,75,550,12,0
EDDM,2023-01-23,338,323,0,291,276,3,82,570,6,0
EDDM,2023-01-24,308,303,0,268,263,4,77,520,10,0
EDDM,2023-01-25,297,309,0,258,273,0,76,512,18,0
EDDM,2023-01-26,321,328,0,279,284,2,79,558,10,0
EDDM,2023-01-27,334,326,0,292,283,2,78,577,3,0
EDDM,2023-01-28,311,306,0,266,261,4,73,532,8,0
EDDM,2023-01-29,315,325,0,270,281,9,74,553,4,0
EDDM,2023-01-30,335,327,0,286,280,5,79,572,6,0
EDDM,2023-01-31,313,305,0,273,262,8,74,520,16,0
EDDM,2023-02-01,306,318,0,267,280,4,73,529,18,0
EDDM,2023-02-02,329,327,0,283,281,6,79,558,13,0
EDDM,2023-02-03,335,343,0,289,298,4,76,584,14,0
EDDM,2023-02-04,316,302,0,271,259,4,72,534,8,0
EDDM,2023-02-05,360,372,0,316,328,2,70,642,18,0
EDDM,2023-02-06,386,387,0,340,343,10,83,663,17,0
EDDM,2023-02-07,343,340,0,306,300,8,73,587,15,0
EDDM,2023-02-08,350,346,0,312,309,9,65,606,16,0
EDDM,2023-02-09,365,375,0,324,333,6,72,646,16,0
EDDM,2023-02-10,385,387,0,342,343,6,81,669,16,0
EDDM,2023-02-11,354,330,0,311,288,2,71,601,10,0
EDDM,2023-02-12,357,371,0,313,327,0,72,639,17,0
EDDM,2023-02-13,379,376,0,333,332,0,80,661,14,0
EDDM,2023-02-14,349,351,0,306,311,0,77,612,11,0
EDDM,2023-02-15,343,343,0,301,304,2,79,590,15,0
EDDM,2023-02-16,418,401,0,359,358,14,79,705,21,0
EDDM,2023-02-17,53,33,0,45,28,21,1,58,6,0
EDDM,2023-02-18,397,411,0,351,345,23,91,678,16,0
EDDM,2023-02-19,386,420,0,342,367,3,80,708,15,0
EDDM,2023-02-20,390,383,0,343,335,9,88,664,12,0
EDDM,2023-02-21,346,353,0,306,311,10,72,604,13,0
EDDM,2023-02-22,364,358,0,325,318,12,77,624,9,0
EDDM,2023-02-23,382,388,0,337,343,10,76,675,9,0
EDDM,2023-02-24,390,389,0,345,344,6,83,680,10,0
EDDM,2023-02-25,367,357,0,322,312,3,77,634,10,0
EDDM,2023-02-26,381,386,0,334,340,6,78,660,23,0
EDDM,2023-02-27,370,369,0,320,322,10,86,637,6,0
EDDM,2023-02-28,362,358,0,321,318,8,72,624,16,0
EDDM,2023-03-01,371,369,0,329,327,6,76,649,9,0
EDDM,2023-03-02,386,392,0,339,342,9,77,673,19,0
EDDM,2023-03-03,398,397,0,350,350,8,81,693,13,0
EDDM,2023-03-04,357,349,0,313,302,2,70,623,11,0
EDDM,2023-03-05,368,377,0,320,330,2,74,662,7,0
EDDM,2023-03-06,390,380,0,341,334,4,78,684,4,0
EDDM,2023-03-07,346,341,0,302,296,12,76,593,6,0
EDDM,2023-03-08,378,364,0,331,319,8,83,636,15,0
EDDM,2023-03-09,389,420,0,341,368,13,83,686,27,0
EDDM,2023-03-10,389,400,0,342,351,8,86,679,16,0
EDDM,2023-03-11,360,340,0,313,291,6,79,611,4,0
EDDM,2023-03-12,371,378,0,321,331,0,78,658,13,0
EDDM,2023-03-13,367,360,0,318,312,8,86,622,11,0
EDDM,2023-03-14,361,361,0,319,318,8,76,619,19,0
EDDM,2023-03-15,358,365,0,314,321,6,82,608,27,0
EDDM,2023-03-16,388,387,0,342,338,12,83,660,20,0
EDDM,2023-03-17,391,400,0,341,349,12,88,671,20,0
EDDM,2023-03-18,356,342,0,310,294,2,78,613,5,0
EDDM,2023-03-19,374,378,0,322,331,0,79,660,13,0
EDDM,2023-03-20,396,390,0,345,339,6,87,683,10,0
EDDM,2023-03-21,356,362,0,312,316,4,75,633,6,0
EDDM,2023-03-22,380,385,0,335,341,12,81,658,14,0
EDDM,2023-03-23,390,392,0,345,344,10,84,671,17,0
EDDM,2023-03-24,396,402,0,347,353,4,88,697,9,0
EDDM,2023-03-25,329,319,0,282,274,4,71,562,11,0
EDDM,2023-03-26,4,4,0,4,4,4,0,4,0,0
EDDM,2023-03-27,6,5,0,5,4,8,0,3,0,0
EDDM,2023-03-28,387,404,0,339,351,6,85,676,24,0
EDDM,2023-03-29,416,403,0,367,354,12,79,710,18,0
EDDM,2023-03-30,417,416,0,365,365,15,82,724,12,0
EDDM,2023-03-31,425,431,0,371,372,7,86,746,17,0
EDDM,2023-04-01,409,402,0,358,347,0,86,710,15,0
EDDM,2023-04-02,399,401,0,350,350,4,76,708,12,0
EDDM,2023-04-03,425,427,0,370,373,4,86,746,16,0
EDDM,2023-04-04,411,409,0,360,357,2,85,727,6,0
EDDM,2023-04-05,419,422,0,371,372,4,79,750,8,0
EDDM,2023-04-06,422,426,0,371,373,6,79,754,9,0
EDDM,2023-04-07,415,413,0,362,362,6,78,736,8,0
EDDM,2023-04-08,383,377,0,336,327,8,78,671,3,0
EDDM,2023-04-09,391,397,0,340,346,6,73,704,5,0
EDDM,2023-04-10,421,425,0,366,374,10,80,748,8,0
EDDM,2023-04-11,411,411,0,363,363,0,85,725,12,0
EDDM,2023-04-12,423,414,0,375,366,10,83,739,5,0
EDDM,2023-04-13,425,426,0,374,373,6,85,748,12,0
EDDM,2023-04-14,430,428,0,374,375,4,84,760,10,0
EDDM,2023-04-15,398,395,0,345,341,0,84,692,17,0
EDDM,2023-04-16,406,409,0,353,357,0,84,714,17,0
EDDM,2023-04-17,432,431,0,380,378,6,89,746,22,0
EDDM,2023-04-18,440,437,0,388,385,2,87,765,23,0
EDDM,2023-04-19,447,428,0,398,380,8,80,767,20,0
EDDM,2023-04-20,436,456,0,383,402,12,88,755,37,0
EDDM,2023-04-21,428,430,0,372,375,12,88,740,18,0
EDDM,2023-04-22,389,385,0,339,331,6,83,674,11,0
EDDM,2023-04-23,407,407,0,357,358,6,79,711,18,0
EDDM,2023-04-24,424,430,0,371,378,2,90,752,10,0
EDDM,2023-04-25,428,424,0,379,376,14,84,739,15,0
EDDM,2023-04-26,425,429,0,376,377,4,84,748,18,0
EDDM,2023-04-27,435,432,0,385,380,10,90,754,13,0
EDDM,2023-04-28,435,445,0,381,391,6,89,773,12,0
EDDM,2023-04-29,392,389,0,340,336,7,85,678,11,0
EDDM,2023-04-30,392,397,0,342,348,8,75,697,9,0
EDDM,2023-05-01,418,407,0,366,355,9,79,722,15,0
EDDM,2023-05-02,407,413,0,359,363,6,84,725,5,0
EDDM,2023-05-03,417,407,0,368,359,8,79,720,17,0
EDDM,2023-05-04,423,434,0,374,383,12,82,753,10,0
EDDM,2023-05-05,424,413,0,372,363,6,82,735,14,0
EDDM,2023-05-06,393,398,0,342,344,3,78,698,12,0
EDDM,2023-05-07,413,408,0,359,358,9,80,711,21,0
EDDM,2023-05-08,436,440,0,382,389,6,90,760,20,0
EDDM,2023-05-09,440,433,0,389,382,9,92,746,26,0
EDDM,2023-05-10,433,435,0,384,386,9,88,750,21,0
EDDM,2023-05-11,438,439,0,390,387,6,86,761,24,0
EDDM,2023-05-12,445,457,0,391,403,6,98,778,20,0
EDDM,2023-05-13,414,399,0,363,346,5,84,715,9,0
EDDM,2023-05-14,413,414,0,361,364,4,85,718,20,0
EDDM,2023-05-15,451,450,0,399,399,4,95,795,7,0
EDDM,2023-05-16,425,438,0,376,382,0,93,753,17,0
EDDM,2023-05-17,436,425,0,385,377,2,89,751,19,0
EDDM,2023-05-18,436,445,0,386,394,7,89,763,22,0
EDDM,2023-05-19,424,426,0,372,370,3,94,734,19,0
EDDM,2023-05-20,417,410,0,363,354,10,79,725,13,0
EDDM,2023-05-21,438,426,0,383,377,10,84,751,19,0
EDDM,2023-05-22,454,461,0,401,411,8,89,803,15,0
EDDM,2023-05-23,436,439,0,387,387,12,83,775,5,0
EDDM,2023-05-24,448,445,0,397,397,8,80,784,21,0
EDDM,2023-05-25,453,464,0,402,411,6,86,801,24,0
EDDM,2023-05-26,476,467,0,418,412,10,90,829,14,0
EDDM,2023-05-27,453,453,0,399,393,9,83,787,27,0
EDDM,2023-05-28,460,458,0,408,406,4,79,811,24,0
EDDM,2023-05-29,461,458,0,409,408,8,83,809,19,0
EDDM,2023-05-30,449,460,0,396,406,8,89,800,12,0
EDDM,2023-05-31,455,451,0,404,400,9,81,799,17,0
EDDM,2023-06-01,464,468,0,410,409,1,87,828,16,0
EDDM,2023-06-02,457,460,0,398,401,5,93,800,19,0
EDDM,2023-06-03,449,438,0,392,380,10,82,776,19,0
EDDM,2023-06-04,442,440,0,385,385,4,84,780,14,0
EDDM,2023-06-05,453,465,0,399,413,1,88,820,9,0
EDDM,2023-06-06,455,451,0,399,394,9,86,799,12,0
EDDM,2023-06-07,470,462,0,419,411,8,89,823,12,0
EDDM,2023-06-08,438,450,0,383,392,5,84,790,9,0
EDDM,2023-06-09,473,461,0,412,403,13,90,822,9,0
EDDM,2023-06-10,441,441,0,384,382,8,88,778,8,0
EDDM,2023-06-11,461,449,0,404,396,10,88,795,17,0
EDDM,2023-06-12,457,467,0,401,414,4,93,812,15,0
EDDM,2023-06-13,472,467,0,413,407,8,91,819,21,0
EDDM,2023-06-14,463,469,0,409,415,7,83,816,26,0
EDDM,2023-06-15,475,480,0,421,423,8,95,825,27,0
EDDM,2023-06-16,489,485,0,433,428,7,95,845,27,0
EDDM,2023-06-17,434,438,0,379,379,7,91,765,9,0
EDDM,2023-06-18,444,444,0,391,391,10,80,777,21,0
EDDM,2023-06-19,467,465,0,412,412,7,96,807,22,0
EDDM,2023-06-20,455,444,0,395,385,17,93,772,17,0
EDDM,2023-06-21,459,465,0,406,412,9,91,801,23,0
EDDM,2023-06-22,424,411,0,372,354,9,91,712,23,0
EDDM,2023-06-23,442,453,0,384,392,15,93,760,27,0
EDDM,2023-06-24,437,434,0,381,376,9,86,762,14,0
EDDM,2023-06-25,459,448,0,405,397,7,82,803,15,0
EDDM,2023-06-26,467,491,0,411,435,12,92,833,21,0
EDDM,2023-06-27,476,474,0,419,416,12,90,833,15,0
EDDM,2023-06-28,457,458,0,406,407,2,86,812,15,0
EDDM,2023-06-29,473,474,0,417,416,8,93,827,19,0
EDDM,2023-06-30,464,468,0,407,414,6,88,825,13,0
EDDM,2023-07-01,444,438,0,388,380,2,91,773,16,0
EDDM,2023-07-02,447,447,0,393,396,4,89,778,23,0
EDDM,2023-07-03,460,460,0,408,408,9,88,808,15,0
EDDM,2023-07-04,460,457,0,404,398,8,96,800,13,0
EDDM,2023-07-05,453,454,0,401,403,6,84,796,21,0
EDDM,2023-07-06,475,476,0,416,417,10,97,829,15,0
EDDM,2023-07-07,481,478,0,420,418,6,95,841,17,0
EDDM,2023-07-08,450,447,0,393,389,11,87,780,19,0
EDDM,2023-07-09,449,450,0,394,396,10,89,778,22,0
EDDM,2023-07-10,458,457,0,403,405,0,88,808,19,0
EDDM,2023-07-11,451,450,0,396,392,4,90,787,20,0
EDDM,2023-07-12,421,415,0,364,358,10,87,720,19,0
EDDM,2023-07-13,469,472,0,413,413,9,93,826,13,0
EDDM,2023-07-14,470,476,0,413,415,10,93,827,16,0
EDDM,2023-07-15,423,418,0,366,360,4,90,737,10,0
EDDM,2023-07-16,454,437,0,391,384,6,85,786,14,0
EDDM,2023-07-17,454,476,0,401,420,9,92,820,9,0
EDDM,2023-07-18,445,450,0,388,392,9,91,784,11,0
EDDM,2023-07-19,451,449,0,393,393,8,88,791,13,0
EDDM,2023-07-20,469,472,0,410,413,8,98,821,14,0
EDDM,2023-07-21,462,462,0,406,405,2,90,811,21,0
EDDM,2023-07-22,442,436,0,386,378,9,88,770,11,0
EDDM,2023-07-23,455,448,0,397,394,5,94,784,20,0
EDDM,2023-07-24,452,450,0,398,395,10,93,785,14,0
EDDM,2023-07-25,423,432,0,366,375,5,93,737,20,0
EDDM,2023-07-26,448,450,0,392,392,7,84,794,13,0
EDDM,2023-07-27,477,481,0,419,421,13,97,828,20,0
EDDM,2023-07-28,463,461,0,404,400,4,90,818,12,0
EDDM,2023-07-29,435,427,0,377,363,5,91,751,15,0
EDDM,2023-07-30,450,448,0,394,391,5,85,780,28,0
EDDM,2023-07-31,461,466,0,404,411,8,95,807,17,0
EDDM,2023-08-01,450,455,0,390,390,0,97,796,12,0
EDDM,2023-08-02,456,457,0,397,398,8,91,808,6,0
EDDM,2023-08-03,475,473,0,414,410,4,101,830,13,0
EDDM,2023-08-04,483,478,0,423,418,3,96,846,16,0
EDDM,2023-08-05,447,448,0,389,385,1,93,784,17,0
EDDM,2023-08-06,454,447,0,397,390,1,88,801,11,0
EDDM,2023-08-07,464,465,0,404,410,1,95,822,11,0
EDDM,2023-08-08,452,442,0,391,379,5,96,781,12,0
EDDM,2023-08-09,443,445,0,384,386,2,90,785,11,0
EDDM,2023-08-10,460,459,0,402,399,9,102,795,13,0
EDDM,2023-08-11,472,464,0,410,404,5,95,821,15,0
EDDM,2023-08-12,435,431,0,376,369,2,91,764,9,0
EDDM,2023-08-13,462,460,0,402,402,2,86,815,19,0
EDDM,2023-08-14,466,458,0,409,404,7,93,809,15,0
EDDM,2023-08-15,412,404,0,351,342,3,91,713,9,0
EDDM,2023-08-16,447,441,0,389,382,5,88,786,9,0
EDDM,2023-08-17,445,447,0,384,387,2,93,789,8,0
EDDM,2023-08-18,472,464,0,414,404,6,89,827,14,0
EDDM,2023-08-19,450,449,0,390,385,4,93,785,17,0
EDDM,2023-08-20,458,454,0,397,397,2,86,810,14,0
EDDM,2023-08-21,465,458,0,409,401,5,96,809,13,0
EDDM,2023-08-22,460,453,0,398,390,5,99,791,18,0
EDDM,2023-08-23,458,455,0,401,395,5,90,804,14,0
EDDM,2023-08-24,434,430,0,375,371,9,94,747,14,0
EDDM,2023-08-25,453,444,0,391,382,8,100,777,12,0
EDDM,2023-08-26,414,409,0,354,346,3,88,726,6,0
EDDM,2023-08-27,455,452,0,392,393,2,85,810,10,0
EDDM,2023-08-28,446,450,0,392,393,1,94,783,18,0
EDDM,2023-08-29,469,470,0,406,410,1,102,824,12,0
EDDM,2023-08-30,467,469,0,410,407,5,90,835,6,0
EDDM,2023-08-31,483,476,0,424,414,5,101,842,11,0
EDDM,2023-09-01,509,507,0,447,444,3,94,900,19,0
EDDM,2023-09-02,466,456,0,407,394,2,89,820,11,0
EDDM,2023-09-03,496,488,0,434,429,6,86,876,16,0
EDDM,2023-09-04,493,501,0,437,446,5,95,880,14,0
EDDM,2023-09-05,497,495,0,434,433,7,99,870,16,0
EDDM,2023-09-06,494,509,0,437,447,8,90,890,15,0
EDDM,2023-09-07,506,505,0,447,444,6,101,885,19,0
EDDM,2023-09-08,506,506,0,444,443,4,95,889,24,0
EDDM,2023-09-09,460,462,0,400,401,16,88,803,15,0
EDDM,2023-09-10,485,481,0,422,422,7,92,851,16,0
EDDM,2023-09-11,497,498,0,443,443,9,93,881,12,0
EDDM,2023-09-12,494,488,0,437,431,5,97,865,15,0
EDDM,2023-09-13,485,484,0,429,428,14,89,849,17,0
EDDM,2023-09-14,498,503,0,443,442,4,102,878,17,0
EDDM,2023-09-15,515,498,0,454,436,7,95,895,16,0
EDDM,2023-09-16,465,465,0,410,409,12,85,820,13,0
EDDM,2023-09-17,487,488,0,428,434,11,87,851,26,0
EDDM,2023-09-18,486,493,0,429,434,3,94,866,16,0
EDDM,2023-09-19,497,493,0,440,441,12,92,860,26,0
EDDM,2023-09-20,494,494,0,439,436,6,87,875,20,0
EDDM,2023-09-21,497,505,0,440,443,8,94,886,14,0
EDDM,2023-09-22,510,510,0,447,446,5,98,889,28,0
EDDM,2023-09-23,464,452,0,406,394,8,88,804,16,0
EDDM,2023-09-24,475,482,0,416,428,6,88,834,29,0
EDDM,2023-09-25,482,482,0,429,428,4,92,848,20,0
EDDM,2023-09-26,480,485,0,422,424,7,91,855,12,0
EDDM,2023-09-27,490,492,0,431,429,15,91,852,24,0
EDDM,2023-09-28,494,489,0,436,431,8,92,868,15,0
EDDM,2023-09-29,500,499,0,433,437,13,95,876,15,0
EDDM,2023-09-30,469,459,0,411,400,7,89,820,12,0
EDDM,2023-10-01,497,502,0,436,444,4,92,875,28,0
EDDM,2023-10-02,482,492,0,429,434,6,93,871,4,0
EDDM,2023-10-03,498,492,0,436,434,3,93,873,21,0
EDDM,2023-10-04,511,505,0,451,445,12,92,893,19,0
EDDM,2023-10-05,503,509,0,447,451,8,94,889,21,0
EDDM,2023-10-06,500,510,0,440,448,4,94,896,16,0
EDDM,2023-10-07,461,450,0,400,391,10,85,809,7,0
EDDM,2023-10-08,477,483,0,420,428,9,85,845,21,0
EDDM,2023-10-09,487,490,0,434,436,10,96,857,14,0
EDDM,2023-10-10,486,484,0,429,427,4,96,857,13,0
EDDM,2023-10-11,496,491,0,437,433,7,91,873,16,0
EDDM,2023-10-12,500,506,0,443,448,10,97,882,17,0
EDDM,2023-10-13,499,502,0,437,440,11,102,875,13,0
EDDM,2023-10-14,460,455,0,405,394,7,90,808,10,0
EDDM,2023-10-15,475,474,0,416,420,6,86,842,15,0
EDDM,2023-10-16,487,487,0,433,434,3,96,853,22,0
EDDM,2023-10-17,473,478,0,417,423,6,94,825,26,0
EDDM,2023-10-18,486,485,0,430,424,6,94,853,18,0
EDDM,2023-10-19,483,484,0,427,429,5,96,857,9,0
EDDM,2023-10-20,481,481,0,421,422,4,97,849,12,0
EDDM,2023-10-21,448,438,0,391,380,3,88,787,8,0
EDDM,2023-10-22,463,468,0,404,411,5,90,829,7,0
EDDM,2023-10-23,470,469,0,418,417,8,95,824,12,0
EDDM,2023-10-24,483,482,0,427,426,6,97,841,21,0
EDDM,2023-10-25,483,480,0,428,424,5,90,861,7,0
EDDM,2023-10-26,493,498,0,436,442,7,99,862,23,0
EDDM,2023-10-27,488,491,0,428,429,2,97,872,8,0
EDDM,2023-10-28,465,461,0,406,395,8,92,804,22,0
EDDM,2023-10-29,444,449,0,388,397,4,83,793,13,0
EDDM,2023-10-30,437,434,0,387,383,6,92,761,12,0
EDDM,2023-10-31,426,435,0,377,385,4,91,754,12,0
EDDM,2023-11-01,416,416,0,363,364,6,76,740,10,0
EDDM,2023-11-02,437,438,0,382,382,10,87,761,17,0
EDDM,2023-11-03,437,442,0,384,384,4,90,774,11,0
EDDM,2023-11-04,428,415,0,365,354,10,78,748,7,0
EDDM,2023-11-05,436,439,0,375,384,4,91,766,14,0
EDDM,2023-11-06,430,437,0,378,386,8,96,761,2,0
EDDM,2023-11-07,426,424,0,379,375,12,92,729,17,0
EDDM,2023-11-08,434,429,0,386,381,13,82,754,14,0
EDDM,2023-11-09,441,446,0,386,391,12,92,770,13,0
EDDM,2023-11-10,441,440,0,386,386,16,91,762,12,0
EDDM,2023-11-11,393,387,0,337,331,8,82,678,12,0
EDDM,2023-11-12,411,409,0,354,355,2,87,717,14,0
EDDM,2023-11-13,419,424,0,370,375,4,89,742,8,0
EDDM,2023-11-14,423,422,0,376,373,2,92,735,16,0
EDDM,2023-11-15,431,431,0,379,380,6,85,754,17,0
EDDM,2023-11-16,431,435,0,376,382,6,86,754,20,0
EDDM,2023-11-17,429,434,0,376,379,2,91,755,15,0
EDDM,2023-11-18,380,373,0,327,317,4,80,660,9,0
EDDM,2023-11-19,406,408,0,350,354,5,87,714,8,0
EDDM,2023-11-20,421,425,0,372,374,9,94,734,9,0
EDDM,2023-11-21,407,402,0,361,356,7,88,711,3,0
EDDM,2023-11-22,407,414,0,360,364,8,86,721,6,0
EDDM,2023-11-23,428,425,0,372,373,4,95,745,9,0
EDDM,2023-11-24,414,421,0,363,368,2,89,730,14,0
EDDM,2023-11-25,381,368,0,328,311,0,79,665,5,0
EDDM,2023-11-26,399,400,0,341,345,0,88,705,6,0
EDDM,2023-11-27,424,426,0,372,374,2,96,743,9,0
EDDM,2023-11-28,404,396,0,356,347,0,91,697,12,0
EDDM,2023-11-29,412,417,0,364,371,12,82,724,11,0
EDDM,2023-11-30,371,345,0,318,295,4,83,609,20,0
EDDM,2023-12-01,261,208,0,216,174,0,63,391,15,0
EDDM,2023-12-03,104,137,0,90,104,4,52,178,7,0
EDDM,2023-12-04,149,177,0,125,134,2,63,249,12,0
EDDM,2023-12-05,91,73,0,70,59,6,41,114,3,0
EDDM,2023-12-06,244,282,0,209,234,11,68,443,4,0
EDDM,2023-12-07,369,382,0,320,329,13,83,644,11,0
EDDM,2023-12-08,355,339,0,302,286,6,90,588,10,0
EDDM,2023-12-09,342,352,0,287,296,3,81,607,3,0
EDDM,2023-12-10,394,392,0,340,342,5,81,691,9,0
EDDM,2023-12-11,411,413,0,362,364,4,94,715,11,0
EDDM,2023-12-12,393,396,0,345,349,4,89,685,11,0
EDDM,2023-12-13,408,409,0,363,359,9,79,725,4,0
EDDM,2023-12-14,412,406,0,359,352,11,90,708,9,0
EDDM,2023-12-15,427,418,0,374,368,8,85,738,14,0
EDDM,2023-12-16,375,374,0,319,316,6,86,651,6,0
EDDM,2023-12-17,388,396,0,337,345,4,82,688,10,0
EDDM,2023-12-18,402,401,0,351,352,9,93,692,9,0
EDDM,2023-12-19,401,402,0,354,352,11,94,690,8,0
EDDM,2023-12-20,391,392,0,345,344,4,84,690,5,0
EDDM,2023-12-21,385,385,0,330,330,4,83,676,7,0
EDDM,2023-12-22,394,394,0,339,337,2,94,679,13,0
EDDM,2023-12-23,370,354,0,311,300,2,78,633,11,0
EDDM,2023-12-24,311,274,0,263,229,2,73,504,6,0
EDDM,2023-12-25,268,281,0,224,234,6,72,466,5,0
EDDM,2023-12-26,323,334,0,276,284,4,81,562,10,0
EDDM,2023-12-27,352,358,0,304,309,4,78,620,8,0
EDDM,2023-12-28,374,372,0,320,316,12,83,644,7,0
EDDM,2023-12-29,369,379,0,317,325,12,82,644,10,0
EDDM,2023-12-30,354,354,0,302,298,10,78,619,1,0
EDDM,2023-12-31,309,289,0,262,242,6,76,513,3,0
EDDM,2024-01-01,295,323,0,245,272,7,83,525,3,0
EDDM,2024-01-02,360,360,0,311,312,2,88,625,5,0
EDDM,2024-01-03,358,362,0,309,312,8,82,626,4,0
EDDM,2024-01-04,369,366,0,313,310,7,91,631,6,0
EDDM,2024-01-05,383,383,0,328,330,7,88,660,11,0
EDDM,2024-01-06,384,377,0,328,320,4,80,661,16,0
EDDM,2024-01-07,380,384,0,327,330,2,88,665,9,0
EDDM,2024-01-08,379,380,0,326,329,10,84,654,11,0
EDDM,2024-01-09,343,333,0,296,288,8,84,582,2,0
EDDM,2024-01-10,336,344,0,295,298,6,74,590,10,0
EDDM,2024-01-11,363,356,0,309,305,0,80,624,15,0
EDDM,2024-01-12,371,379,0,315,327,10,79,653,8,0
EDDM,2024-01-13,333,329,0,283,277,0,71,586,5,0
EDDM,2024-01-14,363,361,0,316,315,6,76,631,11,0
EDDM,2024-01-15,364,361,0,317,315,8,80,631,6,0
EDDM,2024-01-16,322,315,0,279,275,8,77,547,5,0
EDDM,2024-01-17,186,196,0,160,171,1,37,335,9,0
EDDM,2024-01-18,346,340,0,302,292,8,74,593,11,0
EDDM,2024-01-19,374,376,0,324,325,7,78,648,17,0
EDDM,2024-01-20,336,334,0,288,282,8,72,584,6,0
EDDM,2024-01-21,354,360,0,306,313,10,77,621,6,0
EDDM,2024-01-22,371,368,0,324,322,4,81,639,15,0
EDDM,2024-01-23,349,346,0,305,303,10,82,594,9,0
EDDM,2024-01-24,340,342,0,294,301,4,75,596,7,0
EDDM,2024-01-25,355,353,0,308,305,6,84,608,10,0
EDDM,2024-01-26,367,377,0,316,324,6,83,646,9,0
EDDM,2024-01-27,347,344,0,297,292,2,73,612,4,0
EDDM,2024-01-28,363,368,0,312,317,6,75,638,12,0
EDDM,2024-01-29,368,360,0,320,313,8,74,640,6,0
EDDM,2024-01-30,347,344,0,307,304,7,82,582,20,0
EDDM,2024-01-31,353,353,0,313,314,7,72,610,17,0
EDDM,2024-02-01,356,357,0,312,309,6,77,617,13,0
EDDM,2024-02-02,376,384,0,327,332,2,80,672,6,0
EDDM,2024-02-03,347,348,0,297,295,6,72,614,3,0
EDDM,2024-02-04,374,380,0,324,335,11,75,650,18,0
EDDM,2024-02-05,393,387,0,347,339,3,77,694,6,0
EDDM,2024-02-06,357,350,0,318,316,8,73,609,17,0
EDDM,2024-02-07,175,166,0,144,139,10,51,262,18,0
EDDM,2024-02-08,357,363,0,320,318,15,65,630,10,0
EDDM,2024-02-09,403,410,0,353,358,8,77,714,14,0
EDDM,2024-02-10,370,362,0,320,312,6,69,654,3,0
EDDM,2024-02-11,381,395,0,337,347,4,69,697,6,0
EDDM,2024-02-12,410,409,0,364,362,13,73,730,3,0
EDDM,2024-02-13,383,380,0,337,341,10,85,664,4,0
EDDM,2024-02-14,404,404,0,359,360,6,71,721,10,0
EDDM,2024-02-15,455,433,0,390,386,9,82,780,17,0
EDDM,2024-02-16,493,470,0,434,412,40,86,820,17,0
EDDM,2024-02-17,444,454,0,390,386,57,84,750,7,0
EDDM,2024-02-18,415,447,0,363,385,9,91,756,6,0
EDDM,2024-02-19,418,419,0,366,362,4,86,742,5,0
EDDM,2024-02-20,199,178,0,163,151,4,57,302,14,0
EDDM,2024-02-21,377,397,0,340,352,8,75,684,7,0
EDDM,2024-02-22,406,410,0,358,358,8,82,717,9,0
EDDM,2024-02-23,430,431,0,377,375,9,87,757,8,0
EDDM,2024-02-24,390,390,0,337,335,7,80,686,7,0
EDDM,2024-02-25,401,404,0,349,354,6,81,705,13,0
EDDM,2024-02-26,423,420,0,372,369,9,85,741,8,0
EDDM,2024-02-27,397,394,0,351,350,8,90,687,6,0
EDDM,2024-02-28,411,410,0,366,367,7,77,731,6,0
EDDM,2024-02-29,427,430,0,378,376,9,84,751,13,0
EDDM,2024-03-01,418,427,0,364,372,6,86,740,13,0
EDDM,2024-03-02,392,379,0,336,324,2,82,681,6,0
EDDM,2024-03-03,400,405,0,345,350,4,88,705,8,0
EDDM,2024-03-04,436,432,0,384,381,4,83,764,17,0
EDDM,2024-03-05,410,403,0,363,357,10,96,695,12,0
EDDM,2024-03-06,423,401,0,377,352,3,86,720,15,0
EDDM,2024-03-07,213,195,0,166,167,10,66,306,26,0
EDDM,2024-03-08,195,194,0,162,164,10,47,305,27,0
EDDM,2024-03-09,291,334,0,256,275,5,66,549,5,0
EDDM,2024-03-10,406,410,0,353,358,7,79,725,5,0
EDDM,2024-03-11,427,437,0,375,381,2,83,764,15,0
EDDM,2024-03-12,406,397,0,360,353,4,91,688,20,0
EDDM,2024-03-13,232,204,0,189,173,8,61,347,20,0
EDDM,2024-03-14,375,404,0,339,354,6,66,690,17,0
EDDM,2024-03-15,432,443,0,382,387,6,86,769,14,0
EDDM,2024-03-16,384,376,0,329,319,6,78,672,4,0
EDDM,2024-03-17,414,410,0,358,357,9,82,720,13,0
EDDM,2024-03-18,430,433,0,378,382,9,81,766,7,0
EDDM,2024-03-19,408,405,0,362,362,10,87,711,5,0
EDDM,2024-03-20,413,414,0,363,363,6,84,733,4,0
EDDM,2024-03-21,431,432,0,380,379,6,87,750,20,0
EDDM,2024-03-22,433,440,0,378,382,9,91,759,14,0
EDDM,2024-03-23,403,393,0,343,331,5,89,696,6,0
EDDM,2024-03-24,413,417,0,357,361,7,82,730,11,0
EDDM,2024-03-25,418,419,0,367,367,8,79,744,6,0
EDDM,2024-03-26,400,405,0,354,359,6,83,709,7,0
EDDM,2024-03-27,424,422,0,374,371,5,81,745,15,0
EDDM,2024-03-28,436,429,0,382,375,8,83,762,12,0
EDDM,2024-03-29,416,420,0,358,364,4,81,741,10,0
EDDM,2024-03-30,394,387,0,339,331,8,81,690,2,0
EDDM,2024-03-31,424,432,0,370,378,6,81,765,4,0
EDDM,2024-04-01,444,440,0,389,382,4,85,786,9,0
EDDM,2024-04-02,453,454,0,396,398,7,97,794,9,0
EDDM,2024-04-03,464,469,0,408,411,10,94,822,7,0
EDDM,2024-04-04,475,469,0,416,412,13,93,828,10,0
EDDM,2024-04-05,480,480,0,419,418,11,94,844,11,0
EDDM,2024-04-06,443,444,0,379,379,7,91,778,11,0
EDDM,2024-04-07,464,460,0,411,406,6,83,817,18,0
EDDM,2024-04-08,457,466,0,399,407,10,94,808,11,0
EDDM,2024-04-09,459,454,0,403,398,9,98,795,11,0
EDDM,2024-04-10,468,475,0,410,415,3,97,829,14,0
EDDM,2024-04-11,477,474,0,420,418,10,97,827,17,0
EDDM,2024-04-12,479,481,0,418,417,8,94,843,15,0
EDDM,2024-04-13,442,435,0,380,372,3,91,775,8,0
EDDM,2024-04-14,451,448,0,400,393,3,86,800,10,0
EDDM,2024-04-15,460,457,0,402,398,2,98,805,12,0
EDDM,2024-04-16,473,468,0,416,413,6,100,811,24,0
EDDM,2024-04-17,486,480,0,431,424,6,94,844,22,0
EDDM,2024-04-18,489,498,0,431,437,6,91,870,20,0
EDDM,2024-04-19,469,473,0,410,412,4,99,827,12,0
EDDM,2024-04-20,445,439,0,379,373,0,92,784,8,0
EDDM,2024-04-21,446,457,0,390,401,2,89,801,11,0
EDDM,2024-04-22,472,475,0,415,415,2,91,839,15,0
EDDM,2024-04-23,449,443,0,396,389,0,91,788,13,0
EDDM,2024-04-24,468,475,0,409,415,7,94,830,12,0
EDDM,2024-04-25,465,458,0,406,401,10,92,805,16,0
EDDM,2024-04-26,487,487,0,428,427,4,99,852,19,0
EDDM,2024-04-27,452,451,0,386,382,6,94,790,13,0
EDDM,2024-04-28,452,456,0,396,401,12,88,798,10,0
EDDM,2024-04-29,484,483,0,427,425,15,98,843,11,0
EDDM,2024-04-30,497,478,0,441,423,19,107,833,16,0
EDDM,2024-05-01,460,478,0,400,416,7,92,825,14,0
EDDM,2024-05-02,469,465,0,414,409,13,98,816,7,0
EDDM,2024-05-03,483,483,0,422,423,11,92,858,5,0
EDDM,2024-05-04,462,464,0,397,400,9,96,811,10,0
EDDM,2024-05-05,480,475,0,425,421,5,93,845,12,0
EDDM,2024-05-06,469,475,0,410,418,6,97,830,11,0
EDDM,2024-05-07,482,486,0,425,427,6,103,851,8,0
EDDM,2024-05-08,493,491,0,434,428,2,97,867,18,0
EDDM,2024-05-09,481,475,0,424,421,2,91,845,18,0
EDDM,2024-05-10,484,486,0,421,422,6,99,856,9,0
EDDM,2024-05-11,458,458,0,395,396,12,96,800,8,0
EDDM,2024-05-12,489,485,0,433,431,7,89,853,25,0
EDDM,2024-05-13,493,494,0,432,436,8,99,866,14,0
EDDM,2024-05-14,501,498,0,442,441,14,102,868,15,0
EDDM,2024-05-15,499,506,0,440,444,6,96,879,24,0
EDDM,2024-05-16,500,498,0,444,438,10,102,865,21,0
EDDM,2024-05-17,530,524,0,466,458,6,106,926,16,0
EDDM,2024-05-18,465,473,0,405,402,7,105,806,20,0
EDDM,2024-05-19,484,483,0,427,425,6,88,862,11,0
EDDM,2024-05-20,498,498,0,441,437,9,93,878,16,0
EDDM,2024-05-21,503,503,0,445,444,5,103,880,18,0
EDDM,2024-05-22,490,499,0,429,436,7,95,875,12,0
EDDM,2024-05-23,490,480,0,437,425,6,94,850,20,0
EDDM,2024-05-24,518,506,0,451,442,4,101,904,15,0
EDDM,2024-05-25,468,476,0,404,410,8,95,825,16,0
EDDM,2024-05-26,478,481,0,421,421,2,92,849,16,0
EDDM,2024-05-27,476,473,0,418,414,6,93,844,6,0
EDDM,2024-05-28,470,482,0,412,423,8,105,823,16,0
EDDM,2024-05-29,509,497,0,445,435,6,99,889,12,0
EDDM,2024-05-30,493,487,0,439,432,8,92,859,21,0
EDDM,2024-05-31,497,512,0,432,447,4,99,893,13,0
EDDM,2024-06-01,472,471,0,405,402,8,97,827,11,0
EDDM,2024-06-02,502,495,0,445,438,12,93,873,19,0
EDDM,2024-06-03,503,506,0,446,448,16,97,880,16,0
EDDM,2024-06-04,508,514,0,450,457,14,105,886,17,0
EDDM,2024-06-05,495,493,0,433,428,20,99,855,14,0
EDDM,2024-06-06,496,489,0,440,430,11,99,857,18,0
EDDM,2024-06-07,509,514,0,445,448,7,104,890,22,0
EDDM,2024-06-08,469,472,0,405,405,6,98,823,14,0
EDDM,2024-06-09,471,463,0,414,405,2,89,832,11,0
EDDM,2024-06-10,506,508,0,447,450,9,98,891,16,0
EDDM,2024-06-11,495,505,0,437,446,14,107,865,14,0
EDDM,2024-06-12,514,516,0,455,454,9,99,897,25,0
EDDM,2024-06-13,526,518,0,468,458,4,101,921,18,0
EDDM,2024-06-14,545,529,0,475,465,28,101,927,18,0
EDDM,2024-06-15,495,512,0,429,439,13,101,866,27,0
EDDM,2024-06-16,495,489,0,437,431,6,90,859,29,0
EDDM,2024-06-17,530,536,0,471,477,43,96,911,16,0
EDDM,2024-06-18,499,495,0,438,435,11,107,860,16,0
EDDM,2024-06-19,524,510,0,463,449,14,98,899,23,0
EDDM,2024-06-20,543,548,0,487,488,32,99,922,38,0
EDDM,2024-06-21,477,479,0,413,414,6,100,832,18,0
EDDM,2024-06-22,458,458,0,392,391,8,101,798,9,0
EDDM,2024-06-23,488,485,0,429,428,14,95,846,18,0
EDDM,2024-06-24,498,504,0,440,447,6,100,882,14,0
EDDM,2024-06-25,519,513,0,460,452,36,105,861,30,0
EDDM,2024-06-26,448,457,0,386,394,7,100,776,22,0
EDDM,2024-06-27,468,475,0,412,419,9,97,811,26,0
EDDM,2024-06-28,497,489,0,432,426,16,101,856,13,0
EDDM,2024-06-29,459,463,0,397,396,7,96,806,13,0
EDDM,2024-06-30,470,466,0,413,408,7,92,828,9,0
EDDM,2024-07-01,498,503,0,437,443,12,100,883,6,0
EDDM,2024-07-02,521,511,0,461,448,40,105,858,29,0
EDDM,2024-07-03,501,514,0,437,450,11,98,890,16,0
EDDM,2024-07-04,503,508,0,445,447,13,99,881,18,0
EDDM,2024-07-05,494,485,0,428,421,9,101,854,15,0
EDDM,2024-07-06,452,446,0,386,378,7,101,781,9,0
EDDM,2024-07-07,473,474,0,408,412,6,100,826,15,0
EDDM,2024-07-08,506,507,0,440,446,9,99,878,27,0
EDDM,2024-07-09,523,498,0,462,437,23,108,870,20,0
EDDM,2024-07-10,510,538,0,442,471,11,102,908,27,0
EDDM,2024-07-11,491,489,0,430,426,11,97,855,17,0
EDDM,2024-07-12,470,463,0,405,398,10,101,810,12,0
EDDM,2024-07-13,438,449,0,378,386,4,94,779,10,0
EDDM,2024-07-14,481,479,0,420,417,4,99,832,25,0
EDDM,2024-07-15,495,486,0,435,426,4,99,859,19,0
EDDM,2024-07-16,480,479,0,416,413,6,111,830,12,0
EDDM,2024-07-17,496,501,0,428,431,5,106,871,15,0
EDDM,2024-07-18,499,499,0,438,436,15,105,861,17,0
EDDM,2024-07-19,460,458,0,391,394,12,98,792,16,0
EDDM,2024-07-20,429,430,0,372,361,10,97,733,19,0
EDDM,2024-07-21,439,439,0,377,377,8,93,758,19,0
EDDM,2024-07-22,485,477,0,424,419,6,96,837,23,0
EDDM,2024-07-23,482,479,0,421,416,9,104,835,13,0
EDDM,2024-07-24,498,499,0,432,433,4,103,867,23,0
EDDM,2024-07-25,508,513,0,433,449,12,134,869,6,0
EDDM,2024-07-26,501,500,0,436,434,8,103,873,17,0
EDDM,2024-07-27,473,476,0,410,409,14,102,819,14,0
EDDM,2024-07-28,495,491,0,434,431,6,99,859,22,0
EDDM,2024-07-29,515,513,0,453,452,12,105,897,14,0
EDDM,2024-07-30,481,491,0,418,429,7,111,842,12,0
EDDM,2024-07-31,495,494,0,428,426,9,106,861,13,0
EDDM,2024-08-01,493,494,0,432,430,4,103,868,12,0
EDDM,2024-08-02,511,507,0,445,442,9,103,879,27,0
EDDM,2024-08-03,484,483,0,420,418,8,100,838,21,0
EDDM,2024-08-04,485,491,0,427,430,7,89,865,15,0
EDDM,2024-08-05,510,507,0,446,446,5,103,898,11,0
EDDM,2024-08-06,486,490,0,426,428,6,110,846,14,0
EDDM,2024-08-07,503,501,0,438,434,9,103,875,17,0
EDDM,2024-08-08,489,492,0,431,432,13,101,853,14,0
EDDM,2024-08-09,523,510,0,456,441,5,106,905,17,0
EDDM,2024-08-10,481,488,0,418,419,5,100,836,28,0
EDDM,2024-08-11,492,493,0,432,434,8,95,864,18,0
EDDM,2024-08-12,493,499,0,430,437,4,101,882,5,0
EDDM,2024-08-13,483,472,0,420,411,12,105,825,13,0
EDDM,2024-08-14,484,479,0,417,411,10,102,833,18,0
EDDM,2024-08-15,483,486,0,424,427,12,99,833,25,0
EDDM,2024-08-16,505,505,0,437,439,4,112,880,14,0
EDDM,2024-08-17,483,480,0,419,414,6,100,834,23,0
EDDM,2024-08-18,492,487,0,434,426,6,94,852,27,0
EDDM,2024-08-19,499,515,0,438,454,4,100,895,15,0
EDDM,2024-08-20,498,498,0,438,438,4,108,868,16,0
EDDM,2024-08-21,503,501,0,435,435,12,101,879,12,0
EDDM,2024-08-22,498,498,0,441,438,11,101,874,10,0
EDDM,2024-08-23,521,511,0,455,446,13,103,897,19,0
EDDM,2024-08-24,469,480,0,406,411,4,101,828,16,0
EDDM,2024-08-25,486,493,0,425,436,8,94,859,18,0
EDDM,2024-08-26,503,502,0,442,441,4,102,884,15,0
EDDM,2024-08-27,496,502,0,435,438,7,107,869,15,0
EDDM,2024-08-28,500,506,0,436,440,15,102,875,14,0
EDDM,2024-08-29,503,493,0,443,431,10,103,867,16,0
EDDM,2024-08-30,527,518,0,460,454,10,110,909,16,0
EDDM,2024-08-31,481,473,0,417,406,7,101,824,22,0
EDDM,2024-09-01,498,510,0,437,454,5,96,887,20,0
EDDM,2024-09-02,492,498,0,435,439,9,98,865,18,0
EDDM,2024-09-03,507,502,0,444,441,17,109,872,11,0
EDDM,2024-09-04,516,516,0,451,448,8,106,906,12,0
EDDM,2024-09-05,505,514,0,445,452,14,106,885,14,0
EDDM,2024-09-06,522,519,0,456,455,12,105,910,14,0
EDDM,2024-09-07,483,481,0,419,413,12,107,844,1,0
EDDM,2024-09-08,504,491,0,443,433,11,102,869,13,0
EDDM,2024-09-09,509,523,0,450,462,10,103,908,11,0
EDDM,2024-09-10,497,489,0,433,426,4,107,865,10,0
EDDM,2024-09-11,496,509,0,432,444,6,104,877,18,0
EDDM,2024-09-12,503,504,0,444,444,14,103,869,21,0
EDDM,2024-09-13,523,509,0,455,445,7,106,901,18,0
EDDM,2024-09-14,466,469,0,404,401,4,103,818,10,0
EDDM,2024-09-15,508,496,0,445,440,8,93,876,27,0
EDDM,2024-09-16,513,523,0,450,459,4,100,917,15,0
EDDM,2024-09-17,509,503,0,446,441,11,105,878,18,0
EDDM,2024-09-18,517,521,0,454,456,4,100,907,27,0
EDDM,2024-09-19,512,506,0,454,445,5,105,898,10,0
EDDM,2024-09-20,538,530,0,470,466,16,109,930,13,0
EDDM,2024-09-21,476,480,0,411,413,5,105,832,14,0
EDDM,2024-09-22,513,513,0,453,456,6,96,896,28,0
EDDM,2024-09-23,522,523,0,465,464,12,101,906,26,0
EDDM,2024-09-24,509,508,0,449,450,12,107,879,19,0
EDDM,2024-09-25,532,527,0,465,459,10,105,931,13,0
EDDM,2024-09-26,527,528,0,466,468,15,101,916,23,0
EDDM,2024-09-27,533,534,0,471,469,7,102,925,33,0
EDDM,2024-09-28,491,490,0,428,422,0,104,852,25,0
EDDM,2024-09-29,496,507,0,435,453,9,97,865,32,0
EDDM,2024-09-30,526,525,0,469,468,11,103,918,19,0
EDDM,2024-10-01,495,494,0,437,435,6,105,863,15,0
EDDM,2024-10-02,511,512,0,447,447,7,103,897,16,0
EDDM,2024-10-03,495,501,0,440,443,5,95,875,21,0
EDDM,2024-10-04,505,504,0,440,437,4,107,876,22,0
EDDM,2024-10-05,484,476,0,418,411,6,102,839,13,0
EDDM,2024-10-06,513,512,0,455,454,9,94,882,40,0
EDDM,2024-10-07,524,522,0,467,464,9,98,914,25,0
EDDM,2024-10-08,500,498,0,437,437,6,106,867,19,0
EDDM,2024-10-09,506,514,0,443,452,4,96,902,18,0
EDDM,2024-10-10,500,513,0,446,453,8,103,881,21,0
EDDM,2024-10-11,521,519,0,455,455,11,104,910,15,0
EDDM,2024-10-12,474,472,0,410,407,10,102,825,9,0
EDDM,2024-10-13,492,488,0,431,433,2,93,873,12,0
EDDM,2024-10-14,493,494,0,437,436,9,96,867,15,0
EDDM,2024-10-15,499,500,0,436,437,6,108,874,11,0
EDDM,2024-10-16,500,505,0,435,440,13,104,881,7,0
EDDM,2024-10-17,503,495,0,448,437,8,101,881,8,0
EDDM,2024-10-18,498,502,0,434,438,1,97,889,13,0
EDDM,2024-10-19,463,463,0,403,400,7,101,807,11,0
EDDM,2024-10-20,476,478,0,420,423,0,88,856,10,0
EDDM,2024-10-21,485,489,0,428,430,4,102,858,10,0
EDDM,2024-10-22,502,487,0,438,424,10,103,864,12,0
EDDM,2024-10-23,489,505,0,429,441,2,102,871,19,0
EDDM,2024-10-24,491,489,0,433,432,3,102,864,11,0
EDDM,2024-10-25,496,498,0,430,431,2,105,878,9,0
EDDM,2024-10-26,467,466,0,405,401,1,105,816,11,0
EDDM,2024-10-27,462,460,0,401,399,6,89,815,12,0
EDDM,2024-10-28,440,445,0,384,387,3,92,780,10,0
EDDM,2024-10-29,423,429,0,366,369,1,90,756,5,0
EDDM,2024-10-30,443,438,0,382,378,0,94,774,13,0
EDDM,2024-10-31,448,440,0,391,384,0,91,787,10,0
EDDM,2024-11-01,425,431,0,365,368,2,86,755,13,0
EDDM,2024-11-02,425,418,0,360,352,8,96,733,6,0
EDDM,2024-11-03,446,451,0,383,391,2,95,781,19,0
EDDM,2024-11-04,431,429,0,375,371,0,99,747,14,0
EDDM,2024-11-05,419,417,0,364,362,0,96,726,14,0
EDDM,2024-11-06,432,427,0,373,367,0,94,751,14,0
EDDM,2024-11-07,445,445,0,387,391,0,92,770,28,0
EDDM,2024-11-08,419,418,0,356,357,2,96,719,20,0
EDDM,2024-11-09,398,395,0,338,333,0,100,682,11,0
EDDM,2024-11-10,424,421,0,362,360,0,93,742,10,0
EDDM,2024-11-11,444,450,0,383,385,7,104,763,20,0
EDDM,2024-11-12,424,424,0,368,368,0,100,731,17,0
EDDM,2024-11-13,428,433,0,372,374,2,97,748,14,0
EDDM,2024-11-14,453,453,0,396,396,8,98,777,23,0
EDDM,2024-11-15,453,460,0,395,400,9,93,784,27,0
EDDM,2024-11-16,387,382,0,329,321,6,97,659,7,0
EDDM,2024-11-17,418,421,0,359,364,5,90,728,16,0
EDDM,2024-11-18,430,429,0,374,370,6,98,740,15,0
EDDM,2024-11-19,416,416,0,359,361,6,100,714,12,0
EDDM,2024-11-20,429,430,0,371,372,12,95,735,17,0
EDDM,2024-11-21,426,420,0,370,366,4,89,739,14,0
EDDM,2024-11-22,437,444,0,380,386,7,95,762,17,0
EDDM,2024-11-23,399,392,0,340,329,7,101,668,15,0
EDDM,2024-11-24,410,413,0,353,358,6,87,721,9,0
EDDM,2024-11-25,425,435,0,368,377,9,98,748,5,0
EDDM,2024-11-26,420,411,0,366,354,13,99,712,7,0
EDDM,2024-11-27,421,430,0,365,371,5,91,742,13,0
EDDM,2024-11-28,443,425,0,387,380,11,82,765,10,0
EDDM,2024-11-29,420,427,0,371,369,4,83,747,13,0
EDDM,2024-11-30,387,381,0,330,321,6,96,658,8,0
EDDM,2024-12-01,408,409,0,350,352,0,93,701,23,0
EDDM,2024-12-02,432,434,0,374,374,9,104,740,13,0
EDDM,2024-12-03,422,415,0,362,358,10,98,714,15,0
EDDM,2024-12-04,424,431,0,369,376,6,89,743,17,0
EDDM,2024-12-05,428,427,0,373,372,9,95,732,19,0
EDDM,2024-12-06,427,430,0,370,369,5,92,751,9,0
EDDM,2024-12-07,382,366,0,321,306,6,96,632,14,0
EDDM,2024-12-08,397,410,0,337,353,4,92,698,13,0
EDDM,2024-12-09,429,430,0,369,371,4,100,738,17,0
EDDM,2024-12-10,410,409,0,353,353,4,99,700,16,0
EDDM,2024-12-11,425,425,0,369,366,6,94,740,10,0
EDDM,2024-12-12,432,434,0,376,379,18,95,744,9,0
EDDM,2024-12-13,431,433,0,375,371,2,93,754,15,0
EDDM,2024-12-14,396,376,0,336,316,8,97,654,13,0
EDDM,2024-12-15,398,406,0,338,351,4,88,703,9,0
EDDM,2024-12-16,419,427,0,363,365,9,101,728,8,0
EDDM,2024-12-17,404,410,0,345,354,8,102,691,13,0
EDDM,2024-12-18,432,431,0,376,372,7,95,745,16,0
EDDM,2024-12-19,440,439,0,378,382,4,96,764,15,0
EDDM,2024-12-20,452,448,0,394,388,10,97,776,17,0
EDDM,2024-12-21,403,396,0,344,332,7,99,677,16,0
EDDM,2024-12-22,407,407,0,343,344,5,89,713,7,0
EDDM,2024-12-23,370,355,0,311,296,7,96,614,8,0
EDDM,2024-12-24,278,251,0,225,198,2,89,431,7,0
EDDM,2024-12-25,251,266,0,201,216,6,71,435,5,0
EDDM,2024-12-26,308,314,0,256,263,0,73,541,8,0
EDDM,2024-12-27,337,336,0,284,278,0,85,578,10,0
EDDM,2024-12-28,327,336,0,271,280,0,86,566,11,0
EDDM,2024-12-29,356,358,0,298,302,6,84,619,5,0
EDDM,2024-12-30,356,353,0,297,294,0,96,601,12,0
EDDM,2024-12-31,290,262,0,235,206,0,88,461,3,0
EFHK,2022-01-01,146,145,0,123,121,8,26,255,2,0
EFHK,2022-01-02,176,179,0,152,158,0,31,320,4,0
EFHK,2022-01-03,164,171,0,149,153,0,24,306,5,0
EFHK,2022-01-04,161,160,0,139,138,2,30,279,10,0
EFHK,2022-01-05,160,160,0,137,135,0,35,281,4,0
EFHK,2022-01-06,151,150,0,129,127,0,27,265,9,0
EFHK,2022-01-07,178,180,0,160,156,8,29,315,6,0
EFHK,2022-01-08,158,151,0,129,128,0,38,266,5,0
EFHK,2022-01-09,166,169,0,142,146,0,30,302,3,0
EFHK,2022-01-10,168,176,0,150,155,6,24,300,14,0
EFHK,2022-01-11,156,154,0,132,133,0,28,272,10,0
EFHK,2022-01-12,158,161,0,135,135,0,33,269,17,0
EFHK,2022-01-13,161,154,0,134,132,4,30,261,20,0
EFHK,2022-01-14,165,162,0,142,139,7,27,276,17,0
EFHK,2022-01-15,148,142,0,120,118,4,32,249,5,0
EFHK,2022-01-16,154,147,0,131,129,0,27,270,4,0
EFHK,2022-01-17,142,151,0,125,132,3,23,256,11,0
EFHK,2022-01-18,159,156,0,135,133,3,29,268,15,0
EFHK,2022-01-19,158,161,0,135,137,3,34,260,22,0
EFHK,2022-01-20,152,154,0,128,130,4,29,266,7,0
EFHK,2022-01-21,164,161,0,146,139,5,31,281,8,0
EFHK,2022-01-22,143,136,0,117,114,4,28,240,7,0
EFHK,2022-01-23,139,143,0,116,124,3,29,249,1,0
EFHK,2022-01-24,144,145,0,128,128,2,26,255,6,0
EFHK,2022-01-25,159,161,0,137,141,13,27,273,7,0
EFHK,2022-01-26,156,157,0,133,133,2,34,270,7,0
EFHK,2022-01-27,152,153,0,129,129,2,29,267,7,0
EFHK,2022-01-28,159,163,0,138,139,4,30,277,11,0
EFHK,2022-01-29,149,138,0,122,117,4,30,253,0,0
EFHK,2022-01-30,146,149,0,124,126,0,25,264,6,0
EFHK,2022-01-31,150,154,0,128,131,8,32,258,6,0
EFHK,2022-02-01,150,154,0,127,133,3,34,250,17,0
EFHK,2022-02-02,155,151,0,133,128,6,33,260,7,0
EFHK,2022-02-03,152,153,0,130,129,4,32,261,8,0
EFHK,2022-02-04,155,155,0,137,131,2,33,270,5,0
EFHK,2022-02-05,143,138,0,118,114,2,34,242,3,0
EFHK,2022-02-06,143,145,0,121,129,2,25,258,3,0
EFHK,2022-02-07,132,140,0,117,121,2,24,239,7,0
EFHK,2022-02-08,147,138,0,128,120,2,27,245,11,0
EFHK,2022-02-09,147,149,0,128,128,3,30,256,7,0
EFHK,2022-02-10,165,169,0,142,145,13,31,270,20,0
EFHK,2022-02-11,165,169,0,146,145,12,30,277,15,0
EFHK,2022-02-12,157,147,0,129,125,10,32,258,4,0
EFHK,2022-02-13,146,150,0,123,129,1,30,262,3,0
EFHK,2022-02-14,137,140,0,121,123,0,24,238,15,0
EFHK,2022-02-15,154,149,0,129,129,0,33,256,14,0
EFHK,2022-02-16,156,157,0,132,133,5,34,255,19,0
EFHK,2022-02-17,149,149,0,127,127,0,29,256,13,0
EFHK,2022-02-18,170,167,0,146,139,4,36,283,14,0
EFHK,2022-02-19,157,157,0,133,132,5,34,269,6,0
EFHK,2022-02-20,160,160,0,135,138,11,34,270,5,0
EFHK,2022-02-21,145,148,0,125,128,3,26,257,7,0
EFHK,2022-02-22,166,166,0,141,146,8,32,280,12,0
EFHK,2022-02-23,158,159,0,140,138,6,32,267,12,0
EFHK,2022-02-24,150,149,0,128,131,0,27,262,10,0
EFHK,2022-02-25,163,163,0,146,139,2,30,287,7,0
EFHK,2022-02-26,162,153,0,130,131,8,32,271,4,0
EFHK,2022-02-27,152,147,0,130,136,0,25,265,9,0
EFHK,2022-02-28,138,145,0,129,135,5,21,249,8,0
EFHK,2022-03-01,153,149,0,140,140,9,22,263,8,0
EFHK,2022-03-02,159,161,0,150,149,4,25,274,17,0
EFHK,2022-03-03,155,153,0,145,145,4,19,272,13,0
EFHK,2022-03-04,168,166,0,162,156,6,20,301,7,0
EFHK,2022-03-05,148,147,0,134,135,6,27,258,4,0
EFHK,2022-03-06,153,156,0,143,148,3,22,281,3,0
EFHK,2022-03-07,153,157,0,146,148,11,18,274,7,0
EFHK,2022-03-08,157,158,0,145,149,0,23,270,22,0
EFHK,2022-03-09,157,157,0,150,146,4,26,270,14,0
EFHK,2022-03-10,157,158,0,148,149,3,23,270,19,0
EFHK,2022-03-11,170,170,0,163,158,10,23,298,9,0
EFHK,2022-03-12,147,141,0,134,130,4,27,253,4,0
EFHK,2022-03-13,154,155,0,142,146,1,25,280,3,0
EFHK,2022-03-14,150,160,0,141,149,4,25,271,10,0
EFHK,2022-03-15,158,152,0,144,141,6,27,268,9,0
EFHK,2022-03-16,157,160,0,150,148,6,27,274,10,0
EFHK,2022-03-17,160,155,0,147,144,4,27,274,10,0
EFHK,2022-03-18,165,166,0,156,154,5,24,298,4,0
EFHK,2022-03-19,165,160,0,151,147,13,30,270,12,0
EFHK,2022-03-20,161,163,0,149,154,6,27,280,11,0
EFHK,2022-03-21,166,172,0,157,162,14,24,282,18,0
EFHK,2022-03-22,166,157,0,154,149,11,25,267,20,0
EFHK,2022-03-23,151,159,0,144,147,7,27,261,15,0
EFHK,2022-03-24,156,158,0,145,148,10,26,269,9,0
EFHK,2022-03-25,171,165,0,162,153,2,23,299,12,0
EFHK,2022-03-26,158,152,0,144,142,9,28,271,2,0
EFHK,2022-03-27,167,176,0,156,166,3,31,302,7,0
EFHK,2022-03-28,187,186,0,178,177,4,30,323,16,0
EFHK,2022-03-29,184,185,0,172,173,8,35,311,15,0
EFHK,2022-03-30,189,189,0,180,180,5,31,327,15,0
EFHK,2022-03-31,193,189,0,182,178,12,31,326,13,0
EFHK,2022-04-01,194,190,0,186,180,7,27,343,7,0
EFHK,2022-04-02,155,153,0,139,139,11,38,259,0,0
EFHK,2022-04-03,173,174,0,163,164,8,31,303,5,0
EFHK,2022-04-04,182,182,0,169,172,4,32,319,9,0
EFHK,2022-04-05,167,172,0,156,161,0,30,303,6,0
EFHK,2022-04-06,183,182,0,174,172,6,32,318,9,0
EFHK,2022-04-07,198,192,0,187,181,0,29,349,12,0
EFHK,2022-04-08,201,207,0,190,195,8,33,361,6,0
EFHK,2022-04-09,165,163,0,150,150,11,33,281,3,0
EFHK,2022-04-10,178,177,0,168,166,7,31,314,3,0
EFHK,2022-04-11,190,189,0,177,178,6,30,330,13,0
EFHK,2022-04-12,188,187,0,175,176,6,33,325,11,0
EFHK,2022-04-13,185,192,0,177,182,8,31,327,11,0
EFHK,2022-04-14,200,198,0,188,186,6,31,347,14,0
EFHK,2022-04-15,185,183,0,174,170,8,29,323,8,0
EFHK,2022-04-16,156,155,0,141,141,6,31,268,6,0
EFHK,2022-04-17,163,161,0,153,150,0,31,290,3,0
EFHK,2022-04-18,175,180,0,162,169,2,29,314,10,0
EFHK,2022-04-19,197,194,0,185,184,6,31,340,14,0
EFHK,2022-04-20,186,190,0,178,179,9,32,323,12,0
EFHK,2022-04-21,197,198,0,186,186,4,32,334,25,0
EFHK,2022-04-22,198,199,0,185,187,5,33,349,10,0
EFHK,2022-04-23,162,156,0,148,142,10,30,276,2,0
EFHK,2022-04-24,178,178,0,166,166,3,32,319,2,0
EFHK,2022-04-25,184,187,0,171,174,5,32,327,7,0
EFHK,2022-04-26,185,181,0,174,171,1,28,328,9,0
EFHK,2022-04-27,188,197,0,178,186,2,30,336,17,0
EFHK,2022-04-28,197,190,0,185,178,6,31,344,6,0
EFHK,2022-04-29,203,204,0,192,193,7,31,352,16,0
EFHK,2022-04-30,154,152,0,141,140,6,27,265,6,0
EFHK,2022-05-01,184,191,0,174,179,3,33,332,5,0
EFHK,2022-05-02,211,211,0,199,200,5,30,378,9,0
EFHK,2022-05-03,204,208,0,193,199,4,29,359,16,0
EFHK,2022-05-04,212,212,0,203,201,13,31,364,16,0
EFHK,2022-05-05,221,218,0,209,205,5,32,391,7,0
EFHK,2022-05-06,214,212,0,201,201,4,34,383,5,0
EFHK,2022-05-07,170,163,0,158,152,3,30,295,1,0
EFHK,2022-05-08,192,198,0,182,186,6,30,351,3,0
EFHK,2022-05-09,206,211,0,195,201,2,28,376,9,0
EFHK,2022-05-10,200,200,0,190,192,3,26,363,8,0
EFHK,2022-05-11,204,202,0,196,192,10,28,362,6,0
EFHK,2022-05-12,212,208,0,201,196,11,30,368,11,0
EFHK,2022-05-13,220,221,0,210,213,9,30,382,18,0
EFHK,2022-05-14,168,168,0,157,157,6,30,294,6,0
EFHK,2022-05-15,196,199,0,187,188,0,29,359,7,0
EFHK,2022-05-16,215,214,0,204,203,4,30,386,9,0
EFHK,2022-05-17,198,202,0,188,194,3,27,365,5,0
EFHK,2022-05-18,211,213,0,202,202,6,31,377,10,0
EFHK,2022-05-19,221,219,0,209,207,2,30,395,13,0
EFHK,2022-05-20,218,209,0,207,200,9,28,387,3,0
EFHK,2022-05-21,173,171,0,161,160,5,26,306,5,0
EFHK,2022-05-22,189,196,0,179,183,4,29,352,0,0
EFHK,2022-05-23,212,220,0,201,210,8,28,382,10,0
EFHK,2022-05-24,205,200,0,195,192,13,27,357,8,0
EFHK,2022-05-25,209,210,0,199,199,5,34,375,5,0
EFHK,2022-05-26,200,203,0,189,190,2,31,364,6,0
EFHK,2022-05-27,203,198,0,193,189,6,30,360,5,0
EFHK,2022-05-28,177,172,0,166,162,10,28,305,4,0
EFHK,2022-05-29,198,202,0,188,190,9,28,357,4,0
EFHK,2022-05-30,211,216,0,200,206,6,26,385,6,0
EFHK,2022-05-31,204,205,0,194,197,7,27,363,11,0
EFHK,2022-06-01,211,211,0,200,198,8,32,377,4,0
EFHK,2022-06-02,217,212,0,206,201,7,29,385,8,0
EFHK,2022-06-03,204,207,0,194,197,6,30,372,3,0
EFHK,2022-06-04,172,169,0,158,156,10,33,297,1,0
EFHK,2022-06-05,187,195,0,177,183,4,33,344,1,0
EFHK,2022-06-06,206,203,0,194,193,7,31,364,7,0
EFHK,2022-06-07,213,208,0,202,200,11,26,368,16,0
EFHK,2022-06-08,205,208,0,196,196,7,31,358,17,0
EFHK,2022-06-09,214,219,0,204,207,10,31,375,15,0
EFHK,2022-06-10,215,208,0,203,197,15,33,362,11,0
EFHK,2022-06-11,173,168,0,159,156,5,34,296,6,0
EFHK,2022-06-12,191,196,0,180,182,8,32,339,4,0
EFHK,2022-06-13,209,213,0,196,203,6,31,367,18,0
EFHK,2022-06-14,210,205,0,199,196,2,27,371,15,0
EFHK,2022-06-15,205,210,0,196,196,6,32,366,11,0
EFHK,2022-06-16,219,219,0,205,206,11,34,381,12,0
EFHK,2022-06-17,207,210,0,196,199,15,33,365,2,0
EFHK,2022-06-18,179,168,0,165,157,5,30,308,2,0
EFHK,2022-06-19,194,198,0,181,183,10,34,339,7,0
EFHK,2022-06-20,203,205,0,191,195,10,31,354,13,0
EFHK,2022-06-21,204,201,0,191,190,8,29,358,10,0
EFHK,2022-06-22,205,206,0,196,194,14,32,356,9,0
EFHK,2022-06-23,203,201,0,191,189,10,31,358,5,0
EFHK,2022-06-24,188,187,0,176,175,10,33,327,5,0
EFHK,2022-06-25,163,161,0,151,150,8,29,282,5,0
EFHK,2022-06-26,182,186,0,168,172,4,32,322,10,0
EFHK,2022-06-27,196,199,0,184,189,6,31,350,8,0
EFHK,2022-06-28,196,193,0,184,182,6,28,343,12,0
EFHK,2022-06-29,192,193,0,181,180,8,33,331,13,0
EFHK,2022-06-30,205,201,0,192,188,9,31,353,13,0
EFHK,2022-07-01,218,222,0,204,209,16,36,374,10,0
EFHK,2022-07-02,182,179,0,169,166,9,33,311,8,0
EFHK,2022-07-03,190,187,0,177,173,7,31,330,9,0
EFHK,2022-07-04,194,197,0,181,185,10,32,347,2,0
EFHK,2022-07-05,192,190,0,180,180,15,30,328,7,0
EFHK,2022-07-06,200,202,0,188,189,13,34,337,16,0
EFHK,2022-07-07,198,202,0,186,189,8,29,355,6,0
EFHK,2022-07-08,203,208,0,191,195,6,32,362,9,0
EFHK,2022-07-09,183,171,0,170,159,10,31,308,5,0
EFHK,2022-07-10,182,186,0,168,172,0,30,333,5,0
EFHK,2022-07-11,197,198,0,184,185,5,30,351,7,0
EFHK,2022-07-12,189,183,0,177,173,6,27,330,9,0
EFHK,2022-07-13,190,195,0,179,182,4,32,337,12,0
EFHK,2022-07-14,198,201,0,186,189,5,29,355,10,0
EFHK,2022-07-15,203,209,0,191,197,12,30,365,5,0
EFHK,2022-07-16,186,175,0,171,163,14,34,305,6,0
EFHK,2022-07-17,186,187,0,172,172,2,30,336,3,0
EFHK,2022-07-18,193,199,0,180,187,6,32,347,1,0
EFHK,2022-07-19,190,186,0,178,175,6,28,333,9,0
EFHK,2022-07-20,190,190,0,179,177,4,34,335,7,0
EFHK,2022-07-21,194,199,0,182,186,6,30,350,7,0
EFHK,2022-07-22,206,207,0,193,194,12,34,363,4,0
EFHK,2022-07-23,178,170,0,164,158,12,32,302,0,0
EFHK,2022-07-24,181,183,0,170,171,10,26,326,0,0
EFHK,2022-07-25,198,199,0,185,187,8,31,351,3,0
EFHK,2022-07-26,202,199,0,190,188,13,28,348,12,0
EFHK,2022-07-27,185,187,0,175,174,9,32,323,8,0
EFHK,2022-07-28,206,205,0,194,192,15,29,359,8,0
EFHK,2022-07-29,208,210,0,194,195,9,34,370,5,0
EFHK,2022-07-30,176,173,0,162,161,11,33,302,2,0
EFHK,2022-07-31,179,188,0,165,174,6,30,326,4,0
EFHK,2022-08-01,200,200,0,186,188,6,32,351,9,0
EFHK,2022-08-02,200,195,0,187,184,10,28,345,12,0
EFHK,2022-08-03,196,190,0,184,177,7,40,332,7,0
EFHK,2022-08-04,200,210,0,188,199,5,27,367,11,0
EFHK,2022-08-05,209,209,0,192,192,8,36,367,6,0
EFHK,2022-08-06,165,162,0,151,150,5,34,288,0,0
EFHK,2022-08-07,183,181,0,170,167,7,31,323,2,0
EFHK,2022-08-08,200,197,0,186,183,6,34,340,13,0
EFHK,2022-08-09,202,193,0,189,183,6,31,345,13,0
EFHK,2022-08-10,196,191,0,183,178,11,38,331,7,0
EFHK,2022-08-11,194,219,0,181,205,5,29,376,3,0
EFHK,2022-08-12,205,200,0,188,184,6,37,354,8,0
EFHK,2022-08-13,175,164,0,160,153,13,32,284,8,0
EFHK,2022-08-14,182,189,0,170,176,11,30,324,4,0
EFHK,2022-08-15,207,210,0,192,198,9,32,359,15,0
EFHK,2022-08-16,183,179,0,171,169,8,28,322,4,0
EFHK,2022-08-17,187,190,0,174,176,4,37,329,7,0
EFHK,2022-08-18,195,197,0,183,183,13,30,341,8,0
EFHK,2022-08-19,208,208,0,193,193,12,39,356,9,0
EFHK,2022-08-20,163,161,0,149,150,8,33,278,4,0
EFHK,2022-08-21,178,183,0,165,170,4,33,315,8,0
EFHK,2022-08-22,200,195,0,186,183,10,36,342,5,0
EFHK,2022-08-23,189,187,0,177,177,5,30,333,8,0
EFHK,2022-08-24,197,200,0,185,187,3,36,345,13,0
EFHK,2022-08-25,200,201,0,188,188,13,29,345,14,0
EFHK,2022-08-26,205,206,0,190,190,11,34,362,4,0
EFHK,2022-08-27,181,171,0,165,160,16,35,292,7,0
EFHK,2022-08-28,181,187,0,170,174,4,28,329,5,0
EFHK,2022-08-29,198,199,0,184,186,4,34,352,3,0
EFHK,2022-08-30,196,193,0,184,183,4,30,346,9,0
EFHK,2022-08-31,207,204,0,193,191,13,39,353,6,0
EFHK,2022-09-01,213,221,0,200,208,20,31,373,10,0
EFHK,2022-09-02,207,205,0,193,190,15,36,358,3,0
EFHK,2022-09-03,177,173,0,162,162,10,32,302,6,0
EFHK,2022-09-04,192,197,0,180,184,0,32,344,11,0
EFHK,2022-09-05,209,207,0,194,195,7,32,364,11,0
EFHK,2022-09-06,195,192,0,184,183,4,28,345,10,0
EFHK,2022-09-07,206,210,0,195,197,6,34,368,8,0
EFHK,2022-09-08,211,208,0,198,196,7,30,370,10,0
EFHK,2022-09-09,211,215,0,198,202,7,37,372,10,0
EFHK,2022-09-10,179,172,0,164,160,8,33,301,7,0
EFHK,2022-09-11,194,195,0,182,182,5,33,343,8,0
EFHK,2022-09-12,212,209,0,198,197,8,36,367,10,0
EFHK,2022-09-13,195,197,0,184,188,4,31,346,11,0
EFHK,2022-09-14,214,213,0,202,200,7,37,376,7,0
EFHK,2022-09-15,204,208,0,191,194,4,30,370,8,0
EFHK,2022-09-16,208,210,0,195,195,2,33,372,11,0
EFHK,2022-09-17,178,175,0,162,163,9,35,303,6,0
EFHK,2022-09-18,184,184,0,172,172,3,30,331,4,0
EFHK,2022-09-19,209,208,0,195,195,10,34,364,5,0
EFHK,2022-09-20,198,193,0,186,184,7,27,349,8,0
EFHK,2022-09-21,202,208,0,191,195,7,34,363,6,0
EFHK,2022-09-22,210,213,0,197,201,6,28,376,13,0
EFHK,2022-09-23,215,215,0,202,201,7,34,381,8,0
EFHK,2022-09-24,188,182,0,171,170,13,35,311,7,0
EFHK,2022-09-25,189,193,0,178,180,0,29,346,7,0
EFHK,2022-09-26,210,213,0,196,201,6,32,365,14,0
EFHK,2022-09-27,207,202,0,196,193,16,31,354,8,0
EFHK,2022-09-28,211,208,0,198,195,9,33,370,7,0
EFHK,2022-09-29,205,212,0,192,200,6,31,368,12,0
EFHK,2022-09-30,208,209,0,196,197,8,34,368,7,0
EFHK,2022-10-01,178,175,0,162,162,11,33,306,2,0
EFHK,2022-10-02,192,196,0,181,183,5,30,347,6,0
EFHK,2022-10-03,195,195,0,182,184,0,34,350,6,0
EFHK,2022-10-04,203,196,0,190,186,5,28,358,8,0
EFHK,2022-10-05,202,204,0,191,188,2,36,364,4,0
EFHK,2022-10-06,208,213,0,193,201,8,33,368,12,0
EFHK,2022-10-07,206,205,0,194,193,6,36,363,6,0
EFHK,2022-10-08,175,168,0,158,154,5,34,302,2,0
EFHK,2022-10-09,185,189,0,175,177,0,27,342,5,0
EFHK,2022-10-10,196,195,0,183,184,2,36,349,4,0
EFHK,2022-10-11,194,194,0,184,186,4,27,345,12,0
EFHK,2022-10-12,205,206,0,193,191,4,34,363,10,0
EFHK,2022-10-13,210,210,0,197,199,8,29,372,11,0
EFHK,2022-10-14,224,224,0,208,207,5,40,395,8,0
EFHK,2022-10-15,177,176,0,161,163,2,36,313,2,0
EFHK,2022-10-16,188,195,0,177,183,1,31,350,1,0
EFHK,2022-10-17,210,209,0,197,197,11,35,363,10,0
EFHK,2022-10-18,199,197,0,186,185,8,28,356,4,0
EFHK,2022-10-19,206,210,0,193,195,9,36,368,3,0
EFHK,2022-10-20,210,209,0,196,197,8,30,368,13,0
EFHK,2022-10-21,217,217,0,202,202,4,37,391,2,0
EFHK,2022-10-22,184,172,0,167,160,4,41,302,9,0
EFHK,2022-10-23,194,202,0,181,188,6,31,350,9,0
EFHK,2022-10-24,200,202,0,187,190,11,33,352,6,0
EFHK,2022-10-25,191,187,0,177,177,2,29,337,10,0
EFHK,2022-10-26,195,198,0,183,183,2,35,351,5,0
EFHK,2022-10-27,200,201,0,187,190,7,29,360,5,0
EFHK,2022-10-28,207,209,0,194,194,3,36,372,5,0
EFHK,2022-10-29,176,169,0,161,158,4,33,303,5,0
EFHK,2022-10-30,171,174,0,159,160,4,24,316,1,0
EFHK,2022-10-31,191,193,0,174,179,10,34,330,10,0
EFHK,2022-11-01,188,175,0,176,167,8,23,326,6,0
EFHK,2022-11-02,177,186,0,165,169,4,29,323,7,0
EFHK,2022-11-03,179,181,0,167,169,4,27,321,8,0
EFHK,2022-11-04,195,194,0,181,178,2,35,348,4,0
EFHK,2022-11-05,157,149,0,140,137,5,29,270,2,0
EFHK,2022-11-06,173,186,0,161,170,4,30,321,4,0
EFHK,2022-11-07,188,181,0,171,168,0,35,326,8,0
EFHK,2022-11-08,182,174,0,171,166,0,22,326,8,0
EFHK,2022-11-09,187,190,0,173,173,2,34,331,10,0
EFHK,2022-11-10,182,189,0,170,177,7,27,330,7,0
EFHK,2022-11-11,194,196,0,179,180,4,37,344,5,0
EFHK,2022-11-12,154,147,0,138,134,3,30,264,4,0
EFHK,2022-11-13,173,179,0,161,164,0,28,323,1,0
EFHK,2022-11-14,197,191,0,180,177,8,36,336,8,0
EFHK,2022-11-15,190,181,0,177,173,12,23,331,5,0
EFHK,2022-11-16,190,193,0,175,178,6,31,341,5,0
EFHK,2022-11-17,194,197,0,182,182,6,27,345,13,0
EFHK,2022-11-18,209,212,0,194,195,10,34,373,4,0
EFHK,2022-11-19,159,156,0,142,143,6,31,276,2,0
EFHK,2022-11-20,161,163,0,148,152,4,31,284,5,0
EFHK,2022-11-21,156,158,0,142,147,6,31,272,5,0
EFHK,2022-11-22,179,182,0,171,172,8,19,329,5,0
EFHK,2022-11-23,185,183,0,172,167,6,30,323,9,0
EFHK,2022-11-24,193,192,0,178,180,2,32,341,10,0
EFHK,2022-11-25,194,196,0,178,181,0,39,347,4,0
EFHK,2022-11-26,157,154,0,142,142,4,28,277,2,0
EFHK,2022-11-27,177,184,0,163,170,0,32,325,4,0
EFHK,2022-11-28,193,195,0,178,182,2,34,346,6,0
EFHK,2022-11-29,188,182,0,176,173,6,25,336,3,0
EFHK,2022-11-30,191,192,0,178,178,2,30,344,7,0
EFHK,2022-12-01,196,198,0,184,185,6,29,352,7,0
EFHK,2022-12-02,209,211,0,194,195,4,37,375,4,0
EFHK,2022-12-03,163,156,0,148,143,4,29,286,0,0
EFHK,2022-12-04,181,188,0,166,174,2,32,335,0,0
EFHK,2022-12-05,197,193,0,181,179,2,32,351,5,0
EFHK,2022-12-06,173,172,0,160,161,0,26,316,3,0
EFHK,2022-12-07,199,205,0,183,189,2,33,359,10,0
EFHK,2022-12-08,195,200,0,182,188,2,32,354,7,0
EFHK,2022-12-09,213,212,0,198,196,8,38,373,6,0
EFHK,2022-12-10,160,154,0,145,141,2,29,281,2,0
EFHK,2022-12-11,187,195,0,171,180,6,34,339,3,0
EFHK,2022-12-12,200,195,0,184,181,6,36,346,7,0
EFHK,2022-12-13,185,185,0,171,173,2,28,333,7,0
EFHK,2022-12-14,195,197,0,181,181,6,31,348,7,0
EFHK,2022-12-15,198,199,0,184,185,12,30,348,7,0
EFHK,2022-12-16,209,208,0,191,190,9,41,362,5,0
EFHK,2022-12-17,174,166,0,158,151,7,32,284,17,0
EFHK,2022-12-18,191,196,0,174,180,4,33,346,4,0
EFHK,2022-12-19,201,200,0,187,187,8,34,354,5,0
EFHK,2022-12-20,192,185,0,180,174,0,28,343,6,0
EFHK,2022-12-21,201,202,0,184,183,0,35,360,8,0
EFHK,2022-12-22,202,205,0,187,190,2,30,367,8,0
EFHK,2022-12-23,219,214,0,204,198,2,35,390,6,0
EFHK,2022-12-24,116,108,0,102,95,0,24,200,0,0
EFHK,2022-12-25,119,128,0,103,114,2,31,211,3,0
EFHK,2022-12-26,180,184,0,165,166,4,30,325,5,0
EFHK,2022-12-27,182,183,0,168,169,2,28,329,6,0
EFHK,2022-12-28,199,199,0,181,181,8,37,344,9,0
EFHK,2022-12-29,191,192,0,176,179,0,30,341,12,0
EFHK,2022-12-30,202,203,0,184,185,2,38,363,2,0
EFHK,2022-12-31,150,146,0,136,133,0,30,266,0,0
EGKK,2022-01-01,172,173,0,154,154,0,24,321,0,0
EGKK,2022-01-02,225,225,0,201,203,0,28,422,0,0
EGKK,2022-01-03,202,206,0,181,183,0,32,376,0,0
EGKK,2022-01-04,168,167,0,146,144,0,30,305,0,0
EGKK,2022-01-05,144,141,0,123,122,0,28,257,0,0
EGKK,2022-01-06,147,147,0,127,126,0,27,267,0,0
EGKK,2022-01-07,157,157,0,137,138,0,28,286,0,0
EGKK,2022-01-08,131,132,0,114,112,0,26,236,1,0
EGKK,2022-01-09,180,179,0,156,158,0,27,332,0,0
EGKK,2022-01-10,109,107,0,91,90,0,26,189,1,0
EGKK,2022-01-11,72,73,0,58,57,0,19,126,0,0
EGKK,2022-01-12,69,66,0,53,51,0,24,111,0,0
EGKK,2022-01-13,89,90,0,70,72,0,26,153,0,0
EGKK,2022-01-14,120,117,0,104,101,0,20,217,0,0
EGKK,2022-01-15,99,98,0,84,82,0,21,176,0,0
EGKK,2022-01-16,136,134,0,118,120,0,21,249,0,0
EGKK,2022-01-17,92,98,0,81,85,0,22,168,0,0
EGKK,2022-01-18,60,58,0,47,43,0,22,95,1,0
EGKK,2022-01-19,62,57,0,46,44,0,23,95,1,0
EGKK,2022-01-20,80,82,0,65,67,0,24,138,0,0
EGKK,2022-01-21,114,111,0,100,96,0,20,205,0,0
EGKK,2022-01-22,101,103,0,86,87,0,23,181,0,0
EGKK,2022-01-23,134,133,0,116,118,0,20,245,1,0
EGKK,2022-01-24,86,86,0,74,73,0,19,153,0,0
EGKK,2022-01-25,54,60,0,41,45,0,23,91,0,0
EGKK,2022-01-26,64,60,0,49,48,0,24,100,0,0
EGKK,2022-01-27,85,88,0,71,71,0,24,147,1,0
EGKK,2022-01-28,117,117,0,100,100,0,21,213,0,0
EGKK,2022-01-29,101,102,0,86,86,0,22,181,0,0
EGKK,2022-01-30,132,130,0,116,116,0,19,243,0,0
EGKK,2022-01-31,96,95,0,81,82,0,24,167,0,0
EGKK,2022-02-01,72,75,0,57,57,0,25,122,0,0
EGKK,2022-02-02,80,76,0,65,63,0,24,132,0,0
EGKK,2022-02-03,97,99,0,81,83,0,24,172,0,0
EGKK,2022-02-04,134,135,0,120,120,0,19,250,0,0
EGKK,2022-02-05,127,123,0,111,107,0,24,226,0,0
EGKK,2022-02-06,154,159,0,138,142,0,25,288,0,0
EGKK,2022-02-07,136,133,0,120,120,0,24,245,0,0
EGKK,2022-02-08,95,97,0,75,74,0,26,166,0,0
EGKK,2022-02-09,104,106,0,82,87,0,27,183,0,0
EGKK,2022-02-10,163,164,0,140,142,0,30,297,0,0
EGKK,2022-02-11,193,191,0,173,171,0,23,361,0,0
EGKK,2022-02-12,190,196,0,171,174,0,26,360,0,0
EGKK,2022-02-13,209,206,0,186,186,0,25,390,0,0
EGKK,2022-02-14,187,186,0,169,168,0,24,349,0,0
EGKK,2022-02-15,152,153,0,128,127,0,25,280,0,0
EGKK,2022-02-16,151,150,0,131,131,0,26,275,0,0
EGKK,2022-02-17,172,175,0,150,153,0,30,317,0,0
EGKK,2022-02-18,151,159,0,131,138,0,24,286,0,0
EGKK,2022-02-19,195,195,0,177,175,0,25,365,0,0
EGKK,2022-02-20,205,200,0,182,178,0,29,376,0,0
EGKK,2022-02-21,192,189,0,172,168,0,25,354,2,0
EGKK,2022-02-22,150,150,0,125,124,0,29,271,0,0
EGKK,2022-02-23,145,145,0,125,126,0,28,260,0,0
EGKK,2022-02-24,169,169,0,147,147,0,29,307,0,0
EGKK,2022-02-25,191,193,0,171,172,0,26,358,0,0
EGKK,2022-02-26,183,185,0,164,164,0,25,343,0,0
EGKK,2022-02-27,202,201,0,179,181,0,24,379,0,0
EGKK,2022-02-28,183,177,0,163,159,0,27,333,0,0
EGKK,2022-03-01,152,157,0,130,131,0,23,286,0,0
EGKK,2022-03-02,159,161,0,135,139,0,29,291,0,0
EGKK,2022-03-03,172,177,0,149,155,0,30,319,0,0
EGKK,2022-03-04,194,194,0,172,169,0,28,360,0,0
EGKK,2022-03-05,189,191,0,169,171,0,25,355,0,0
EGKK,2022-03-06,207,208,0,186,189,0,26,389,0,0
EGKK,2022-03-07,180,180,0,160,159,0,26,334,0,0
EGKK,2022-03-08,155,153,0,132,130,0,25,283,0,0
EGKK,2022-03-09,157,155,0,137,136,0,26,286,0,0
EGKK,2022-03-10,179,182,0,157,159,0,30,329,2,0
EGKK,2022-03-11,190,191,0,167,166,0,25,356,0,0
EGKK,2022-03-12,184,183,0,163,163,0,25,342,0,0
EGKK,2022-03-13,208,208,0,186,187,0,26,390,0,0
EGKK,2022-03-14,189,189,0,167,167,0,30,348,0,0
EGKK,2022-03-15,160,160,0,138,137,0,24,296,0,0
EGKK,2022-03-16,157,157,0,138,139,0,26,288,0,0
EGKK,2022-03-17,183,186,0,160,164,0,27,342,0,0
EGKK,2022-03-18,192,194,0,168,169,0,24,362,0,0
EGKK,2022-03-19,190,194,0,169,171,0,28,356,0,0
EGKK,2022-03-20,212,210,0,189,189,2,24,396,0,0
EGKK,2022-03-21,187,185,0,166,165,0,26,346,0,0
EGKK,2022-03-22,158,160,0,135,133,0,32,286,0,0
EGKK,2022-03-23,160,159,0,139,140,0,28,291,0,0
EGKK,2022-03-24,183,183,0,161,161,0,32,332,2,0
EGKK,2022-03-25,204,202,0,179,174,0,24,382,0,0
EGKK,2022-03-26,200,192,0,177,171,0,28,364,0,0
EGKK,2022-03-27,282,292,0,261,265,0,31,543,0,0
EGKK,2022-03-28,295,293,0,267,265,0,34,552,0,0
EGKK,2022-03-29,278,277,0,249,246,0,34,521,0,0
EGKK,2022-03-30,272,268,0,249,243,0,31,509,0,0
EGKK,2022-03-31,291,294,0,262,265,0,35,548,2,0
EGKK,2022-04-01,326,317,0,295,290,0,32,611,0,0
EGKK,2022-04-02,295,299,0,266,269,0,30,564,0,0
EGKK,2022-04-03,317,320,0,292,293,0,32,605,0,0
EGKK,2022-04-04,317,316,0,285,290,0,32,601,0,0
EGKK,2022-04-05,290,286,0,262,256,0,32,544,0,0
EGKK,2022-04-06,291,292,0,265,266,0,32,551,0,0
EGKK,2022-04-07,314,320,0,286,292,0,37,597,0,0
EGKK,2022-04-08,335,335,0,307,304,0,30,640,0,0
EGKK,2022-04-09,309,308,0,276,278,0,33,584,0,0
EGKK,2022-04-10,326,328,0,300,302,0,36,618,0,0
EGKK,2022-04-11,327,317,0,298,292,0,33,611,0,0
EGKK,2022-04-12,301,305,0,272,273,0,31,575,0,0
EGKK,2022-04-13,304,300,0,279,275,0,30,574,0,0
EGKK,2022-04-14,324,328,0,294,298,0,39,613,0,0
EGKK,2022-04-15,349,336,0,317,305,0,29,655,1,0
EGKK,2022-04-16,304,317,0,274,287,0,32,588,1,0
EGKK,2022-04-17,333,329,0,306,303,0,33,629,0,0
EGKK,2022-04-18,327,318,0,299,293,0,32,613,0,0
EGKK,2022-04-19,314,312,0,286,281,0,37,589,0,0
EGKK,2022-04-20,299,299,0,273,272,0,32,566,0,0
EGKK,2022-04-21,325,331,0,298,305,0,40,616,0,0
EGKK,2022-04-22,340,332,0,310,301,0,30,642,0,0
EGKK,2022-04-23,285,297,0,257,268,0,33,549,0,0
EGKK,2022-04-24,321,314,0,292,289,0,32,603,0,0
EGKK,2022-04-25,319,314,0,291,288,0,32,601,0,0
EGKK,2022-04-26,305,307,0,277,280,0,30,582,0,0
EGKK,2022-04-27,301,300,0,274,274,0,32,569,0,0
EGKK,2022-04-28,316,320,0,289,292,0,32,604,0,0
EGKK,2022-04-29,330,326,0,301,298,0,27,629,0,0
EGKK,2022-04-30,282,298,0,252,269,0,32,548,0,0
EGKK,2022-05-01,346,341,0,321,317,0,33,654,0,0
EGKK,2022-05-02,358,355,0,328,322,0,38,675,0,0
EGKK,2022-05-03,331,330,0,298,302,0,39,622,0,0
EGKK,2022-05-04,325,329,0,297,301,0,34,620,0,0
EGKK,2022-05-05,349,351,0,322,322,0,41,659,0,0
EGKK,2022-05-06,373,360,0,340,333,0,41,692,0,0
EGKK,2022-05-07,321,330,0,293,299,0,34,617,0,0
EGKK,2022-05-08,362,365,0,335,340,0,41,686,0,0
EGKK,2022-05-09,367,356,0,335,321,0,36,687,0,0
EGKK,2022-05-10,324,326,0,293,298,0,35,615,0,0
EGKK,2022-05-11,331,330,0,305,303,0,32,629,0,0
EGKK,2022-05-12,351,358,0,323,328,0,36,673,0,0
EGKK,2022-05-13,372,364,0,341,334,0,44,692,0,0
EGKK,2022-05-14,332,333,0,297,301,0,40,625,0,0
EGKK,2022-05-15,356,360,0,332,335,0,36,680,0,0
EGKK,2022-05-16,375,370,0,344,338,0,36,709,0,0
EGKK,2022-05-17,338,340,0,309,314,0,34,644,0,0
EGKK,2022-05-18,331,348,0,306,321,0,32,647,0,0
EGKK,2022-05-19,369,361,0,342,330,0,37,693,0,0
EGKK,2022-05-20,373,374,0,342,347,0,38,709,0,0
EGKK,2022-05-21,353,345,0,322,311,0,35,663,0,0
EGKK,2022-05-22,366,368,0,338,341,0,38,696,0,0
EGKK,2022-05-23,370,364,0,338,334,0,41,693,0,0
EGKK,2022-05-24,352,351,0,323,324,0,39,664,0,0
EGKK,2022-05-25,363,368,0,337,337,0,36,695,0,0
EGKK,2022-05-26,358,368,0,326,335,0,38,688,0,0
EGKK,2022-05-27,390,384,0,357,356,0,39,733,2,0
EGKK,2022-05-28,341,353,0,313,321,0,40,654,0,0
EGKK,2022-05-29,365,361,0,336,332,0,43,683,0,0
EGKK,2022-05-30,386,384,0,356,352,0,38,732,0,0
EGKK,2022-05-31,360,358,0,327,328,0,40,678,0,0
EGKK,2022-06-01,366,368,0,335,338,0,38,696,0,0
EGKK,2022-06-02,387,385,0,357,352,0,48,724,0,0
EGKK,2022-06-03,380,379,0,346,348,0,39,720,0,0
EGKK,2022-06-04,322,332,0,293,301,0,40,614,0,0
EGKK,2022-06-05,380,368,0,352,341,0,40,706,2,0
EGKK,2022-06-06,378,372,0,344,337,0,40,710,0,0
EGKK,2022-06-07,371,375,0,336,340,0,40,706,0,0
EGKK,2022-06-08,368,364,0,336,333,0,38,694,0,0
EGKK,2022-06-09,379,388,0,348,351,0,40,727,0,0
EGKK,2022-06-10,382,382,0,348,354,0,42,722,0,0
EGKK,2022-06-11,352,348,0,321,314,0,41,659,0,0
EGKK,2022-06-12,376,371,0,345,342,0,41,706,0,0
EGKK,2022-06-13,380,378,0,347,342,0,43,715,0,0
EGKK,2022-06-14,366,369,0,330,334,0,42,693,0,0
EGKK,2022-06-15,363,360,0,329,328,2,38,683,0,0
EGKK,2022-06-16,344,365,0,312,328,0,38,671,0,0
EGKK,2022-06-17,382,374,0,349,346,0,37,719,0,0
EGKK,2022-06-18,329,329,0,298,300,0,36,622,0,0
EGKK,2022-06-19,373,373,0,349,347,0,36,710,0,0
EGKK,2022-06-20,389,377,0,357,342,0,38,726,2,0
EGKK,2022-06-21,368,364,0,333,332,0,39,693,0,0
EGKK,2022-06-22,366,363,0,334,331,0,36,693,0,0
EGKK,2022-06-23,363,372,0,328,334,0,39,696,0,0
EGKK,2022-06-24,380,372,0,349,345,0,37,715,0,0
EGKK,2022-06-25,323,344,0,297,313,0,39,626,2,0
EGKK,2022-06-26,382,369,0,352,341,0,39,712,0,0
EGKK,2022-06-27,374,374,0,342,342,0,38,710,0,0
EGKK,2022-06-28,379,372,0,343,338,0,39,712,0,0
EGKK,2022-06-29,370,365,0,341,335,0,35,700,0,0
EGKK,2022-06-30,345,364,0,312,328,0,41,668,0,0
EGKK,2022-07-01,380,378,0,347,349,0,38,720,0,0
EGKK,2022-07-02,355,356,0,324,324,0,36,675,0,0
EGKK,2022-07-03,386,387,0,358,358,0,36,737,0,0
EGKK,2022-07-04,389,386,0,357,353,2,38,735,0,0
EGKK,2022-07-05,386,384,0,351,351,0,38,732,0,0
EGKK,2022-07-06,388,378,0,357,348,0,37,729,0,0
EGKK,2022-07-07,377,388,0,343,350,0,38,727,0,0
EGKK,2022-07-08,397,388,0,365,360,0,38,747,0,0
EGKK,2022-07-09,354,366,0,323,332,0,40,680,0,0
EGKK,2022-07-10,376,383,0,348,353,0,37,722,0,0
EGKK,2022-07-11,392,385,0,358,353,0,40,737,0,0
EGKK,2022-07-12,382,376,0,349,344,2,38,718,0,0
EGKK,2022-07-13,377,379,0,348,349,0,37,719,0,0
EGKK,2022-07-14,385,386,0,350,350,0,40,731,0,0
EGKK,2022-07-15,399,395,0,365,365,0,39,755,0,0
EGKK,2022-07-16,350,369,0,319,335,0,42,677,0,0
EGKK,2022-07-17,396,378,0,365,347,0,43,731,0,0
EGKK,2022-07-18,395,390,0,361,358,0,39,746,0,0
EGKK,2022-07-19,383,386,0,351,353,0,36,733,0,0
EGKK,2022-07-20,377,383,0,349,354,0,38,722,0,0
EGKK,2022-07-21,390,390,0,353,351,0,43,737,0,0
EGKK,2022-07-22,386,393,0,354,363,0,38,741,0,0
EGKK,2022-07-23,376,371,0,341,336,0,36,711,0,0
EGKK,2022-07-24,397,388,0,366,357,0,39,742,4,0
EGKK,2022-07-25,393,384,0,358,351,0,38,739,0,0
EGKK,2022-07-26,384,390,0,355,359,0,35,738,0,0
EGKK,2022-07-27,388,385,0,355,353,0,39,734,0,0
EGKK,2022-07-28,378,388,0,342,349,0,44,722,0,0
EGKK,2022-07-29,397,392,0,362,362,0,48,741,0,0
EGKK,2022-07-30,355,368,0,324,332,0,42,681,0,0
EGKK,2022-07-31,396,386,0,362,354,0,42,740,0,0
EGKK,2022-08-01,402,407,0,369,373,0,43,766,0,0
EGKK,2022-08-02,404,397,0,367,363,0,39,762,0,0
EGKK,2022-08-03,401,397,0,368,364,0,37,761,0,0
EGKK,2022-08-04,398,402,0,364,363,0,39,761,0,0
EGKK,2022-08-05,409,416,0,372,384,0,38,787,0,0
EGKK,2022-08-06,382,384,0,350,348,0,36,730,0,0
EGKK,2022-08-07,409,406,0,377,376,0,41,774,0,0
EGKK,2022-08-08,422,411,0,388,375,0,39,794,0,0
EGKK,2022-08-09,398,396,0,363,363,0,38,756,0,0
EGKK,2022-08-10,394,393,0,363,362,0,35,752,0,0
EGKK,2022-08-11,391,400,0,358,362,0,37,754,0,0
EGKK,2022-08-12,416,412,0,379,380,0,41,787,0,0
EGKK,2022-08-13,375,387,0,339,350,0,44,718,0,0
EGKK,2022-08-14,415,407,0,386,376,0,47,775,0,0
EGKK,2022-08-15,410,408,0,373,371,0,50,768,0,0
EGKK,2022-08-16,401,398,0,366,365,0,40,759,0,0
EGKK,2022-08-17,322,340,0,292,307,0,40,622,0,0
EGKK,2022-08-18,404,399,0,368,360,0,45,758,0,0
EGKK,2022-08-19,425,414,0,389,382,0,43,794,0,0
EGKK,2022-08-20,374,383,0,340,347,0,46,709,0,0
EGKK,2022-08-21,412,406,0,382,376,0,45,771,0,0
EGKK,2022-08-22,413,404,0,378,369,0,47,770,0,0
EGKK,2022-08-23,369,373,0,334,340,0,45,697,0,0
EGKK,2022-08-24,405,396,0,373,365,0,38,761,2,0
EGKK,2022-08-25,381,397,0,346,357,0,42,736,0,0
EGKK,2022-08-26,421,411,0,385,380,0,40,792,0,0
EGKK,2022-08-27,369,383,0,337,347,0,41,711,0,0
EGKK,2022-08-28,410,400,0,381,372,0,41,769,0,0
EGKK,2022-08-29,416,413,0,380,378,0,44,785,0,0
EGKK,2022-08-30,389,394,0,355,360,0,43,740,0,0
EGKK,2022-08-31,354,372,0,324,341,0,40,684,2,0
EGKK,2022-09-01,415,403,0,379,365,0,45,773,0,0
EGKK,2022-09-02,418,414,0,383,383,0,44,788,0,0
EGKK,2022-09-03,374,389,0,341,353,0,48,715,0,0
EGKK,2022-09-04,415,405,0,386,376,0,42,778,0,0
EGKK,2022-09-05,400,404,0,364,366,0,44,760,0,0
EGKK,2022-09-06,396,383,0,360,351,0,39,740,0,0
EGKK,2022-09-07,377,391,0,348,357,0,39,729,0,0
EGKK,2022-09-08,333,317,0,297,281,0,43,607,0,0
EGKK,2022-09-09,387,387,0,350,355,0,44,730,0,0
EGKK,2022-09-10,370,381,0,336,342,0,43,708,0,0
EGKK,2022-09-11,386,398,0,356,371,0,42,742,0,0
EGKK,2022-09-12,425,398,0,390,361,0,45,778,0,0
EGKK,2022-09-13,386,387,0,353,356,0,38,735,0,0
EGKK,2022-09-14,386,383,0,353,350,0,36,733,0,0
EGKK,2022-09-15,390,406,0,358,368,0,41,755,0,0
EGKK,2022-09-16,360,357,0,322,327,0,41,676,0,0
EGKK,2022-09-17,377,381,0,343,344,0,46,712,0,0
EGKK,2022-09-18,412,410,0,378,380,0,46,776,0,0
EGKK,2022-09-19,411,399,0,374,358,0,50,760,0,0
EGKK,2022-09-20,367,368,0,336,337,0,36,699,0,0
EGKK,2022-09-21,377,374,0,344,339,0,43,708,0,0
EGKK,2022-09-22,386,396,0,352,357,0,43,739,0,0
EGKK,2022-09-23,389,384,0,352,353,0,42,731,0,0
EGKK,2022-09-24,354,361,0,319,326,0,41,674,0,0
EGKK,2022-09-25,387,379,0,358,348,0,40,726,0,0
EGKK,2022-09-26,389,387,0,354,352,0,45,729,0,0
EGKK,2022-09-27,367,370,0,333,337,0,40,697,0,0
EGKK,2022-09-28,364,357,0,333,328,0,35,686,0,0
EGKK,2022-09-29,354,379,0,323,343,0,35,695,3,0
EGKK,2022-09-30,402,388,0,365,359,0,38,751,1,0
EGKK,2022-10-01,337,355,0,304,317,0,41,651,0,0
EGKK,2022-10-02,387,375,0,356,344,0,45,717,0,0
EGKK,2022-10-03,396,384,0,361,348,0,43,737,0,0
EGKK,2022-10-04,365,364,0,332,333,0,36,693,0,0
EGKK,2022-10-05,363,359,0,332,329,0,37,685,0,0
EGKK,2022-10-06,378,390,0,349,355,0,41,727,0,0
EGKK,2022-10-07,391,381,0,356,352,0,39,733,0,0
EGKK,2022-10-08,354,361,0,322,325,0,39,676,0,0
EGKK,2022-10-09,382,376,0,353,348,0,38,720,0,0
EGKK,2022-10-10,381,389,0,345,353,0,39,731,0,0
EGKK,2022-10-11,365,365,0,334,334,0,36,694,0,0
EGKK,2022-10-12,369,364,0,338,333,0,34,696,3,0
EGKK,2022-10-13,369,384,0,339,349,0,41,711,1,0
EGKK,2022-10-14,390,377,0,354,346,0,40,727,0,0
EGKK,2022-10-15,347,354,0,314,319,0,41,658,2,0
EGKK,2022-10-16,380,376,0,350,347,0,36,720,0,0
EGKK,2022-10-17,383,379,0,349,344,0,44,718,0,0
EGKK,2022-10-18,360,366,0,326,335,0,39,687,0,0
EGKK,2022-10-19,365,361,0,334,329,0,37,689,0,0
EGKK,2022-10-20,375,383,0,342,346,0,42,716,0,0
EGKK,2022-10-21,360,357,0,323,325,0,44,673,0,0
EGKK,2022-10-22,355,359,0,322,323,0,45,669,0,0
EGKK,2022-10-23,325,336,0,297,310,0,43,618,0,0
EGKK,2022-10-24,385,362,0,351,326,0,42,705,0,0
EGKK,2022-10-25,365,367,0,332,335,0,40,692,0,0
EGKK,2022-10-26,369,365,0,336,334,0,36,698,0,0
EGKK,2022-10-27,372,385,0,341,349,0,40,715,2,0
EGKK,2022-10-28,390,382,0,353,350,0,44,728,0,0
EGKK,2022-10-29,352,361,0,319,326,0,40,673,0,0
EGKK,2022-10-30,364,357,0,330,321,2,41,678,0,0
EGKK,2022-10-31,348,346,0,307,304,0,39,655,0,0
EGKK,2022-11-01,263,257,0,224,220,0,30,488,2,0
EGKK,2022-11-02,262,270,0,229,236,0,32,500,0,0
EGKK,2022-11-03,290,290,0,256,253,0,37,543,0,0
EGKK,2022-11-04,302,303,0,264,264,0,34,571,0,0
EGKK,2022-11-05,229,232,0,194,193,0,37,424,0,0
EGKK,2022-11-06,300,296,0,259,262,0,37,559,0,0
EGKK,2022-11-07,282,280,0,244,241,0,37,525,0,0
EGKK,2022-11-08,223,225,0,186,189,0,35,413,0,0
EGKK,2022-11-09,219,220,0,185,185,0,35,404,0,0
EGKK,2022-11-10,258,260,0,225,222,0,36,482,0,0
EGKK,2022-11-11,290,290,0,250,252,0,32,546,2,0
EGKK,2022-11-12,215,216,0,179,177,0,36,392,2,0
EGKK,2022-11-13,284,284,0,246,249,0,35,531,2,0
EGKK,2022-11-14,279,277,0,240,237,0,36,520,0,0
EGKK,2022-11-15,203,203,0,167,165,0,33,373,0,0
EGKK,2022-11-16,207,201,0,171,169,0,35,373,0,0
EGKK,2022-11-17,238,242,0,203,206,0,36,444,0,0
EGKK,2022-11-18,289,288,0,251,249,0,35,542,0,0
EGKK,2022-11-19,195,199,0,160,158,0,41,353,0,0
EGKK,2022-11-20,282,278,0,242,242,0,42,518,0,0
EGKK,2022-11-21,270,269,0,230,229,0,41,498,0,0
EGKK,2022-11-22,191,191,0,152,153,0,33,349,0,0
EGKK,2022-11-23,204,202,0,171,171,0,34,370,2,0
EGKK,2022-11-24,238,239,0,206,202,0,36,441,0,0
EGKK,2022-11-25,289,282,0,248,246,0,34,537,0,0
EGKK,2022-11-26,185,193,0,154,154,0,33,345,0,0
EGKK,2022-11-27,271,272,0,232,237,0,38,505,0,0
EGKK,2022-11-28,272,265,0,234,228,0,38,499,0,0
EGKK,2022-11-29,199,202,0,162,161,0,37,361,3,0
EGKK,2022-11-30,210,206,0,172,172,0,41,374,1,0
EGKK,2022-12-01,261,260,0,224,219,0,44,477,0,0
EGKK,2022-12-02,285,291,0,242,248,0,42,534,0,0
EGKK,2022-12-03,213,212,0,175,172,0,42,383,0,0
EGKK,2022-12-04,293,298,0,253,261,0,42,549,0,0
EGKK,2022-12-05,296,291,0,258,251,0,43,544,0,0
EGKK,2022-12-06,242,243,0,202,201,0,39,444,2,0
EGKK,2022-12-07,265,265,0,222,226,0,46,484,0,0
EGKK,2022-12-08,284,286,0,246,249,0,42,528,0,0
EGKK,2022-12-09,290,300,0,253,262,0,36,554,0,0
EGKK,2022-12-10,268,264,0,233,225,0,38,492,0,0
EGKK,2022-12-11,183,212,0,150,178,0,35,360,0,0
EGKK,2022-12-12,271,259,0,232,220,0,43,487,0,0
EGKK,2022-12-13,275,258,0,231,214,0,40,493,0,0
EGKK,2022-12-14,274,269,0,229,231,0,43,500,0,0
EGKK,2022-12-15,304,295,0,265,256,0,42,557,0,0
EGKK,2022-12-16,303,316,0,264,275,0,41,578,0,0
EGKK,2022-12-17,306,301,0,268,258,0,46,561,0,0
EGKK,2022-12-18,327,326,0,287,289,0,47,606,0,0
EGKK,2022-12-19,326,328,0,286,287,0,41,613,0,0
EGKK,2022-12-20,294,295,0,252,251,0,43,546,0,0
EGKK,2022-12-21,293,292,0,251,253,0,44,541,0,0
EGKK,2022-12-22,330,328,0,283,282,0,44,614,0,0
EGKK,2022-12-23,344,339,0,303,299,0,42,641,0,0
EGKK,2022-12-24,263,261,0,225,223,0,37,487,0,0
EGKK,2022-12-25,110,98,0,78,76,0,31,176,1,0
EGKK,2022-12-26,311,327,0,279,285,0,32,605,1,0
EGKK,2022-12-27,286,289,0,246,245,0,40,535,0,0
EGKK,2022-12-28,292,285,0,250,248,0,40,535,2,0
EGKK,2022-12-29,312,311,0,273,270,0,44,579,0,0
EGKK,2022-12-30,324,333,0,285,291,0,41,616,0,0
EGKK,2022-12-31,284,288,0,245,246,0,44,528,0,0
EGKK,2023-01-01,324,319,0,280,281,0,44,599,0,0
EGKK,2023-01-02,327,330,0,285,287,0,46,611,0,0
EGKK,2023-01-03,289,287,0,246,243,0,46,530,0,0
EGKK,2023-01-04,288,284,0,245,246,0,45,527,0,0
EGKK,2023-01-05,300,308,0,259,264,0,45,563,0,0
EGKK,2023-01-06,329,322,0,286,281,0,39,612,0,0
EGKK,2023-01-07,289,295,0,253,256,0,39,545,0,0
EGKK,2023-01-08,334,332,0,294,292,0,40,626,0,0
EGKK,2023-01-09,282,279,0,237,238,0,43,518,0,0
EGKK,2023-01-10,203,201,0,163,159,0,43,361,0,0
EGKK,2023-01-11,194,188,0,154,153,0,41,341,0,0
EGKK,2023-01-12,233,235,0,198,196,0,42,424,2,0
EGKK,2023-01-13,270,269,0,234,234,0,39,500,0,0
EGKK,2023-01-14,233,236,0,199,195,0,41,428,0,0
EGKK,2023-01-15,297,296,0,257,261,0,43,550,0,0
EGKK,2023-01-16,239,235,0,202,203,0,39,435,0,0
EGKK,2023-01-17,172,174,0,140,139,0,37,309,0,0
EGKK,2023-01-18,181,178,0,146,146,0,34,325,0,0
EGKK,2023-01-19,216,219,0,182,182,2,42,391,0,0
EGKK,2023-01-20,265,264,0,230,229,0,38,491,0,0
EGKK,2023-01-21,225,228,0,191,189,0,41,412,0,0
EGKK,2023-01-22,284,291,0,248,260,0,41,533,0,0
EGKK,2023-01-23,239,232,0,203,199,0,34,437,0,0
EGKK,2023-01-24,169,171,0,139,137,0,34,306,0,0
EGKK,2023-01-25,182,178,0,145,146,0,33,321,6,0
EGKK,2023-01-26,214,218,0,182,182,0,40,392,0,0
EGKK,2023-01-27,262,257,0,228,224,0,40,479,0,0
EGKK,2023-01-28,222,225,0,190,186,0,43,404,0,0
EGKK,2023-01-29,288,290,0,247,256,0,41,537,0,0
EGKK,2023-01-30,232,233,0,198,202,0,36,429,0,0
EGKK,2023-01-31,186,188,0,155,151,0,37,337,0,0
EGKK,2023-02-01,190,186,0,153,155,0,35,341,0,0
EGKK,2023-02-02,230,233,0,198,197,0,40,423,0,0
EGKK,2023-02-03,289,285,0,252,251,2,39,533,0,0
EGKK,2023-02-04,233,238,0,201,199,0,39,432,0,0
EGKK,2023-02-05,313,310,0,270,276,0,39,584,0,0
EGKK,2023-02-06,258,258,0,223,224,0,34,482,0,0
EGKK,2023-02-07,202,200,0,171,166,0,36,366,0,0
EGKK,2023-02-08,221,217,0,184,182,0,36,402,0,0
EGKK,2023-02-09,288,293,0,251,255,0,39,542,0,0
EGKK,2023-02-10,334,335,0,296,293,0,39,628,2,0
EGKK,2023-02-11,304,307,0,267,266,0,42,569,0,0
EGKK,2023-02-12,353,349,0,308,310,0,44,658,0,0
EGKK,2023-02-13,320,320,0,278,279,0,40,600,0,0
EGKK,2023-02-14,259,263,0,222,222,0,41,481,0,0
EGKK,2023-02-15,275,270,0,233,232,0,38,507,0,0
EGKK,2023-02-16,299,313,0,260,269,0,40,572,0,0
EGKK,2023-02-17,353,342,0,309,300,0,42,653,0,0
EGKK,2023-02-18,317,318,0,279,277,0,44,589,2,0
EGKK,2023-02-19,355,351,0,314,312,0,44,662,0,0
EGKK,2023-02-20,318,322,0,277,282,0,39,601,0,0
EGKK,2023-02-21,254,256,0,216,216,0,38,472,0,0
EGKK,2023-02-22,261,261,0,220,222,0,36,486,0,0
EGKK,2023-02-23,301,299,0,261,259,0,40,560,0,0
EGKK,2023-02-24,332,332,0,291,289,0,39,625,0,0
EGKK,2023-02-25,296,299,0,259,258,0,42,553,0,0
EGKK,2023-02-26,346,347,0,303,310,0,41,652,0,0
EGKK,2023-02-27,320,317,0,278,276,2,38,597,0,0
EGKK,2023-02-28,261,260,0,223,220,0,37,483,0,0
EGKK,2023-03-01,270,267,0,229,229,0,41,496,0,0
EGKK,2023-03-02,303,307,0,262,265,0,42,568,0,0
EGKK,2023-03-03,337,340,0,295,296,2,40,635,0,0
EGKK,2023-03-04,297,296,0,260,258,0,40,553,0,0
EGKK,2023-03-05,342,343,0,303,304,0,42,641,0,0
EGKK,2023-03-06,315,316,0,276,277,0,39,590,0,0
EGKK,2023-03-07,242,244,0,203,204,0,38,446,2,0
EGKK,2023-03-08,244,254,0,206,218,0,39,458,1,0
EGKK,2023-03-09,303,301,0,263,259,0,41,562,1,0
EGKK,2023-03-10,338,323,0,295,281,0,40,620,0,0
EGKK,2023-03-11,280,292,0,242,251,0,41,529,2,0
EGKK,2023-03-12,346,352,0,303,314,0,45,653,0,0
EGKK,2023-03-13,333,319,0,288,278,0,42,610,0,0
EGKK,2023-03-14,272,268,0,232,226,0,41,499,0,0
EGKK,2023-03-15,265,266,0,227,229,0,37,494,0,0
EGKK,2023-03-16,304,299,0,265,257,0,44,559,0,0
EGKK,2023-03-17,328,330,0,288,290,0,42,616,0,0
EGKK,2023-03-18,286,292,0,249,252,0,42,536,0,0
EGKK,2023-03-19,343,338,0,303,302,0,44,637,0,0
EGKK,2023-03-20,317,318,0,274,276,0,38,597,0,0
EGKK,2023-03-21,261,260,0,221,218,0,37,484,0,0
EGKK,2023-03-22,273,270,0,233,234,0,35,508,0,0
EGKK,2023-03-23,292,305,0,254,263,0,41,556,0,0
EGKK,2023-03-24,319,332,0,278,289,0,40,611,0,0
EGKK,2023-03-25,293,289,0,255,247,0,42,540,0,0
EGKK,2023-03-26,319,323,0,280,291,0,46,596,0,0
EGKK,2023-03-27,334,319,0,296,282,0,42,611,0,0
EGKK,2023-03-28,286,295,0,247,253,0,40,541,0,0
EGKK,2023-03-29,328,313,0,286,276,0,41,599,1,0
EGKK,2023-03-30,332,344,0,300,308,0,42,633,1,0
EGKK,2023-03-31,339,337,0,298,299,0,45,631,0,0
EGKK,2023-04-01,330,333,0,291,292,0,55,608,0,0
EGKK,2023-04-02,367,366,0,332,333,0,51,682,0,0
EGKK,2023-04-03,359,360,0,323,321,0,44,675,0,0
EGKK,2023-04-04,347,344,0,304,302,0,48,643,0,0
EGKK,2023-04-05,355,349,0,315,311,2,44,656,2,0
EGKK,2023-04-06,355,359,0,320,322,0,44,670,0,0
EGKK,2023-04-07,372,366,0,330,326,0,42,696,0,0
EGKK,2023-04-08,334,335,0,298,296,0,39,630,0,0
EGKK,2023-04-09,367,369,0,334,336,0,46,690,0,0
EGKK,2023-04-10,365,366,0,326,324,2,42,687,0,0
EGKK,2023-04-11,343,345,0,300,303,0,43,645,0,0
EGKK,2023-04-12,348,347,0,306,308,0,49,646,0,0
EGKK,2023-04-13,342,361,0,308,321,0,46,657,0,0
EGKK,2023-04-14,368,357,0,323,315,0,47,678,0,0
EGKK,2023-04-15,339,335,0,300,293,0,47,625,2,0
EGKK,2023-04-16,367,365,0,332,330,0,50,682,0,0
EGKK,2023-04-17,360,361,0,318,321,0,46,675,0,0
EGKK,2023-04-18,331,332,0,289,289,0,43,619,0,0
EGKK,2023-04-19,345,338,0,303,300,0,49,634,0,0
EGKK,2023-04-20,352,360,0,316,322,0,50,662,0,0
EGKK,2023-04-21,367,356,0,324,315,0,47,674,2,0
EGKK,2023-04-22,309,318,0,271,279,0,43,582,2,0
EGKK,2023-04-23,355,349,0,322,318,0,43,661,0,0
EGKK,2023-04-24,360,359,0,320,319,0,46,673,0,0
EGKK,2023-04-25,329,329,0,288,287,0,44,614,0,0
EGKK,2023-04-26,341,336,0,300,297,0,46,631,0,0
EGKK,2023-04-27,349,355,0,311,316,0,45,659,0,0
EGKK,2023-04-28,370,365,0,331,326,0,44,691,0,0
EGKK,2023-04-29,301,318,0,264,279,0,42,577,0,0
EGKK,2023-04-30,361,351,0,327,317,0,45,667,0,0
EGKK,2023-05-01,351,372,0,310,331,0,46,677,0,0
EGKK,2023-05-02,378,361,0,337,321,0,45,694,0,0
EGKK,2023-05-03,362,359,0,322,322,0,46,675,0,0
EGKK,2023-05-04,381,384,0,344,346,0,48,717,0,0
EGKK,2023-05-05,402,393,0,358,353,0,45,750,0,0
EGKK,2023-05-06,339,347,0,300,304,0,47,639,0,0
EGKK,2023-05-07,379,381,0,343,343,0,49,711,0,0
EGKK,2023-05-08,390,386,0,346,343,0,48,727,1,0
EGKK,2023-05-09,340,349,0,298,306,0,46,642,1,0
EGKK,2023-05-10,368,358,0,327,321,0,48,678,0,0
EGKK,2023-05-11,374,381,0,339,344,0,45,710,0,0
EGKK,2023-05-12,408,396,0,366,357,0,44,760,0,0
EGKK,2023-05-13,344,352,0,304,311,0,51,645,0,0
EGKK,2023-05-14,384,381,0,348,343,0,53,712,0,0
EGKK,2023-05-15,390,392,0,348,349,0,53,729,0,0
EGKK,2023-05-16,361,356,0,319,317,0,44,673,0,0
EGKK,2023-05-17,368,369,0,327,331,0,54,683,0,0
EGKK,2023-05-18,383,392,0,345,352,0,49,726,0,0
EGKK,2023-05-19,394,380,0,354,342,0,47,727,0,0
EGKK,2023-05-20,342,354,0,306,313,0,49,647,0,0
EGKK,2023-05-21,385,377,0,345,340,0,51,711,0,0
EGKK,2023-05-22,387,389,0,345,345,0,52,724,0,0
EGKK,2023-05-23,362,363,0,319,322,0,48,677,0,0
EGKK,2023-05-24,377,375,0,336,336,0,61,691,0,0
EGKK,2023-05-25,394,406,0,355,364,0,54,746,0,0
EGKK,2023-05-26,415,412,0,371,370,0,55,772,0,0
EGKK,2023-05-27,366,375,0,326,332,0,52,689,0,0
EGKK,2023-05-28,401,394,0,361,354,0,54,741,0,0
EGKK,2023-05-29,416,405,0,370,359,0,54,767,0,0
EGKK,2023-05-30,364,371,0,320,329,0,53,682,0,0
EGKK,2023-05-31,385,385,0,343,344,0,60,710,0,0
EGKK,2023-06-01,393,401,0,352,356,0,56,738,0,0
EGKK,2023-06-02,419,421,0,371,377,0,56,784,0,0
EGKK,2023-06-03,367,371,0,326,328,0,54,684,0,0
EGKK,2023-06-04,417,410,0,375,368,0,56,771,0,0
EGKK,2023-06-05,406,420,0,360,373,0,58,768,0,0
EGKK,2023-06-06,380,367,0,335,325,0,48,699,0,0
EGKK,2023-06-07,402,400,0,359,359,0,53,749,0,0
EGKK,2023-06-08,412,417,0,370,371,0,56,773,0,0
EGKK,2023-06-09,425,425,0,379,382,0,54,796,0,0
EGKK,2023-06-10,391,391,0,345,343,0,59,723,0,0
EGKK,2023-06-11,375,388,0,334,343,0,60,703,0,0
EGKK,2023-06-12,414,399,0,367,353,0,58,755,0,0
EGKK,2023-06-13,406,393,0,359,347,0,55,740,4,0
EGKK,2023-06-14,393,403,0,350,361,0,56,740,0,0
EGKK,2023-06-15,418,419,0,375,373,0,56,781,0,0
EGKK,2023-06-16,423,425,0,376,382,0,62,786,0,0
EGKK,2023-06-17,389,391,0,346,344,0,58,720,2,0
EGKK,2023-06-18,361,364,0,319,322,0,60,664,1,0
EGKK,2023-06-19,427,418,0,378,369,0,64,781,0,0
EGKK,2023-06-20,366,364,0,316,318,0,53,676,1,0
EGKK,2023-06-21,410,406,0,368,365,0,53,763,0,0
EGKK,2023-06-22,393,409,0,349,363,0,60,742,0,0
EGKK,2023-06-23,438,426,0,388,380,0,63,801,0,0
EGKK,2023-06-24,396,393,0,351,344,0,62,727,0,0
EGKK,2023-06-25,417,425,0,371,377,0,63,779,0,0
EGKK,2023-06-26,436,433,0,386,385,0,62,807,0,0
EGKK,2023-06-27,418,404,0,374,363,0,54,768,0,0
EGKK,2023-06-28,415,414,0,373,372,0,59,770,0,0
EGKK,2023-06-29,409,422,0,368,376,0,61,770,0,0
EGKK,2023-06-30,407,432,0,359,386,2,63,774,0,0
EGKK,2023-07-01,405,411,0,359,366,0,64,752,0,0
EGKK,2023-07-02,440,440,0,395,394,0,69,811,0,0
EGKK,2023-07-03,432,427,0,382,373,2,67,789,0,0
EGKK,2023-07-04,433,428,0,385,383,0,60,799,2,0
EGKK,2023-07-05,425,423,0,382,379,2,63,783,0,0
EGKK,2023-07-06,434,442,0,386,393,0,71,805,0,0
EGKK,2023-07-07,443,447,0,394,400,0,68,822,0,0
EGKK,2023-07-08,376,392,0,332,345,0,66,702,0,0
EGKK,2023-07-09,429,432,0,383,383,0,70,789,2,0
EGKK,2023-07-10,456,425,0,404,375,0,68,811,1,0
EGKK,2023-07-11,418,411,0,370,367,0,64,765,0,0
EGKK,2023-07-12,408,425,0,366,381,0,65,768,0,0
EGKK,2023-07-13,434,428,0,384,379,2,65,795,0,0
EGKK,2023-07-14,421,443,0,374,395,0,69,795,0,0
EGKK,2023-07-15,406,397,0,356,348,0,67,736,0,0
EGKK,2023-07-16,434,434,0,389,386,0,70,798,0,0
EGKK,2023-07-17,430,430,0,384,382,0,59,801,0,0
EGKK,2023-07-18,419,405,0,370,362,0,61,763,0,0
EGKK,2023-07-19,425,425,0,382,380,0,64,786,0,0
EGKK,2023-07-20,427,427,0,383,380,0,65,789,0,0
EGKK,2023-07-21,423,434,0,376,388,0,70,787,0,0
EGKK,2023-07-22,397,401,0,348,351,0,71,727,0,0
EGKK,2023-07-23,449,431,0,403,385,0,68,812,0,0
EGKK,2023-07-24,381,405,0,334,353,0,64,722,0,0
EGKK,2023-07-25,433,414,0,383,370,0,63,784,0,0
EGKK,2023-07-26,422,417,0,378,373,0,65,773,1,0
EGKK,2023-07-27,420,434,0,374,387,0,69,784,1,0
EGKK,2023-07-28,436,439,0,390,393,0,68,807,0,0
EGKK,2023-07-29,411,406,0,362,358,0,71,746,0,0
EGKK,2023-07-30,433,430,0,388,384,0,73,790,0,0
EGKK,2023-07-31,433,438,0,382,386,0,66,805,0,0
EGKK,2023-08-01,426,415,0,379,371,0,61,780,0,0
EGKK,2023-08-02,395,416,0,351,370,0,65,746,0,0
EGKK,2023-08-03,458,433,0,411,386,0,71,820,0,0
EGKK,2023-08-04,428,441,0,382,395,0,67,802,0,0
EGKK,2023-08-05,406,405,0,357,357,0,67,744,0,0
EGKK,2023-08-06,439,438,0,395,392,0,70,807,0,0
EGKK,2023-08-07,440,432,0,391,382,0,62,810,0,0
EGKK,2023-08-08,415,411,0,367,367,0,61,765,0,0
EGKK,2023-08-09,432,426,0,386,380,0,63,795,0,0
EGKK,2023-08-10,414,432,0,371,386,0,61,785,0,0
EGKK,2023-08-11,442,439,0,394,393,0,70,811,0,0
EGKK,2023-08-12,414,406,0,366,358,0,67,753,0,0
EGKK,2023-08-13,431,441,0,388,394,0,69,803,0,0
EGKK,2023-08-14,435,435,0,384,385,0,67,803,0,0
EGKK,2023-08-15,425,409,0,377,364,0,62,772,0,0
EGKK,2023-08-16,402,414,0,356,369,0,67,749,0,0
EGKK,2023-08-17,430,430,0,385,383,0,66,794,0,0
EGKK,2023-08-18,423,433,0,378,389,0,65,791,0,0
EGKK,2023-08-19,427,413,0,379,366,0,59,781,0,0
EGKK,2023-08-20,435,436,0,393,392,0,64,807,0,0
EGKK,2023-08-21,441,438,0,389,388,0,65,814,0,0
EGKK,2023-08-22,422,413,0,374,367,0,62,773,0,0
EGKK,2023-08-23,419,425,0,375,380,0,65,779,0,0
EGKK,2023-08-24,366,392,0,324,346,0,62,696,0,0
EGKK,2023-08-25,441,443,0,393,398,0,65,819,0,0
EGKK,2023-08-26,420,410,0,371,361,0,64,766,0,0
EGKK,2023-08-27,434,428,0,391,384,0,62,800,0,0
EGKK,2023-08-28,291,268,0,245,222,0,59,500,0,0
EGKK,2023-08-29,393,407,0,346,363,0,56,742,1,0
EGKK,2023-08-30,426,430,0,382,386,0,66,790,0,0
EGKK,2023-08-31,435,436,0,389,388,0,67,804,0,0
EGKK,2023-09-01,435,444,0,388,398,0,65,814,0,0
EGKK,2023-09-02,418,410,0,370,363,0,69,759,0,0
EGKK,2023-09-03,444,442,0,401,396,0,65,821,0,0
EGKK,2023-09-04,428,437,0,378,386,0,65,800,0,0
EGKK,2023-09-05,424,410,0,372,361,0,60,774,0,0
EGKK,2023-09-06,379,386,0,332,340,0,64,701,0,0
EGKK,2023-09-07,433,438,0,383,387,0,65,806,0,0
EGKK,2023-09-08,448,435,0,395,386,0,68,815,0,0
EGKK,2023-09-09,402,408,0,354,357,0,66,742,0,0
EGKK,2023-09-10,436,435,0,388,386,0,69,801,0,0
EGKK,2023-09-11,437,435,0,387,387,0,64,807,0,0
EGKK,2023-09-12,412,401,0,362,355,0,56,757,0,0
EGKK,2023-09-13,416,416,0,370,368,0,62,770,0,0
EGKK,2023-09-14,384,412,0,339,364,0,62,734,0,0
EGKK,2023-09-15,442,439,0,392,392,0,63,818,0,0
EGKK,2023-09-16,402,400,0,356,352,0,63,739,0,0
EGKK,2023-09-17,403,405,0,355,356,0,70,737,0,0
EGKK,2023-09-18,430,432,0,379,381,0,66,795,0,0
EGKK,2023-09-19,436,411,0,387,365,0,60,784,2,0
EGKK,2023-09-20,420,421,0,374,376,0,59,782,0,0
EGKK,2023-09-21,404,428,0,361,382,0,64,768,0,0
EGKK,2023-09-22,422,429,0,374,382,0,61,790,0,0
EGKK,2023-09-23,412,396,0,364,348,0,64,744,0,0
EGKK,2023-09-24,387,403,0,345,359,0,66,724,0,0
EGKK,2023-09-25,416,387,0,367,341,0,62,741,0,0
EGKK,2023-09-26,402,400,0,357,355,0,56,746,0,0
EGKK,2023-09-27,397,403,0,352,359,0,64,736,0,0
EGKK,2023-09-28,402,409,0,362,365,0,55,756,0,0
EGKK,2023-09-29,418,403,0,369,356,0,64,757,0,0
EGKK,2023-09-30,377,390,0,335,344,0,61,706,0,0
EGKK,2023-10-01,404,400,0,364,360,0,60,744,0,0
EGKK,2023-10-02,396,404,0,348,356,0,59,741,0,0
EGKK,2023-10-03,399,383,0,351,339,0,55,727,0,0
EGKK,2023-10-04,394,384,0,349,342,0,56,720,0,0
EGKK,2023-10-05,394,406,0,355,364,0,55,743,0,0
EGKK,2023-10-06,400,400,0,354,357,0,56,744,0,0
EGKK,2023-10-07,371,374,0,330,329,0,63,682,0,0
EGKK,2023-10-08,403,399,0,361,357,0,63,739,0,0
EGKK,2023-10-09,402,399,0,354,353,0,58,743,0,0
EGKK,2023-10-10,368,365,0,325,324,0,49,684,0,0
EGKK,2023-10-11,370,367,0,327,324,0,55,682,0,0
EGKK,2023-10-12,394,408,0,355,366,0,55,747,0,0
EGKK,2023-10-13,366,379,0,320,337,0,53,692,0,0
EGKK,2023-10-14,384,367,0,344,322,0,55,696,0,0
EGKK,2023-10-15,397,400,0,353,357,0,62,735,0,0
EGKK,2023-10-16,409,407,0,359,360,0,58,758,0,0
EGKK,2023-10-17,368,363,0,326,323,0,46,685,0,0
EGKK,2023-10-18,367,359,0,326,320,0,48,678,0,0
EGKK,2023-10-19,374,400,0,338,359,0,52,722,0,0
EGKK,2023-10-20,411,405,0,363,360,0,58,756,2,0
EGKK,2023-10-21,373,367,0,335,326,0,50,690,0,0
EGKK,2023-10-22,398,400,0,361,358,0,57,741,0,0
EGKK,2023-10-23,412,413,0,362,368,0,56,769,0,0
EGKK,2023-10-24,368,371,0,327,332,0,47,692,0,0
EGKK,2023-10-25,384,368,0,344,329,0,52,700,0,0
EGKK,2023-10-26,394,402,0,355,361,0,52,744,0,0
EGKK,2023-10-27,412,416,0,366,371,0,55,773,0,0
EGKK,2023-10-28,374,380,0,335,339,0,53,701,0,0
EGKK,2023-10-29,382,390,0,338,339,0,57,715,0,0
EGKK,2023-10-30,383,363,0,331,314,0,46,700,0,0
EGKK,2023-10-31,312,317,0,262,268,0,53,576,0,0
EGKK,2023-11-01,287,275,0,240,231,0,53,509,0,0
EGKK,2023-11-02,290,301,0,242,251,0,53,538,0,0
EGKK,2023-11-03,345,348,0,294,293,0,50,643,0,0
EGKK,2023-11-04,278,277,0,229,228,0,57,498,0,0
EGKK,2023-11-05,333,331,0,283,279,0,57,607,0,0
EGKK,2023-11-06,303,298,0,250,249,0,49,552,0,0
EGKK,2023-11-07,230,233,0,184,185,0,49,414,0,0
EGKK,2023-11-08,239,233,0,194,189,0,49,423,0,0
EGKK,2023-11-09,287,290,0,242,244,0,47,530,0,0
EGKK,2023-11-10,330,332,0,278,275,0,54,608,0,0
EGKK,2023-11-11,250,253,0,196,203,0,57,446,0,0
EGKK,2023-11-12,322,321,0,272,272,0,53,590,0,0
EGKK,2023-11-13,290,289,0,241,243,0,45,534,0,0
EGKK,2023-11-14,227,229,0,181,180,0,53,403,0,0
EGKK,2023-11-15,227,227,0,179,183,0,47,407,0,0
EGKK,2023-11-16,282,281,0,236,233,0,52,511,0,0
EGKK,2023-11-17,325,330,0,273,274,0,49,606,0,0
EGKK,2023-11-18,239,239,0,188,188,0,56,422,0,0
EGKK,2023-11-19,317,319,0,265,268,0,56,580,0,0
EGKK,2023-11-20,281,287,0,232,240,0,47,521,0,0
EGKK,2023-11-21,227,215,0,179,166,0,50,392,0,0
EGKK,2023-11-22,217,217,0,168,173,0,46,388,0,0
EGKK,2023-11-23,282,281,0,236,235,0,54,509,0,0
EGKK,2023-11-24,320,325,0,270,269,0,51,594,0,0
EGKK,2023-11-25,243,241,0,190,192,0,56,428,0,0
EGKK,2023-11-26,321,328,0,272,278,0,58,591,0,0
EGKK,2023-11-27,305,290,0,254,243,0,45,550,0,0
EGKK,2023-11-28,214,221,0,170,173,0,48,387,0,0
EGKK,2023-11-29,223,220,0,176,176,0,46,397,0,0
EGKK,2023-11-30,288,297,0,240,247,0,56,529,0,0
EGKK,2024-01-01,339,332,0,285,280,0,52,619,0,0
EGKK,2024-01-02,299,302,0,241,242,0,61,540,0,0
EGKK,2024-01-03,297,295,0,241,241,0,56,536,0,0
EGKK,2024-01-04,324,325,0,269,268,0,62,587,0,0
EGKK,2024-01-05,341,345,0,280,282,2,62,620,2,0
EGKK,2024-01-06,322,323,0,268,270,0,61,584,0,0
EGKK,2024-01-07,358,369,0,304,315,0,64,663,0,0
EGKK,2024-01-08,276,267,0,219,215,0,49,494,0,0
EGKK,2024-01-09,209,208,0,158,156,0,58,357,2,0
EGKK,2024-01-10,201,200,0,154,154,0,48,352,1,0
EGKK,2024-01-11,238,238,0,188,187,0,59,417,0,0
EGKK,2024-01-12,279,276,0,226,223,0,55,500,0,0
EGKK,2024-01-13,242,249,0,199,201,0,56,435,0,0
EGKK,2024-01-14,305,309,0,256,266,0,66,548,0,0
EGKK,2024-01-15,246,240,0,198,197,0,47,439,0,0
EGKK,2024-01-16,179,176,0,135,127,0,57,297,1,0
EGKK,2024-01-17,177,174,0,134,136,0,46,305,0,0
EGKK,2024-01-18,215,222,0,176,177,0,56,381,0,0
EGKK,2024-01-19,280,271,0,230,221,0,58,493,0,0
EGKK,2024-01-20,243,244,0,198,198,0,57,430,0,0
EGKK,2024-01-21,251,284,0,206,239,0,61,474,0,0
EGKK,2024-01-22,279,245,0,238,204,0,38,486,0,0
EGKK,2024-01-23,170,175,0,122,127,0,57,288,0,0
EGKK,2024-01-24,189,186,0,143,144,2,49,324,0,0
EGKK,2024-01-25,220,223,0,182,179,0,53,390,0,0
EGKK,2024-01-26,290,290,0,241,240,0,56,524,0,0
EGKK,2024-01-27,246,241,0,203,195,0,54,431,2,0
EGKK,2024-01-28,307,312,0,260,268,0,57,562,0,0
EGKK,2024-01-29,250,246,0,203,201,0,42,454,0,0
EGKK,2024-01-30,180,180,0,136,134,0,53,307,0,0
EGKK,2024-01-31,190,184,0,146,144,0,45,329,0,0
EGKK,2024-02-01,236,241,0,194,195,0,52,425,0,0
EGKK,2024-02-02,296,301,0,249,251,0,55,541,0,0
EGKK,2024-02-03,266,263,0,219,218,0,55,474,0,0
EGKK,2024-02-04,320,326,0,274,284,0,55,591,0,0
EGKK,2024-02-05,271,263,0,227,220,0,39,495,0,0
EGKK,2024-02-06,197,200,0,150,151,0,56,341,0,0
EGKK,2024-02-07,220,215,0,171,172,0,52,383,0,0
EGKK,2024-02-08,298,303,0,250,250,0,52,549,0,0
EGKK,2024-02-09,356,350,0,304,298,0,50,656,0,0
EGKK,2024-02-10,343,350,0,295,296,0,57,636,0,0
EGKK,2024-02-11,383,383,0,328,330,0,59,707,0,0
EGKK,2024-02-12,337,331,0,283,286,0,42,626,0,0
EGKK,2024-02-13,253,258,0,203,200,0,60,451,0,0
EGKK,2024-02-14,266,262,0,214,214,0,47,481,0,0
EGKK,2024-02-15,325,329,0,273,273,0,52,602,0,0
EGKK,2024-02-16,371,374,0,314,313,0,63,682,0,0
EGKK,2024-02-17,353,355,0,300,303,0,56,652,0,0
EGKK,2024-02-18,382,389,0,325,337,0,53,718,0,0
EGKK,2024-02-19,339,329,0,291,281,0,49,619,0,0
EGKK,2024-02-20,242,245,0,190,192,0,56,431,0,0
EGKK,2024-02-21,256,250,0,208,206,0,47,459,0,0
EGKK,2024-02-22,316,318,0,266,265,0,58,576,0,0
EGKK,2024-02-23,355,358,0,299,301,0,59,654,0,0
EGKK,2024-02-24,320,324,0,270,274,0,57,587,0,0
EGKK,2024-02-25,355,366,0,303,317,0,58,663,0,0
EGKK,2024-02-26,342,325,0,294,278,0,48,619,0,0
EGKK,2024-02-27,249,251,0,196,199,0,57,443,0,0
EGKK,2024-02-28,259,253,0,208,206,0,49,461,2,0
EGKK,2024-02-29,314,315,0,265,263,0,55,574,0,0
EGKK,2024-03-01,351,360,0,298,301,0,58,653,0,0
EGKK,2024-03-02,329,325,0,279,277,0,55,599,0,0
EGKK,2024-03-03,369,368,0,316,316,0,60,677,0,0
EGKK,2024-03-04,331,322,0,280,277,0,45,608,0,0
EGKK,2024-03-05,243,247,0,195,193,0,56,434,0,0
EGKK,2024-03-06,256,256,0,209,212,0,46,466,0,0
EGKK,2024-03-07,320,320,0,272,269,0,58,581,0,0
EGKK,2024-03-08,355,360,0,304,304,0,55,660,0,0
EGKK,2024-03-09,328,326,0,276,281,0,57,597,0,0
EGKK,2024-03-10,361,371,0,314,319,0,57,675,0,0
EGKK,2024-03-11,339,329,0,290,282,0,45,623,0,0
EGKK,2024-03-12,245,247,0,192,195,0,66,426,0,0
EGKK,2024-03-13,260,254,0,214,212,0,45,469,0,0
EGKK,2024-03-14,328,328,0,280,277,0,55,601,0,0
EGKK,2024-03-15,360,368,0,308,310,0,60,668,0,0
EGKK,2024-03-16,331,328,0,279,280,0,57,602,0,0
EGKK,2024-03-17,368,370,0,316,319,0,62,676,0,0
EGKK,2024-03-18,338,332,0,289,286,0,48,622,0,0
EGKK,2024-03-19,246,245,0,196,192,0,61,430,0,0
EGKK,2024-03-20,257,256,0,212,211,0,51,462,0,0
EGKK,2024-03-21,323,326,0,271,271,0,56,593,0,0
EGKK,2024-03-22,363,362,0,308,307,0,58,667,0,0
EGKK,2024-03-23,323,331,0,274,279,0,58,596,0,0
EGKK,2024-03-24,378,374,0,322,321,0,63,689,0,0
EGKK,2024-03-25,339,336,0,288,288,0,46,627,0,0
EGKK,2024-03-26,253,255,0,204,205,0,56,450,0,0
EGKK,2024-03-27,279,273,0,231,224,0,51,501,0,0
EGKK,2024-03-28,329,341,0,276,283,0,59,611,0,0
EGKK,2024-03-29,382,377,0,324,320,0,60,699,0,0
EGKK,2024-03-30,332,333,0,282,281,0,57,608,0,0
EGKK,2024-03-31,392,392,0,342,346,0,63,721,0,0
EGKK,2024-04-01,368,367,0,321,320,0,55,680,0,0
EGKK,2024-04-02,350,346,0,298,295,0,60,636,0,0
EGKK,2024-04-03,340,343,0,295,295,0,53,630,0,0
EGKK,2024-04-04,381,388,0,329,334,0,61,708,0,0
EGKK,2024-04-05,389,382,0,334,332,0,62,709,0,0
EGKK,2024-04-06,366,363,0,314,312,2,67,660,0,0
EGKK,2024-04-07,399,403,0,352,354,0,62,740,0,0
EGKK,2024-04-08,367,366,0,318,318,0,58,675,0,0
EGKK,2024-04-09,350,345,0,296,293,0,61,634,0,0
EGKK,2024-04-10,347,351,0,298,299,0,58,640,0,0
EGKK,2024-04-11,383,390,0,329,336,0,70,703,0,0
EGKK,2024-04-12,389,383,0,337,333,0,57,715,0,0
EGKK,2024-04-13,357,357,0,306,305,0,65,649,0,0
EGKK,2024-04-14,388,387,0,340,337,0,60,715,0,0
EGKK,2024-04-15,368,369,0,316,321,1,65,671,0,0
EGKK,2024-04-16,351,341,0,298,291,1,59,632,0,0
EGKK,2024-04-17,339,343,0,295,298,0,45,637,0,0
EGKK,2024-04-18,377,386,0,328,334,0,66,697,0,0
EGKK,2024-04-19,385,381,0,331,330,0,67,699,0,0
EGKK,2024-04-20,348,352,0,298,300,0,62,638,0,0
EGKK,2024-04-21,381,378,0,335,332,2,55,702,0,0
EGKK,2024-04-22,372,366,0,325,320,0,53,685,0,0
EGKK,2024-04-23,340,341,0,291,290,0,62,619,0,0
EGKK,2024-04-24,349,348,0,301,302,0,52,645,0,0
EGKK,2024-04-25,369,371,0,320,320,0,60,680,0,0
EGKK,2024-04-26,381,377,0,330,329,0,54,704,0,0
EGKK,2024-04-27,347,353,0,297,304,0,61,639,0,0
EGKK,2024-04-28,388,382,0,342,335,0,59,711,0,0
EGKK,2024-04-29,364,367,0,317,318,0,57,674,0,0
EGKK,2024-04-30,354,362,0,300,308,0,63,653,0,0
EGKK,2024-05-01,366,367,0,319,318,0,62,669,2,0
EGKK,2024-05-02,387,396,0,337,342,0,66,717,0,0
EGKK,2024-05-03,402,396,0,348,344,0,63,735,0,0
EGKK,2024-05-04,360,366,0,307,314,0,72,654,0,0
EGKK,2024-05-05,408,404,0,359,353,0,66,746,0,0
EGKK,2024-05-06,389,389,0,337,339,0,61,717,0,0
EGKK,2024-05-07,370,366,0,316,314,0,65,671,0,0
EGKK,2024-05-08,362,357,0,314,309,0,60,659,0,0
EGKK,2024-05-09,386,392,0,337,340,0,60,718,0,0
EGKK,2024-05-10,406,401,0,353,350,0,63,744,0,0
EGKK,2024-05-11,363,369,0,310,315,0,74,658,0,0
EGKK,2024-05-12,399,396,0,351,347,0,67,728,0,0
EGKK,2024-05-13,395,392,0,346,344,0,62,725,0,0
EGKK,2024-05-14,371,370,0,317,315,0,66,675,0,0
EGKK,2024-05-15,367,363,0,319,315,0,59,671,0,0
EGKK,2024-05-16,392,400,0,340,347,0,67,725,0,0
EGKK,2024-05-17,394,396,0,341,344,0,63,727,0,0
EGKK,2024-05-18,376,372,0,322,318,0,77,671,0,0
EGKK,2024-05-19,405,407,0,355,355,0,71,741,0,0
EGKK,2024-05-20,404,394,0,352,345,0,61,737,0,0
EGKK,2024-05-21,374,377,0,321,324,0,67,684,0,0
EGKK,2024-05-22,389,391,0,341,342,0,61,719,0,0
EGKK,2024-05-23,416,419,0,365,367,0,68,767,0,0
EGKK,2024-05-24,424,420,0,370,368,0,66,776,2,0
EGKK,2024-05-25,385,393,0,331,337,0,77,701,0,0
EGKK,2024-05-26,419,409,0,369,360,0,68,760,0,0
EGKK,2024-05-27,415,417,0,367,366,0,66,766,0,0
EGKK,2024-05-28,398,390,0,339,331,0,79,709,0,0
EGKK,2024-05-29,398,409,0,347,360,0,68,739,0,0
EGKK,2024-05-30,412,419,0,363,367,0,70,761,0,0
EGKK,2024-05-31,432,423,0,378,371,0,72,782,1,0
EGKK,2024-06-01,389,396,0,332,340,0,82,703,0,0
EGKK,2024-06-02,430,429,0,380,378,0,75,784,0,0
EGKK,2024-06-03,430,423,0,375,369,0,73,779,1,0
EGKK,2024-06-04,399,402,0,344,348,0,74,727,0,0
EGKK,2024-06-05,404,405,0,353,355,0,67,742,0,0
EGKK,2024-06-06,430,432,0,381,380,0,70,792,0,0
EGKK,2024-06-07,419,425,0,365,373,0,73,771,0,0
EGKK,2024-06-08,396,396,0,341,339,0,82,710,0,0
EGKK,2024-06-09,437,428,0,384,373,0,79,786,0,0
EGKK,2024-06-10,419,423,0,364,369,0,75,767,0,0
EGKK,2024-06-11,400,401,0,342,344,0,79,722,0,0
EGKK,2024-06-12,411,408,0,361,357,0,71,748,0,0
EGKK,2024-06-13,428,433,0,375,378,0,73,788,0,0
EGKK,2024-06-14,435,431,0,378,376,0,79,787,0,0
EGKK,2024-06-15,387,405,0,329,344,0,80,712,0,0
EGKK,2024-06-16,448,429,0,396,376,0,76,801,0,0
EGKK,2024-06-17,425,424,0,372,374,0,77,772,0,0
EGKK,2024-06-18,406,404,0,347,347,0,80,730,0,0
EGKK,2024-06-19,404,404,0,352,352,0,72,736,0,0
EGKK,2024-06-20,425,430,0,371,373,0,78,777,0,0
EGKK,2024-06-21,403,400,0,346,347,0,76,727,0,0
EGKK,2024-06-22,399,405,0,339,343,0,85,719,0,0
EGKK,2024-06-23,447,435,0,393,379,0,83,797,2,0
EGKK,2024-06-24,425,433,0,367,378,0,86,772,0,0
EGKK,2024-06-25,417,419,0,358,362,0,83,753,0,0
EGKK,2024-06-26,411,409,0,360,359,0,76,744,0,0
EGKK,2024-06-27,413,432,0,360,374,0,80,765,0,0
EGKK,2024-06-28,392,375,0,338,327,0,74,693,0,0
EGKK,2024-06-29,367,382,0,311,321,0,89,660,0,0
EGKK,2024-06-30,438,418,0,385,365,0,79,777,0,0
EGKK,2024-07-01,425,432,0,371,379,0,79,778,0,0
EGKK,2024-07-02,424,414,0,369,360,0,83,755,0,0
EGKK,2024-07-03,423,425,0,373,375,0,74,774,0,0
EGKK,2024-07-04,438,439,0,382,382,0,78,799,0,0
EGKK,2024-07-05,428,433,0,374,381,0,75,786,0,0
EGKK,2024-07-06,408,411,0,352,352,0,86,733,0,0
EGKK,2024-07-07,411,421,0,358,366,0,78,754,0,0
EGKK,2024-07-08,451,435,0,394,380,0,83,803,0,0
EGKK,2024-07-09,419,421,0,363,366,0,86,754,0,0
EGKK,2024-07-10,417,411,0,366,359,0,76,751,1,0
EGKK,2024-07-11,437,441,0,381,383,0,85,793,0,0
EGKK,2024-07-12,420,429,0,365,377,0,79,770,0,0
EGKK,2024-07-13,413,413,0,353,352,0,88,737,1,0
EGKK,2024-07-14,439,434,0,386,377,0,81,792,0,0
EGKK,2024-07-15,425,433,0,370,379,0,83,775,0,0
EGKK,2024-07-16,439,425,0,382,371,0,88,776,0,0
EGKK,2024-07-17,428,422,0,376,371,0,72,778,0,0
EGKK,2024-07-18,426,437,0,372,381,0,76,787,0,0
EGKK,2024-07-19,403,407,0,351,358,0,73,737,0,0
EGKK,2024-07-20,395,411,0,340,351,0,83,723,0,0
EGKK,2024-07-21,433,418,0,375,361,0,83,768,0,0
EGKK,2024-07-22,432,431,0,377,378,0,86,777,0,0
EGKK,2024-07-23,429,424,0,370,368,0,84,767,2,0
EGKK,2024-07-24,427,425,0,376,371,0,78,774,0,0
EGKK,2024-07-25,433,435,0,378,380,0,81,787,0,0
EGKK,2024-07-26,440,439,0,381,382,0,82,797,0,0
EGKK,2024-07-27,413,418,0,353,358,0,88,743,0,0
EGKK,2024-07-28,439,434,0,385,379,0,79,794,0,0
EGKK,2024-07-29,442,439,0,387,385,0,84,797,0,0
EGKK,2024-07-30,420,422,0,366,368,0,84,758,0,0
EGKK,2024-07-31,408,422,0,358,372,0,72,758,0,0
EGKK,2024-08-01,392,394,0,340,337,0,79,707,0,0
EGKK,2024-08-02,449,440,0,391,388,0,82,807,0,0
EGKK,2024-08-03,418,416,0,358,355,0,90,744,0,0
EGKK,2024-08-04,440,443,0,387,387,0,82,801,0,0
EGKK,2024-08-05,446,435,0,391,382,0,83,798,0,0
EGKK,2024-08-06,419,421,0,362,366,0,85,755,0,0
EGKK,2024-08-07,423,425,0,373,374,0,71,777,0,0
EGKK,2024-08-08,436,441,0,381,384,0,80,797,0,0
EGKK,2024-08-09,449,438,0,395,387,0,80,807,0,0
EGKK,2024-08-10,404,418,0,344,356,0,88,734,0,0
EGKK,2024-08-11,448,444,0,391,387,0,85,807,0,0
EGKK,2024-08-12,436,436,0,380,381,0,85,787,0,0
EGKK,2024-08-13,421,425,0,363,368,0,86,760,0,0
EGKK,2024-08-14,433,423,0,378,371,0,77,777,2,0
EGKK,2024-08-15,418,429,0,362,371,0,83,764,0,0
EGKK,2024-08-16,443,439,0,386,384,0,80,802,0,0
EGKK,2024-08-17,416,413,0,359,353,0,89,740,0,0
EGKK,2024-08-18,436,437,0,378,380,0,81,792,0,0
EGKK,2024-08-19,436,438,0,382,383,0,85,789,0,0
EGKK,2024-08-20,425,421,0,368,367,0,84,762,0,0
EGKK,2024-08-21,432,425,0,381,373,0,74,783,0,0
EGKK,2024-08-22,431,443,0,375,384,0,85,789,0,0
EGKK,2024-08-23,451,445,0,393,390,0,83,813,0,0
EGKK,2024-08-24,405,415,0,344,353,0,88,732,0,0
EGKK,2024-08-25,446,444,0,389,385,0,83,807,0,0
EGKK,2024-08-26,449,441,0,393,386,0,89,801,0,0
EGKK,2024-08-27,422,416,0,365,361,0,82,756,0,0
EGKK,2024-08-28,428,423,0,376,372,0,76,775,0,0
EGKK,2024-08-29,431,443,0,375,384,0,84,790,0,0
EGKK,2024-08-30,446,445,0,391,390,0,85,806,0,0
EGKK,2024-08-31,408,419,0,346,357,0,94,733,0,0
EGKK,2024-09-01,456,445,0,395,384,0,84,817,0,0
EGKK,2024-09-02,449,445,0,392,387,0,85,809,0,0
EGKK,2024-09-03,423,421,0,361,362,0,84,760,0,0
EGKK,2024-09-04,430,427,0,372,369,0,79,778,0,0
EGKK,2024-09-05,424,450,0,367,389,0,84,789,0,0
EGKK,2024-09-06,442,447,0,381,387,0,80,809,0,0
EGKK,2024-09-07,403,415,0,345,352,0,85,733,0,0
EGKK,2024-09-08,408,389,0,348,331,0,83,714,0,0
EGKK,2024-09-09,441,430,0,381,374,0,81,790,0,0
EGKK,2024-09-10,428,421,0,368,363,0,82,767,0,0
EGKK,2024-09-11,419,421,0,366,371,0,73,767,0,0
EGKK,2024-09-12,432,445,0,378,385,0,77,800,0,0
EGKK,2024-09-13,456,441,0,395,383,0,78,819,0,0
EGKK,2024-09-14,408,412,0,346,350,0,86,734,0,0
EGKK,2024-09-15,443,439,0,389,383,0,81,801,0,0
EGKK,2024-09-16,434,437,0,378,382,0,81,790,0,0
EGKK,2024-09-17,420,416,0,363,360,0,82,754,0,0
EGKK,2024-09-18,415,415,0,361,363,0,72,758,0,0
EGKK,2024-09-19,428,439,0,376,381,0,75,792,0,0
EGKK,2024-09-20,414,430,0,353,375,0,78,765,0,0
EGKK,2024-09-21,419,411,0,362,351,0,80,750,0,0
EGKK,2024-09-22,446,435,0,393,379,0,76,804,0,0
EGKK,2024-09-23,427,430,0,372,377,0,75,782,0,0
EGKK,2024-09-24,414,407,0,354,348,0,82,739,0,0
EGKK,2024-09-25,415,414,0,362,362,0,73,756,0,0
EGKK,2024-09-26,422,429,0,370,376,0,73,778,0,0
EGKK,2024-09-27,436,434,0,381,381,0,73,797,0,0
EGKK,2024-09-28,403,404,0,348,344,0,86,719,2,0
EGKK,2024-09-29,437,431,0,380,377,0,80,788,0,0
EGKK,2024-09-30,425,434,0,371,381,0,75,784,0,0
EGKK,2024-10-01,411,399,0,357,344,0,74,736,0,0
EGKK,2024-10-02,393,391,0,345,343,0,66,718,0,0
EGKK,2024-10-03,414,417,0,360,362,0,72,759,0,0
EGKK,2024-10-04,421,422,0,365,368,0,72,770,0,0
EGKK,2024-10-05,395,394,0,341,339,0,76,712,1,0
EGKK,2024-10-06,415,419,0,365,367,0,72,760,1,0
EGKK,2024-10-07,409,412,0,354,359,0,75,744,0,0
EGKK,2024-10-08,405,398,0,350,343,0,69,734,0,0
EGKK,2024-10-09,401,386,0,348,341,0,62,725,0,0
EGKK,2024-10-10,403,415,0,357,364,0,65,753,0,0
EGKK,2024-10-11,419,421,0,365,366,0,67,773,0,0
EGKK,2024-10-12,385,390,0,330,334,0,78,697,0,0
EGKK,2024-10-13,414,411,0,363,358,0,71,754,0,0
EGKK,2024-10-14,407,408,0,356,360,0,68,747,0,0
EGKK,2024-10-15,392,391,0,339,338,0,66,717,0,0
EGKK,2024-10-16,395,391,0,344,343,0,66,720,0,0
EGKK,2024-10-17,406,414,0,357,361,2,67,749,2,0
EGKK,2024-10-18,382,404,0,327,349,0,73,713,0,0
EGKK,2024-10-19,414,396,0,355,338,0,75,735,0,0
EGKK,2024-10-20,404,406,0,353,354,0,66,744,0,0
EGKK,2024-10-21,419,405,0,366,355,0,63,761,0,0
EGKK,2024-10-22,398,399,0,343,344,0,69,728,0,0
EGKK,2024-10-23,398,395,0,349,346,0,65,728,0,0
EGKK,2024-10-24,407,413,0,357,361,0,68,752,0,0
EGKK,2024-10-25,422,420,0,363,363,0,68,774,0,0
EGKK,2024-10-26,390,397,0,334,341,0,67,720,0,0
EGKK,2024-10-27,394,388,0,345,335,0,61,719,0,0
EGKK,2024-10-28,375,365,0,323,314,0,52,686,0,0
EGKK,2024-10-29,341,336,0,287,290,0,59,618,0,0
EGKK,2024-10-30,343,344,0,305,299,0,51,636,0,0
EGKK,2024-10-31,360,358,0,310,309,0,60,658,0,0
EGKK,2024-11-01,386,390,0,337,331,0,59,717,0,0
EGKK,2024-11-02,343,350,0,281,295,0,64,629,0,0
EGKK,2024-11-03,385,383,0,335,330,0,58,710,0,0
EGKK,2024-11-04,329,318,0,272,260,0,57,590,0,0
EGKK,2024-11-05,253,255,0,197,202,0,59,449,0,0
EGKK,2024-11-06,274,278,0,229,231,0,51,497,3,0
EGKK,2024-11-07,296,291,0,246,244,0,54,531,2,0
EGKK,2024-11-08,328,333,0,279,277,0,54,607,0,0
EGKK,2024-11-09,263,260,0,205,207,0,64,459,0,0
EGKK,2024-11-10,323,318,0,272,269,0,60,581,0,0
EGKK,2024-11-11,290,296,0,241,243,0,49,537,0,0
EGKK,2024-11-12,235,231,0,182,182,0,60,405,1,0
EGKK,2024-11-13,240,241,0,192,194,0,54,426,1,0
EGKK,2024-11-14,274,273,0,224,224,0,54,493,0,0
EGKK,2024-11-15,317,323,0,268,267,0,52,588,0,0
EGKK,2024-11-16,244,246,0,191,195,0,62,428,0,0
EGKK,2024-11-17,314,312,0,262,262,0,64,562,0,0
EGKK,2024-11-18,287,289,0,239,236,0,50,526,0,0
EGKK,2024-11-19,227,226,0,175,179,0,61,392,0,0
EGKK,2024-11-20,240,239,0,197,193,0,50,429,0,0
EGKK,2024-11-21,260,265,0,211,217,0,55,470,0,0
EGKK,2024-11-22,284,282,0,236,231,0,55,511,0,0
EGKK,2024-11-23,234,241,0,182,188,0,65,410,0,0
EGKK,2024-11-24,311,311,0,256,260,0,67,555,0,0
EGKK,2024-11-25,298,294,0,249,241,0,55,535,2,0
EGKK,2024-11-26,234,232,0,182,183,0,61,405,0,0
EGKK,2024-11-27,242,239,0,196,194,0,51,430,0,0
EGKK,2024-11-28,282,282,0,233,234,2,53,509,0,0
EGKK,2024-11-29,329,332,0,278,276,0,56,605,0,0
EGKK,2024-11-30,262,259,0,207,206,0,68,452,1,0
EGKK,2024-12-01,324,322,0,271,272,0,66,579,1,0
EGKK,2024-12-02,301,299,0,248,244,0,56,544,0,0
EGKK,2024-12-03,248,250,0,198,203,0,60,438,0,0
EGKK,2024-12-04,289,292,0,244,246,0,50,531,0,0
EGKK,2024-12-05,297,297,0,249,249,2,55,537,0,0
EGKK,2024-12-06,346,349,0,292,289,0,63,632,0,0
EGKK,2024-12-07,241,254,0,186,202,0,60,435,0,0
EGKK,2024-12-08,334,323,0,283,271,0,66,591,0,0
EGKK,2024-12-09,352,354,0,299,300,0,55,651,0,0
EGKK,2024-12-10,325,315,0,267,262,0,65,573,0,0
EGKK,2024-12-11,322,324,0,273,274,0,56,590,0,0
EGKK,2024-12-12,344,342,0,292,290,0,52,634,0,0
EGKK,2024-12-13,372,378,0,316,318,0,70,680,0,0
EGKK,2024-12-14,351,347,0,292,292,0,66,632,0,0
EGKK,2024-12-15,372,376,0,320,323,0,65,683,0,0
EGKK,2024-12-16,354,353,0,301,296,0,57,650,0,0
EGKK,2024-12-17,314,310,0,258,258,0,59,565,0,0
EGKK,2024-12-18,330,332,0,277,281,0,52,610,0,0
EGKK,2024-12-19,357,354,0,301,297,0,57,654,0,0
EGKK,2024-12-20,375,381,0,321,323,0,65,691,0,0
EGKK,2024-12-21,363,367,0,305,310,2,61,667,0,0
EGKK,2024-12-22,386,391,0,333,337,0,62,715,0,0
EGKK,2024-12-23,378,362,0,322,307,0,54,686,0,0
EGKK,2024-12-24,284,276,0,227,221,0,62,498,0,0
EGKK,2024-12-25,117,103,0,80,79,0,40,180,0,0
EGKK,2024-12-26,337,357,0,289,298,0,43,650,1,0
EGKK,2024-12-27,300,347,0,250,285,0,63,583,1,0
EGKK,2024-12-28,350,342,0,292,289,0,64,628,0,0
EGKK,2024-12-29,323,323,0,271,270,0,66,580,0,0
EGKK,2024-12-30,386,354,0,327,297,0,57,683,0,0
EGKK,2024-12-31,305,302,0,250,251,0,59,548,0,0
EGLL,2022-01-01,365,371,0,205,205,0,342,394,0,0
EGLL,2022-01-02,426,436,0,251,255,0,365,497,0,0
EGLL,2022-01-03,443,439,0,257,260,0,367,515,0,0
EGLL,2022-01-04,432,430,0,246,244,0,368,494,0,0
EGLL,2022-01-05,401,403,0,221,219,0,364,440,0,0
EGLL,2022-01-06,396,403,0,217,220,0,368,431,0,0
EGLL,2022-01-07,419,410,0,233,232,0,369,460,0,0
EGLL,2022-01-09,440,438,0,258,255,0,376,502,0,0
EGLL,2022-01-10,377,371,0,198,200,0,351,397,0,0
EGLL,2022-01-11,340,336,0,169,167,0,351,325,0,0
EGLL,2022-01-12,326,335,0,160,163,0,355,306,0,0
EGLL,2022-01-13,358,357,0,181,182,0,373,342,0,0
EGLL,2022-01-14,371,370,0,198,200,0,349,392,0,0
EGLL,2022-01-15,370,379,0,196,200,0,370,379,0,0
EGLL,2022-01-16,394,389,0,214,209,0,367,416,0,0
EGLL,2022-01-17,332,329,0,167,167,0,331,330,0,0
EGLL,2022-01-18,306,300,0,144,147,0,323,283,0,0
EGLL,2022-01-19,289,300,0,138,141,0,317,272,0,0
EGLL,2022-01-20,324,326,0,162,167,0,335,315,0,0
EGLL,2022-01-21,345,347,0,180,184,0,334,358,0,0
EGLL,2022-01-22,354,358,0,194,191,0,344,368,0,0
EGLL,2022-01-23,378,375,0,206,207,0,342,411,0,0
EGLL,2022-01-24,327,324,0,163,165,0,322,329,0,0
EGLL,2022-01-25,300,286,0,141,142,0,310,276,0,0
EGLL,2022-01-27,324,325,0,161,168,0,326,323,0,0
EGLL,2022-01-28,336,339,0,176,178,0,329,346,0,0
EGLL,2022-01-29,350,331,0,191,187,0,319,362,0,0
EGLL,2022-01-30,359,370,0,207,207,0,319,410,0,0
EGLL,2022-01-31,317,316,0,164,166,0,313,320,0,0
EGLL,2022-02-01,317,308,0,163,163,0,310,315,0,0
EGLL,2022-02-02,303,314,0,161,158,0,308,309,0,0
EGLL,2022-02-03,353,344,0,194,194,0,313,384,0,0
EGLL,2022-02-04,355,353,0,200,201,0,311,397,0,0
EGLL,2022-02-05,365,368,0,210,210,0,328,405,0,0
EGLL,2022-02-09,298,309,0,160,155,0,302,305,0,0
EGLL,2022-02-10,367,361,0,204,203,0,330,398,0,0
EGLL,2022-02-11,408,409,0,253,246,0,312,505,0,0
EGLL,2022-02-12,416,419,0,254,253,0,349,486,0,0
EGLL,2022-02-13,425,424,0,255,261,0,342,507,0,0
EGLL,2022-02-14,363,367,0,209,215,0,309,421,0,0
EGLL,2022-02-15,325,321,0,172,177,0,297,349,0,0
EGLL,2022-02-16,328,339,0,177,172,0,330,337,0,0
EGLL,2022-02-17,378,370,0,212,213,0,324,424,0,0
EGLL,2022-02-18,339,328,0,189,184,0,289,378,0,0
EGLL,2022-02-19,422,426,0,262,258,0,357,491,0,0
EGLL,2022-02-20,384,396,0,213,226,0,351,429,0,0
EGLL,2022-02-21,330,348,0,172,197,0,308,370,0,0
EGLL,2022-02-22,338,334,0,177,181,0,319,353,0,0
EGLL,2022-02-23,353,360,0,198,196,0,330,383,0,0
EGLL,2022-02-24,391,391,0,226,228,0,332,450,0,0
EGLL,2022-02-28,412,414,0,254,257,0,312,514,0,0
EGLL,2022-03-01,404,403,0,247,246,0,317,490,0,0
EGLL,2022-03-02,411,413,0,251,244,0,345,479,0,0
EGLL,2022-03-03,437,430,0,271,269,0,344,523,0,0
EGLL,2022-03-04,447,444,0,279,279,0,338,553,0,0
EGLL,2022-03-05,436,442,0,267,268,0,356,522,0,0
EGLL,2022-03-06,485,485,0,304,302,0,366,604,0,0
EGLL,2022-03-07,434,432,0,265,264,0,346,520,0,0
EGLL,2022-03-08,415,409,0,247,247,0,336,488,0,0
EGLL,2022-03-09,428,429,0,259,257,0,350,507,0,0
EGLL,2022-03-10,453,452,0,282,282,0,358,547,0,0
EGLL,2022-03-11,470,468,0,298,296,0,349,589,0,0
EGLL,2022-03-12,454,452,0,280,274,0,369,537,0,0
EGLL,2022-03-13,500,500,0,318,322,0,371,629,0,0
EGLL,2022-03-14,451,448,0,276,278,0,351,548,0,0
EGLL,2022-03-15,422,421,0,250,249,0,350,493,0,0
EGLL,2022-03-16,432,433,0,259,254,0,364,501,0,0
EGLL,2022-03-17,461,462,0,283,285,0,370,553,0,0
EGLL,2022-03-18,480,476,0,301,300,0,363,593,0,0
EGLL,2022-03-19,453,457,0,278,277,0,371,539,0,0
EGLL,2022-03-20,489,488,0,305,309,0,371,606,0,0
EGLL,2022-03-21,443,443,0,271,273,0,344,542,0,0
EGLL,2022-03-22,414,414,0,243,247,0,347,481,0,0
EGLL,2022-03-23,430,431,0,256,252,0,366,495,0,0
EGLL,2022-03-24,445,449,0,273,275,0,358,536,0,0
EGLL,2022-03-25,483,472,0,304,297,0,365,590,0,0
EGLL,2022-03-26,447,451,0,273,273,0,367,531,0,0
EGLL,2022-03-27,541,543,0,346,348,0,401,683,0,0
EGLL,2022-03-28,525,519,0,332,336,0,375,669,0,0
EGLL,2022-03-29,519,514,0,336,332,0,371,662,0,0
EGLL,2022-03-30,455,460,0,268,280,0,372,543,0,0
EGLL,2022-03-31,476,466,0,292,283,0,381,561,0,0
EGLL,2022-04-01,501,509,0,315,327,0,371,639,0,0
EGLL,2022-04-02,511,517,0,319,322,0,403,625,0,0
EGLL,2022-04-03,515,518,0,325,326,0,392,641,0,0
EGLL,2022-04-04,542,543,0,350,354,0,383,702,0,0
EGLL,2022-04-05,538,538,0,354,351,0,372,704,0,0
EGLL,2022-04-06,554,550,0,367,364,0,381,723,0,0
EGLL,2022-04-07,548,552,0,357,360,0,393,707,0,0
EGLL,2022-04-08,564,559,0,369,371,0,388,735,0,0
EGLL,2022-04-09,544,549,0,346,352,0,411,682,0,0
EGLL,2022-04-10,552,555,0,355,354,0,407,700,0,0
EGLL,2022-04-11,570,566,0,375,376,0,388,748,0,0
EGLL,2022-04-12,558,558,0,367,367,0,389,727,0,0
EGLL,2022-04-13,569,568,0,374,371,0,397,740,0,0
EGLL,2022-04-14,564,560,0,368,364,0,403,721,0,0
EGLL,2022-04-15,554,555,0,356,362,0,397,712,0,0
EGLL,2022-04-16,540,550,0,335,344,0,418,672,0,0
EGLL,2022-04-17,565,563,0,358,355,0,424,704,0,0
EGLL,2022-04-18,574,567,0,369,366,0,403,738,0,0
EGLL,2022-04-19,580,577,0,383,381,0,394,763,0,0
EGLL,2022-04-20,541,540,0,346,345,0,395,686,0,0
EGLL,2022-04-21,535,541,0,335,341,0,404,672,0,0
EGLL,2022-04-22,542,541,0,343,346,0,392,691,0,0
EGLL,2022-04-23,525,534,0,322,328,0,420,639,0,0
EGLL,2022-04-24,553,552,0,348,344,0,421,684,0,0
EGLL,2022-04-25,540,537,0,342,344,0,386,691,0,0
EGLL,2022-04-26,537,536,0,339,339,0,393,680,0,0
EGLL,2022-04-27,535,535,0,342,339,0,389,681,0,0
EGLL,2022-04-28,544,547,0,342,345,0,411,680,0,0
EGLL,2022-04-29,547,547,0,345,348,0,404,690,0,0
EGLL,2022-04-30,527,530,0,325,330,0,409,648,0,0
EGLL,2022-05-01,569,566,0,359,357,0,421,714,0,0
EGLL,2022-05-02,562,561,0,361,361,0,396,727,0,0
EGLL,2022-05-03,573,566,0,371,363,0,406,733,0,0
EGLL,2022-05-04,550,552,0,349,351,0,404,698,0,0
EGLL,2022-05-05,561,562,0,358,360,0,410,713,0,0
EGLL,2022-05-06,560,567,0,358,364,0,405,722,0,0
EGLL,2022-05-07,547,548,0,332,339,0,436,659,0,0
EGLL,2022-05-08,581,578,0,365,358,0,439,720,0,0
EGLL,2022-05-09,561,564,0,354,355,0,412,713,0,0
EGLL,2022-05-10,578,577,0,363,366,0,427,728,0,0
EGLL,2022-05-11,576,573,0,362,360,0,430,719,0,0
EGLL,2022-05-12,568,575,0,359,364,0,427,716,0,0
EGLL,2022-05-13,572,569,0,362,364,0,417,724,0,0
EGLL,2022-05-14,560,569,0,340,347,0,456,673,0,0
EGLL,2022-05-15,585,571,0,362,354,0,446,710,0,0
EGLL,2022-05-16,560,564,0,351,354,0,414,710,0,0
EGLL,2022-05-17,580,576,0,365,359,0,438,718,0,0
EGLL,2022-05-18,573,569,0,359,353,0,435,707,0,0
EGLL,2022-05-19,574,582,0,362,368,0,435,721,0,0
EGLL,2022-05-20,564,566,0,350,357,0,420,710,0,0
EGLL,2022-05-21,568,565,0,339,343,0,455,678,0,0
EGLL,2022-05-22,582,577,0,362,357,0,446,713,0,0
EGLL,2022-05-23,570,574,0,356,360,0,436,708,0,0
EGLL,2022-05-24,578,564,0,366,352,0,427,715,0,0
EGLL,2022-05-25,568,578,0,352,362,0,438,708,0,0
EGLL,2022-05-26,570,573,0,352,354,0,440,703,0,0
EGLL,2022-05-27,585,584,0,364,368,0,442,727,0,0
EGLL,2022-05-28,562,566,0,340,343,0,459,669,0,0
EGLL,2022-05-29,580,575,0,349,348,0,461,694,0,0
EGLL,2022-05-30,575,568,0,363,361,0,417,726,0,0
EGLL,2022-05-31,573,569,0,358,355,0,422,720,0,0
EGLL,2022-06-01,579,582,0,361,363,0,440,721,0,0
EGLL,2022-06-02,582,586,0,363,368,0,437,731,0,0
EGLL,2022-06-03,587,589,0,363,367,0,439,737,0,0
EGLL,2022-06-04,576,577,0,346,354,0,464,689,0,0
EGLL,2022-06-05,606,589,0,374,362,0,459,736,0,0
EGLL,2022-06-06,585,594,0,365,370,0,446,733,0,0
EGLL,2022-06-07,589,591,0,363,364,0,451,729,0,0
EGLL,2022-06-08,590,591,0,362,363,0,460,721,0,0
EGLL,2022-06-09,591,595,0,364,368,0,454,732,0,0
EGLL,2022-06-10,596,593,0,369,370,0,444,745,0,0
EGLL,2022-06-11,575,577,0,350,353,0,462,690,0,0
EGLL,2022-06-12,595,591,0,361,359,0,468,718,0,0
EGLL,2022-06-13,587,586,0,367,366,0,445,728,0,0
EGLL,2022-06-14,596,591,0,371,367,0,447,740,0,0
EGLL,2022-06-15,584,585,0,359,359,0,453,716,0,0
EGLL,2022-06-16,593,593,0,365,368,0,468,718,0,0
EGLL,2022-06-17,575,579,0,352,356,0,440,714,0,0
EGLL,2022-06-18,555,553,0,326,328,0,463,645,0,0
EGLL,2022-06-19,574,584,0,346,351,0,457,701,0,0
EGLL,2022-06-20,565,561,0,346,347,0,436,690,0,0
EGLL,2022-06-21,595,595,0,370,370,0,446,744,0,0
EGLL,2022-06-22,582,590,0,358,363,0,449,723,0,0
EGLL,2022-06-23,582,581,0,357,359,0,450,713,0,0
EGLL,2022-06-24,578,579,0,350,357,0,442,715,0,0
EGLL,2022-06-25,558,558,0,328,334,0,460,656,0,0
EGLL,2022-06-26,572,565,0,340,334,0,460,677,0,0
EGLL,2022-06-27,586,589,0,361,362,0,461,714,0,0
EGLL,2022-06-28,582,588,0,355,360,0,450,720,0,0
EGLL,2022-06-29,578,569,0,347,341,0,456,691,0,0
EGLL,2022-06-30,551,550,0,328,327,0,452,649,0,0
EGLL,2022-07-01,564,560,0,335,332,0,453,671,0,0
EGLL,2022-07-02,534,538,0,302,313,0,455,617,0,0
EGLL,2022-07-03,569,573,0,337,337,0,456,686,0,0
EGLL,2022-07-04,561,561,0,340,340,0,445,677,0,0
EGLL,2022-07-05,578,579,0,348,345,0,455,702,0,0
EGLL,2022-07-06,578,577,0,347,347,0,459,696,0,0
EGLL,2022-07-07,577,581,0,349,356,0,457,701,0,0
EGLL,2022-07-08,577,579,0,350,352,0,452,704,0,0
EGLL,2022-07-09,562,564,0,323,332,0,466,660,0,0
EGLL,2022-07-10,559,554,0,328,320,0,456,657,0,0
EGLL,2022-07-11,550,543,0,330,326,0,435,658,0,0
EGLL,2022-07-12,560,564,0,333,333,0,449,675,0,0
EGLL,2022-07-13,548,560,0,319,330,0,457,651,0,0
EGLL,2022-07-14,537,537,0,311,317,0,445,629,0,0
EGLL,2022-07-15,544,545,0,316,317,0,449,640,0,0
EGLL,2022-07-16,537,542,0,300,313,0,467,612,0,0
EGLL,2022-07-17,549,549,0,316,316,0,463,635,0,0
EGLL,2022-07-18,525,527,0,304,309,0,435,617,0,0
EGLL,2022-07-19,534,540,0,306,314,0,442,632,0,0
EGLL,2022-07-20,542,538,0,314,311,0,457,623,0,0
EGLL,2022-07-21,544,554,0,321,332,0,448,650,0,0
EGLL,2022-07-22,551,554,0,326,327,0,446,659,0,0
EGLL,2022-07-23,531,535,0,298,306,0,470,596,0,0
EGLL,2022-07-24,545,549,0,312,317,0,458,636,0,0
EGLL,2022-07-25,534,529,0,311,307,0,444,619,0,0
EGLL,2022-07-26,542,543,0,312,314,0,449,636,0,0
EGLL,2022-07-27,543,546,0,313,314,0,461,628,0,0
EGLL,2022-07-28,558,550,0,329,330,0,446,662,0,0
EGLL,2022-07-29,552,558,0,328,331,0,448,662,0,0
EGLL,2022-07-30,544,546,0,308,315,0,476,614,0,0
EGLL,2022-07-31,560,555,0,327,323,0,461,654,0,0
EGLL,2022-08-01,547,550,0,332,331,0,432,665,0,0
EGLL,2022-08-02,557,553,0,331,327,0,447,663,0,0
EGLL,2022-08-03,550,548,0,325,323,0,448,650,0,0
EGLL,2022-08-04,553,550,0,326,330,0,444,659,0,0
EGLL,2022-08-05,549,550,0,328,326,0,443,656,0,0
EGLL,2022-08-06,531,530,0,301,307,0,457,604,0,0
EGLL,2022-08-07,545,546,0,320,315,0,450,641,0,0
EGLL,2022-08-08,541,542,0,326,329,0,425,658,0,0
EGLL,2022-08-09,547,547,0,322,320,0,447,647,0,0
EGLL,2022-08-10,545,543,0,323,323,0,441,647,0,0
EGLL,2022-08-11,552,551,0,326,329,0,449,654,0,0
EGLL,2022-08-12,552,551,0,328,327,0,446,657,0,0
EGLL,2022-08-13,530,533,0,304,309,0,455,608,0,0
EGLL,2022-08-14,548,548,0,318,316,0,456,640,0,0
EGLL,2022-08-15,545,544,0,328,329,0,429,660,0,0
EGLL,2022-08-16,546,548,0,321,322,0,445,649,0,0
EGLL,2022-08-17,538,535,0,318,315,0,439,634,0,0
EGLL,2022-08-18,546,551,0,321,330,0,445,652,0,0
EGLL,2022-08-19,553,553,0,329,330,0,442,664,0,0
EGLL,2022-08-20,536,534,0,309,310,0,461,609,0,0
EGLL,2022-08-21,551,547,0,320,315,0,453,645,0,0
EGLL,2022-08-22,547,549,0,332,336,0,427,669,0,0
EGLL,2022-08-23,551,554,0,328,328,0,442,663,0,0
EGLL,2022-08-24,554,550,0,333,333,0,435,669,0,0
EGLL,2022-08-25,562,561,0,337,338,0,447,676,0,0
EGLL,2022-08-26,564,566,0,341,343,0,448,682,0,0
EGLL,2022-08-27,531,536,0,310,314,0,448,619,0,0
EGLL,2022-08-28,561,556,0,331,326,0,456,661,0,0
EGLL,2022-08-29,552,551,0,337,337,0,426,677,0,0
EGLL,2022-08-30,553,557,0,330,330,0,446,664,0,0
EGLL,2022-08-31,559,562,0,333,335,0,458,663,0,0
EGLL,2022-09-01,574,572,0,347,347,0,455,691,0,0
EGLL,2022-09-02,551,550,0,330,329,0,442,659,0,0
EGLL,2022-09-03,551,551,0,319,324,0,472,630,0,0
EGLL,2022-09-04,566,565,0,337,337,0,452,679,0,0
EGLL,2022-09-05,563,568,0,343,344,0,441,690,0,0
EGLL,2022-09-06,555,557,0,325,326,0,459,653,0,0
EGLL,2022-09-07,563,566,0,340,341,0,447,682,0,0
EGLL,2022-09-08,563,545,0,336,321,0,453,654,0,0
EGLL,2022-09-09,540,557,0,316,330,0,443,654,0,0
EGLL,2022-09-10,538,534,0,304,311,0,464,608,0,0
EGLL,2022-09-11,563,560,0,338,336,0,448,675,0,0
EGLL,2022-09-12,556,557,0,337,338,0,438,675,0,0
EGLL,2022-09-13,559,563,0,334,336,0,450,672,0,0
EGLL,2022-09-14,549,547,0,328,326,0,440,656,0,0
EGLL,2022-09-15,565,565,0,340,343,0,448,682,0,0
EGLL,2022-09-16,544,550,0,324,326,0,441,653,0,0
EGLL,2022-09-17,532,529,0,302,307,0,463,598,0,0
EGLL,2022-09-18,569,565,0,342,338,0,454,680,0,0
EGLL,2022-09-19,456,461,0,256,260,0,401,516,0,0
EGLL,2022-09-20,574,571,0,349,346,0,449,696,0,0
EGLL,2022-09-21,570,568,0,347,344,0,446,692,0,0
EGLL,2022-09-22,566,563,0,341,343,0,444,685,0,0
EGLL,2022-09-23,573,571,0,349,349,0,437,707,0,0
EGLL,2022-09-24,546,549,0,317,323,0,460,635,0,0
EGLL,2022-09-25,569,566,0,342,342,0,450,685,0,0
EGLL,2022-09-26,557,559,0,339,341,0,430,686,0,0
EGLL,2022-09-27,559,563,0,342,340,0,442,680,0,0
EGLL,2022-09-28,556,551,0,335,334,0,435,672,0,0
EGLL,2022-09-29,562,558,0,333,334,0,453,667,0,0
EGLL,2022-09-30,569,575,0,345,347,0,448,696,0,0
EGLL,2022-10-01,556,553,0,326,328,0,460,649,0,0
EGLL,2022-10-02,568,567,0,341,343,0,449,686,0,0
EGLL,2022-10-03,561,559,0,342,343,0,428,692,0,0
EGLL,2022-10-04,560,556,0,341,339,0,430,686,0,0
EGLL,2022-10-05,555,557,0,336,338,0,429,683,0,0
EGLL,2022-10-06,563,559,0,342,342,0,435,687,0,0
EGLL,2022-10-07,565,569,0,349,347,0,426,708,0,0
EGLL,2022-10-08,550,552,0,325,330,0,451,651,0,0
EGLL,2022-10-09,564,562,0,341,344,0,433,693,0,0
EGLL,2022-10-10,560,565,0,344,344,0,426,699,0,0
EGLL,2022-10-11,564,565,0,344,345,0,437,692,0,0
EGLL,2022-10-12,565,564,0,340,340,0,439,690,0,0
EGLL,2022-10-13,561,562,0,335,339,0,445,678,0,0
EGLL,2022-10-14,568,569,0,347,346,0,433,704,0,0
EGLL,2022-10-15,547,548,0,316,322,0,465,630,0,0
EGLL,2022-10-16,568,564,0,341,339,0,449,683,0,0
EGLL,2022-10-17,549,550,0,334,334,0,421,678,0,0
EGLL,2022-10-18,559,557,0,335,334,0,443,673,0,0
EGLL,2022-10-19,551,549,0,329,328,0,435,665,0,0
EGLL,2022-10-20,563,561,0,339,341,0,441,683,0,0
EGLL,2022-10-21,552,553,0,329,329,0,439,666,0,0
EGLL,2022-10-22,542,543,0,314,319,0,452,633,0,0
EGLL,2022-10-23,537,522,0,311,297,0,443,615,0,0
EGLL,2022-10-24,529,554,0,311,335,0,430,653,0,0
EGLL,2022-10-25,570,569,0,345,345,0,443,696,0,0
EGLL,2022-10-26,563,562,0,339,337,0,443,682,0,0
EGLL,2022-10-27,576,575,0,347,351,0,453,698,0,0
EGLL,2022-10-28,570,566,0,345,342,0,441,695,0,0
EGLL,2022-10-29,542,548,0,313,320,0,459,631,0,0
EGLL,2022-10-30,587,583,0,358,355,0,454,716,0,0
EGLL,2022-10-31,575,576,0,352,353,0,441,710,0,0
EGLL,2022-11-01,585,578,0,357,355,0,445,718,0,0
EGLL,2022-11-02,576,583,0,356,357,0,449,710,0,0
EGLL,2022-11-03,595,589,0,358,361,0,462,722,0,0
EGLL,2022-11-04,578,583,0,358,358,0,432,729,0,0
EGLL,2022-11-05,555,552,0,321,323,0,461,646,0,0
EGLL,2022-11-06,583,582,0,355,352,0,447,718,0,0
EGLL,2022-11-07,576,579,0,350,353,0,444,711,0,0
EGLL,2022-11-08,583,580,0,352,354,0,444,719,0,0
EGLL,2022-11-09,573,579,0,353,353,0,441,711,0,0
EGLL,2022-11-10,594,587,0,359,359,0,461,720,0,0
EGLL,2022-11-11,574,584,0,355,358,0,432,726,0,0
EGLL,2022-11-12,549,553,0,315,324,0,457,645,0,0
EGLL,2022-11-13,583,582,0,352,349,0,454,711,0,0
EGLL,2022-11-14,554,556,0,326,332,0,443,667,0,0
EGLL,2022-11-15,577,572,0,351,349,0,443,706,0,0
EGLL,2022-11-16,579,588,0,357,358,0,451,716,0,0
EGLL,2022-11-17,590,582,0,354,352,0,460,712,0,0
EGLL,2022-11-18,575,582,0,352,355,0,435,722,0,0
EGLL,2022-11-19,553,558,0,321,325,0,460,651,0,0
EGLL,2022-11-20,590,583,0,354,350,0,461,712,0,0
EGLL,2022-11-21,580,563,0,352,350,0,434,709,0,0
EGLL,2022-11-22,562,569,0,346,351,0,425,706,0,0
EGLL,2022-11-23,570,572,0,353,351,0,439,703,0,0
EGLL,2022-11-24,571,559,0,351,351,0,423,707,0,0
EGLL,2022-11-25,551,566,0,352,357,0,396,721,0,0
EGLL,2022-11-26,550,557,0,323,324,0,453,654,0,0
EGLL,2022-11-27,589,588,0,357,354,0,455,722,0,0
EGLL,2022-11-28,581,580,0,350,352,0,451,710,0,0
EGLL,2022-11-29,582,579,0,350,349,0,449,712,0,0
EGLL,2022-11-30,592,590,0,356,354,0,467,715,0,0
EGLL,2022-12-01,574,571,0,340,337,0,461,684,0,0
EGLL,2022-12-02,584,590,0,352,357,0,456,718,0,0
EGLL,2022-12-03,567,568,0,325,327,0,481,654,0,0
EGLL,2022-12-04,593,593,0,354,354,0,465,721,0,0
EGLL,2022-12-05,585,583,0,348,353,0,459,709,0,0
EGLL,2022-12-06,586,582,0,351,348,0,457,711,0,0
EGLL,2022-12-07,589,591,0,353,354,0,472,708,0,0
EGLL,2022-12-08,590,588,0,351,353,0,469,709,0,0
EGLL,2022-12-09,590,590,0,353,355,0,462,718,0,0
EGLL,2022-12-10,568,566,0,325,328,0,486,648,0,0
EGLL,2022-12-11,487,470,0,244,237,0,465,492,0,0
EGLL,2022-12-12,524,519,0,287,293,0,457,586,0,0
EGLL,2022-12-13,565,567,0,336,340,0,449,683,0,0
EGLL,2022-12-14,563,560,0,329,325,0,471,652,0,0
EGLL,2022-12-15,552,548,0,322,323,0,448,652,0,0
EGLL,2022-12-16,554,554,0,323,329,0,452,656,0,0
EGLL,2022-12-17,544,542,0,307,311,0,473,613,0,0
EGLL,2022-12-18,562,563,0,332,332,0,462,663,0,0
EGLL,2022-12-19,565,561,0,339,338,0,446,680,0,0
EGLL,2022-12-20,565,573,0,353,356,0,423,715,0,0
EGLL,2022-12-21,594,587,0,359,358,0,467,714,0,0
EGLL,2022-12-22,593,594,0,360,363,0,464,723,0,0
EGLL,2022-12-23,572,573,0,348,350,0,438,707,0,0
EGLL,2022-12-24,507,484,0,276,278,0,434,557,0,0
EGLL,2022-12-25,350,348,0,157,153,0,381,317,0,0
EGLL,2022-12-26,520,541,0,317,318,0,412,649,0,0
EGLL,2022-12-27,566,562,0,341,340,0,436,692,0,0
EGLL,2022-12-28,569,570,0,344,342,0,448,691,0,0
EGLL,2022-12-29,573,571,0,343,346,0,449,695,0,0
EGLL,2022-12-30,568,575,0,346,347,0,439,704,0,0
EGLL,2022-12-31,507,498,0,271,273,0,462,543,0,0
EGLL,2023-01-01,528,530,0,306,301,0,444,614,0,0
EGLL,2023-01-02,590,594,0,358,360,0,458,726,0,0
EGLL,2023-01-03,579,578,0,348,350,0,449,708,0,0
EGLL,2023-01-04,589,589,0,355,353,0,474,704,0,0
EGLL,2023-01-05,586,582,0,353,352,0,466,702,0,0
EGLL,2023-01-06,584,586,0,353,353,0,454,716,0,0
EGLL,2023-01-07,557,561,0,319,325,0,471,647,0,0
EGLL,2023-01-08,588,588,0,348,347,0,472,704,0,0
EGLL,2023-01-09,578,577,0,343,343,0,463,692,0,0
EGLL,2023-01-10,571,571,0,336,337,0,462,680,0,0
EGLL,2023-01-11,577,573,0,347,343,0,459,691,0,0
EGLL,2023-01-12,576,576,0,344,347,0,456,696,0,0
EGLL,2023-01-13,579,581,0,347,349,0,448,712,0,0
EGLL,2023-01-14,549,551,0,306,309,0,480,620,0,0
EGLL,2023-01-15,580,581,0,342,344,0,458,703,0,0
EGLL,2023-01-16,573,575,0,340,340,0,461,687,0,0
EGLL,2023-01-17,566,559,0,332,332,0,445,680,0,0
EGLL,2023-01-18,568,565,0,339,335,0,455,678,0,0
EGLL,2023-01-19,572,571,0,337,341,0,457,686,0,0
EGLL,2023-01-20,578,581,0,348,349,0,450,709,0,0
EGLL,2023-01-21,546,549,0,304,309,0,480,615,0,0
EGLL,2023-01-22,535,517,0,299,282,0,460,592,0,0
EGLL,2023-01-23,500,509,0,268,286,0,448,561,0,0
EGLL,2023-01-24,558,561,0,333,333,0,445,674,0,0
EGLL,2023-01-25,544,542,0,318,316,0,447,639,0,0
EGLL,2023-01-26,572,572,0,345,344,0,449,695,0,0
EGLL,2023-01-27,564,565,0,337,337,0,442,687,0,0
EGLL,2023-01-28,525,528,0,284,288,0,475,578,0,0
EGLL,2023-01-29,586,582,0,347,344,0,464,704,0,0
EGLL,2023-01-30,584,580,0,351,348,0,455,709,0,0
EGLL,2023-01-31,569,566,0,339,342,0,436,699,0,0
EGLL,2023-02-01,568,574,0,348,351,0,437,705,0,0
EGLL,2023-02-02,575,582,0,350,353,0,445,712,0,0
EGLL,2023-02-03,572,589,0,348,358,0,441,720,0,0
EGLL,2023-02-04,550,557,0,313,321,0,472,635,0,0
EGLL,2023-02-05,587,587,0,349,348,0,460,713,0,0
EGLL,2023-02-06,587,587,0,356,354,0,453,721,0,0
EGLL,2023-02-07,504,530,0,279,301,0,437,597,0,0
EGLL,2023-02-08,544,556,0,317,326,0,453,647,0,0
EGLL,2023-02-09,585,589,0,354,356,0,455,718,0,0
EGLL,2023-02-10,585,591,0,354,357,0,456,719,0,0
EGLL,2023-02-11,561,569,0,319,327,0,485,645,0,0
EGLL,2023-02-12,591,591,0,348,349,0,466,716,0,0
EGLL,2023-02-13,584,592,0,351,354,0,463,713,0,0
EGLL,2023-02-14,497,527,0,274,291,0,445,579,0,0
EGLL,2023-02-15,565,581,0,335,344,0,465,681,0,0
EGLL,2023-02-16,588,585,0,350,347,0,468,705,0,0
EGLL,2023-02-17,530,561,0,299,321,0,456,635,0,0
EGLL,2023-02-18,563,568,0,316,324,0,490,641,0,0
EGLL,2023-02-19,606,608,0,363,361,0,478,736,0,0
EGLL,2023-02-20,614,611,0,371,370,0,473,752,0,0
EGLL,2023-02-21,591,596,0,360,364,0,450,737,0,0
EGLL,2023-02-22,601,600,0,364,363,0,474,727,0,0
EGLL,2023-02-23,598,602,0,367,369,0,455,745,0,0
EGLL,2023-02-24,608,613,0,371,373,0,461,760,0,0
EGLL,2023-02-25,572,579,0,325,331,0,489,662,0,0
EGLL,2023-02-26,613,605,0,368,362,0,476,742,0,0
EGLL,2023-02-27,598,595,0,355,354,0,473,720,0,0
EGLL,2023-02-28,598,602,0,360,362,0,461,739,0,0
EGLL,2023-03-01,610,609,0,369,368,0,477,742,0,0
EGLL,2023-03-02,612,607,0,367,368,0,478,741,0,0
EGLL,2023-03-03,609,609,0,367,368,0,468,750,0,0
EGLL,2023-03-04,572,580,0,324,330,0,496,656,0,0
EGLL,2023-03-05,613,611,0,363,363,0,484,740,0,0
EGLL,2023-03-06,604,603,0,360,361,0,473,734,0,0
EGLL,2023-03-07,585,587,0,344,345,0,470,702,0,0
EGLL,2023-03-08,537,532,0,296,295,0,476,593,0,0
EGLL,2023-03-09,593,589,0,350,345,0,481,701,0,0
EGLL,2023-03-10,581,591,0,339,348,0,468,704,0,0
EGLL,2023-03-11,564,566,0,310,312,0,504,626,0,0
EGLL,2023-03-12,592,579,0,339,331,0,488,683,0,0
EGLL,2023-03-13,526,534,0,290,297,0,464,596,0,0
EGLL,2023-03-14,590,584,0,345,344,0,468,706,0,0
EGLL,2023-03-15,595,600,0,353,354,0,484,711,0,0
EGLL,2023-03-16,608,604,0,361,361,0,484,728,0,0
EGLL,2023-03-17,596,593,0,354,350,0,472,717,0,0
EGLL,2023-03-18,565,575,0,316,325,0,496,644,0,0
EGLL,2023-03-19,624,615,0,370,369,0,489,750,0,0
EGLL,2023-03-20,603,604,0,363,363,0,467,740,0,0
EGLL,2023-03-21,609,612,0,367,372,0,465,756,0,0
EGLL,2023-03-22,609,610,0,366,366,0,483,736,0,0
EGLL,2023-03-23,606,605,0,366,368,0,470,741,0,0
EGLL,2023-03-24,605,599,0,364,360,0,471,733,0,0
EGLL,2023-03-25,563,567,0,311,315,0,489,641,0,0
EGLL,2023-03-26,615,603,0,358,349,0,507,711,0,0
EGLL,2023-03-27,585,582,0,334,333,0,482,685,0,0
EGLL,2023-03-28,605,612,0,353,361,0,483,734,0,0
EGLL,2023-03-29,610,611,0,356,356,0,504,717,0,0
EGLL,2023-03-30,608,607,0,354,358,0,494,721,0,0
EGLL,2023-03-31,606,606,0,353,353,0,494,718,0,0
EGLL,2023-04-01,578,577,0,320,324,0,507,648,0,0
EGLL,2023-04-02,606,605,0,350,344,0,505,706,0,0
EGLL,2023-04-03,612,610,0,357,359,0,486,736,0,0
EGLL,2023-04-04,614,616,0,358,359,0,501,729,0,0
EGLL,2023-04-05,625,619,0,367,365,0,505,739,0,0
EGLL,2023-04-06,600,600,0,346,348,0,496,704,0,0
EGLL,2023-04-07,612,615,0,359,363,0,495,732,0,0
EGLL,2023-04-08,590,595,0,329,334,0,511,674,0,0
EGLL,2023-04-09,620,618,0,356,356,0,513,725,0,0
EGLL,2023-04-10,632,626,0,377,375,0,488,770,0,0
EGLL,2023-04-11,634,635,0,383,381,0,494,775,0,0
EGLL,2023-04-12,603,604,0,348,349,0,507,700,0,0
EGLL,2023-04-13,624,621,0,367,368,0,502,743,0,0
EGLL,2023-04-14,639,645,0,384,390,0,495,789,0,0
EGLL,2023-04-15,614,610,0,350,352,0,518,706,0,0
EGLL,2023-04-16,632,629,0,377,371,0,504,757,0,0
EGLL,2023-04-17,632,630,0,379,378,0,492,770,0,0
EGLL,2023-04-18,631,637,0,376,379,0,497,771,0,0
EGLL,2023-04-19,639,640,0,381,382,0,509,770,0,0
EGLL,2023-04-20,635,630,0,375,375,0,503,762,0,0
EGLL,2023-04-21,629,629,0,370,374,0,501,757,0,0
EGLL,2023-04-22,608,613,0,347,354,0,517,704,0,0
EGLL,2023-04-23,642,639,0,377,373,0,518,763,0,0
EGLL,2023-04-24,639,640,0,379,380,0,503,776,0,0
EGLL,2023-04-25,631,635,0,374,377,0,503,763,0,0
EGLL,2023-04-26,642,639,0,379,378,0,519,762,0,0
EGLL,2023-04-27,647,644,0,385,384,0,513,778,0,0
EGLL,2023-04-28,639,643,0,378,383,0,508,774,0,0
EGLL,2023-04-29,611,612,0,343,350,0,524,699,0,0
EGLL,2023-04-30,628,628,0,367,362,0,510,746,0,0
EGLL,2023-05-01,634,629,0,369,369,0,503,760,0,0
EGLL,2023-05-02,642,647,0,383,383,0,503,786,0,0
EGLL,2023-05-03,645,638,0,378,376,0,522,761,0,0
EGLL,2023-05-04,656,656,0,388,392,0,526,786,0,0
EGLL,2023-05-05,639,640,0,376,378,0,511,768,0,0
EGLL,2023-05-06,611,613,0,342,348,0,528,696,0,0
EGLL,2023-05-07,642,638,0,375,370,0,525,755,0,0
EGLL,2023-05-08,651,652,0,384,384,0,516,787,0,0
EGLL,2023-05-09,637,644,0,374,378,0,507,774,0,0
EGLL,2023-05-10,650,643,0,382,376,0,529,764,0,0
EGLL,2023-05-11,641,642,0,376,381,0,513,770,0,0
EGLL,2023-05-12,658,657,0,395,397,0,512,803,0,0
EGLL,2023-05-13,611,613,0,346,353,0,516,708,0,0
EGLL,2023-05-14,643,635,0,378,372,0,517,761,0,0
EGLL,2023-05-15,654,657,0,392,392,0,514,797,0,0
EGLL,2023-05-16,647,652,0,385,388,0,510,789,0,0
EGLL,2023-05-17,645,641,0,377,375,0,524,762,0,0
EGLL,2023-05-18,647,648,0,382,386,0,522,773,0,0
EGLL,2023-05-19,645,642,0,383,384,0,506,781,0,0
EGLL,2023-05-20,613,618,0,342,350,0,534,697,0,0
EGLL,2023-05-21,638,637,0,372,371,0,525,750,0,0
EGLL,2023-05-22,648,648,0,385,386,0,513,783,0,0
EGLL,2023-05-23,640,648,0,378,378,0,511,777,0,0
EGLL,2023-05-24,653,648,0,385,382,0,535,766,0,0
EGLL,2023-05-25,616,590,0,351,333,0,516,690,0,0
EGLL,2023-05-26,581,618,0,323,358,0,512,687,0,0
EGLL,2023-05-27,608,615,0,339,347,0,536,687,0,0
EGLL,2023-05-28,634,633,0,366,367,0,522,745,0,0
EGLL,2023-05-29,647,645,0,383,382,0,515,777,0,0
EGLL,2023-05-30,648,652,0,385,385,0,511,789,0,0
EGLL,2023-05-31,655,651,0,391,392,0,524,782,0,0
EGLL,2023-06-01,644,647,0,379,385,0,519,772,0,0
EGLL,2023-06-02,640,636,0,377,377,0,510,766,0,0
EGLL,2023-06-03,606,610,0,339,344,0,531,685,0,0
EGLL,2023-06-04,632,631,0,366,363,0,525,738,0,0
EGLL,2023-06-05,642,640,0,382,382,0,510,772,0,0
EGLL,2023-06-06,632,637,0,369,369,0,513,756,0,0
EGLL,2023-06-07,650,644,0,385,384,0,532,762,0,0
EGLL,2023-06-08,644,649,0,377,382,0,528,765,0,0
EGLL,2023-06-09,653,652,0,383,383,0,525,780,0,0
EGLL,2023-06-10,614,610,0,341,341,0,545,679,0,0
EGLL,2023-06-11,624,608,0,359,346,0,528,704,0,0
EGLL,2023-06-12,598,599,0,337,342,0,508,689,0,0
EGLL,2023-06-13,608,621,0,347,356,0,507,722,0,0
EGLL,2023-06-14,649,647,0,384,385,0,528,768,0,0
EGLL,2023-06-15,639,648,0,377,383,0,521,766,0,0
EGLL,2023-06-16,660,652,0,391,386,0,521,791,0,0
EGLL,2023-06-17,616,620,0,343,352,0,538,698,0,0
EGLL,2023-06-18,615,606,0,349,342,0,521,700,0,0
EGLL,2023-06-19,633,632,0,372,372,0,508,757,0,0
EGLL,2023-06-20,621,621,0,356,356,0,511,731,0,0
EGLL,2023-06-21,652,656,0,387,388,0,533,775,0,0
EGLL,2023-06-22,649,644,0,385,383,0,519,774,0,0
EGLL,2023-06-23,649,650,0,385,389,0,517,782,0,0
EGLL,2023-06-24,620,616,0,350,356,0,526,710,0,0
EGLL,2023-06-25,637,645,0,374,380,0,521,761,0,0
EGLL,2023-06-26,659,650,0,398,391,0,510,799,0,0
EGLL,2023-06-27,652,654,0,389,389,0,512,794,0,0
EGLL,2023-06-28,661,655,0,391,391,0,539,777,0,0
EGLL,2023-06-29,654,661,0,386,392,0,531,784,0,0
EGLL,2023-06-30,656,654,0,388,390,0,527,783,0,0
EGLL,2023-07-01,621,624,0,351,355,0,539,706,0,0
EGLL,2023-07-02,657,648,0,384,381,0,531,774,0,0
EGLL,2023-07-03,655,663,0,392,396,0,520,798,0,0
EGLL,2023-07-04,658,663,0,385,390,0,529,792,0,0
EGLL,2023-07-05,651,648,0,381,376,0,535,764,0,0
EGLL,2023-07-06,671,670,0,397,401,0,539,802,0,0
EGLL,2023-07-07,669,666,0,400,399,0,522,813,0,0
EGLL,2023-07-08,604,604,0,330,335,0,543,665,0,0
EGLL,2023-07-09,657,651,0,386,383,0,531,776,0,0
EGLL,2023-07-10,656,660,0,393,395,0,517,799,0,0
EGLL,2023-07-11,660,667,0,392,397,0,522,805,0,0
EGLL,2023-07-12,659,653,0,390,388,0,532,780,0,0
EGLL,2023-07-13,650,652,0,382,387,0,526,776,0,0
EGLL,2023-07-14,661,656,0,391,389,0,529,788,0,0
EGLL,2023-07-15,591,596,0,326,334,0,523,664,0,0
EGLL,2023-07-16,649,649,0,383,378,0,534,764,0,0
EGLL,2023-07-17,654,651,0,386,388,0,523,782,0,0
EGLL,2023-07-18,652,661,0,382,384,0,529,784,0,0
EGLL,2023-07-19,662,658,0,390,390,0,537,783,0,0
EGLL,2023-07-20,669,667,0,395,399,0,536,800,0,0
EGLL,2023-07-21,669,669,0,399,400,0,526,812,0,0
EGLL,2023-07-22,624,630,0,352,361,0,540,714,0,0
EGLL,2023-07-23,659,647,0,385,376,0,536,770,0,0
EGLL,2023-07-24,663,663,0,392,395,0,532,794,0,0
EGLL,2023-07-25,660,662,0,391,390,0,523,799,0,0
EGLL,2023-07-26,671,671,0,398,399,0,536,806,0,0
EGLL,2023-07-27,675,669,0,398,400,0,541,803,0,0
EGLL,2023-07-28,667,669,0,395,399,0,534,802,0,0
EGLL,2023-07-29,627,633,0,354,364,0,543,717,0,0
EGLL,2023-07-30,658,652,0,390,385,0,527,783,0,0
EGLL,2023-07-31,667,664,0,399,400,0,525,806,0,0
EGLL,2023-08-01,659,661,0,389,391,0,524,796,0,0
EGLL,2023-08-02,663,663,0,393,393,0,545,781,0,0
EGLL,2023-08-03,660,661,0,388,394,0,530,791,0,0
EGLL,2023-08-04,661,660,0,394,392,0,522,799,0,0
EGLL,2023-08-05,619,622,0,345,356,0,539,702,0,0
EGLL,2023-08-06,650,641,0,379,374,0,533,758,0,0
EGLL,2023-08-07,666,666,0,398,396,0,523,809,0,0
EGLL,2023-08-08,665,664,0,389,394,0,532,797,0,0
EGLL,2023-08-09,667,666,0,399,396,0,536,797,0,0
EGLL,2023-08-10,670,667,0,394,396,0,540,797,0,0
EGLL,2023-08-11,662,665,0,393,396,0,525,802,0,0
EGLL,2023-08-12,627,629,0,353,358,0,542,714,0,0
EGLL,2023-08-13,655,655,0,383,381,0,540,770,0,0
EGLL,2023-08-14,660,655,0,389,388,0,529,786,0,0
EGLL,2023-08-15,656,661,0,383,386,0,530,787,0,0
EGLL,2023-08-16,657,662,0,386,389,0,548,771,0,0
EGLL,2023-08-17,651,644,0,377,378,0,529,766,0,0
EGLL,2023-08-18,651,655,0,379,386,0,525,781,0,0
EGLL,2023-08-19,614,617,0,345,349,0,537,694,0,0
EGLL,2023-08-20,658,650,0,382,375,0,544,764,0,0
EGLL,2023-08-21,664,663,0,396,396,0,524,803,0,0
EGLL,2023-08-22,661,667,0,390,397,0,526,802,0,0
EGLL,2023-08-23,666,665,0,393,393,0,547,784,0,0
EGLL,2023-08-24,638,632,0,365,366,0,531,739,0,0
EGLL,2023-08-25,625,632,0,353,361,0,531,726,0,0
EGLL,2023-08-26,593,600,0,328,336,0,530,663,0,0
EGLL,2023-08-27,642,639,0,367,365,0,538,743,0,0
EGLL,2023-08-28,465,492,0,200,232,0,516,441,0,0
EGLL,2023-08-29,648,620,0,380,348,0,529,739,0,0
EGLL,2023-08-30,644,645,0,370,375,0,545,744,0,0
EGLL,2023-08-31,663,664,0,391,397,0,532,795,0,0
EGLL,2023-09-01,673,666,0,400,400,0,529,810,0,0
EGLL,2023-09-02,625,633,0,353,362,0,547,711,0,0
EGLL,2023-09-03,659,656,0,387,383,0,534,781,0,0
EGLL,2023-09-04,653,652,0,380,379,0,536,769,0,0
EGLL,2023-09-05,654,658,0,380,381,0,535,777,0,0
EGLL,2023-09-06,667,664,0,392,395,0,545,786,0,0
EGLL,2023-09-07,667,669,0,392,396,0,541,795,0,0
EGLL,2023-09-08,667,664,0,392,395,0,527,804,0,0
EGLL,2023-09-09,625,631,0,352,357,0,543,713,0,0
EGLL,2023-09-10,665,661,0,388,389,0,539,787,0,0
EGLL,2023-09-11,670,670,0,397,398,0,531,809,0,0
EGLL,2023-09-12,669,668,0,392,392,0,535,802,0,0
EGLL,2023-09-13,667,664,0,396,393,0,539,792,0,0
EGLL,2023-09-14,672,677,0,397,404,0,537,812,0,0
EGLL,2023-09-15,670,668,0,392,395,0,539,799,0,0
EGLL,2023-09-16,624,631,0,345,354,0,558,697,0,0
EGLL,2023-09-17,645,640,0,372,366,0,538,747,0,0
EGLL,2023-09-18,655,657,0,379,383,0,540,772,0,0
EGLL,2023-09-19,647,639,0,369,367,0,537,749,0,0
EGLL,2023-09-20,654,649,0,385,384,0,535,768,0,0
EGLL,2023-09-21,658,653,0,387,387,0,528,783,0,0
EGLL,2023-09-22,661,663,0,391,394,0,527,797,0,0
EGLL,2023-09-23,613,617,0,340,346,0,540,690,0,0
EGLL,2023-09-24,651,644,0,378,379,0,529,766,0,0
EGLL,2023-09-25,659,669,0,403,404,0,516,812,0,0
EGLL,2023-09-26,664,662,0,385,385,0,538,788,0,0
EGLL,2023-09-27,656,658,0,380,381,0,555,759,0,0
EGLL,2023-09-28,664,669,0,390,397,0,534,799,0,0
EGLL,2023-09-29,671,660,0,390,394,0,543,788,0,0
EGLL,2023-09-30,623,626,0,348,348,0,552,697,0,0
EGLL,2023-10-01,655,659,0,379,383,0,542,772,0,0
EGLL,2023-10-02,658,637,0,381,364,0,534,761,0,0
EGLL,2023-10-03,640,659,0,363,381,0,539,760,0,0
EGLL,2023-10-04,673,672,0,394,393,0,553,792,0,0
EGLL,2023-10-05,671,672,0,393,399,0,539,804,0,0
EGLL,2023-10-06,666,669,0,387,396,0,539,796,0,0
EGLL,2023-10-07,631,631,0,350,354,0,555,707,0,0
EGLL,2023-10-08,659,653,0,383,379,0,541,771,0,0
EGLL,2023-10-09,667,665,0,389,390,0,540,792,0,0
EGLL,2023-10-10,658,664,0,381,387,0,540,782,0,0
EGLL,2023-10-11,664,660,0,390,388,0,547,777,0,0
EGLL,2023-10-12,656,657,0,382,385,0,527,786,0,0
EGLL,2023-10-13,634,640,0,362,369,0,528,746,0,0
EGLL,2023-10-14,624,625,0,345,351,0,551,698,0,0
EGLL,2023-10-15,662,652,0,391,383,0,536,778,0,0
EGLL,2023-10-16,651,650,0,381,384,0,519,782,0,0
EGLL,2023-10-17,657,660,0,385,387,0,530,787,0,0
EGLL,2023-10-18,655,653,0,384,384,0,537,771,0,0
EGLL,2023-10-19,648,649,0,374,378,0,540,757,0,0
EGLL,2023-10-20,657,653,0,385,387,0,530,780,0,0
EGLL,2023-10-21,620,625,0,348,360,0,538,707,0,0
EGLL,2023-10-22,654,648,0,384,379,0,536,766,0,0
EGLL,2023-10-23,657,655,0,391,394,0,513,799,0,0
EGLL,2023-10-24,654,655,0,383,384,0,525,784,0,0
EGLL,2023-10-25,663,663,0,391,394,0,541,785,0,0
EGLL,2023-10-26,663,665,0,394,398,0,531,797,0,0
EGLL,2023-10-27,656,647,0,387,385,0,520,783,0,0
EGLL,2023-10-28,617,623,0,346,351,0,542,698,0,0
EGLL,2023-10-29,643,634,0,383,373,0,513,764,0,0
EGLL,2023-10-30,636,639,0,389,391,0,492,783,0,0
EGLL,2023-10-31,627,624,0,375,377,0,491,760,0,0
EGLL,2023-11-01,630,629,0,380,378,0,503,756,0,0
EGLL,2023-11-02,611,613,0,359,364,0,499,725,0,0
EGLL,2023-11-03,645,647,0,388,392,0,500,792,0,0
EGLL,2023-11-04,591,593,0,331,334,0,516,668,0,0
EGLL,2023-11-05,638,635,0,376,377,0,509,764,0,0
EGLL,2023-11-06,635,634,0,389,388,0,484,785,0,0
EGLL,2023-11-07,634,626,0,380,381,0,487,773,0,0
EGLL,2023-11-08,634,637,0,385,386,0,505,766,0,0
EGLL,2023-11-09,642,643,0,394,397,0,488,797,0,0
EGLL,2023-11-10,654,653,0,395,398,0,505,802,0,0
EGLL,2023-11-11,594,601,0,334,341,0,515,680,0,0
EGLL,2023-11-12,648,645,0,386,383,0,516,777,0,0
EGLL,2023-11-13,624,620,0,376,376,0,483,761,0,0
EGLL,2023-11-14,625,625,0,375,377,0,485,765,0,0
EGLL,2023-11-15,636,634,0,382,384,0,504,766,0,0
EGLL,2023-11-16,637,637,0,390,391,0,493,781,0,0
EGLL,2023-11-17,653,657,0,395,399,0,500,810,0,0
EGLL,2023-11-18,595,601,0,334,336,0,524,672,0,0
EGLL,2023-11-19,613,608,0,349,349,0,511,710,0,0
EGLL,2023-11-20,630,627,0,383,381,0,485,772,0,0
EGLL,2023-11-21,634,632,0,388,385,0,488,778,0,0
EGLL,2023-11-22,633,634,0,386,388,0,498,769,0,0
EGLL,2023-11-23,638,621,0,394,395,0,469,790,0,0
EGLL,2023-11-24,618,632,0,388,391,0,460,790,0,0
EGLL,2023-11-25,586,594,0,335,338,0,505,675,0,0
EGLL,2023-11-26,646,639,0,384,382,0,515,770,0,0
EGLL,2023-11-27,636,643,0,389,392,0,492,787,0,0
EGLL,2023-11-28,632,626,0,378,378,0,493,765,0,0
EGLL,2023-11-29,642,639,0,390,390,0,507,774,0,0
EGLL,2023-11-30,630,631,0,378,383,0,499,762,0,0
EGLL,2023-12-01,629,637,0,370,380,0,505,761,0,0
EGLL,2023-12-02,564,559,0,302,299,0,525,598,0,0
EGLL,2023-12-03,620,611,0,356,353,0,517,714,0,0
EGLL,2023-12-04,630,632,0,381,380,0,495,767,0,0
EGLL,2023-12-05,610,608,0,358,359,0,492,726,0,0
EGLL,2023-12-06,618,621,0,365,367,0,513,726,0,0
EGLL,2023-12-07,632,637,0,381,386,0,503,766,0,0
EGLL,2023-12-08,644,649,0,386,393,0,502,791,0,0
EGLL,2023-12-09,587,584,0,321,319,0,533,638,0,0
EGLL,2023-12-10,646,643,0,387,387,0,505,784,0,0
EGLL,2023-12-11,650,648,0,398,398,0,498,800,0,0
EGLL,2023-12-12,638,638,0,383,383,0,501,775,0,0
EGLL,2023-12-13,642,644,0,384,386,0,519,767,0,0
EGLL,2023-12-14,653,652,0,395,397,0,509,796,0,0
EGLL,2023-12-15,655,655,0,395,400,0,505,805,0,0
EGLL,2023-12-16,604,608,0,339,341,0,529,683,0,0
EGLL,2023-12-17,652,645,0,387,383,0,519,778,0,0
EGLL,2023-12-18,647,650,0,396,396,0,505,792,0,0
EGLL,2023-12-19,640,642,0,381,383,0,510,772,0,0
EGLL,2023-12-20,650,648,0,388,391,0,524,774,0,0
EGLL,2023-12-21,642,642,0,381,386,0,513,771,0,0
EGLL,2023-12-22,640,641,0,389,390,0,499,782,0,0
EGLL,2023-12-23,598,597,0,332,336,0,525,670,0,0
EGLL,2023-12-24,528,513,0,271,274,0,481,560,0,0
EGLL,2023-12-25,399,387,0,175,170,0,431,355,0,0
EGLL,2023-12-26,541,566,0,314,316,0,463,644,0,0
EGLL,2023-12-27,611,616,0,362,364,0,498,729,0,0
EGLL,2023-12-28,630,627,0,374,375,0,499,758,0,0
EGLL,2023-12-29,646,641,0,389,388,0,494,793,0,0
EGLL,2023-12-30,598,604,0,337,339,0,524,678,0,0
EGLL,2023-12-31,526,517,0,268,266,0,503,540,0,0
EGLL,2024-01-01,543,550,0,300,296,0,490,603,0,0
EGLL,2024-01-02,610,611,0,352,357,0,505,716,0,0
EGLL,2024-01-03,623,625,0,372,372,0,502,746,0,0
EGLL,2024-01-04,640,643,0,385,387,0,501,782,0,0
EGLL,2024-01-05,634,636,0,382,382,0,493,777,0,0
EGLL,2024-01-06,598,600,0,331,332,0,530,668,0,0
EGLL,2024-01-07,641,633,0,377,373,0,517,757,0,0
EGLL,2024-01-08,625,624,0,373,374,0,500,749,0,0
EGLL,2024-01-09,598,601,0,345,351,0,495,704,0,0
EGLL,2024-01-10,596,597,0,348,346,0,503,690,0,0
EGLL,2024-01-11,609,608,0,353,355,0,504,713,0,0
EGLL,2024-01-12,615,618,0,360,363,0,497,736,0,0
EGLL,2024-01-13,573,575,0,311,312,0,522,626,0,0
EGLL,2024-01-14,627,618,0,367,364,0,507,738,0,0
EGLL,2024-01-15,610,614,0,365,366,0,486,738,0,0
EGLL,2024-01-16,590,582,0,340,344,0,485,687,0,0
EGLL,2024-01-17,546,551,0,310,311,0,478,619,0,0
EGLL,2024-01-18,592,597,0,347,347,0,491,698,0,0
EGLL,2024-01-19,606,609,0,359,362,0,482,733,0,0
EGLL,2024-01-20,566,560,0,310,305,0,516,610,0,0
EGLL,2024-01-21,554,548,0,302,299,0,493,609,0,0
EGLL,2024-01-22,604,605,0,360,363,0,487,722,0,0
EGLL,2024-01-23,584,580,0,341,343,0,472,692,0,0
EGLL,2024-01-24,583,588,0,347,346,0,483,688,0,0
EGLL,2024-01-25,605,608,0,361,363,0,481,732,0,0
EGLL,2024-01-26,605,607,0,360,363,0,474,738,0,0
EGLL,2024-01-27,561,560,0,311,310,0,503,618,0,0
EGLL,2024-01-28,616,615,0,369,369,0,483,748,0,0
EGLL,2024-01-29,623,619,0,384,379,0,469,773,0,0
EGLL,2024-01-30,592,596,0,353,358,0,464,724,0,0
EGLL,2024-01-31,597,596,0,357,357,0,481,712,0,0
EGLL,2024-02-01,599,601,0,360,359,0,468,732,0,0
EGLL,2024-02-02,624,626,0,378,380,0,473,777,0,0
EGLL,2024-02-03,584,585,0,328,328,0,511,658,0,0
EGLL,2024-02-04,636,630,0,387,383,0,484,782,0,0
EGLL,2024-02-05,640,645,0,398,402,0,479,806,0,0
EGLL,2024-02-06,612,603,0,371,373,0,468,747,0,0
EGLL,2024-02-07,593,595,0,360,356,0,475,713,0,0
EGLL,2024-02-08,604,611,0,363,367,0,477,738,0,0
EGLL,2024-02-09,640,639,0,392,394,0,484,795,0,0
EGLL,2024-02-10,597,596,0,341,345,0,503,690,0,0
EGLL,2024-02-11,637,631,0,389,386,0,486,782,0,0
EGLL,2024-02-12,636,640,0,399,398,0,470,806,0,0
EGLL,2024-02-13,619,614,0,379,380,0,466,767,0,0
EGLL,2024-02-14,626,626,0,389,387,0,479,773,0,0
EGLL,2024-02-15,647,651,0,403,405,0,481,817,0,0
EGLL,2024-02-16,658,660,0,406,408,0,493,825,0,0
EGLL,2024-02-17,607,609,0,346,349,0,520,696,0,0
EGLL,2024-02-18,647,645,0,391,393,0,497,795,0,0
EGLL,2024-02-19,649,653,0,405,404,0,483,819,0,0
EGLL,2024-02-20,620,616,0,373,373,0,477,759,0,0
EGLL,2024-02-21,618,612,0,377,376,0,476,754,0,0
EGLL,2024-02-22,633,639,0,393,394,0,484,788,0,0
EGLL,2024-02-23,658,657,0,408,409,0,484,831,0,0
EGLL,2024-02-24,603,609,0,346,351,0,512,700,0,0
EGLL,2024-02-25,637,632,0,384,381,0,491,778,0,0
EGLL,2024-02-26,646,650,0,400,403,0,485,811,0,0
EGLL,2024-02-27,628,618,0,382,381,0,471,775,0,0
EGLL,2024-02-28,639,634,0,393,391,0,489,784,0,0
EGLL,2024-02-29,653,661,0,407,412,0,488,826,0,0
EGLL,2024-03-01,659,661,0,402,401,0,502,818,0,0
EGLL,2024-03-02,609,614,0,347,353,0,518,705,0,0
EGLL,2024-03-03,653,643,0,396,390,0,495,801,0,0
EGLL,2024-03-04,653,656,0,404,404,0,491,818,0,0
EGLL,2024-03-05,631,630,0,385,387,0,479,782,0,0
EGLL,2024-03-06,594,594,0,346,344,0,498,690,0,0
EGLL,2024-03-07,638,634,0,391,390,0,486,786,0,0
EGLL,2024-03-08,647,650,0,391,395,0,495,802,0,0
EGLL,2024-03-09,605,608,0,342,347,0,519,694,0,0
EGLL,2024-03-10,657,651,0,391,388,0,516,792,0,0
EGLL,2024-03-11,658,658,0,402,405,0,499,817,0,0
EGLL,2024-03-12,631,630,0,380,379,0,494,767,0,0
EGLL,2024-03-13,640,635,0,387,387,0,502,773,0,0
EGLL,2024-03-14,648,656,0,401,402,0,497,807,0,0
EGLL,2024-03-15,659,659,0,401,404,0,499,819,0,0
EGLL,2024-03-16,609,614,0,345,348,0,523,700,0,0
EGLL,2024-03-17,654,648,0,396,394,0,503,799,0,0
EGLL,2024-03-18,650,655,0,404,400,0,492,813,0,0
EGLL,2024-03-19,641,636,0,387,387,0,494,783,0,0
EGLL,2024-03-20,649,650,0,396,396,0,507,792,0,0
EGLL,2024-03-21,656,659,0,404,408,0,499,816,0,0
EGLL,2024-03-22,661,664,0,403,407,0,501,824,0,0
EGLL,2024-03-23,614,614,0,347,348,0,527,701,0,0
EGLL,2024-03-24,649,643,0,385,383,0,507,785,0,0
EGLL,2024-03-25,648,654,0,397,398,0,495,807,0,0
EGLL,2024-03-26,646,640,0,388,389,0,495,791,0,0
EGLL,2024-03-27,653,651,0,398,396,0,510,794,0,0
EGLL,2024-03-28,626,627,0,372,373,0,502,751,0,0
EGLL,2024-03-29,657,660,0,399,401,0,507,810,0,0
EGLL,2024-03-30,606,615,0,342,356,0,518,703,0,0
EGLL,2024-03-31,651,648,0,386,382,0,520,779,0,0
EGLL,2024-04-01,656,655,0,392,392,0,506,805,0,0
EGLL,2024-04-02,655,656,0,394,396,0,507,804,0,0
EGLL,2024-04-03,659,660,0,394,395,0,514,805,0,0
EGLL,2024-04-04,657,653,0,395,399,0,505,805,0,0
EGLL,2024-04-05,649,647,0,387,389,0,504,792,0,0
EGLL,2024-04-06,599,608,0,336,343,0,516,691,0,0
EGLL,2024-04-07,645,633,0,379,372,0,514,764,0,0
EGLL,2024-04-08,659,667,0,398,403,0,508,818,0,0
EGLL,2024-04-09,643,639,0,379,377,0,510,772,0,0
EGLL,2024-04-10,659,665,0,398,401,0,510,814,0,0
EGLL,2024-04-11,669,661,0,405,402,0,516,814,0,0
EGLL,2024-04-12,661,663,0,398,401,0,510,814,0,0
EGLL,2024-04-13,633,633,0,366,368,0,521,745,0,0
EGLL,2024-04-14,658,656,0,394,391,0,517,797,0,0
EGLL,2024-04-15,632,631,0,369,368,0,507,756,0,0
EGLL,2024-04-16,665,661,0,401,399,0,508,818,0,0
EGLL,2024-04-17,660,663,0,400,403,0,509,814,0,0
EGLL,2024-04-18,665,661,0,407,405,0,507,819,0,0
EGLL,2024-04-19,670,670,0,402,407,0,511,829,0,0
EGLL,2024-04-20,630,640,0,363,371,0,521,749,0,0
EGLL,2024-04-21,666,653,0,392,386,0,526,793,0,0
EGLL,2024-04-22,661,665,0,402,404,0,501,825,0,0
EGLL,2024-04-23,664,663,0,406,405,0,500,827,0,0
EGLL,2024-04-24,668,668,0,400,402,0,519,817,0,0
EGLL,2024-04-25,641,644,0,377,382,0,518,767,0,0
EGLL,2024-04-26,670,671,0,406,409,0,510,831,0,0
EGLL,2024-04-27,633,635,0,363,367,0,527,741,0,0
EGLL,2024-04-28,667,658,0,398,394,0,520,805,0,0
EGLL,2024-04-29,663,664,0,403,404,0,508,819,0,0
EGLL,2024-04-30,666,666,0,404,404,0,509,823,0,0
EGLL,2024-05-01,657,655,0,392,387,0,517,795,0,0
EGLL,2024-05-02,670,677,0,400,410,0,526,821,0,0
EGLL,2024-05-03,679,674,0,410,412,0,515,838,0,0
EGLL,2024-05-04,638,639,0,365,369,0,529,748,0,0
EGLL,2024-05-05,670,665,0,397,395,0,529,806,0,0
EGLL,2024-05-06,663,666,0,398,399,0,512,817,0,0
EGLL,2024-05-07,673,670,0,402,403,0,523,820,0,0
EGLL,2024-05-08,675,676,0,407,406,0,521,830,0,0
EGLL,2024-05-09,679,677,0,412,415,0,514,842,0,0
EGLL,2024-05-10,676,676,0,406,410,0,520,832,0,0
EGLL,2024-05-11,641,645,0,371,373,0,528,758,0,0
EGLL,2024-05-12,667,658,0,394,391,0,525,800,0,0
EGLL,2024-05-13,663,668,0,403,406,0,505,826,0,0
EGLL,2024-05-14,669,667,0,400,401,0,518,818,0,0
EGLL,2024-05-15,673,674,0,402,401,0,529,818,0,0
EGLL,2024-05-16,664,669,0,397,405,0,523,810,0,0
EGLL,2024-05-17,649,653,0,379,384,0,524,778,0,0
EGLL,2024-05-18,638,638,0,366,368,0,535,741,0,0
EGLL,2024-05-19,668,660,0,400,396,0,518,810,0,0
EGLL,2024-05-20,664,667,0,403,405,0,508,823,0,0
EGLL,2024-05-21,669,668,0,402,402,0,518,819,0,0
EGLL,2024-05-22,677,677,0,408,407,0,526,828,0,0
EGLL,2024-05-23,671,675,0,406,411,0,522,824,0,0
EGLL,2024-05-24,668,672,0,399,405,0,519,821,0,0
EGLL,2024-05-25,635,637,0,365,367,0,534,738,0,0
EGLL,2024-05-26,655,648,0,385,380,0,525,778,0,0
EGLL,2024-05-27,671,672,0,405,406,0,512,831,0,0
EGLL,2024-05-28,671,672,0,406,407,0,514,829,0,0
EGLL,2024-05-29,671,670,0,405,405,0,520,821,0,0
EGLL,2024-05-30,675,672,0,410,412,0,520,827,0,0
EGLL,2024-05-31,668,670,0,402,408,0,512,826,0,0
EGLL,2024-06-01,632,640,0,362,371,0,536,736,0,0
EGLL,2024-06-02,661,654,0,395,387,0,529,786,0,0
EGLL,2024-06-03,672,675,0,404,408,0,525,822,0,0
EGLL,2024-06-04,669,669,0,401,401,0,518,820,0,0
EGLL,2024-06-05,673,672,0,402,402,0,530,815,0,0
EGLL,2024-06-06,669,673,0,408,413,0,515,827,0,0
EGLL,2024-06-07,681,676,0,408,410,0,528,829,0,0
EGLL,2024-06-08,629,636,0,358,367,0,533,732,0,0
EGLL,2024-06-09,666,659,0,395,389,0,528,797,0,0
EGLL,2024-06-10,681,681,0,413,412,0,524,838,0,0
EGLL,2024-06-11,674,672,0,407,408,0,521,825,0,0
EGLL,2024-06-12,673,674,0,407,406,0,524,823,0,0
EGLL,2024-06-13,683,684,0,416,417,0,532,835,0,0
EGLL,2024-06-14,677,675,0,409,411,0,521,831,0,0
EGLL,2024-06-15,633,639,0,363,369,0,533,739,0,0
EGLL,2024-06-16,662,654,0,390,386,0,531,785,0,0
EGLL,2024-06-17,672,675,0,408,408,0,516,831,0,0
EGLL,2024-06-18,672,674,0,405,406,0,517,829,0,0
EGLL,2024-06-19,681,678,0,409,408,0,533,826,0,0
EGLL,2024-06-20,681,683,0,414,417,0,530,834,0,0
EGLL,2024-06-21,677,676,0,409,408,0,526,827,0,0
EGLL,2024-06-22,647,652,0,372,379,0,544,755,0,0
EGLL,2024-06-23,675,670,0,399,397,0,542,803,0,0
EGLL,2024-06-24,681,681,0,412,413,0,528,834,0,0
EGLL,2024-06-25,667,665,0,400,400,0,514,818,0,0
EGLL,2024-06-26,647,651,0,376,383,0,533,765,0,0
EGLL,2024-06-27,662,663,0,396,402,0,519,806,0,0
EGLL,2024-06-28,661,664,0,396,397,0,523,802,0,0
EGLL,2024-06-29,621,616,0,349,356,0,529,708,0,0
EGLL,2024-06-30,664,660,0,389,388,0,540,784,0,0
EGLL,2024-07-01,669,672,0,405,405,0,516,825,0,0
EGLL,2024-07-02,677,677,0,407,410,0,522,832,0,0
EGLL,2024-07-03,678,678,0,410,410,0,528,828,0,0
EGLL,2024-07-04,677,677,0,413,415,0,525,829,0,0
EGLL,2024-07-05,677,673,0,404,407,0,522,828,0,0
EGLL,2024-07-06,617,624,0,348,356,0,535,706,0,0
EGLL,2024-07-07,655,645,0,387,378,0,524,776,0,0
EGLL,2024-07-08,671,673,0,404,408,0,518,826,0,0
EGLL,2024-07-09,680,680,0,413,415,0,518,842,0,0
EGLL,2024-07-10,675,674,0,404,406,0,529,820,0,0
EGLL,2024-07-11,678,679,0,416,416,0,520,837,0,0
EGLL,2024-07-12,666,669,0,397,402,0,521,814,0,0
EGLL,2024-07-13,638,646,0,371,376,0,535,749,0,0
EGLL,2024-07-14,671,661,0,396,390,0,540,792,0,0
EGLL,2024-07-15,663,666,0,393,400,0,524,805,0,0
EGLL,2024-07-16,681,678,0,413,411,0,520,839,0,0
EGLL,2024-07-17,685,682,0,416,416,0,527,840,0,0
EGLL,2024-07-18,683,683,0,415,418,0,528,838,0,0
EGLL,2024-07-19,646,647,0,378,383,0,521,772,0,0
EGLL,2024-07-20,640,645,0,365,374,0,543,742,0,0
EGLL,2024-07-21,667,664,0,395,397,0,534,797,0,0
EGLL,2024-07-22,679,681,0,414,416,0,520,840,0,0
EGLL,2024-07-23,682,681,0,412,413,0,528,835,0,0
EGLL,2024-07-24,693,690,0,420,421,0,536,847,0,0
EGLL,2024-07-25,684,683,0,414,417,0,530,837,0,0
EGLL,2024-07-26,688,681,0,416,414,0,525,844,0,0
EGLL,2024-07-27,643,652,0,375,382,0,535,760,0,0
EGLL,2024-07-28,682,674,0,410,403,0,536,820,0,0
EGLL,2024-07-29,690,687,0,422,420,0,527,850,0,0
EGLL,2024-07-30,684,690,0,415,420,0,528,846,0,0
EGLL,2024-07-31,688,682,0,414,413,0,536,834,0,0
EGLL,2024-08-01,638,640,0,378,384,0,513,765,0,0
EGLL,2024-08-02,645,653,0,383,390,0,513,785,0,0
EGLL,2024-08-03,630,631,0,362,367,0,534,727,0,0
EGLL,2024-08-04,660,664,0,399,400,0,518,806,0,0
EGLL,2024-08-05,681,678,0,412,412,0,527,832,0,0
EGLL,2024-08-06,681,683,0,414,417,0,522,842,0,0
EGLL,2024-08-07,676,671,0,409,406,0,524,823,0,0
EGLL,2024-08-08,679,678,0,412,414,0,522,835,0,0
EGLL,2024-08-09,681,676,0,411,412,0,521,836,0,0
EGLL,2024-08-10,646,653,0,378,385,0,535,764,0,0
EGLL,2024-08-11,672,666,0,402,398,0,531,807,0,0
EGLL,2024-08-12,677,681,0,413,415,0,521,837,0,0
EGLL,2024-08-13,679,684,0,411,413,0,530,833,0,0
EGLL,2024-08-14,684,680,0,412,412,0,529,835,0,0
EGLL,2024-08-15,680,681,0,412,415,0,525,836,0,0
EGLL,2024-08-16,679,684,0,407,415,0,527,836,0,0
EGLL,2024-08-17,646,645,0,374,379,0,541,750,0,0
EGLL,2024-08-18,671,667,0,400,395,0,535,803,0,0
EGLL,2024-08-19,682,683,0,418,421,0,519,846,0,0
EGLL,2024-08-20,670,667,0,399,398,0,529,808,0,0
EGLL,2024-08-21,681,686,0,410,415,0,534,833,0,0
EGLL,2024-08-22,684,681,0,413,417,0,533,832,0,0
EGLL,2024-08-23,679,674,0,411,411,0,515,838,0,0
EGLL,2024-08-24,654,662,0,381,388,0,543,773,0,0
EGLL,2024-08-25,679,667,0,404,399,0,536,810,0,0
EGLL,2024-08-26,680,684,0,418,419,0,518,846,0,0
EGLL,2024-08-27,688,684,0,417,415,0,528,844,0,0
EGLL,2024-08-28,685,686,0,416,414,0,532,839,0,0
EGLL,2024-08-29,693,694,0,423,425,0,535,852,0,0
EGLL,2024-08-30,685,688,0,416,424,0,518,855,0,0
EGLL,2024-08-31,648,654,0,374,383,0,542,760,0,0
EGLL,2024-09-01,663,649,0,392,382,0,526,786,0,0
EGLL,2024-09-02,678,682,0,413,419,0,517,843,0,0
EGLL,2024-09-03,687,688,0,421,421,0,523,852,0,0
EGLL,2024-09-04,687,690,0,418,421,0,529,848,0,0
EGLL,2024-09-05,666,657,0,397,391,0,528,795,0,0
EGLL,2024-09-06,643,646,0,370,380,0,524,765,0,0
EGLL,2024-09-07,625,632,0,354,359,0,541,716,0,0
EGLL,2024-09-08,649,645,0,376,374,0,539,755,0,0
EGLL,2024-09-09,684,685,0,416,417,0,520,849,0,0
EGLL,2024-09-10,668,667,0,398,398,0,529,806,0,0
EGLL,2024-09-11,678,668,0,406,404,0,530,816,0,0
EGLL,2024-09-12,679,686,0,412,416,0,531,834,0,0
EGLL,2024-09-13,683,688,0,412,424,0,522,849,0,0
EGLL,2024-09-14,627,632,0,359,361,0,535,724,0,0
EGLL,2024-09-15,674,667,0,402,396,0,535,806,0,0
EGLL,2024-09-16,689,693,0,419,422,0,530,852,0,0
EGLL,2024-09-17,685,684,0,413,415,0,530,839,0,0
EGLL,2024-09-18,681,681,0,410,411,0,532,830,0,0
EGLL,2024-09-19,680,682,0,413,420,0,523,839,0,0
EGLL,2024-09-20,680,673,0,411,408,0,522,831,0,0
EGLL,2024-09-21,637,650,0,372,381,0,532,755,0,0
EGLL,2024-09-22,685,672,0,412,406,0,533,824,0,0
EGLL,2024-09-23,679,683,0,413,416,0,526,836,0,0
EGLL,2024-09-24,669,675,0,404,407,0,525,819,0,0
EGLL,2024-09-25,670,672,0,404,406,0,523,819,0,0
EGLL,2024-09-26,661,646,0,397,390,0,519,788,0,0
EGLL,2024-09-27,651,657,0,386,396,0,519,789,0,0
EGLL,2024-09-28,625,641,0,361,370,0,539,727,0,0
EGLL,2024-09-29,675,669,0,407,402,0,532,812,0,0
EGLL,2024-09-30,670,669,0,405,407,0,516,823,0,0
EGLL,2024-10-01,667,665,0,402,402,0,516,816,0,0
EGLL,2024-10-02,661,663,0,399,401,0,514,810,0,0
EGLL,2024-10-03,669,673,0,414,415,0,514,828,0,0
EGLL,2024-10-04,683,686,0,415,421,0,524,845,0,0
EGLL,2024-10-05,648,654,0,380,383,0,536,766,0,0
EGLL,2024-10-06,677,671,0,407,402,0,536,812,0,0
EGLL,2024-10-07,682,678,0,420,420,0,512,848,0,0
EGLL,2024-10-08,666,670,0,405,404,0,515,821,0,0
EGLL,2024-10-09,672,670,0,409,411,0,519,823,0,0
EGLL,2024-10-10,675,676,0,413,415,0,524,827,0,0
EGLL,2024-10-11,683,683,0,417,420,0,519,847,0,0
EGLL,2024-10-12,634,642,0,364,372,0,538,738,0,0
EGLL,2024-10-13,677,670,0,409,401,0,532,815,0,0
EGLL,2024-10-14,650,653,0,391,394,0,510,793,0,0
EGLL,2024-10-15,680,677,0,414,413,0,520,837,0,0
EGLL,2024-10-16,673,675,0,410,408,0,523,825,0,0
EGLL,2024-10-17,673,676,0,410,415,0,527,822,0,0
EGLL,2024-10-18,617,616,0,349,352,0,522,711,0,0
EGLL,2024-10-19,645,643,0,373,374,0,538,750,0,0
EGLL,2024-10-20,645,643,0,380,376,0,524,764,0,0
EGLL,2024-10-21,676,678,0,411,411,0,523,831,0,0
EGLL,2024-10-22,677,676,0,408,409,0,524,829,0,0
EGLL,2024-10-23,659,657,0,394,394,0,520,796,0,0
EGLL,2024-10-24,668,669,0,410,407,0,520,817,0,0
EGLL,2024-10-25,677,676,0,405,406,0,530,823,0,0
EGLL,2024-10-26,642,648,0,374,374,0,543,747,0,0
EGLL,2024-10-27,661,646,0,398,387,0,508,799,0,0
EGLL,2024-10-28,647,656,0,400,405,0,489,814,0,0
EGLL,2024-10-29,645,640,0,388,387,0,499,786,0,0
EGLL,2024-10-30,650,650,0,394,398,0,503,797,0,0
EGLL,2024-10-31,654,658,0,406,409,0,497,815,0,0
EGLL,2024-11-01,659,663,0,400,402,0,502,820,0,0
EGLL,2024-11-02,612,612,0,348,352,0,517,707,0,0
EGLL,2024-11-03,651,652,0,390,386,0,513,790,0,0
EGLL,2024-11-04,655,654,0,401,400,0,498,811,0,0
EGLL,2024-11-05,643,635,0,387,383,0,499,779,0,0
EGLL,2024-11-06,641,641,0,388,388,0,500,782,0,0
EGLL,2024-11-07,655,657,0,406,406,0,494,818,0,0
EGLL,2024-11-08,665,668,0,404,404,0,505,828,0,0
EGLL,2024-11-09,617,618,0,357,362,0,515,720,0,0
EGLL,2024-11-10,652,648,0,392,389,0,509,791,0,0
EGLL,2024-11-11,647,654,0,396,399,0,492,809,0,0
EGLL,2024-11-12,631,630,0,382,382,0,485,776,0,0
EGLL,2024-11-13,648,645,0,392,391,0,508,785,0,0
EGLL,2024-11-14,650,654,0,400,402,0,498,806,0,0
EGLL,2024-11-15,664,664,0,402,404,0,504,824,0,0
EGLL,2024-11-16,611,615,0,354,356,0,514,712,0,0
EGLL,2024-11-17,656,648,0,394,390,0,506,798,0,0
EGLL,2024-11-18,651,653,0,397,399,0,499,805,0,0
EGLL,2024-11-19,635,630,0,384,381,0,494,771,0,0
EGLL,2024-11-20,646,650,0,389,394,0,507,789,0,0
EGLL,2024-11-21,642,644,0,392,395,0,492,794,0,0
EGLL,2024-11-22,657,661,0,397,399,0,504,814,0,0
EGLL,2024-11-23,566,575,0,305,310,0,516,625,0,0
EGLL,2024-11-24,530,528,0,272,270,0,499,559,0,0
EGLL,2024-11-25,650,649,0,397,400,0,491,808,0,0
EGLL,2024-11-26,637,634,0,386,384,0,491,780,0,0
EGLL,2024-11-27,648,640,0,392,387,0,502,786,0,0
EGLL,2024-11-28,628,623,0,396,400,0,457,794,0,0
EGLL,2024-11-29,631,637,0,394,395,0,460,808,0,0
EGLL,2024-11-30,611,619,0,355,357,0,515,715,0,0
EGLL,2024-12-01,656,648,0,396,391,0,502,802,0,0
EGLL,2024-12-02,654,656,0,401,401,0,496,814,0,0
EGLL,2024-12-03,643,640,0,389,388,0,495,788,0,0
EGLL,2024-12-04,652,650,0,392,394,0,507,795,0,0
EGLL,2024-12-05,648,649,0,399,399,0,495,802,0,0
EGLL,2024-12-06,667,669,0,403,404,0,508,828,0,0
EGLL,2024-12-07,503,511,0,244,251,0,516,498,0,0
EGLL,2024-12-08,551,543,0,299,290,0,491,603,0,0
EGLL,2024-12-09,640,646,0,387,391,0,492,794,0,0
EGLL,2024-12-10,644,642,0,388,390,0,497,789,0,0
EGLL,2024-12-11,653,653,0,394,397,0,510,796,0,0
EGLL,2024-12-12,659,663,0,407,407,0,506,816,0,0
EGLL,2024-12-13,667,666,0,399,403,0,508,825,0,0
EGLL,2024-12-14,617,621,0,352,355,0,523,715,0,0
EGLL,2024-12-15,659,656,0,393,388,0,517,798,0,0
EGLL,2024-12-16,657,660,0,397,400,0,506,811,0,0
EGLL,2024-12-17,643,640,0,386,386,0,500,783,0,0
EGLL,2024-12-18,646,645,0,385,384,0,512,779,0,0
EGLL,2024-12-19,658,662,0,401,404,0,507,813,0,0
EGLL,2024-12-20,669,668,0,402,403,0,514,823,0,0
EGLL,2024-12-21,602,604,0,338,341,0,518,688,0,0
EGLL,2024-12-22,609,601,0,346,339,0,505,705,0,0
EGLL,2024-12-23,654,654,0,398,400,0,497,811,0,0
EGLL,2024-12-24,603,615,0,353,368,0,483,735,0,0
EGLL,2024-12-25,442,425,0,199,188,0,476,391,0,0
EGLL,2024-12-26,631,638,0,392,387,0,476,793,0,0
EGLL,2024-12-27,639,640,0,375,377,0,501,778,0,0
EGLL,2024-12-28,595,603,0,331,337,0,516,682,0,0
EGLL,2024-12-29,635,626,0,370,363,0,510,751,0,0
EGLL,2024-12-30,654,657,0,396,396,0,506,805,0,0
EGLL,2024-12-31,617,622,0,362,370,0,494,745,0,0
EHAM,2022-01-01,407,438,0,319,340,11,176,654,4,0
EHAM,2022-01-02,564,555,0,459,446,6,200,894,17,0
EHAM,2022-01-03,540,548,0,442,454,17,179,873,18,0
EHAM,2022-01-04,506,509,0,416,417,26,163,811,15,0
EHAM,2022-01-05,497,501,0,404,406,23,173,793,9,0
EHAM,2022-01-06,512,511,0,416,415,20,180,807,16,0
EHAM,2022-01-07,544,537,0,444,435,16,188,866,11,0
EHAM,2022-01-08,493,497,0,388,389,9,213,759,9,0
EHAM,2022-01-09,550,540,0,439,435,15,213,848,14,0
EHAM,2022-01-10,464,464,0,365,368,13,197,706,12,0
EHAM,2022-01-11,411,420,0,322,330,16,179,616,20,0
EHAM,2022-01-12,395,398,0,300,301,0,189,594,10,0
EHAM,2022-01-13,414,424,0,318,329,0,189,643,6,0
EHAM,2022-01-14,471,459,0,374,363,16,180,722,12,0
EHAM,2022-01-15,406,396,0,302,291,0,200,596,6,0
EHAM,2022-01-16,466,465,0,366,358,12,196,713,10,0
EHAM,2022-01-17,432,428,0,334,341,26,175,644,15,0
EHAM,2022-01-18,346,353,0,263,274,1,164,530,4,0
EHAM,2022-01-19,387,386,0,299,297,16,165,571,21,0
EHAM,2022-01-20,406,425,0,323,337,15,174,628,14,0
EHAM,2022-01-21,454,449,0,362,354,15,174,687,27,0
EHAM,2022-01-22,402,398,0,297,296,16,197,574,13,0
EHAM,2022-01-23,473,472,0,367,376,12,194,722,17,0
EHAM,2022-01-24,427,430,0,331,336,20,177,642,18,0
EHAM,2022-01-25,345,338,0,262,264,14,149,507,13,0
EHAM,2022-01-26,373,375,0,290,288,14,166,551,17,0
EHAM,2022-01-27,409,420,0,320,326,24,183,608,14,0
EHAM,2022-01-28,461,462,0,377,372,17,174,709,23,0
EHAM,2022-01-29,407,395,0,304,300,7,196,593,6,0
EHAM,2022-01-30,483,478,0,387,385,8,184,741,28,0
EHAM,2022-01-31,338,349,0,246,258,12,175,491,9,0
EHAM,2022-02-01,373,373,0,288,292,7,164,567,8,0
EHAM,2022-02-02,391,392,0,302,305,13,171,586,13,0
EHAM,2022-02-03,429,430,0,339,339,14,179,655,11,0
EHAM,2022-02-04,490,486,0,399,398,19,170,771,16,0
EHAM,2022-02-05,434,431,0,332,325,14,199,640,12,0
EHAM,2022-02-06,484,481,0,382,383,2,192,760,11,0
EHAM,2022-02-07,450,450,0,360,364,15,168,705,12,0
EHAM,2022-02-08,381,378,0,292,296,8,155,582,14,0
EHAM,2022-02-09,405,403,0,319,315,12,169,614,13,0
EHAM,2022-02-10,451,464,0,352,360,10,182,710,13,0
EHAM,2022-02-11,529,514,0,435,416,22,176,828,17,0
EHAM,2022-02-12,449,458,0,347,357,20,195,676,16,0
EHAM,2022-02-13,513,507,0,410,409,10,190,805,15,0
EHAM,2022-02-14,468,470,0,373,378,10,167,745,16,0
EHAM,2022-02-15,415,404,0,319,314,12,175,616,16,0
EHAM,2022-02-16,418,385,0,331,302,6,160,620,17,0
EHAM,2022-02-17,474,487,0,370,378,12,194,744,11,0
EHAM,2022-02-18,346,327,0,254,242,0,160,503,10,0
EHAM,2022-02-19,489,505,0,384,392,12,211,744,27,0
EHAM,2022-02-20,471,453,0,362,350,6,186,715,17,0
EHAM,2022-02-21,397,408,0,294,312,8,178,608,11,0
EHAM,2022-02-22,436,437,0,341,345,17,168,683,5,0
EHAM,2022-02-23,453,461,0,359,365,9,177,711,17,0
EHAM,2022-02-24,511,511,0,408,406,14,194,796,18,0
EHAM,2022-02-25,549,548,0,442,443,6,192,878,21,0
EHAM,2022-02-26,513,496,0,408,396,4,196,783,26,0
EHAM,2022-02-27,551,542,0,445,441,2,199,857,35,0
EHAM,2022-02-28,501,513,0,415,429,12,157,825,20,0
EHAM,2022-03-01,454,455,0,365,369,6,167,731,5,0
EHAM,2022-03-02,463,465,0,375,380,15,169,725,19,0
EHAM,2022-03-03,494,504,0,400,405,13,181,779,25,0
EHAM,2022-03-04,536,527,0,445,435,21,178,839,25,0
EHAM,2022-03-05,482,477,0,385,383,6,185,744,24,0
EHAM,2022-03-06,542,535,0,444,438,8,192,859,18,0
EHAM,2022-03-07,518,522,0,428,434,18,171,836,15,0
EHAM,2022-03-08,451,446,0,356,359,12,173,697,15,0
EHAM,2022-03-09,467,467,0,380,377,14,167,735,18,0
EHAM,2022-03-10,527,544,0,430,439,21,190,835,25,0
EHAM,2022-03-11,554,555,0,463,458,10,178,895,26,0
EHAM,2022-03-12,480,473,0,377,373,13,190,738,12,0
EHAM,2022-03-13,558,552,0,458,456,10,187,891,21,0
EHAM,2022-03-14,530,530,0,438,440,17,177,847,19,0
EHAM,2022-03-15,472,468,0,378,375,12,175,741,12,0
EHAM,2022-03-16,485,485,0,392,395,14,175,766,15,0
EHAM,2022-03-17,513,533,0,416,426,12,191,817,26,0
EHAM,2022-03-18,555,562,0,461,465,14,184,906,13,0
EHAM,2022-03-19,490,481,0,384,379,8,204,744,15,0
EHAM,2022-03-20,559,551,0,454,444,10,202,881,16,0
EHAM,2022-03-21,552,542,0,455,454,16,179,881,18,0
EHAM,2022-03-22,485,477,0,388,383,16,177,743,26,0
EHAM,2022-03-23,511,514,0,415,416,22,185,791,27,0
EHAM,2022-03-24,527,549,0,429,446,22,188,845,21,0
EHAM,2022-03-25,568,570,0,475,479,24,176,924,14,0
EHAM,2022-03-26,505,496,0,397,391,14,201,769,17,0
EHAM,2022-03-27,603,597,0,491,482,13,210,965,12,0
EHAM,2022-03-28,596,587,0,495,489,7,204,945,27,0
EHAM,2022-03-29,533,541,0,442,454,13,170,867,22,0
EHAM,2022-03-30,563,548,0,467,453,16,183,883,27,0
EHAM,2022-03-31,587,585,0,482,482,16,202,934,20,0
EHAM,2022-04-01,583,591,0,488,492,21,188,946,19,0
EHAM,2022-04-02,521,532,0,419,427,16,208,815,14,0
EHAM,2022-04-03,613,606,0,496,492,15,224,961,19,0
EHAM,2022-04-04,577,571,0,476,470,3,200,935,10,0
EHAM,2022-04-05,541,545,0,446,454,18,171,879,18,0
EHAM,2022-04-06,570,583,0,470,476,13,194,923,23,0
EHAM,2022-04-07,574,564,0,479,464,16,196,918,8,0
EHAM,2022-04-08,602,613,0,503,513,22,187,983,23,0
EHAM,2022-04-09,529,523,0,429,418,8,208,826,10,0
EHAM,2022-04-10,597,585,0,488,475,10,215,942,13,0
EHAM,2022-04-11,575,588,0,479,493,14,186,946,17,0
EHAM,2022-04-12,576,563,0,479,472,16,181,927,15,0
EHAM,2022-04-13,587,592,0,488,486,19,188,942,30,0
EHAM,2022-04-14,617,614,0,516,511,23,202,969,37,0
EHAM,2022-04-15,608,613,0,509,508,19,193,984,25,0
EHAM,2022-04-16,544,546,0,436,435,15,217,840,14,0
EHAM,2022-04-17,535,573,0,427,461,4,216,872,15,0
EHAM,2022-04-18,604,587,0,504,490,18,196,945,32,0
EHAM,2022-04-19,576,576,0,478,485,15,185,926,26,0
EHAM,2022-04-20,596,593,0,490,483,16,193,958,22,0
EHAM,2022-04-21,615,614,0,512,513,12,212,982,23,0
EHAM,2022-04-22,610,621,0,507,512,17,196,1006,12,0
EHAM,2022-04-23,512,510,0,408,405,15,215,756,30,0
EHAM,2022-04-24,620,614,0,513,507,17,220,966,29,0
EHAM,2022-04-25,633,646,0,529,543,22,216,1014,27,0
EHAM,2022-04-26,637,624,0,534,527,21,191,1020,29,0
EHAM,2022-04-27,636,646,0,534,542,15,199,1047,21,0
EHAM,2022-04-28,674,673,0,569,571,26,206,1090,24,0
EHAM,2022-04-29,672,675,0,570,565,15,201,1084,46,0
EHAM,2022-04-30,610,601,0,508,496,10,219,952,26,0
EHAM,2022-05-01,659,661,0,552,554,10,221,1056,27,0
EHAM,2022-05-02,670,674,0,565,571,17,217,1080,30,0
EHAM,2022-05-03,642,648,0,541,551,14,198,1053,23,0
EHAM,2022-05-04,662,657,0,555,546,16,208,1068,27,0
EHAM,2022-05-05,656,660,0,548,555,11,207,1077,19,0
EHAM,2022-05-06,676,677,0,573,568,12,202,1116,23,0
EHAM,2022-05-07,632,635,0,526,522,9,226,1005,23,0
EHAM,2022-05-08,688,681,0,567,564,7,233,1101,24,0
EHAM,2022-05-09,663,663,0,558,560,14,210,1079,23,0
EHAM,2022-05-10,651,640,0,539,539,10,213,1041,26,0
EHAM,2022-05-11,655,659,0,545,547,16,214,1059,24,0
EHAM,2022-05-12,667,671,0,562,568,17,205,1082,34,0
EHAM,2022-05-13,689,695,0,578,578,30,199,1134,21,0
EHAM,2022-05-14,613,626,0,510,516,14,222,984,18,0
EHAM,2022-05-15,689,673,0,575,562,12,225,1098,26,0
EHAM,2022-05-16,663,662,0,559,557,11,205,1076,33,0
EHAM,2022-05-17,657,652,0,553,550,22,204,1060,21,0
EHAM,2022-05-18,652,659,0,541,547,13,213,1056,29,0
EHAM,2022-05-19,659,663,0,550,554,6,219,1085,12,0
EHAM,2022-05-20,654,664,0,549,551,17,202,1079,20,0
EHAM,2022-05-21,609,610,0,500,506,13,223,955,27,0
EHAM,2022-05-22,670,662,0,556,544,19,229,1061,22,0
EHAM,2022-05-23,626,627,0,520,520,14,209,1013,17,0
EHAM,2022-05-24,658,650,0,551,549,22,202,1065,19,0
EHAM,2022-05-25,662,672,0,554,559,12,219,1071,32,0
EHAM,2022-05-26,668,670,0,557,562,10,212,1093,22,0
EHAM,2022-05-27,658,664,0,541,542,14,219,1068,20,0
EHAM,2022-05-28,599,593,0,488,482,13,226,939,12,0
EHAM,2022-05-29,672,653,0,548,534,10,232,1048,33,0
EHAM,2022-05-30,666,663,0,556,556,13,209,1075,32,0
EHAM,2022-05-31,656,660,0,548,555,13,199,1077,25,0
EHAM,2022-06-01,654,665,0,544,551,13,219,1049,38,0
EHAM,2022-06-02,679,682,0,565,570,11,219,1094,36,0
EHAM,2022-06-03,664,676,0,553,560,18,204,1085,33,0
EHAM,2022-06-04,547,540,0,435,432,12,220,836,19,0
EHAM,2022-06-05,641,639,0,526,521,9,222,1026,22,0
EHAM,2022-06-06,680,665,0,565,550,8,218,1090,28,0
EHAM,2022-06-07,665,655,0,554,554,15,205,1059,40,0
EHAM,2022-06-08,676,687,0,559,570,30,217,1094,22,0
EHAM,2022-06-09,703,709,0,584,592,31,224,1129,28,0
EHAM,2022-06-10,669,666,0,555,550,12,208,1088,25,0
EHAM,2022-06-11,613,617,0,503,507,15,219,968,22,0
EHAM,2022-06-12,663,652,0,545,534,10,226,1061,15,0
EHAM,2022-06-13,682,679,0,566,563,9,215,1107,30,0
EHAM,2022-06-14,670,681,0,557,572,13,206,1094,33,0
EHAM,2022-06-15,670,661,0,555,545,10,215,1076,30,0
EHAM,2022-06-16,695,701,0,579,583,15,226,1113,42,0
EHAM,2022-06-17,680,686,0,574,575,9,200,1119,38,0
EHAM,2022-06-18,615,618,0,501,506,8,232,958,31,0
EHAM,2022-06-19,669,662,0,551,544,6,227,1066,28,0
EHAM,2022-06-20,690,684,0,573,572,16,215,1110,33,0
EHAM,2022-06-21,669,678,0,557,569,20,209,1092,26,0
EHAM,2022-06-22,666,665,0,553,549,11,214,1071,35,0
EHAM,2022-06-23,682,683,0,565,569,17,224,1078,46,0
EHAM,2022-06-24,669,666,0,553,548,14,219,1083,18,0
EHAM,2022-06-25,597,603,0,484,483,12,230,939,17,0
EHAM,2022-06-26,662,656,0,541,535,16,225,1055,21,0
EHAM,2022-06-27,653,663,0,540,551,14,219,1063,20,0
EHAM,2022-06-28,660,651,0,544,541,21,212,1045,32,0
EHAM,2022-06-29,648,656,0,532,537,12,223,1033,35,0
EHAM,2022-06-30,644,646,0,526,520,17,236,1005,32,0
EHAM,2022-07-01,648,635,0,524,516,12,211,1018,40,0
EHAM,2022-07-02,589,595,0,467,474,8,244,902,30,0
EHAM,2022-07-03,638,633,0,516,516,11,226,1006,28,0
EHAM,2022-07-04,668,670,0,557,556,16,215,1074,31,0
EHAM,2022-07-05,672,673,0,556,562,28,219,1069,27,0
EHAM,2022-07-06,662,662,0,548,544,24,223,1058,18,0
EHAM,2022-07-07,653,656,0,531,535,24,238,1009,37,0
EHAM,2022-07-08,647,654,0,536,537,24,215,1024,38,0
EHAM,2022-07-09,576,586,0,459,470,18,243,881,20,0
EHAM,2022-07-10,637,625,0,522,508,14,238,983,27,0
EHAM,2022-07-11,631,638,0,517,521,16,241,979,33,0
EHAM,2022-07-12,617,614,0,502,503,19,215,980,17,0
EHAM,2022-07-13,612,607,0,494,490,12,223,950,32,0
EHAM,2022-07-14,642,646,0,524,529,26,235,997,30,0
EHAM,2022-07-15,644,633,0,526,514,25,216,1003,33,0
EHAM,2022-07-16,537,565,0,422,444,6,237,830,28,0
EHAM,2022-07-17,559,575,0,446,459,5,234,876,16,0
EHAM,2022-07-18,618,616,0,506,501,13,225,974,22,0
EHAM,2022-07-19,611,613,0,495,497,19,217,972,16,0
EHAM,2022-07-20,615,622,0,497,502,17,223,976,21,0
EHAM,2022-07-21,630,636,0,507,517,23,242,981,19,0
EHAM,2022-07-22,627,616,0,512,498,9,219,989,25,0
EHAM,2022-07-23,581,595,0,464,473,12,239,907,18,0
EHAM,2022-07-24,641,627,0,522,510,14,233,992,27,0
EHAM,2022-07-25,614,631,0,502,516,11,230,970,34,0
EHAM,2022-07-26,627,604,0,508,496,13,214,969,35,0
EHAM,2022-07-27,603,607,0,492,491,15,221,940,34,0
EHAM,2022-07-28,626,629,0,501,508,20,242,969,24,0
EHAM,2022-07-29,603,606,0,489,490,17,217,956,18,0
EHAM,2022-07-30,590,595,0,473,478,16,242,904,22,0
EHAM,2022-07-31,631,614,0,514,496,8,233,986,18,0
EHAM,2022-08-01,651,663,0,538,548,19,224,1050,20,0
EHAM,2022-08-02,638,633,0,525,524,14,207,1027,22,0
EHAM,2022-08-03,645,646,0,526,520,31,231,1016,13,0
EHAM,2022-08-04,655,656,0,536,539,21,233,1034,23,0
EHAM,2022-08-05,643,639,0,528,520,18,215,1025,23,0
EHAM,2022-08-06,589,591,0,469,470,6,241,911,19,0
EHAM,2022-08-07,620,623,0,503,507,11,233,976,21,0
EHAM,2022-08-08,644,647,0,526,530,19,226,1030,15,0
EHAM,2022-08-09,623,628,0,510,518,14,210,1009,17,0
EHAM,2022-08-10,649,649,0,531,530,15,229,1037,17,0
EHAM,2022-08-11,648,632,0,526,513,16,240,1014,10,0
EHAM,2022-08-12,629,629,0,512,513,13,211,1015,19,0
EHAM,2022-08-13,599,594,0,477,474,13,243,911,19,0
EHAM,2022-08-14,633,637,0,517,522,10,226,1002,24,0
EHAM,2022-08-15,647,649,0,525,528,17,228,1038,12,0
EHAM,2022-08-16,642,639,0,522,520,16,216,1030,18,0
EHAM,2022-08-17,651,641,0,530,522,10,230,1037,14,0
EHAM,2022-08-18,656,665,0,534,545,14,237,1052,17,0
EHAM,2022-08-19,650,656,0,534,536,12,213,1060,19,0
EHAM,2022-08-20,603,610,0,483,489,14,248,931,19,0
EHAM,2022-08-21,650,640,0,529,522,14,232,1022,20,0
EHAM,2022-08-22,657,657,0,540,539,14,220,1057,22,0
EHAM,2022-08-23,641,644,0,523,531,18,213,1025,28,0
EHAM,2022-08-24,648,662,0,532,538,22,225,1034,29,0
EHAM,2022-08-25,676,664,0,552,545,20,236,1065,17,0
EHAM,2022-08-26,653,658,0,536,541,14,216,1056,25,0
EHAM,2022-08-27,603,601,0,484,483,12,238,933,19,0
EHAM,2022-08-28,641,639,0,519,518,11,234,1011,22,0
EHAM,2022-08-29,682,676,0,561,555,16,226,1089,27,0
EHAM,2022-08-30,657,660,0,541,550,12,210,1062,32,0
EHAM,2022-08-31,680,680,0,559,555,18,230,1088,21,0
EHAM,2022-09-01,705,697,0,579,579,14,241,1117,29,0
EHAM,2022-09-02,674,679,0,559,561,13,210,1106,24,0
EHAM,2022-09-03,632,628,0,514,506,14,239,977,30,0
EHAM,2022-09-04,704,704,0,573,579,39,228,1099,40,0
EHAM,2022-09-05,687,695,0,569,574,15,225,1113,28,0
EHAM,2022-09-06,672,671,0,553,561,18,218,1089,18,0
EHAM,2022-09-07,690,697,0,575,578,19,221,1124,22,0
EHAM,2022-09-08,671,665,0,546,539,18,245,1052,19,0
EHAM,2022-09-09,651,661,0,535,546,15,212,1054,30,0
EHAM,2022-09-10,639,630,0,519,514,14,237,983,31,0
EHAM,2022-09-11,676,673,0,557,558,9,232,1082,20,0
EHAM,2022-09-12,669,662,0,553,545,15,219,1073,24,0
EHAM,2022-09-13,654,658,0,541,544,15,221,1052,23,0
EHAM,2022-09-14,685,682,0,566,561,22,227,1084,32,0
EHAM,2022-09-15,694,697,0,571,572,20,247,1098,25,0
EHAM,2022-09-16,642,651,0,527,536,18,207,1052,16,0
EHAM,2022-09-17,605,612,0,489,493,12,242,935,24,0
EHAM,2022-09-18,676,659,0,557,544,11,234,1071,13,0
EHAM,2022-09-19,650,637,0,531,522,15,214,1036,21,0
EHAM,2022-09-20,652,656,0,536,541,19,219,1055,14,0
EHAM,2022-09-21,662,662,0,547,545,16,222,1059,27,0
EHAM,2022-09-22,665,670,0,544,547,23,235,1044,32,0
EHAM,2022-09-23,654,661,0,542,548,16,211,1054,33,0
EHAM,2022-09-24,590,588,0,474,472,12,240,899,21,0
EHAM,2022-09-25,662,647,0,539,528,13,235,1025,32,0
EHAM,2022-09-26,647,647,0,535,536,15,211,1041,27,0
EHAM,2022-09-27,631,637,0,520,530,17,209,1015,26,0
EHAM,2022-09-28,662,670,0,544,547,24,226,1052,28,0
EHAM,2022-09-29,639,633,0,515,514,17,232,1001,20,0
EHAM,2022-09-30,650,662,0,534,544,14,213,1061,22,0
EHAM,2022-10-01,610,617,0,499,498,11,236,966,11,0
EHAM,2022-10-02,671,651,0,548,536,6,230,1067,16,0
EHAM,2022-10-03,648,648,0,534,530,19,211,1052,13,0
EHAM,2022-10-04,640,635,0,527,527,14,212,1022,26,0
EHAM,2022-10-05,622,623,0,513,512,9,210,1019,5,0
EHAM,2022-10-06,620,630,0,505,518,20,222,986,21,0
EHAM,2022-10-07,655,654,0,543,538,25,201,1070,12,0
EHAM,2022-10-08,610,618,0,501,504,21,230,960,10,0
EHAM,2022-10-09,664,651,0,542,532,8,231,1053,21,0
EHAM,2022-10-10,623,634,0,507,523,15,208,1014,20,0
EHAM,2022-10-11,621,615,0,512,511,19,211,990,16,0
EHAM,2022-10-12,653,650,0,532,530,25,222,1023,27,0
EHAM,2022-10-13,635,636,0,513,514,21,229,983,38,0
EHAM,2022-10-14,642,649,0,531,533,13,203,1041,33,0
EHAM,2022-10-15,617,633,0,499,512,11,236,961,41,0
EHAM,2022-10-16,655,638,0,536,522,7,223,1031,29,0
EHAM,2022-10-17,609,606,0,489,494,13,213,969,19,0
EHAM,2022-10-18,609,605,0,495,495,21,217,955,21,0
EHAM,2022-10-19,614,620,0,499,504,27,223,954,29,0
EHAM,2022-10-20,619,607,0,501,488,17,224,966,18,0
EHAM,2022-10-21,627,628,0,508,509,20,216,994,25,0
EHAM,2022-10-22,571,595,0,455,477,13,236,884,23,0
EHAM,2022-10-23,641,613,0,520,494,13,234,983,20,0
EHAM,2022-10-24,602,613,0,482,493,15,214,973,13,0
EHAM,2022-10-25,586,584,0,471,472,16,221,912,20,0
EHAM,2022-10-26,616,609,0,504,496,14,216,963,29,0
EHAM,2022-10-27,634,641,0,511,517,18,233,1002,22,0
EHAM,2022-10-28,623,641,0,508,528,22,211,1012,19,0
EHAM,2022-10-29,602,588,0,482,466,12,242,915,19,0
EHAM,2022-10-30,603,596,0,492,487,12,215,948,24,0
EHAM,2022-10-31,593,593,0,487,491,20,183,971,12,0
EHAM,2022-11-01,540,540,0,432,433,14,197,858,11,0
EHAM,2022-11-02,566,561,0,457,455,27,196,884,20,0
EHAM,2022-11-03,560,580,0,452,465,20,207,890,23,0
EHAM,2022-11-04,577,569,0,467,463,20,194,910,20,0
EHAM,2022-11-05,488,490,0,373,375,6,210,758,4,0
EHAM,2022-11-06,561,566,0,453,454,8,202,900,17,0
EHAM,2022-11-07,574,565,0,461,461,17,193,911,18,0
EHAM,2022-11-08,525,528,0,416,419,20,200,820,13,0
EHAM,2022-11-09,534,532,0,430,432,20,185,846,15,0
EHAM,2022-11-10,580,578,0,469,466,24,206,900,28,0
EHAM,2022-11-11,559,570,0,453,466,14,192,905,18,0
EHAM,2022-11-12,494,490,0,378,374,16,211,742,14,0
EHAM,2022-11-13,556,560,0,446,447,16,206,879,15,0
EHAM,2022-11-14,556,545,0,443,437,12,196,881,12,0
EHAM,2022-11-15,518,512,0,411,405,16,199,797,18,0
EHAM,2022-11-16,527,526,0,421,424,20,189,818,24,0
EHAM,2022-11-17,544,564,0,433,445,21,215,855,16,0
EHAM,2022-11-18,551,545,0,435,435,9,198,871,18,0
EHAM,2022-11-19,471,472,0,357,354,10,210,714,9,0
EHAM,2022-11-20,537,535,0,424,419,4,207,857,4,0
EHAM,2022-11-21,549,539,0,436,432,14,198,869,7,0
EHAM,2022-11-22,499,500,0,392,395,20,191,779,9,0
EHAM,2022-11-23,526,514,0,418,410,20,192,813,15,0
EHAM,2022-11-24,549,561,0,442,448,24,207,859,20,0
EHAM,2022-11-25,546,552,0,440,447,18,195,868,17,0
EHAM,2022-11-26,463,472,0,347,355,8,212,708,7,0
EHAM,2022-11-27,549,544,0,439,428,14,211,851,17,0
EHAM,2022-11-28,548,543,0,436,434,6,199,874,12,0
EHAM,2022-11-29,490,490,0,382,382,10,196,766,8,0
EHAM,2022-11-30,529,524,0,420,419,14,196,816,27,0
EHAM,2022-12-01,543,547,0,437,437,20,203,838,29,0
EHAM,2022-12-02,542,545,0,436,441,24,195,855,13,0
EHAM,2022-12-03,468,471,0,359,357,14,210,706,9,0
EHAM,2022-12-04,538,529,0,428,420,8,201,838,20,0
EHAM,2022-12-05,548,541,0,437,435,10,201,861,17,0
EHAM,2022-12-06,511,524,0,410,419,29,190,795,21,0
EHAM,2022-12-07,531,528,0,427,426,22,192,818,27,0
EHAM,2022-12-08,556,554,0,445,437,14,214,866,16,0
EHAM,2022-12-09,521,527,0,417,424,5,187,844,12,0
EHAM,2022-12-10,461,461,0,352,348,0,207,707,8,0
EHAM,2022-12-11,522,520,0,411,409,11,203,819,9,0
EHAM,2022-12-12,540,537,0,434,434,20,192,846,19,0
EHAM,2022-12-13,505,515,0,399,410,20,196,785,19,0
EHAM,2022-12-14,519,514,0,411,413,19,193,796,24,0
EHAM,2022-12-15,544,548,0,436,430,18,211,839,23,0
EHAM,2022-12-16,557,552,0,451,449,27,187,870,25,0
EHAM,2022-12-17,475,488,0,365,375,6,208,740,9,0
EHAM,2022-12-18,542,522,0,432,413,10,200,844,10,0
EHAM,2022-12-19,547,559,0,438,448,12,204,877,13,0
EHAM,2022-12-20,511,519,0,404,412,14,193,814,9,0
EHAM,2022-12-21,539,528,0,425,421,11,198,844,14,0
EHAM,2022-12-22,554,552,0,436,435,2,208,885,11,0
EHAM,2022-12-23,563,554,0,453,442,12,195,896,14,0
EHAM,2022-12-24,463,478,0,353,365,12,207,708,14,0
EHAM,2022-12-25,443,442,0,342,341,2,187,689,7,0
EHAM,2022-12-26,524,525,0,422,420,10,184,842,13,0
EHAM,2022-12-27,502,505,0,407,413,13,169,805,20,0
EHAM,2022-12-28,523,515,0,415,413,4,189,833,12,0
EHAM,2022-12-29,544,545,0,437,435,16,197,857,19,0
EHAM,2022-12-30,553,548,0,448,441,16,185,876,24,0
EHAM,2022-12-31,464,478,0,355,372,13,196,724,9,0
EHAM,2023-01-01,521,519,0,424,420,11,186,836,7,0
EHAM,2023-01-02,564,562,0,453,455,12,195,892,27,0
EHAM,2023-01-03,507,521,0,410,419,18,186,810,12,0
EHAM,2023-01-04,517,511,0,415,411,11,185,823,9,0
EHAM,2023-01-05,541,543,0,432,428,21,205,849,9,0
EHAM,2023-01-06,546,545,0,437,436,17,202,864,8,0
EHAM,2023-01-07,501,501,0,388,390,16,214,757,15,0
EHAM,2023-01-08,557,553,0,447,448,12,202,867,29,0
EHAM,2023-01-09,547,542,0,434,432,20,207,854,8,0
EHAM,2023-01-10,467,473,0,366,369,15,193,725,7,0
EHAM,2023-01-11,500,496,0,394,393,17,196,764,19,0
EHAM,2023-01-12,530,522,0,418,415,12,208,815,17,0
EHAM,2023-01-13,532,541,0,422,431,16,193,851,13,0
EHAM,2023-01-14,448,455,0,338,343,10,217,676,0,0
EHAM,2023-01-15,538,530,0,433,423,12,195,851,10,0
EHAM,2023-01-16,535,533,0,424,421,11,198,850,9,0
EHAM,2023-01-17,464,469,0,367,373,18,191,708,16,0
EHAM,2023-01-18,490,482,0,392,387,18,188,748,18,0
EHAM,2023-01-19,509,513,0,397,398,16,211,783,12,0
EHAM,2023-01-20,520,521,0,414,415,8,187,836,10,0
EHAM,2023-01-21,452,452,0,341,339,4,221,672,7,0
EHAM,2023-01-22,526,528,0,420,422,12,204,824,14,0
EHAM,2023-01-23,530,519,0,417,412,8,201,829,11,0
EHAM,2023-01-24,458,456,0,365,367,24,178,707,5,0
EHAM,2023-01-25,472,483,0,373,379,7,196,738,14,0
EHAM,2023-01-26,513,520,0,406,412,22,205,787,19,0
EHAM,2023-01-27,518,515,0,417,415,23,185,816,9,0
EHAM,2023-01-28,440,444,0,331,335,16,208,653,7,0
EHAM,2023-01-29,531,526,0,419,417,15,213,820,9,0
EHAM,2023-01-30,533,532,0,428,431,25,199,831,10,0
EHAM,2023-01-31,470,466,0,371,364,11,196,719,10,0
EHAM,2023-02-01,500,506,0,400,410,20,188,789,9,0
EHAM,2023-02-02,541,532,0,430,422,24,208,824,17,0
EHAM,2023-02-03,536,542,0,432,432,18,188,864,8,0
EHAM,2023-02-04,467,474,0,355,362,16,218,696,11,0
EHAM,2023-02-05,530,516,0,420,410,10,198,831,7,0
EHAM,2023-02-06,528,525,0,413,417,2,207,836,8,0
EHAM,2023-02-07,477,475,0,375,380,12,201,725,14,0
EHAM,2023-02-08,504,516,0,398,412,17,195,786,22,0
EHAM,2023-02-09,534,527,0,421,413,22,207,812,20,0
EHAM,2023-02-10,542,543,0,438,439,25,184,859,17,0
EHAM,2023-02-11,459,476,0,347,361,12,211,700,12,0
EHAM,2023-02-12,540,526,0,430,421,8,200,842,16,0
EHAM,2023-02-13,533,535,0,429,430,22,188,847,11,0
EHAM,2023-02-14,495,495,0,390,394,21,203,750,16,0
EHAM,2023-02-15,541,535,0,437,434,20,198,835,23,0
EHAM,2023-02-16,542,544,0,430,433,7,218,846,15,0
EHAM,2023-02-17,544,551,0,436,438,20,191,862,22,0
EHAM,2023-02-18,506,520,0,392,404,18,219,775,14,0
EHAM,2023-02-19,578,563,0,463,452,10,209,903,19,0
EHAM,2023-02-20,565,553,0,452,445,14,199,897,8,0
EHAM,2023-02-21,532,528,0,423,422,8,201,837,14,0
EHAM,2023-02-22,554,559,0,447,453,15,206,881,11,0
EHAM,2023-02-23,577,578,0,465,463,17,211,914,13,0
EHAM,2023-02-24,601,595,0,490,483,16,195,965,20,0
EHAM,2023-02-25,539,557,0,425,439,20,218,835,23,0
EHAM,2023-02-26,584,577,0,469,464,14,207,928,12,0
EHAM,2023-02-27,572,564,0,463,456,14,188,917,17,0
EHAM,2023-02-28,533,539,0,422,432,14,204,840,14,0
EHAM,2023-03-01,566,559,0,461,454,11,199,895,20,0
EHAM,2023-03-02,577,579,0,463,464,18,211,907,20,0
EHAM,2023-03-03,585,583,0,477,471,19,191,940,18,0
EHAM,2023-03-04,545,543,0,428,423,15,220,832,21,0
EHAM,2023-03-05,596,588,0,482,477,12,209,939,24,0
EHAM,2023-03-06,577,575,0,465,463,22,194,924,12,0
EHAM,2023-03-07,535,550,0,430,446,19,200,853,13,0
EHAM,2023-03-08,555,560,0,450,457,12,198,890,15,0
EHAM,2023-03-09,571,562,0,455,447,4,215,888,24,0
EHAM,2023-03-10,520,528,0,412,418,2,190,839,17,0
EHAM,2023-03-11,517,515,0,402,393,18,214,785,13,0
EHAM,2023-03-12,583,578,0,469,466,15,209,906,31,0
EHAM,2023-03-13,533,532,0,422,422,20,197,835,13,0
EHAM,2023-03-14,529,542,0,422,437,24,196,839,12,0
EHAM,2023-03-15,572,553,0,463,445,16,201,889,19,0
EHAM,2023-03-16,576,582,0,459,463,21,212,897,28,0
EHAM,2023-03-17,563,572,0,452,462,18,193,907,17,0
EHAM,2023-03-18,505,516,0,392,399,16,214,783,8,0
EHAM,2023-03-19,580,568,0,466,457,12,205,912,19,0
EHAM,2023-03-20,573,564,0,459,452,14,203,908,12,0
EHAM,2023-03-21,533,537,0,428,431,18,195,840,17,0
EHAM,2023-03-22,554,557,0,443,451,18,201,882,10,0
EHAM,2023-03-23,575,581,0,458,465,27,220,890,19,0
EHAM,2023-03-24,566,572,0,457,462,17,191,917,11,0
EHAM,2023-03-25,500,515,0,389,401,15,211,782,7,0
EHAM,2023-03-26,614,582,0,495,464,15,223,948,10,0
EHAM,2023-03-27,591,593,0,474,473,13,223,924,24,0
EHAM,2023-03-28,606,611,0,491,504,26,210,963,18,0
EHAM,2023-03-29,625,624,0,503,497,17,234,984,14,0
EHAM,2023-03-30,642,637,0,518,512,28,232,998,21,0
EHAM,2023-03-31,638,646,0,518,521,15,222,1030,17,0
EHAM,2023-04-01,556,571,0,442,448,2,234,876,15,0
EHAM,2023-04-02,626,621,0,504,499,15,235,970,27,0
EHAM,2023-04-03,630,631,0,511,516,17,217,1013,14,0
EHAM,2023-04-04,627,619,0,514,512,16,209,1000,20,0
EHAM,2023-04-05,632,635,0,510,510,19,234,994,19,0
EHAM,2023-04-06,652,643,0,534,528,22,228,1029,16,0
EHAM,2023-04-07,627,634,0,508,517,18,214,1002,27,0
EHAM,2023-04-08,584,581,0,464,452,24,241,881,15,0
EHAM,2023-04-09,616,620,0,499,500,14,226,985,9,0
EHAM,2023-04-10,641,642,0,521,525,14,215,1037,15,0
EHAM,2023-04-11,647,635,0,536,530,18,209,1029,26,0
EHAM,2023-04-12,631,627,0,509,504,16,232,993,17,0
EHAM,2023-04-13,623,642,0,502,521,19,230,1000,16,0
EHAM,2023-04-14,658,649,0,526,524,15,227,1050,15,0
EHAM,2023-04-15,570,579,0,447,450,6,245,884,13,0
EHAM,2023-04-16,638,619,0,510,496,8,236,998,14,0
EHAM,2023-04-17,642,648,0,523,532,10,220,1038,22,0
EHAM,2023-04-18,641,637,0,526,528,14,213,1038,13,0
EHAM,2023-04-19,658,659,0,534,534,16,234,1043,24,0
EHAM,2023-04-20,669,652,0,551,538,22,223,1053,23,0
EHAM,2023-04-21,654,677,0,535,551,12,229,1058,32,0
EHAM,2023-04-22,602,609,0,483,486,14,247,928,16,0
EHAM,2023-04-23,670,661,0,544,540,12,239,1054,22,0
EHAM,2023-04-24,645,651,0,528,531,16,227,1041,12,0
EHAM,2023-04-25,675,661,0,558,550,18,218,1084,16,0
EHAM,2023-04-26,664,675,0,537,550,8,237,1071,23,0
EHAM,2023-04-27,686,679,0,569,563,14,234,1089,28,0
EHAM,2023-04-28,689,691,0,567,567,13,231,1118,18,0
EHAM,2023-04-29,613,627,0,494,502,12,251,956,20,0
EHAM,2023-04-30,676,659,0,551,539,15,241,1055,23,0
EHAM,2023-05-01,656,664,0,535,546,11,220,1074,13,0
EHAM,2023-05-02,660,666,0,551,560,11,210,1087,17,0
EHAM,2023-05-03,676,662,0,553,544,19,236,1065,18,0
EHAM,2023-05-04,682,699,0,565,582,21,235,1106,18,0
EHAM,2023-05-05,683,678,0,562,558,19,220,1098,24,0
EHAM,2023-05-06,642,624,0,515,498,18,254,978,15,0
EHAM,2023-05-07,679,681,0,552,559,19,246,1074,20,0
EHAM,2023-05-08,677,681,0,557,561,13,231,1094,20,0
EHAM,2023-05-09,673,660,0,559,549,12,217,1091,13,0
EHAM,2023-05-10,673,675,0,544,549,20,245,1066,17,0
EHAM,2023-05-11,679,684,0,560,562,16,238,1090,19,0
EHAM,2023-05-12,679,691,0,555,566,17,228,1105,20,0
EHAM,2023-05-13,631,630,0,506,504,14,254,963,26,0
EHAM,2023-05-14,683,676,0,556,551,17,243,1075,20,0
EHAM,2023-05-15,684,685,0,559,557,12,237,1107,13,0
EHAM,2023-05-16,689,688,0,573,577,14,219,1121,23,0
EHAM,2023-05-17,699,704,0,572,577,15,240,1121,27,0
EHAM,2023-05-18,680,685,0,557,563,10,237,1091,27,0
EHAM,2023-05-19,658,657,0,536,535,16,227,1058,14,0
EHAM,2023-05-20,623,630,0,501,506,12,250,978,12,0
EHAM,2023-05-21,671,670,0,544,545,6,244,1071,19,0
EHAM,2023-05-22,703,694,0,577,571,16,235,1120,26,0
EHAM,2023-05-23,694,687,0,581,577,16,212,1110,43,0
EHAM,2023-05-24,711,717,0,579,587,14,245,1144,25,0
EHAM,2023-05-25,703,698,0,576,577,23,239,1114,23,0
EHAM,2023-05-26,680,696,0,558,569,18,228,1106,24,0
EHAM,2023-05-27,639,639,0,517,514,14,252,999,7,0
EHAM,2023-05-28,672,671,0,547,545,14,238,1073,12,0
EHAM,2023-05-29,687,682,0,559,556,8,236,1104,19,0
EHAM,2023-05-30,678,674,0,558,564,14,222,1087,29,0
EHAM,2023-05-31,695,685,0,565,556,20,247,1088,25,0
EHAM,2023-06-01,698,709,0,571,577,13,245,1126,23,0
EHAM,2023-06-02,695,693,0,569,570,10,236,1121,20,0
EHAM,2023-06-03,632,640,0,506,511,11,257,989,15,0
EHAM,2023-06-04,671,661,0,546,538,10,238,1059,25,0
EHAM,2023-06-05,704,693,0,572,570,16,244,1111,26,0
EHAM,2023-06-06,682,685,0,563,572,11,223,1108,25,0
EHAM,2023-06-07,688,693,0,563,566,10,241,1102,28,0
EHAM,2023-06-08,703,706,0,576,580,17,245,1126,18,0
EHAM,2023-06-09,687,701,0,561,576,19,233,1123,13,0
EHAM,2023-06-10,644,632,0,520,509,14,254,989,15,0
EHAM,2023-06-11,677,669,0,553,542,16,238,1071,19,0
EHAM,2023-06-12,680,675,0,552,553,14,231,1099,11,0
EHAM,2023-06-13,699,679,0,580,569,14,219,1127,18,0
EHAM,2023-06-14,697,712,0,577,584,12,238,1133,26,0
EHAM,2023-06-15,696,711,0,571,581,23,244,1125,15,0
EHAM,2023-06-16,713,703,0,585,579,10,238,1143,25,0
EHAM,2023-06-17,650,659,0,528,527,21,255,1016,13,0
EHAM,2023-06-18,687,691,0,559,561,15,242,1092,25,0
EHAM,2023-06-19,711,703,0,583,579,12,238,1141,21,0
EHAM,2023-06-20,644,642,0,527,529,24,221,1023,18,0
EHAM,2023-06-21,707,700,0,577,575,18,237,1132,20,0
EHAM,2023-06-22,708,710,0,580,584,21,242,1143,12,0
EHAM,2023-06-23,701,718,0,575,588,19,243,1138,19,0
EHAM,2023-06-24,644,636,0,521,510,15,251,1002,9,0
EHAM,2023-06-25,692,701,0,559,567,15,249,1110,18,0
EHAM,2023-06-26,697,692,0,569,570,19,234,1127,9,0
EHAM,2023-06-27,696,695,0,578,575,20,228,1122,21,0
EHAM,2023-06-28,698,690,0,570,561,13,240,1120,11,0
EHAM,2023-06-29,720,722,0,587,590,29,244,1149,18,0
EHAM,2023-06-30,707,716,0,574,585,29,240,1136,18,0
EHAM,2023-07-01,653,656,0,525,525,13,256,1019,15,0
EHAM,2023-07-02,703,704,0,572,574,13,243,1130,19,0
EHAM,2023-07-03,715,718,0,583,589,18,238,1161,16,0
EHAM,2023-07-04,674,652,0,555,544,11,221,1081,11,0
EHAM,2023-07-05,483,503,0,362,378,9,222,750,5,0
EHAM,2023-07-06,713,719,0,589,591,24,246,1142,20,0
EHAM,2023-07-07,739,735,0,601,599,20,250,1182,16,0
EHAM,2023-07-08,662,671,0,536,539,19,254,1028,26,0
EHAM,2023-07-09,699,694,0,567,565,14,249,1120,10,0
EHAM,2023-07-10,729,712,0,598,587,10,249,1165,17,0
EHAM,2023-07-11,698,717,0,577,602,20,224,1163,8,0
EHAM,2023-07-12,715,707,0,586,575,18,248,1139,17,0
EHAM,2023-07-13,721,719,0,593,589,29,243,1149,19,0
EHAM,2023-07-14,738,738,0,606,603,28,251,1177,20,0
EHAM,2023-07-15,643,648,0,516,517,14,257,1003,15,0
EHAM,2023-07-16,714,708,0,580,576,2,248,1143,27,0
EHAM,2023-07-17,717,713,0,583,584,12,250,1149,19,0
EHAM,2023-07-18,683,682,0,560,566,12,226,1116,11,0
EHAM,2023-07-19,702,712,0,574,582,15,250,1134,15,0
EHAM,2023-07-20,711,704,0,588,579,23,235,1144,13,0
EHAM,2023-07-21,716,723,0,581,590,22,254,1150,13,0
EHAM,2023-07-22,663,676,0,540,547,16,254,1056,12,0
EHAM,2023-07-23,720,703,0,584,569,8,256,1136,22,0
EHAM,2023-07-24,713,716,0,581,589,13,246,1153,17,0
EHAM,2023-07-25,707,695,0,586,581,15,226,1137,24,0
EHAM,2023-07-26,715,724,0,586,593,18,240,1153,28,0
EHAM,2023-07-27,697,699,0,574,573,4,234,1150,8,0
EHAM,2023-07-28,716,702,0,583,571,10,243,1152,13,0
EHAM,2023-07-29,653,676,0,531,546,14,252,1048,14,0
EHAM,2023-07-30,715,704,0,582,575,10,253,1140,11,0
EHAM,2023-07-31,704,715,0,574,587,10,247,1145,15,0
EHAM,2023-08-01,702,688,0,580,571,22,226,1129,13,0
EHAM,2023-08-02,697,696,0,569,566,13,245,1128,7,0
EHAM,2023-08-03,703,707,0,576,581,14,239,1153,4,0
EHAM,2023-08-04,708,710,0,581,581,18,236,1157,7,0
EHAM,2023-08-05,659,665,0,534,534,11,251,1054,7,0
EHAM,2023-08-06,704,700,0,567,567,8,256,1130,9,0
EHAM,2023-08-07,728,719,0,599,596,18,239,1177,13,0
EHAM,2023-08-08,686,686,0,569,574,11,220,1125,16,0
EHAM,2023-08-09,716,713,0,587,582,21,245,1148,15,0
EHAM,2023-08-10,707,719,0,578,591,16,236,1162,12,0
EHAM,2023-08-11,725,719,0,595,589,17,243,1170,12,0
EHAM,2023-08-12,659,669,0,536,541,12,248,1047,15,0
EHAM,2023-08-13,713,704,0,581,573,8,252,1143,10,0
EHAM,2023-08-14,704,699,0,578,579,14,236,1136,17,0
EHAM,2023-08-15,691,685,0,571,568,16,226,1126,8,0
EHAM,2023-08-16,681,690,0,558,560,10,241,1112,8,0
EHAM,2023-08-17,701,700,0,570,576,15,241,1133,12,0
EHAM,2023-08-18,713,708,0,584,577,19,242,1144,16,0
EHAM,2023-08-19,653,668,0,528,535,14,255,1035,16,0
EHAM,2023-08-20,706,701,0,574,572,5,247,1131,23,0
EHAM,2023-08-21,722,717,0,588,592,21,246,1162,10,0
EHAM,2023-08-22,696,689,0,573,570,13,230,1137,5,0
EHAM,2023-08-23,716,712,0,590,582,21,240,1155,12,0
EHAM,2023-08-24,701,711,0,571,582,21,242,1120,28,0
EHAM,2023-08-25,709,702,0,579,572,15,243,1132,21,0
EHAM,2023-08-26,680,680,0,553,550,13,258,1061,27,0
EHAM,2023-08-27,734,736,0,591,595,40,243,1154,33,0
EHAM,2023-08-28,683,662,0,550,535,12,250,1055,22,0
EHAM,2023-08-29,699,720,0,581,603,11,224,1155,23,0
EHAM,2023-08-30,726,717,0,595,584,17,242,1164,20,0
EHAM,2023-08-31,716,727,0,588,601,21,240,1167,15,0
EHAM,2023-09-01,728,723,0,599,592,19,243,1172,15,0
EHAM,2023-09-02,646,658,0,529,529,10,244,1040,8,0
EHAM,2023-09-03,715,707,0,581,573,14,253,1130,21,0
EHAM,2023-09-04,727,727,0,592,602,18,244,1169,23,0
EHAM,2023-09-05,708,693,0,586,580,18,216,1156,11,0
EHAM,2023-09-06,713,711,0,593,580,16,236,1150,22,0
EHAM,2023-09-07,721,724,0,593,598,14,236,1180,15,0
EHAM,2023-09-08,700,708,0,575,583,6,231,1151,19,0
EHAM,2023-09-09,597,616,0,482,491,14,247,937,14,0
EHAM,2023-09-10,726,699,0,592,574,13,239,1156,15,0
EHAM,2023-09-11,718,733,0,592,610,20,228,1187,14,0
EHAM,2023-09-12,723,716,0,599,600,14,223,1188,14,0
EHAM,2023-09-13,722,717,0,596,594,12,230,1180,17,0
EHAM,2023-09-14,738,749,0,614,620,21,242,1189,31,0
EHAM,2023-09-15,721,730,0,592,602,14,233,1183,21,0
EHAM,2023-09-16,673,670,0,551,543,19,246,1061,15,0
EHAM,2023-09-17,716,703,0,587,573,10,242,1142,21,0
EHAM,2023-09-18,709,713,0,579,588,14,236,1155,17,0
EHAM,2023-09-19,702,699,0,587,587,18,223,1135,23,0
EHAM,2023-09-20,729,722,0,603,593,16,234,1178,23,0
EHAM,2023-09-21,708,723,0,586,600,8,227,1177,19,0
EHAM,2023-09-22,729,732,0,600,602,20,234,1186,21,0
EHAM,2023-09-23,663,665,0,542,541,14,244,1050,18,0
EHAM,2023-09-24,701,699,0,569,568,9,240,1134,15,0
EHAM,2023-09-25,725,723,0,602,601,14,234,1183,17,0
EHAM,2023-09-26,722,723,0,600,606,18,225,1186,16,0
EHAM,2023-09-27,733,723,0,601,593,18,242,1180,16,0
EHAM,2023-09-28,738,480,0,611,385,16,198,989,15,0
EHAM,2023-09-29,709,0,0,582,NA,4,117,582,6,0
EHAM,2023-09-30,640,0,0,517,NA,3,122,504,8,0
EHAM,2023-10-01,659,681,0,534,552,7,235,1079,16,0
EHAM,2023-10-02,729,728,0,598,599,24,240,1180,13,0
EHAM,2023-10-03,690,693,0,573,575,17,223,1124,17,0
EHAM,2023-10-04,730,734,0,603,607,11,240,1190,23,0
EHAM,2023-10-05,754,745,0,627,619,32,239,1216,12,0
EHAM,2023-10-06,739,746,0,611,617,28,230,1208,17,0
EHAM,2023-10-07,678,681,0,553,557,20,258,1068,12,0
EHAM,2023-10-08,728,722,0,599,594,14,233,1188,14,0
EHAM,2023-10-09,730,730,0,601,602,15,238,1186,19,0
EHAM,2023-10-10,700,696,0,580,583,18,210,1150,18,0
EHAM,2023-10-11,704,710,0,582,586,18,238,1145,13,0
EHAM,2023-10-12,729,724,0,600,598,10,238,1188,17,0
EHAM,2023-10-13,716,730,0,589,601,16,231,1187,12,0
EHAM,2023-10-14,678,672,0,558,549,18,252,1067,11,0
EHAM,2023-10-15,725,728,0,593,598,12,237,1181,19,0
EHAM,2023-10-16,741,731,0,614,609,18,232,1199,23,0
EHAM,2023-10-17,707,708,0,588,589,20,221,1150,22,0
EHAM,2023-10-18,719,721,0,590,600,16,241,1165,18,0
EHAM,2023-10-19,716,719,0,599,597,22,243,1157,13,0
EHAM,2023-10-20,697,691,0,564,563,5,238,1122,23,0
EHAM,2023-10-21,660,670,0,538,544,13,252,1049,14,0
EHAM,2023-10-22,731,729,0,599,601,11,237,1184,24,0
EHAM,2023-10-23,641,658,0,517,538,1,232,1045,19,0
EHAM,2023-10-24,687,680,0,569,568,22,221,1112,12,0
EHAM,2023-10-25,696,701,0,571,576,15,238,1131,13,0
EHAM,2023-10-26,661,660,0,536,536,8,232,1064,17,0
EHAM,2023-10-27,704,701,0,577,575,13,228,1156,8,0
EHAM,2023-10-28,653,655,0,530,529,8,251,1031,14,0
EHAM,2023-10-29,678,683,0,559,559,14,228,1100,17,0
EHAM,2023-10-30,678,666,0,557,552,16,217,1092,19,0
EHAM,2023-10-31,611,610,0,497,504,16,206,992,7,0
EHAM,2023-11-01,521,612,0,423,500,15,194,908,16,0
EHAM,2023-11-02,453,434,0,338,324,5,197,673,12,0
EHAM,2023-11-03,634,650,0,518,529,11,210,1045,18,0
EHAM,2023-11-04,563,565,0,447,450,14,219,883,12,0
EHAM,2023-11-05,630,638,0,504,513,10,222,1021,15,0
EHAM,2023-11-06,648,639,0,527,528,16,211,1048,12,0
EHAM,2023-11-07,599,599,0,490,492,16,207,963,12,0
EHAM,2023-11-08,638,619,0,521,510,15,208,1017,17,0
EHAM,2023-11-09,658,675,0,540,551,25,214,1080,14,0
EHAM,2023-11-10,648,649,0,531,538,15,200,1070,12,0
EHAM,2023-11-11,571,581,0,455,464,16,217,911,8,0
EHAM,2023-11-12,638,624,0,516,504,8,214,1031,8,0
EHAM,2023-11-13,605,602,0,485,489,5,213,979,10,0
EHAM,2023-11-14,605,604,0,495,493,16,207,970,15,0
EHAM,2023-11-15,616,612,0,500,503,14,212,987,15,0
EHAM,2023-11-16,654,661,0,532,538,9,212,1082,12,0
EHAM,2023-11-17,659,654,0,541,543,9,206,1084,14,0
EHAM,2023-11-18,566,569,0,447,451,9,223,892,11,0
EHAM,2023-11-19,633,619,0,513,500,7,215,1018,12,0
EHAM,2023-11-20,636,650,0,521,536,15,211,1046,14,0
EHAM,2023-11-21,604,601,0,494,495,15,204,970,16,0
EHAM,2023-11-22,618,619,0,504,509,20,207,1003,7,0
EHAM,2023-11-23,661,664,0,539,543,23,217,1054,31,0
EHAM,2023-11-24,625,630,0,514,519,10,201,1033,11,0
EHAM,2023-11-25,566,564,0,443,445,10,223,894,3,0
EHAM,2023-11-26,645,647,0,525,526,13,213,1054,12,0
EHAM,2023-11-27,651,642,0,529,528,6,216,1062,9,0
EHAM,2023-11-28,595,604,0,483,495,18,206,964,11,0
EHAM,2023-11-29,328,328,0,237,269,9,144,494,9,0
EHAM,2023-11-30,597,582,0,489,463,16,208,944,11,0
EHAM,2023-12-01,585,625,0,469,513,21,211,961,17,0
EHAM,2023-12-02,531,531,0,410,413,14,231,810,7,0
EHAM,2023-12-03,556,552,0,438,435,10,208,876,14,0
EHAM,2023-12-04,573,587,0,456,476,12,211,927,10,0
EHAM,2023-12-05,584,583,0,473,478,6,203,954,4,0
EHAM,2023-12-06,622,621,0,512,516,23,204,1001,15,0
EHAM,2023-12-07,448,457,0,335,337,6,212,676,11,0
EHAM,2023-12-08,602,604,0,491,498,6,201,982,17,0
EHAM,2023-12-09,571,564,0,449,444,11,230,890,4,0
EHAM,2023-12-10,631,635,0,509,514,9,227,1021,9,0
EHAM,2023-12-11,617,610,0,499,501,13,218,978,18,0
EHAM,2023-12-12,615,604,0,504,497,8,204,993,14,0
EHAM,2023-12-13,628,625,0,514,515,6,207,1020,20,0
EHAM,2023-12-14,660,678,0,540,558,20,223,1082,13,0
EHAM,2023-12-15,661,667,0,550,557,14,202,1106,6,0
EHAM,2023-12-16,591,587,0,467,466,8,229,937,4,0
EHAM,2023-12-17,643,649,0,520,526,8,220,1059,5,0
EHAM,2023-12-18,668,664,0,543,551,20,215,1086,11,0
EHAM,2023-12-19,617,610,0,505,499,13,208,999,7,0
EHAM,2023-12-20,643,632,0,527,520,16,208,1038,13,0
EHAM,2023-12-21,490,465,0,368,338,12,224,711,8,0
EHAM,2023-12-22,568,601,0,441,481,10,230,912,17,0
EHAM,2023-12-23,560,578,0,440,455,18,237,873,10,0
EHAM,2023-12-24,586,580,0,459,456,9,227,920,10,0
EHAM,2023-12-25,544,538,0,423,425,10,209,859,4,0
EHAM,2023-12-26,617,613,0,503,502,11,208,989,22,0
EHAM,2023-12-27,630,635,0,511,520,12,214,1032,7,0
EHAM,2023-12-28,640,649,0,522,525,20,220,1040,9,0
EHAM,2023-12-29,653,642,0,534,531,12,207,1070,6,0
EHAM,2023-12-30,592,598,0,472,477,17,227,932,14,0
EHAM,2023-12-31,608,616,0,484,498,10,220,986,8,0
EHAM,2024-01-01,621,622,0,505,509,11,205,1022,5,0
EHAM,2024-01-02,601,586,0,490,475,12,206,960,9,0
EHAM,2024-01-03,628,634,0,507,516,18,216,1021,7,0
EHAM,2024-01-04,647,658,0,527,533,20,224,1054,7,0
EHAM,2024-01-05,668,662,0,544,545,15,219,1092,4,0
EHAM,2024-01-06,609,597,0,487,478,20,230,944,12,0
EHAM,2024-01-07,653,664,0,530,540,11,216,1075,15,0
EHAM,2024-01-08,623,619,0,502,505,14,215,1006,7,0
EHAM,2024-01-09,571,565,0,454,453,8,220,903,5,0
EHAM,2024-01-10,582,584,0,462,471,18,216,928,4,0
EHAM,2024-01-11,617,635,0,498,514,28,228,976,20,0
EHAM,2024-01-12,621,614,0,502,499,11,215,1006,3,0
EHAM,2024-01-13,537,530,0,415,409,14,235,809,9,0
EHAM,2024-01-14,608,608,0,484,485,12,225,969,10,0
EHAM,2024-01-15,530,516,0,403,409,20,212,798,16,0
EHAM,2024-01-16,501,507,0,391,398,18,208,772,10,0
EHAM,2024-01-17,551,558,0,437,444,21,214,860,14,0
EHAM,2024-01-18,598,611,0,478,490,15,238,940,16,0
EHAM,2024-01-19,629,621,0,511,509,14,213,1017,6,0
EHAM,2024-01-20,537,532,0,410,410,18,236,812,3,0
EHAM,2024-01-21,582,570,0,461,445,14,228,902,8,0
EHAM,2024-01-22,539,566,0,415,454,18,213,869,5,0
EHAM,2024-01-23,564,547,0,450,439,16,210,870,15,0
EHAM,2024-01-24,538,546,0,420,431,12,217,844,11,0
EHAM,2024-01-25,616,620,0,493,497,18,236,974,8,0
EHAM,2024-01-26,563,558,0,444,446,18,216,885,2,0
EHAM,2024-01-27,530,530,0,409,408,17,231,802,10,0
EHAM,2024-01-28,606,617,0,481,491,18,234,959,12,0
EHAM,2024-01-29,627,623,0,503,512,16,218,1005,11,0
EHAM,2024-01-30,561,558,0,451,453,17,206,885,11,0
EHAM,2024-01-31,593,575,0,480,468,20,209,926,13,0
EHAM,2024-02-01,611,622,0,490,504,18,222,978,15,0
EHAM,2024-02-02,636,644,0,517,528,13,217,1036,14,0
EHAM,2024-02-03,545,542,0,420,425,14,238,830,5,0
EHAM,2024-02-04,614,620,0,491,491,14,227,982,11,0
EHAM,2024-02-05,656,644,0,526,528,10,221,1054,15,0
EHAM,2024-02-06,571,578,0,454,470,26,219,900,4,0
EHAM,2024-02-07,607,599,0,489,487,21,218,957,10,0
EHAM,2024-02-08,646,662,0,523,539,12,229,1053,14,0
EHAM,2024-02-09,645,648,0,525,533,21,214,1047,11,0
EHAM,2024-02-10,579,570,0,450,449,21,236,885,7,0
EHAM,2024-02-11,631,630,0,505,509,11,214,1030,6,0
EHAM,2024-02-12,643,643,0,525,532,21,207,1052,6,0
EHAM,2024-02-13,596,595,0,480,487,19,207,951,14,0
EHAM,2024-02-14,624,620,0,511,505,8,211,1012,13,0
EHAM,2024-02-15,657,669,0,532,547,21,227,1066,12,0
EHAM,2024-02-16,683,661,0,561,541,13,217,1086,28,0
EHAM,2024-02-17,618,633,0,492,509,14,236,968,33,0
EHAM,2024-02-18,649,651,0,519,529,0,225,1064,11,0
EHAM,2024-02-19,654,656,0,532,539,14,211,1078,7,0
EHAM,2024-02-20,617,615,0,499,502,16,214,990,12,0
EHAM,2024-02-21,644,635,0,525,524,8,223,1039,9,0
EHAM,2024-02-22,643,637,0,521,511,9,231,1031,9,0
EHAM,2024-02-23,655,674,0,528,554,24,224,1074,7,0
EHAM,2024-02-24,624,609,0,499,485,14,235,961,23,0
EHAM,2024-02-25,672,678,0,543,551,17,231,1081,21,0
EHAM,2024-02-26,672,669,0,544,553,20,217,1096,8,0
EHAM,2024-02-27,618,613,0,499,503,18,213,986,14,0
EHAM,2024-02-28,631,641,0,512,523,23,222,1020,7,0
EHAM,2024-02-29,635,648,0,511,523,1,230,1042,10,0
EHAM,2024-03-01,668,664,0,545,550,22,221,1082,7,0
EHAM,2024-03-02,606,599,0,479,477,16,228,950,11,0
EHAM,2024-03-03,652,660,0,523,533,12,231,1060,9,0
EHAM,2024-03-04,665,666,0,542,550,15,216,1091,9,0
EHAM,2024-03-05,625,614,0,504,502,14,213,999,13,0
EHAM,2024-03-06,647,642,0,530,529,14,219,1041,15,0
EHAM,2024-03-07,672,674,0,543,545,26,232,1061,27,0
EHAM,2024-03-08,667,684,0,546,561,24,215,1085,27,0
EHAM,2024-03-09,607,598,0,479,476,13,233,947,12,0
EHAM,2024-03-10,657,660,0,532,535,11,221,1068,17,0
EHAM,2024-03-11,658,657,0,535,544,8,213,1089,5,0
EHAM,2024-03-12,612,615,0,497,503,19,205,994,9,0
EHAM,2024-03-13,640,634,0,525,521,18,211,1034,11,0
EHAM,2024-03-14,685,689,0,560,567,20,234,1100,20,0
EHAM,2024-03-15,679,681,0,560,564,24,212,1107,17,0
EHAM,2024-03-16,591,596,0,466,476,17,235,929,6,0
EHAM,2024-03-17,663,660,0,542,535,13,228,1064,18,0
EHAM,2024-03-18,680,676,0,557,561,18,220,1097,19,0
EHAM,2024-03-19,639,632,0,518,521,32,214,1011,14,0
EHAM,2024-03-20,655,657,0,537,543,25,222,1045,20,0
EHAM,2024-03-21,676,680,0,549,552,19,232,1086,19,0
EHAM,2024-03-22,665,668,0,546,550,15,217,1087,14,0
EHAM,2024-03-23,601,601,0,476,481,10,229,952,11,0
EHAM,2024-03-24,557,563,0,436,438,12,230,869,9,0
EHAM,2024-03-25,671,663,0,549,552,21,213,1085,15,0
EHAM,2024-03-26,625,617,0,504,506,10,212,1003,17,0
EHAM,2024-03-27,657,660,0,541,549,14,219,1064,20,0
EHAM,2024-03-28,667,676,0,542,551,22,236,1069,16,0
EHAM,2024-03-29,660,675,0,537,555,17,224,1081,13,0
EHAM,2024-03-30,585,576,0,464,455,15,226,915,5,0
EHAM,2024-03-31,665,660,0,538,536,16,230,1074,5,0
EHAM,2024-04-01,685,685,0,562,566,14,224,1117,15,0
EHAM,2024-04-02,686,676,0,571,569,19,212,1117,14,0
EHAM,2024-04-03,676,682,0,550,558,20,244,1086,8,0
EHAM,2024-04-04,673,671,0,555,558,26,227,1080,11,0
EHAM,2024-04-05,680,688,0,558,568,19,222,1110,15,0
EHAM,2024-04-06,644,644,0,517,521,16,246,1013,7,0
EHAM,2024-04-07,684,675,0,561,551,21,229,1085,18,0
EHAM,2024-04-08,707,707,0,575,586,24,234,1142,14,0
EHAM,2024-04-09,677,671,0,562,558,17,211,1098,22,0
EHAM,2024-04-10,697,696,0,570,577,21,237,1114,21,0
EHAM,2024-04-11,682,687,0,556,564,17,231,1111,10,0
EHAM,2024-04-12,700,705,0,582,585,18,225,1141,20,0
EHAM,2024-04-13,645,641,0,517,522,18,239,1017,12,0
EHAM,2024-04-14,672,669,0,553,547,16,223,1085,16,0
EHAM,2024-04-15,532,527,0,405,407,16,228,810,5,0
EHAM,2024-04-16,674,661,0,552,547,15,220,1084,16,0
EHAM,2024-04-17,688,698,0,566,575,19,232,1126,9,0
EHAM,2024-04-18,705,702,0,582,586,27,237,1133,10,0
EHAM,2024-04-19,699,709,0,586,593,21,210,1162,15,0
EHAM,2024-04-20,661,662,0,538,537,16,244,1048,9,0
EHAM,2024-04-21,686,687,0,562,562,13,239,1102,13,0
EHAM,2024-04-22,710,713,0,581,590,15,239,1145,24,0
EHAM,2024-04-23,688,685,0,574,578,16,215,1126,16,0
EHAM,2024-04-24,697,702,0,572,580,18,240,1123,18,0
EHAM,2024-04-25,706,697,0,584,583,22,233,1127,21,0
EHAM,2024-04-26,713,721,0,591,599,18,228,1173,15,0
EHAM,2024-04-27,673,669,0,546,545,14,258,1058,11,0
EHAM,2024-04-28,708,708,0,580,585,12,240,1147,16,0
EHAM,2024-04-29,732,737,0,604,612,18,237,1191,23,0
EHAM,2024-04-30,709,701,0,588,590,16,222,1164,8,0
EHAM,2024-05-01,695,695,0,571,575,18,237,1126,9,0
EHAM,2024-05-02,713,704,0,588,589,17,232,1160,8,0
EHAM,2024-05-03,709,727,0,586,600,16,234,1181,5,0
EHAM,2024-05-04,670,676,0,544,553,15,255,1057,13,0
EHAM,2024-05-05,723,712,0,599,589,15,239,1157,18,0
EHAM,2024-05-06,706,720,0,579,599,16,239,1155,16,0
EHAM,2024-05-07,715,712,0,591,594,18,233,1158,18,0
EHAM,2024-05-08,730,725,0,600,603,23,252,1166,14,0
EHAM,2024-05-09,716,713,0,591,596,14,231,1174,10,0
EHAM,2024-05-10,709,718,0,590,595,13,221,1181,12,0
EHAM,2024-05-11,675,675,0,550,551,17,256,1069,7,0
EHAM,2024-05-12,716,717,0,588,586,13,248,1157,15,0
EHAM,2024-05-13,743,740,0,612,616,18,241,1200,24,0
EHAM,2024-05-14,723,714,0,603,601,13,216,1186,21,0
EHAM,2024-05-15,727,729,0,599,604,23,243,1172,18,0
EHAM,2024-05-16,743,734,0,616,617,25,243,1183,26,0
EHAM,2024-05-17,705,739,0,585,617,15,220,1190,19,0
EHAM,2024-05-18,679,672,0,551,546,14,259,1061,11,0
EHAM,2024-05-19,698,697,0,573,573,13,235,1132,9,0
EHAM,2024-05-20,715,712,0,590,595,14,228,1162,23,0
EHAM,2024-05-21,698,683,0,580,569,13,212,1131,25,0
EHAM,2024-05-22,695,696,0,570,573,15,237,1115,24,0
EHAM,2024-05-23,729,718,0,603,603,18,237,1164,28,0
EHAM,2024-05-24,701,725,0,579,598,10,223,1176,15,0
EHAM,2024-05-25,677,667,0,549,545,13,258,1063,9,0
EHAM,2024-05-26,704,698,0,579,571,11,234,1141,15,0
EHAM,2024-05-27,741,734,0,608,611,16,244,1197,18,0
EHAM,2024-05-28,723,722,0,605,609,11,219,1191,24,0
EHAM,2024-05-29,717,725,0,591,600,13,244,1160,25,0
EHAM,2024-05-30,737,730,0,609,610,14,236,1190,26,0
EHAM,2024-05-31,715,741,0,593,616,13,224,1202,17,0
EHAM,2024-06-01,680,674,0,548,547,11,262,1067,14,0
EHAM,2024-06-02,710,699,0,583,576,12,234,1147,16,0
EHAM,2024-06-03,727,727,0,597,605,18,236,1181,19,0
EHAM,2024-06-04,720,720,0,600,602,18,225,1170,27,0
EHAM,2024-06-05,731,721,0,601,602,16,247,1169,20,0
EHAM,2024-06-06,732,731,0,606,609,13,240,1194,16,0
EHAM,2024-06-07,723,737,0,599,612,17,230,1199,14,0
EHAM,2024-06-08,678,681,0,550,558,13,259,1067,20,0
EHAM,2024-06-09,724,719,0,597,591,13,241,1161,28,0
EHAM,2024-06-10,727,726,0,595,605,12,241,1184,15,0
EHAM,2024-06-11,723,724,0,603,607,20,224,1194,9,0
EHAM,2024-06-12,721,719,0,594,597,17,244,1167,12,0
EHAM,2024-06-13,737,735,0,612,614,18,237,1202,15,0
EHAM,2024-06-14,735,738,0,610,618,13,237,1206,15,0
EHAM,2024-06-15,684,692,0,562,568,11,254,1084,21,0
EHAM,2024-06-16,723,724,0,595,598,15,248,1160,18,0
EHAM,2024-06-17,754,736,0,620,613,11,240,1209,29,0
EHAM,2024-06-18,717,722,0,597,608,14,224,1179,22,0
EHAM,2024-06-19,723,718,0,593,598,14,239,1175,13,0
EHAM,2024-06-20,735,744,0,611,621,14,233,1213,19,0
EHAM,2024-06-21,717,729,0,591,606,9,234,1188,13,0
EHAM,2024-06-22,674,687,0,549,557,13,256,1075,16,0
EHAM,2024-06-23,729,705,0,595,576,9,251,1149,24,0
EHAM,2024-06-24,735,732,0,599,603,19,246,1182,20,0
EHAM,2024-06-25,720,723,0,599,606,11,223,1184,25,0
EHAM,2024-06-26,716,712,0,588,589,12,246,1145,25,0
EHAM,2024-06-27,722,720,0,595,594,12,236,1173,21,0
EHAM,2024-06-28,698,708,0,569,582,9,233,1152,10,0
EHAM,2024-06-29,662,669,0,530,539,13,257,1041,16,0
EHAM,2024-06-30,716,704,0,584,580,9,244,1140,22,0
EHAM,2024-07-01,708,719,0,577,590,10,246,1164,7,0
EHAM,2024-07-02,705,702,0,580,577,4,237,1152,14,0
EHAM,2024-07-03,714,711,0,579,583,0,254,1154,15,0
EHAM,2024-07-04,723,723,0,589,592,1,252,1166,27,0
EHAM,2024-07-05,713,731,0,586,602,6,240,1174,22,0
EHAM,2024-07-06,654,654,0,518,521,10,271,1008,18,0
EHAM,2024-07-07,733,717,0,600,587,8,249,1171,21,0
EHAM,2024-07-08,716,723,0,586,595,14,240,1169,16,0
EHAM,2024-07-09,695,688,0,567,566,12,233,1122,16,0
EHAM,2024-07-10,712,720,0,585,597,15,241,1157,19,0
EHAM,2024-07-11,736,736,0,609,607,20,252,1184,16,0
EHAM,2024-07-12,700,715,0,570,587,17,244,1140,14,0
EHAM,2024-07-13,687,678,0,557,549,14,268,1065,12,0
EHAM,2024-07-14,730,727,0,600,594,17,251,1166,17,0
EHAM,2024-07-15,748,747,0,611,619,20,254,1201,16,0
EHAM,2024-07-16,724,714,0,593,591,17,239,1170,12,0
EHAM,2024-07-17,737,743,0,607,612,22,249,1185,24,0
EHAM,2024-07-18,741,744,0,607,615,25,258,1186,16,0
EHAM,2024-07-19,618,611,0,491,496,14,230,974,10,0
EHAM,2024-07-20,693,698,0,572,568,10,252,1099,30,0
EHAM,2024-07-21,705,718,0,576,587,6,247,1151,18,0
EHAM,2024-07-22,736,737,0,604,607,15,249,1196,13,0
EHAM,2024-07-23,736,715,0,604,592,15,239,1189,8,0
EHAM,2024-07-24,720,721,0,589,599,12,240,1179,10,0
EHAM,2024-07-25,733,740,0,608,610,15,246,1199,13,0
EHAM,2024-07-26,731,737,0,600,605,9,237,1201,21,0
EHAM,2024-07-27,688,695,0,558,562,12,269,1091,10,0
EHAM,2024-07-28,736,731,0,604,601,13,247,1190,16,0
EHAM,2024-07-29,738,738,0,605,612,15,250,1200,11,0
EHAM,2024-07-30,727,722,0,594,596,10,247,1182,10,0
EHAM,2024-07-31,723,732,0,591,605,11,253,1181,10,0
EHAM,2024-08-01,719,719,0,590,594,15,254,1159,10,0
EHAM,2024-08-02,736,735,0,609,608,17,238,1194,22,0
EHAM,2024-08-03,673,687,0,546,557,12,261,1075,11,0
EHAM,2024-08-04,728,716,0,598,591,10,245,1175,13,0
EHAM,2024-08-05,723,729,0,596,608,15,236,1188,13,0
EHAM,2024-08-06,730,722,0,595,592,11,257,1173,11,0
EHAM,2024-08-07,717,721,0,591,599,16,238,1173,11,0
EHAM,2024-08-08,727,734,0,596,605,15,255,1175,16,0
EHAM,2024-08-09,722,720,0,592,594,14,242,1180,6,0
EHAM,2024-08-10,687,689,0,558,557,9,268,1087,6,0
EHAM,2024-08-11,734,718,0,596,584,12,257,1164,19,0
EHAM,2024-08-12,719,733,0,587,605,12,251,1177,12,0
EHAM,2024-08-13,717,707,0,583,581,7,249,1159,9,0
EHAM,2024-08-14,729,729,0,593,600,12,257,1176,13,0
EHAM,2024-08-15,738,734,0,608,603,10,249,1194,19,0
EHAM,2024-08-16,720,729,0,591,603,8,240,1183,18,0
EHAM,2024-08-17,691,692,0,560,556,9,269,1087,17,0
EHAM,2024-08-18,722,723,0,587,589,12,257,1160,15,0
EHAM,2024-08-19,745,741,0,615,616,6,249,1215,16,0
EHAM,2024-08-20,723,728,0,594,602,17,242,1183,9,0
EHAM,2024-08-21,751,738,0,620,612,14,251,1203,21,0
EHAM,2024-08-22,769,763,0,636,630,26,251,1221,34,0
EHAM,2024-08-23,754,752,0,620,618,20,244,1225,17,0
EHAM,2024-08-24,685,698,0,554,567,16,268,1080,18,0
EHAM,2024-08-25,748,754,0,609,619,29,251,1194,27,0
EHAM,2024-08-26,746,750,0,612,618,21,253,1203,19,0
EHAM,2024-08-27,733,732,0,599,607,16,242,1191,16,0
EHAM,2024-08-28,747,735,0,611,610,13,252,1198,19,0
EHAM,2024-08-29,736,743,0,604,610,11,251,1191,26,0
EHAM,2024-08-30,737,739,0,604,610,13,244,1201,18,0
EHAM,2024-08-31,684,683,0,554,553,9,271,1068,19,0
EHAM,2024-09-01,729,730,0,593,601,12,254,1165,22,0
EHAM,2024-09-02,755,748,0,619,616,11,257,1214,21,0
EHAM,2024-09-03,737,741,0,604,612,12,245,1207,14,0
EHAM,2024-09-04,755,741,0,620,614,20,262,1195,19,0
EHAM,2024-09-05,715,726,0,583,601,8,247,1168,18,0
EHAM,2024-09-06,727,736,0,603,603,7,239,1201,14,0
EHAM,2024-09-07,686,684,0,553,559,16,270,1074,9,0
EHAM,2024-09-08,703,707,0,577,583,11,244,1141,13,0
EHAM,2024-09-09,745,734,0,610,604,15,246,1210,8,0
EHAM,2024-09-10,736,720,0,601,593,12,243,1194,7,0
EHAM,2024-09-11,721,727,0,591,604,10,253,1174,11,0
EHAM,2024-09-12,726,735,0,601,612,10,246,1189,16,0
EHAM,2024-09-13,742,741,0,615,615,20,239,1206,18,0
EHAM,2024-09-14,693,692,0,565,567,18,266,1086,9,0
EHAM,2024-09-15,725,726,0,602,603,12,237,1184,16,0
EHAM,2024-09-16,739,740,0,611,612,10,248,1208,13,0
EHAM,2024-09-17,734,733,0,610,609,14,242,1197,14,0
EHAM,2024-09-18,730,728,0,602,607,14,247,1179,18,0
EHAM,2024-09-19,747,742,0,621,617,22,243,1203,21,0
EHAM,2024-09-20,732,736,0,602,607,13,239,1203,13,0
EHAM,2024-09-21,692,697,0,567,571,17,261,1099,12,0
EHAM,2024-09-22,723,720,0,595,596,12,244,1171,16,0
EHAM,2024-09-23,740,737,0,606,612,14,247,1195,21,0
EHAM,2024-09-24,720,724,0,591,601,16,240,1178,10,0
EHAM,2024-09-25,747,736,0,618,609,14,251,1203,15,0
EHAM,2024-09-26,734,741,0,609,616,6,243,1209,17,0
EHAM,2024-09-27,706,718,0,577,589,10,241,1161,12,0
EHAM,2024-09-28,690,695,0,562,570,18,265,1083,11,0
EHAM,2024-09-29,750,736,0,620,611,18,244,1198,20,0
EHAM,2024-09-30,744,737,0,612,612,10,251,1203,15,0
EHAM,2024-10-01,696,705,0,571,583,12,234,1144,11,0
EHAM,2024-10-02,732,725,0,602,602,13,253,1184,5,0
EHAM,2024-10-03,732,740,0,608,620,15,239,1205,13,0
EHAM,2024-10-04,731,737,0,609,610,16,233,1196,21,0
EHAM,2024-10-05,693,693,0,566,563,12,265,1085,18,0
EHAM,2024-10-06,735,732,0,604,605,16,248,1177,20,0
EHAM,2024-10-07,736,730,0,606,607,19,247,1187,13,0
EHAM,2024-10-08,693,698,0,571,581,13,231,1134,13,0
EHAM,2024-10-09,733,723,0,600,597,10,263,1174,7,0
EHAM,2024-10-10,739,755,0,611,626,18,253,1208,15,0
EHAM,2024-10-11,729,733,0,602,605,13,243,1193,11,0
EHAM,2024-10-12,681,685,0,555,559,8,260,1080,12,0
EHAM,2024-10-13,702,693,0,575,565,6,241,1136,10,0
EHAM,2024-10-14,730,727,0,596,603,15,246,1183,13,0
EHAM,2024-10-15,702,692,0,581,575,5,235,1138,16,0
EHAM,2024-10-16,722,721,0,591,594,4,256,1167,14,0
EHAM,2024-10-17,722,722,0,596,599,6,253,1172,13,0
EHAM,2024-10-18,713,724,0,584,592,2,243,1177,15,0
EHAM,2024-10-19,676,685,0,546,553,4,266,1081,10,0
EHAM,2024-10-20,714,700,0,584,572,2,243,1153,16,0
EHAM,2024-10-21,719,724,0,588,598,4,245,1179,15,0
EHAM,2024-10-22,692,693,0,572,575,4,233,1141,7,0
EHAM,2024-10-23,672,668,0,545,546,6,251,1077,6,0
EHAM,2024-10-24,730,722,0,604,597,4,252,1175,21,0
EHAM,2024-10-25,728,740,0,597,614,4,242,1203,19,0
EHAM,2024-10-26,669,680,0,545,551,4,263,1075,7,0
EHAM,2024-10-27,678,674,0,554,551,4,234,1099,15,0
EHAM,2024-10-28,677,667,0,553,550,6,230,1096,12,0
EHAM,2024-10-29,645,635,0,527,526,10,226,1032,12,0
EHAM,2024-10-30,654,664,0,536,550,12,228,1058,20,0
EHAM,2024-10-31,666,659,0,542,538,8,238,1069,10,0
EHAM,2024-11-01,669,680,0,553,560,4,221,1112,12,0
EHAM,2024-11-02,638,629,0,512,504,13,241,998,15,0
EHAM,2024-11-03,690,679,0,569,556,8,226,1118,17,0
EHAM,2024-11-04,667,672,0,542,555,15,219,1091,14,0
EHAM,2024-11-05,631,633,0,509,518,16,224,1011,13,0
EHAM,2024-11-06,630,631,0,508,510,8,225,1015,13,0
EHAM,2024-11-07,663,668,0,539,547,4,220,1086,21,0
EHAM,2024-11-08,677,680,0,542,550,9,228,1102,18,0
EHAM,2024-11-09,596,587,0,469,459,4,236,928,15,0
EHAM,2024-11-10,648,657,0,529,533,12,223,1056,14,0
EHAM,2024-11-11,668,661,0,543,543,17,227,1072,13,0
EHAM,2024-11-12,630,624,0,507,508,12,223,1002,17,0
EHAM,2024-11-13,640,648,0,525,532,20,224,1021,23,0
EHAM,2024-11-14,666,668,0,538,545,20,228,1069,17,0
EHAM,2024-11-15,673,674,0,549,554,15,219,1101,12,0
EHAM,2024-11-16,594,596,0,463,466,11,240,932,7,0
EHAM,2024-11-17,655,655,0,534,533,17,222,1063,8,0
EHAM,2024-11-18,671,669,0,544,547,13,225,1090,12,0
EHAM,2024-11-19,632,622,0,512,512,24,214,1003,13,0
EHAM,2024-11-20,606,614,0,488,499,17,224,958,21,0
EHAM,2024-11-21,648,643,0,524,520,16,225,1035,15,0
EHAM,2024-11-22,622,636,0,502,518,14,215,1021,8,0
EHAM,2024-11-23,578,578,0,453,455,8,229,914,5,0
EHAM,2024-11-24,640,634,0,520,519,14,220,1024,16,0
EHAM,2024-11-25,653,651,0,531,532,17,220,1057,10,0
EHAM,2024-11-26,608,607,0,490,497,15,214,979,7,0
EHAM,2024-11-27,564,558,0,450,439,5,222,886,9,0
EHAM,2024-11-28,648,662,0,526,544,16,222,1053,19,0
EHAM,2024-11-29,655,661,0,536,543,19,211,1072,14,0
EHAM,2024-11-30,592,580,0,468,457,15,230,918,9,0
EHAM,2024-12-01,646,642,0,528,525,12,224,1040,12,0
EHAM,2024-12-02,653,658,0,533,539,16,220,1064,11,0
EHAM,2024-12-03,620,620,0,496,504,16,222,994,8,0
EHAM,2024-12-04,640,644,0,522,521,16,223,1028,17,0
EHAM,2024-12-05,652,634,0,526,514,2,232,1036,16,0
EHAM,2024-12-06,538,553,0,420,439,14,212,860,5,0
EHAM,2024-12-07,581,569,0,456,445,12,230,904,4,0
EHAM,2024-12-08,628,643,0,513,521,10,220,1033,8,0
EHAM,2024-12-09,663,651,0,538,536,23,219,1064,8,0
EHAM,2024-12-10,631,636,0,513,524,14,218,1016,19,0
EHAM,2024-12-11,641,641,0,522,522,14,221,1028,19,0
EHAM,2024-12-12,650,653,0,526,532,3,228,1058,14,0
EHAM,2024-12-13,653,653,0,535,532,5,220,1063,18,0
EHAM,2024-12-14,594,594,0,471,470,10,235,930,13,0
EHAM,2024-12-15,644,654,0,525,531,6,230,1042,20,0
EHAM,2024-12-16,655,656,0,532,539,20,221,1051,19,0
EHAM,2024-12-17,629,632,0,509,515,11,220,1021,9,0
EHAM,2024-12-18,651,644,0,527,525,14,230,1044,6,0
EHAM,2024-12-19,668,662,0,539,535,10,236,1077,7,0
EHAM,2024-12-20,689,679,0,569,561,12,216,1118,22,0
EHAM,2024-12-21,621,631,0,491,500,9,248,978,17,0
EHAM,2024-12-22,656,656,0,537,539,13,218,1071,10,0
EHAM,2024-12-23,652,648,0,526,528,13,225,1053,9,0
EHAM,2024-12-24,586,582,0,469,469,2,205,957,4,0
EHAM,2024-12-25,524,521,0,411,408,0,213,826,6,0
EHAM,2024-12-26,616,634,0,491,506,0,224,1018,8,0
EHAM,2024-12-27,619,605,0,498,485,0,212,1000,12,0
EHAM,2024-12-28,576,589,0,453,460,0,231,928,6,0
EHAM,2024-12-29,630,633,0,508,515,2,224,1021,16,0
EHAM,2024-12-30,641,637,0,515,518,7,219,1048,4,0
EHAM,2024-12-31,590,590,0,470,474,7,215,952,6,0
LEBL,2022-01-01,249,251,0,233,230,0,36,455,9,0
LEBL,2022-01-02,389,390,0,365,367,0,31,734,14,0
LEBL,2022-01-03,372,371,0,353,350,0,38,702,3,0
LEBL,2022-01-04,292,294,0,277,276,0,28,548,10,0
LEBL,2022-01-05,306,309,0,284,288,0,38,564,13,0
LEBL,2022-01-06,293,296,0,276,277,0,27,553,9,0
LEBL,2022-01-07,342,345,0,321,327,0,36,649,2,0
LEBL,2022-01-08,273,275,0,254,248,0,38,499,11,0
LEBL,2022-01-09,358,362,0,334,340,0,31,681,8,0
LEBL,2022-01-10,285,279,0,266,259,0,36,520,8,0
LEBL,2022-01-11,172,171,0,156,155,0,31,303,9,0
LEBL,2022-01-12,218,215,0,199,194,0,29,394,10,0
LEBL,2022-01-13,178,180,0,163,165,0,27,325,6,0
LEBL,2022-01-14,257,261,0,242,245,0,33,478,7,0
LEBL,2022-01-15,181,183,0,164,160,0,36,322,6,0
LEBL,2022-01-16,269,270,0,246,248,0,31,496,12,0
LEBL,2022-01-17,222,231,0,207,214,0,32,415,6,0
LEBL,2022-01-18,172,170,0,160,156,0,27,307,8,0
LEBL,2022-01-19,196,198,0,179,180,0,33,357,4,0
LEBL,2022-01-20,198,198,0,183,181,0,25,363,8,0
LEBL,2022-01-21,256,261,0,239,244,0,35,473,9,0
LEBL,2022-01-22,180,178,0,162,157,0,28,323,7,0
LEBL,2022-01-23,271,271,0,250,248,0,35,501,6,0
LEBL,2022-01-24,231,236,0,212,217,0,33,424,10,0
LEBL,2022-01-25,166,162,0,152,147,0,28,291,9,0
LEBL,2022-01-26,208,206,0,188,189,0,33,374,7,0
LEBL,2022-01-27,200,204,0,184,186,0,27,366,11,0
LEBL,2022-01-28,264,273,0,245,251,0,41,484,12,0
LEBL,2022-01-29,173,179,0,156,159,0,29,316,7,0
LEBL,2022-01-30,271,271,0,251,247,0,27,513,2,0
LEBL,2022-01-31,239,244,0,223,225,0,38,432,13,0
LEBL,2022-02-01,217,216,0,199,196,0,29,396,8,0
LEBL,2022-02-02,229,228,0,210,211,0,37,414,6,0
LEBL,2022-02-03,248,255,0,232,237,0,25,469,9,0
LEBL,2022-02-04,293,290,0,273,270,0,40,535,8,0
LEBL,2022-02-05,199,205,0,182,182,0,31,370,3,0
LEBL,2022-02-06,307,305,0,283,284,0,30,575,7,0
LEBL,2022-02-07,289,299,0,265,276,0,34,536,18,0
LEBL,2022-02-08,215,214,0,194,193,0,25,402,2,0
LEBL,2022-02-09,163,152,0,148,143,0,24,283,8,0
LEBL,2022-02-10,256,255,0,237,235,0,21,480,10,0
LEBL,2022-02-11,314,314,0,290,289,0,35,582,11,0
LEBL,2022-02-12,234,231,0,211,207,0,31,426,8,0
LEBL,2022-02-13,310,314,0,284,288,0,34,583,7,0
LEBL,2022-02-14,300,314,0,275,288,0,36,567,11,0
LEBL,2022-02-15,230,228,0,210,208,0,27,420,11,0
LEBL,2022-02-16,255,257,0,231,235,0,35,471,6,0
LEBL,2022-02-17,252,255,0,233,236,0,23,466,18,0
LEBL,2022-02-18,296,298,0,272,276,0,33,550,11,0
LEBL,2022-02-19,241,230,0,217,202,0,32,422,17,0
LEBL,2022-02-20,315,322,0,286,294,0,29,597,11,0
LEBL,2022-02-21,304,303,0,279,278,0,38,563,6,0
LEBL,2022-02-22,216,218,0,197,197,0,25,401,8,0
LEBL,2022-02-23,257,257,0,233,235,0,37,467,10,0
LEBL,2022-02-24,276,276,0,255,256,0,24,505,23,0
LEBL,2022-02-25,339,339,0,313,313,0,37,624,17,0
LEBL,2022-02-26,260,258,0,230,227,0,39,459,20,0
LEBL,2022-02-27,335,327,0,300,298,0,43,611,8,0
LEBL,2022-02-28,320,333,0,291,306,0,37,597,19,0
LEBL,2022-03-01,273,272,0,252,248,0,26,503,16,0
LEBL,2022-03-02,301,312,0,277,283,0,42,551,20,0
LEBL,2022-03-03,324,327,0,296,300,0,29,607,15,0
LEBL,2022-03-04,343,348,0,321,326,0,38,649,4,0
LEBL,2022-03-05,261,252,0,234,223,0,37,467,9,0
LEBL,2022-03-06,352,358,0,322,330,0,36,661,13,0
LEBL,2022-03-07,336,343,0,308,316,0,43,633,3,0
LEBL,2022-03-08,260,267,0,240,240,0,29,489,9,0
LEBL,2022-03-09,291,290,0,267,268,0,42,525,14,0
LEBL,2022-03-10,315,308,0,291,286,0,28,581,14,0
LEBL,2022-03-11,353,360,0,328,332,0,40,657,16,0
LEBL,2022-03-12,255,255,0,229,224,0,40,466,4,0
LEBL,2022-03-13,352,352,0,319,324,0,40,658,6,0
LEBL,2022-03-14,346,359,0,318,333,0,43,653,9,0
LEBL,2022-03-15,274,277,0,254,253,0,26,510,15,0
LEBL,2022-03-16,302,290,0,274,268,0,44,538,10,0
LEBL,2022-03-17,313,319,0,289,294,0,28,595,9,0
LEBL,2022-03-18,365,363,0,339,338,0,40,675,13,0
LEBL,2022-03-19,262,268,0,235,236,0,36,484,10,0
LEBL,2022-03-20,360,357,0,330,330,0,37,671,9,0
LEBL,2022-03-21,341,351,0,317,326,0,39,643,10,0
LEBL,2022-03-22,273,275,0,247,247,0,33,509,6,0
LEBL,2022-03-23,304,305,0,280,284,0,41,558,10,0
LEBL,2022-03-24,325,322,0,301,299,0,26,603,18,0
LEBL,2022-03-25,359,370,0,331,342,0,38,677,14,0
LEBL,2022-03-26,268,266,0,241,235,0,35,494,5,0
LEBL,2022-03-27,377,379,0,346,344,0,38,710,8,0
LEBL,2022-03-28,379,382,0,348,351,0,38,713,10,0
LEBL,2022-03-29,305,311,0,276,282,0,33,577,6,0
LEBL,2022-03-30,338,340,0,314,313,0,40,622,16,0
LEBL,2022-03-31,356,363,0,329,335,0,36,664,19,0
LEBL,2022-04-01,427,422,0,398,395,0,43,797,9,0
LEBL,2022-04-02,351,357,0,321,323,0,42,654,12,0
LEBL,2022-04-03,409,407,0,369,373,0,45,769,2,0
LEBL,2022-04-04,403,419,0,377,389,0,39,770,13,0
LEBL,2022-04-05,372,375,0,345,350,0,39,690,18,0
LEBL,2022-04-06,401,399,0,372,369,0,46,741,13,0
LEBL,2022-04-07,410,409,0,380,380,0,35,771,13,0
LEBL,2022-04-08,437,436,0,407,407,0,49,812,12,0
LEBL,2022-04-09,361,369,0,329,335,0,43,677,10,0
LEBL,2022-04-10,432,437,0,392,400,0,48,809,12,0
LEBL,2022-04-11,432,438,0,394,401,0,44,815,11,0
LEBL,2022-04-12,414,407,0,383,378,0,38,767,16,0
LEBL,2022-04-13,439,443,0,408,412,0,48,819,15,0
LEBL,2022-04-14,456,438,0,421,405,0,35,845,14,0
LEBL,2022-04-15,440,450,0,410,421,0,40,837,13,0
LEBL,2022-04-16,382,378,0,351,343,0,41,708,11,0
LEBL,2022-04-17,414,412,0,377,377,0,47,772,7,0
LEBL,2022-04-18,432,447,0,393,404,0,44,823,12,0
LEBL,2022-04-19,402,408,0,369,379,0,40,756,14,0
LEBL,2022-04-20,384,400,0,357,371,0,45,726,13,0
LEBL,2022-04-21,421,416,0,390,386,0,37,787,13,0
LEBL,2022-04-22,432,428,0,404,401,0,43,807,10,0
LEBL,2022-04-23,349,351,0,319,318,0,41,654,5,0
LEBL,2022-04-24,420,416,0,382,383,0,41,789,6,0
LEBL,2022-04-25,424,432,0,395,396,0,41,799,16,0
LEBL,2022-04-26,379,382,0,349,355,0,36,707,18,0
LEBL,2022-04-27,392,397,0,366,368,0,48,727,14,0
LEBL,2022-04-28,415,413,0,383,386,0,33,781,14,0
LEBL,2022-04-29,433,431,0,405,404,0,43,809,12,0
LEBL,2022-04-30,356,355,0,325,321,0,43,662,6,0
LEBL,2022-05-01,426,428,0,388,390,0,48,797,9,0
LEBL,2022-05-02,431,440,0,398,403,0,48,812,11,0
LEBL,2022-05-03,395,395,0,362,365,0,44,737,9,0
LEBL,2022-05-04,414,416,0,379,383,0,48,765,17,0
LEBL,2022-05-05,437,438,0,404,406,0,43,827,5,0
LEBL,2022-05-06,449,452,0,420,422,0,46,839,16,0
LEBL,2022-05-07,377,381,0,342,341,0,48,703,7,0
LEBL,2022-05-08,433,430,0,388,390,0,51,801,11,0
LEBL,2022-05-09,437,447,0,400,408,0,50,826,8,0
LEBL,2022-05-10,395,398,0,363,368,0,47,731,15,0
LEBL,2022-05-11,416,424,0,385,392,0,50,772,18,0
LEBL,2022-05-12,450,445,0,412,408,0,41,827,27,0
LEBL,2022-05-13,439,442,0,410,412,0,46,826,9,0
LEBL,2022-05-14,384,383,0,348,344,0,54,702,11,0
LEBL,2022-05-15,440,431,0,393,389,0,51,808,12,0
LEBL,2022-05-16,432,443,0,396,404,0,53,817,5,0
LEBL,2022-05-17,389,392,0,354,361,0,41,734,6,0
LEBL,2022-05-18,423,417,0,389,384,0,51,770,19,0
LEBL,2022-05-19,462,447,0,423,413,0,48,830,31,0
LEBL,2022-05-20,469,463,0,441,437,0,48,858,26,0
LEBL,2022-05-21,398,394,0,363,353,0,53,719,20,0
LEBL,2022-05-22,455,470,0,415,432,0,54,844,27,0
LEBL,2022-05-23,456,476,0,420,436,0,52,846,34,0
LEBL,2022-05-24,400,418,0,368,386,0,45,753,20,0
LEBL,2022-05-25,429,429,0,395,394,0,53,793,12,0
LEBL,2022-05-26,439,441,0,404,408,0,45,816,19,0
LEBL,2022-05-27,450,444,0,418,415,0,47,831,16,0
LEBL,2022-05-28,382,391,0,345,351,0,52,707,14,0
LEBL,2022-05-29,433,431,0,388,389,0,53,798,13,0
LEBL,2022-05-30,446,454,0,410,415,0,52,834,14,0
LEBL,2022-05-31,406,413,0,371,381,0,50,758,11,0
LEBL,2022-06-01,434,430,0,402,398,0,51,797,16,0
LEBL,2022-06-02,457,450,0,419,414,0,47,846,14,0
LEBL,2022-06-03,449,456,0,418,423,0,49,843,13,0
LEBL,2022-06-04,388,387,0,352,346,0,53,716,6,0
LEBL,2022-06-05,440,441,0,397,402,0,54,815,12,0
LEBL,2022-06-06,448,455,0,411,413,0,53,839,11,0
LEBL,2022-06-07,424,413,0,387,380,0,50,776,11,0
LEBL,2022-06-08,432,431,0,395,396,0,54,800,9,0
LEBL,2022-06-09,458,449,0,419,412,0,52,831,24,0
LEBL,2022-06-10,468,474,0,431,440,0,52,872,18,0
LEBL,2022-06-11,397,405,0,357,360,0,58,721,23,0
LEBL,2022-06-12,443,459,0,397,415,0,56,833,13,0
LEBL,2022-06-13,447,453,0,406,412,0,53,833,14,0
LEBL,2022-06-14,411,412,0,374,379,0,49,764,10,0
LEBL,2022-06-15,413,425,0,380,388,0,53,769,16,0
LEBL,2022-06-16,449,445,0,411,407,0,48,828,18,0
LEBL,2022-06-17,462,470,0,429,436,0,52,864,16,0
LEBL,2022-06-18,414,408,0,372,363,0,57,740,25,0
LEBL,2022-06-19,472,474,0,425,429,0,55,869,22,0
LEBL,2022-06-20,470,477,0,432,436,0,52,871,24,0
LEBL,2022-06-21,446,437,0,405,400,0,47,823,13,0
LEBL,2022-06-22,440,445,0,403,403,0,56,812,17,0
LEBL,2022-06-23,463,459,0,426,423,0,45,860,17,0
LEBL,2022-06-24,456,460,0,418,426,0,53,852,11,0
LEBL,2022-06-25,379,381,0,338,335,1,58,689,12,0
LEBL,2022-06-26,452,455,0,405,410,1,57,824,25,0
LEBL,2022-06-27,456,462,0,415,420,0,55,858,5,0
LEBL,2022-06-28,437,434,0,396,396,0,49,811,11,0
LEBL,2022-06-29,447,439,0,408,397,0,55,811,20,0
LEBL,2022-06-30,446,469,0,406,425,0,52,845,18,0
LEBL,2022-07-01,472,464,0,432,426,0,55,865,16,0
LEBL,2022-07-02,407,403,0,362,354,0,61,738,11,0
LEBL,2022-07-03,464,464,0,415,416,0,57,852,19,0
LEBL,2022-07-04,467,484,0,427,438,0,57,877,17,0
LEBL,2022-07-05,453,456,0,409,414,2,62,823,22,0
LEBL,2022-07-06,451,460,0,414,423,0,59,822,30,0
LEBL,2022-07-07,464,463,0,420,421,0,56,851,20,0
LEBL,2022-07-08,478,483,0,442,446,0,58,884,19,0
LEBL,2022-07-09,413,412,0,366,361,0,60,753,12,0
LEBL,2022-07-10,470,469,0,420,424,0,54,866,19,0
LEBL,2022-07-11,465,482,0,424,438,0,60,875,12,0
LEBL,2022-07-12,425,430,0,382,389,0,61,780,14,0
LEBL,2022-07-13,451,444,0,413,405,0,62,818,15,0
LEBL,2022-07-14,458,467,0,417,427,0,59,852,14,0
LEBL,2022-07-15,475,472,0,438,435,0,60,868,19,0
LEBL,2022-07-16,417,423,0,372,373,0,63,762,15,0
LEBL,2022-07-17,443,439,0,393,395,0,57,816,9,0
LEBL,2022-07-18,471,478,0,430,436,0,61,870,18,0
LEBL,2022-07-19,433,437,0,390,397,0,62,790,18,0
LEBL,2022-07-20,451,452,0,414,414,0,59,832,12,0
LEBL,2022-07-21,462,462,0,416,420,0,59,847,18,0
LEBL,2022-07-22,458,465,0,423,427,0,57,854,12,0
LEBL,2022-07-23,418,421,0,371,371,0,66,759,14,0
LEBL,2022-07-24,458,457,0,409,409,0,57,846,12,0
LEBL,2022-07-25,465,472,0,421,427,0,62,861,14,0
LEBL,2022-07-26,437,436,0,393,394,0,66,794,13,0
LEBL,2022-07-27,432,432,0,393,390,0,58,799,7,0
LEBL,2022-07-28,456,466,0,411,421,0,58,847,17,0
LEBL,2022-07-29,475,474,0,439,436,0,56,876,17,0
LEBL,2022-07-30,410,413,0,365,364,0,63,750,10,0
LEBL,2022-07-31,470,470,0,418,422,0,59,856,25,0
LEBL,2022-08-01,477,474,0,433,427,0,61,876,14,0
LEBL,2022-08-02,437,442,0,393,397,0,62,805,12,0
LEBL,2022-08-03,448,442,0,411,408,0,57,818,15,0
LEBL,2022-08-04,450,452,0,409,411,0,58,832,12,0
LEBL,2022-08-05,458,468,0,419,433,0,56,857,13,0
LEBL,2022-08-06,420,423,0,379,373,0,63,766,14,0
LEBL,2022-08-07,467,465,0,417,419,0,59,859,14,0
LEBL,2022-08-08,465,476,0,421,430,0,63,857,21,0
LEBL,2022-08-09,443,435,0,398,394,0,59,808,11,0
LEBL,2022-08-10,446,445,0,408,406,0,62,813,16,0
LEBL,2022-08-11,451,455,0,408,413,0,59,828,19,0
LEBL,2022-08-12,462,469,0,423,431,0,57,857,17,0
LEBL,2022-08-13,408,411,0,368,363,0,66,739,14,0
LEBL,2022-08-14,462,463,0,411,415,0,59,854,12,0
LEBL,2022-08-15,452,456,0,409,412,0,56,841,11,0
LEBL,2022-08-16,426,430,0,384,389,0,58,793,5,0
LEBL,2022-08-17,374,378,0,342,343,0,55,687,10,0
LEBL,2022-08-18,455,453,0,413,409,0,56,845,7,0
LEBL,2022-08-19,473,470,0,432,433,0,55,869,19,0
LEBL,2022-08-20,394,403,0,355,357,0,60,728,9,0
LEBL,2022-08-21,469,460,0,417,411,0,61,857,11,0
LEBL,2022-08-22,463,468,0,420,424,0,62,847,22,0
LEBL,2022-08-23,429,436,0,388,395,0,56,800,9,0
LEBL,2022-08-24,436,429,0,399,392,0,59,799,7,0
LEBL,2022-08-25,451,458,0,408,415,0,63,829,17,0
LEBL,2022-08-26,473,466,0,430,432,0,57,865,17,0
LEBL,2022-08-27,400,415,0,362,367,0,62,748,5,0
LEBL,2022-08-28,462,459,0,411,412,0,57,852,12,0
LEBL,2022-08-29,454,452,0,410,408,0,59,840,7,0
LEBL,2022-08-30,431,430,0,389,387,0,56,795,10,0
LEBL,2022-08-31,411,419,0,377,385,0,57,770,3,0
LEBL,2022-09-01,471,466,0,428,425,0,54,874,9,0
LEBL,2022-09-02,466,479,0,424,439,0,60,865,20,0
LEBL,2022-09-03,405,401,0,364,358,0,60,743,3,0
LEBL,2022-09-04,463,463,0,412,415,0,55,865,6,0
LEBL,2022-09-05,467,468,0,423,424,0,56,873,6,0
LEBL,2022-09-06,451,446,0,408,402,0,54,829,14,0
LEBL,2022-09-07,441,446,0,402,404,0,58,815,14,0
LEBL,2022-09-08,470,472,0,428,431,0,51,884,7,0
LEBL,2022-09-09,478,475,0,436,437,0,57,890,6,0
LEBL,2022-09-10,411,420,0,372,373,0,63,749,19,0
LEBL,2022-09-11,466,467,0,417,423,0,55,868,10,0
LEBL,2022-09-12,464,461,0,423,418,0,59,851,15,0
LEBL,2022-09-13,425,438,0,384,396,0,57,794,12,0
LEBL,2022-09-14,446,440,0,405,399,0,62,813,11,0
LEBL,2022-09-15,466,468,0,426,430,0,54,863,17,0
LEBL,2022-09-16,420,423,0,376,385,0,57,771,15,0
LEBL,2022-09-17,405,406,0,365,364,0,64,729,18,0
LEBL,2022-09-18,452,456,0,405,413,0,56,840,12,0
LEBL,2022-09-19,459,462,0,417,418,0,56,853,12,0
LEBL,2022-09-20,434,434,0,392,394,0,53,806,9,0
LEBL,2022-09-21,433,443,0,395,405,0,59,799,18,0
LEBL,2022-09-22,4,0,0,2,NA,0,1,3,0,0
LEBL,2022-09-23,483,480,0,443,441,0,58,889,16,0
LEBL,2022-09-24,395,408,0,354,361,0,62,733,8,0
LEBL,2022-09-25,447,450,0,403,408,0,56,830,11,0
LEBL,2022-09-26,474,482,0,437,439,0,52,883,21,0
LEBL,2022-09-27,433,436,0,393,399,0,56,802,11,0
LEBL,2022-09-28,445,440,0,408,400,0,61,807,17,0
LEBL,2022-09-29,434,430,0,398,393,0,51,800,13,0
LEBL,2022-09-30,486,472,0,444,431,0,61,888,9,0
LEBL,2022-10-01,400,411,0,355,367,0,66,736,9,0
LEBL,2022-10-02,461,455,0,415,415,0,53,843,19,0
LEBL,2022-10-03,465,479,0,424,437,0,55,870,19,0
LEBL,2022-10-04,438,432,0,398,393,0,60,793,17,0
LEBL,2022-10-05,422,440,0,389,403,0,61,786,15,0
LEBL,2022-10-06,444,439,0,407,403,0,50,826,7,0
LEBL,2022-10-07,468,473,0,429,437,0,62,869,10,0
LEBL,2022-10-08,395,397,0,354,357,0,63,718,11,0
LEBL,2022-10-09,452,450,0,409,409,0,52,845,5,0
LEBL,2022-10-10,453,457,0,415,417,0,54,846,10,0
LEBL,2022-10-11,424,431,0,387,395,0,56,791,8,0
LEBL,2022-10-12,429,431,0,393,388,0,56,793,11,0
LEBL,2022-10-13,452,452,0,415,416,0,51,839,14,0
LEBL,2022-10-14,476,472,0,437,437,0,55,874,19,0
LEBL,2022-10-15,399,403,0,358,361,0,60,727,15,0
LEBL,2022-10-16,455,453,0,409,410,0,53,838,17,0
LEBL,2022-10-17,456,462,0,416,420,0,58,843,17,0
LEBL,2022-10-18,428,419,0,389,383,0,56,783,8,0
LEBL,2022-10-19,432,435,0,396,399,0,57,800,10,0
LEBL,2022-10-20,445,455,0,409,415,0,53,834,13,0
LEBL,2022-10-21,441,438,0,402,398,0,58,815,6,0
LEBL,2022-10-22,392,392,0,352,351,0,62,714,8,0
LEBL,2022-10-23,446,439,0,403,398,0,50,832,3,0
LEBL,2022-10-24,470,474,0,423,429,0,57,878,9,0
LEBL,2022-10-25,429,417,0,390,381,0,60,781,5,0
LEBL,2022-10-26,435,437,0,397,399,0,61,797,14,0
LEBL,2022-10-27,462,472,0,424,430,0,53,870,11,0
LEBL,2022-10-28,478,475,0,439,438,0,57,888,8,0
LEBL,2022-10-29,397,410,0,356,363,0,57,738,12,0
LEBL,2022-10-30,392,402,0,357,362,0,39,752,3,0
LEBL,2022-10-31,414,421,0,384,389,0,42,784,9,0
LEBL,2022-11-01,363,346,0,331,315,0,43,655,11,0
LEBL,2022-11-02,359,368,0,329,339,0,40,678,9,0
LEBL,2022-11-03,379,382,0,349,351,0,40,712,9,0
LEBL,2022-11-04,389,389,0,357,357,0,45,724,9,0
LEBL,2022-11-05,343,350,0,312,316,0,45,637,11,0
LEBL,2022-11-06,366,368,0,331,335,0,36,691,7,0
LEBL,2022-11-07,388,390,0,355,358,0,44,716,18,0
LEBL,2022-11-08,355,350,0,324,321,0,45,645,15,0
LEBL,2022-11-09,356,361,0,325,328,0,43,660,14,0
LEBL,2022-11-10,375,377,0,346,347,0,43,694,15,0
LEBL,2022-11-11,385,395,0,353,363,0,45,728,7,0
LEBL,2022-11-12,347,339,0,314,306,0,46,631,9,0
LEBL,2022-11-13,366,363,0,334,331,0,35,681,13,0
LEBL,2022-11-14,376,381,0,345,347,0,45,703,9,0
LEBL,2022-11-15,348,347,0,320,320,0,43,645,7,0
LEBL,2022-11-16,354,354,0,322,321,0,44,652,12,0
LEBL,2022-11-17,358,369,0,327,338,0,41,677,9,0
LEBL,2022-11-18,400,391,0,363,352,0,45,737,9,0
LEBL,2022-11-19,333,340,0,299,305,0,45,624,4,0
LEBL,2022-11-20,362,367,0,328,334,0,36,687,6,0
LEBL,2022-11-21,378,376,0,345,340,0,42,697,15,0
LEBL,2022-11-22,323,327,0,295,299,0,45,594,11,0
LEBL,2022-11-23,345,345,0,311,314,0,43,639,8,0
LEBL,2022-11-24,361,357,0,328,325,0,40,664,14,0
LEBL,2022-11-25,379,383,0,347,352,0,44,715,3,0
LEBL,2022-11-26,331,329,0,300,296,0,43,610,7,0
LEBL,2022-11-27,359,365,0,320,330,0,37,680,7,0
LEBL,2022-11-28,361,364,0,331,332,0,43,675,7,0
LEBL,2022-11-29,332,333,0,307,306,0,42,606,17,0
LEBL,2022-11-30,329,335,0,298,305,0,43,607,14,0
LEBL,2022-12-01,356,355,0,322,324,0,41,657,13,0
LEBL,2022-12-02,399,403,0,360,366,0,45,743,14,0
LEBL,2022-12-03,353,359,0,322,320,0,46,656,10,0
LEBL,2022-12-04,353,357,0,317,322,0,40,664,6,0
LEBL,2022-12-05,343,356,0,312,323,0,44,648,7,0
LEBL,2022-12-06,336,338,0,307,309,0,44,620,10,0
LEBL,2022-12-07,362,362,0,330,331,0,41,672,11,0
LEBL,2022-12-08,351,350,0,322,320,0,37,656,8,0
LEBL,2022-12-09,364,362,0,328,327,0,49,664,13,0
LEBL,2022-12-10,346,353,0,311,315,0,49,647,3,0
LEBL,2022-12-11,377,365,0,333,326,0,42,693,7,0
LEBL,2022-12-12,350,357,0,316,325,0,39,662,6,0
LEBL,2022-12-13,323,325,0,293,294,0,48,594,6,0
LEBL,2022-12-14,329,333,0,297,300,0,45,603,14,0
LEBL,2022-12-15,350,347,0,319,315,0,39,652,6,0
LEBL,2022-12-16,378,375,0,342,341,0,49,695,9,0
LEBL,2022-12-17,329,335,0,297,298,0,47,613,4,0
LEBL,2022-12-18,353,353,0,318,318,0,39,660,7,0
LEBL,2022-12-19,381,381,0,346,344,0,40,713,9,0
LEBL,2022-12-20,364,369,0,331,337,0,48,681,4,0
LEBL,2022-12-21,382,379,0,347,343,0,43,709,9,0
LEBL,2022-12-22,399,408,0,369,376,0,39,755,13,0
LEBL,2022-12-23,395,406,0,361,373,0,46,741,14,0
LEBL,2022-12-24,278,281,0,252,249,0,36,519,4,0
LEBL,2022-12-25,255,252,0,222,222,0,36,461,10,0
LEBL,2022-12-26,375,379,0,340,342,0,40,707,7,0
LEBL,2022-12-27,375,379,0,342,347,0,43,702,9,0
LEBL,2022-12-28,390,390,0,354,355,0,43,731,6,0
LEBL,2022-12-29,406,410,0,375,380,0,36,771,9,0
LEBL,2022-12-30,386,392,0,351,359,0,45,723,10,0
LEBL,2022-12-31,301,303,0,270,268,0,40,562,2,0
LEBL,2023-01-01,340,339,0,306,307,0,35,639,5,0
LEBL,2023-01-02,384,386,0,350,351,0,43,715,12,0
LEBL,2023-01-03,360,357,0,329,327,0,44,664,9,0
LEBL,2023-01-04,351,354,0,320,323,0,43,659,3,0
LEBL,2023-01-05,352,353,0,318,321,0,38,664,3,0
LEBL,2023-01-06,355,356,0,323,322,0,42,669,0,0
LEBL,2023-01-07,339,341,0,307,305,0,40,628,12,0
LEBL,2023-01-08,366,373,0,329,334,0,34,695,10,0
LEBL,2023-01-09,358,359,0,326,326,0,41,669,7,0
LEBL,2023-01-10,313,323,0,286,292,0,46,584,6,0
LEBL,2023-01-11,320,314,0,287,284,0,40,582,12,0
LEBL,2023-01-12,336,340,0,306,308,0,36,628,12,0
LEBL,2023-01-13,350,349,0,316,314,0,43,650,6,0
LEBL,2023-01-14,322,326,0,292,293,0,42,600,6,0
LEBL,2023-01-15,335,337,0,298,302,0,36,634,2,0
LEBL,2023-01-16,341,346,0,309,315,0,44,637,6,0
LEBL,2023-01-17,295,305,0,267,276,0,45,550,5,0
LEBL,2023-01-18,309,312,0,280,284,0,42,568,11,0
LEBL,2023-01-19,328,332,0,301,305,0,36,618,6,0
LEBL,2023-01-20,349,353,0,319,322,0,43,651,8,0
LEBL,2023-01-21,320,328,0,292,295,0,44,596,8,0
LEBL,2023-01-22,333,329,0,296,295,0,30,628,4,0
LEBL,2023-01-23,333,336,0,302,305,0,43,624,2,0
LEBL,2023-01-24,299,302,0,271,273,0,46,551,4,0
LEBL,2023-01-25,315,315,0,282,279,0,45,575,10,0
LEBL,2023-01-26,323,326,0,294,297,0,39,596,14,0
LEBL,2023-01-27,347,345,0,313,310,0,47,631,14,0
LEBL,2023-01-28,308,314,0,277,280,0,48,572,2,0
LEBL,2023-01-29,328,328,0,292,293,0,35,611,10,0
LEBL,2023-01-30,340,333,0,305,303,0,40,628,5,0
LEBL,2023-01-31,307,313,0,281,284,0,45,562,13,0
LEBL,2023-02-01,330,329,0,298,299,0,45,604,10,0
LEBL,2023-02-02,336,337,0,307,308,0,41,626,6,0
LEBL,2023-02-03,385,394,0,353,362,0,45,727,7,0
LEBL,2023-02-04,330,335,0,299,302,0,46,611,8,0
LEBL,2023-02-05,378,374,0,343,339,0,35,709,8,0
LEBL,2023-02-06,377,375,0,343,345,0,43,698,11,0
LEBL,2023-02-07,320,325,0,292,296,0,47,588,10,0
LEBL,2023-02-08,321,324,0,292,293,0,46,595,4,0
LEBL,2023-02-09,338,340,0,309,311,0,37,630,11,0
LEBL,2023-02-10,402,405,0,367,371,0,43,753,11,0
LEBL,2023-02-11,338,334,0,308,301,0,43,616,13,0
LEBL,2023-02-12,375,378,0,339,343,0,34,716,3,0
LEBL,2023-02-13,384,390,0,354,358,0,41,725,8,0
LEBL,2023-02-14,338,339,0,310,309,0,50,617,10,0
LEBL,2023-02-15,351,349,0,320,318,0,43,646,11,0
LEBL,2023-02-16,379,378,0,345,348,0,39,714,4,0
LEBL,2023-02-17,405,417,0,373,382,0,45,761,16,0
LEBL,2023-02-18,359,358,0,327,324,0,46,661,10,0
LEBL,2023-02-19,408,405,0,372,369,0,33,769,11,0
LEBL,2023-02-20,407,410,0,376,379,0,42,762,13,0
LEBL,2023-02-21,344,351,0,316,323,0,44,647,4,0
LEBL,2023-02-22,349,337,0,320,308,0,42,633,11,0
LEBL,2023-02-23,369,376,0,339,344,0,38,704,3,0
LEBL,2023-02-24,418,408,0,383,375,0,46,775,5,0
LEBL,2023-02-25,350,355,0,316,317,0,48,655,2,0
LEBL,2023-02-26,418,405,0,370,366,0,50,764,9,0
LEBL,2023-02-27,415,412,0,376,380,0,44,772,11,0
LEBL,2023-02-28,350,367,0,323,336,0,46,665,6,0
LEBL,2023-03-01,379,384,0,343,342,0,46,705,12,0
LEBL,2023-03-02,393,411,0,362,377,0,46,748,10,0
LEBL,2023-03-03,439,437,0,404,399,0,53,815,8,0
LEBL,2023-03-04,347,359,0,316,322,0,48,650,8,0
LEBL,2023-03-05,369,379,0,335,345,0,33,712,3,0
LEBL,2023-03-06,393,392,0,359,359,0,44,739,2,0
LEBL,2023-03-07,333,336,0,306,308,0,44,618,7,0
LEBL,2023-03-08,335,341,0,306,310,0,43,630,3,0
LEBL,2023-03-09,361,375,0,332,345,0,46,681,9,0
LEBL,2023-03-10,385,384,0,352,354,0,42,723,4,0
LEBL,2023-03-11,342,341,0,308,303,0,49,629,5,0
LEBL,2023-03-12,384,382,0,344,347,0,34,729,3,0
LEBL,2023-03-13,351,364,0,320,330,0,44,662,9,0
LEBL,2023-03-14,362,363,0,336,332,0,44,671,10,0
LEBL,2023-03-15,357,348,0,324,315,0,40,653,12,0
LEBL,2023-03-16,376,379,0,348,351,0,39,707,9,0
LEBL,2023-03-17,398,396,0,362,364,0,43,738,13,0
LEBL,2023-03-18,346,351,0,313,313,0,44,645,8,0
LEBL,2023-03-19,414,409,0,376,373,0,36,779,8,0
LEBL,2023-03-20,421,428,0,387,393,0,46,790,12,0
LEBL,2023-03-21,366,374,0,336,341,0,47,678,15,0
LEBL,2023-03-22,377,382,0,342,344,0,44,690,25,0
LEBL,2023-03-23,378,384,0,348,354,0,42,704,16,0
LEBL,2023-03-24,415,418,0,378,386,0,45,776,12,0
LEBL,2023-03-25,347,353,0,315,314,0,48,639,13,0
LEBL,2023-03-26,397,404,0,365,370,0,42,755,4,0
LEBL,2023-03-27,415,424,0,379,385,0,48,775,16,0
LEBL,2023-03-28,386,386,0,354,355,0,50,713,9,0
LEBL,2023-03-29,424,429,0,386,393,0,51,790,12,0
LEBL,2023-03-30,443,449,0,409,416,0,52,822,18,0
LEBL,2023-03-31,472,475,0,432,435,0,59,872,16,0
LEBL,2023-04-01,394,408,0,358,366,0,54,743,5,0
LEBL,2023-04-02,449,437,0,406,398,0,52,825,9,0
LEBL,2023-04-03,450,458,0,408,414,0,55,847,6,0
LEBL,2023-04-04,422,419,0,388,385,0,51,785,5,0
LEBL,2023-04-05,452,457,0,416,420,0,52,843,14,0
LEBL,2023-04-06,458,461,0,424,425,0,51,857,11,0
LEBL,2023-04-07,466,469,0,425,431,0,51,878,6,0
LEBL,2023-04-08,389,392,0,353,354,0,50,726,5,0
LEBL,2023-04-09,450,446,0,405,404,0,49,841,6,0
LEBL,2023-04-10,478,479,0,434,435,0,53,890,14,0
LEBL,2023-04-11,436,438,0,401,405,0,53,804,17,0
LEBL,2023-04-12,434,446,0,398,411,0,51,819,10,0
LEBL,2023-04-13,455,455,0,421,421,0,52,851,7,0
LEBL,2023-04-14,480,477,0,440,439,0,51,899,7,0
LEBL,2023-04-15,385,394,0,353,352,0,51,722,6,0
LEBL,2023-04-16,446,445,0,402,405,0,48,828,15,0
LEBL,2023-04-17,472,472,0,432,430,0,50,881,13,0
LEBL,2023-04-18,426,428,0,394,396,0,49,803,2,0
LEBL,2023-04-19,442,449,0,405,413,0,51,831,9,0
LEBL,2023-04-20,446,454,0,411,419,0,50,838,12,0
LEBL,2023-04-21,465,464,0,425,428,1,51,867,10,0
LEBL,2023-04-22,399,401,0,366,359,0,52,741,7,0
LEBL,2023-04-23,448,448,0,402,409,0,46,836,14,0
LEBL,2023-04-24,458,466,0,416,422,0,51,863,10,0
LEBL,2023-04-25,438,428,0,404,397,0,49,805,12,0
LEBL,2023-04-26,457,461,0,420,422,0,52,855,11,0
LEBL,2023-04-27,486,485,0,447,448,0,53,902,16,0
LEBL,2023-04-28,484,487,0,442,447,0,53,901,17,0
LEBL,2023-04-29,390,401,0,356,357,0,48,734,9,0
LEBL,2023-04-30,454,442,0,406,401,0,48,840,8,0
LEBL,2023-05-01,446,456,0,403,413,0,47,841,14,0
LEBL,2023-05-02,438,442,0,399,405,0,55,814,11,0
LEBL,2023-05-03,445,452,0,404,411,0,55,825,17,0
LEBL,2023-05-04,470,464,0,433,428,0,54,874,6,0
LEBL,2023-05-05,486,485,0,446,448,0,52,911,8,0
LEBL,2023-05-06,405,411,0,366,364,0,60,750,6,0
LEBL,2023-05-07,462,462,0,411,416,0,55,860,9,0
LEBL,2023-05-08,474,480,0,427,431,0,58,886,10,0
LEBL,2023-05-09,445,440,0,407,404,0,57,821,7,0
LEBL,2023-05-10,462,473,0,419,429,0,61,866,8,0
LEBL,2023-05-11,472,467,0,432,430,0,61,873,5,0
LEBL,2023-05-12,488,491,0,448,451,0,60,909,10,0
LEBL,2023-05-13,403,415,0,367,370,0,58,748,12,0
LEBL,2023-05-14,473,471,0,420,424,0,57,880,7,0
LEBL,2023-05-15,475,479,0,431,435,0,57,887,10,0
LEBL,2023-05-16,440,441,0,402,403,0,59,818,4,0
LEBL,2023-05-17,469,468,0,427,426,0,60,854,22,0
LEBL,2023-05-18,469,475,0,427,437,0,62,876,6,0
LEBL,2023-05-19,473,462,0,426,419,0,58,868,9,0
LEBL,2023-05-20,402,421,0,365,373,0,63,755,5,0
LEBL,2023-05-21,474,468,0,421,419,0,57,876,9,0
LEBL,2023-05-22,490,484,0,447,439,0,61,892,21,0
LEBL,2023-05-23,448,450,0,412,415,0,54,831,13,0
LEBL,2023-05-24,466,465,0,424,424,0,61,863,7,0
LEBL,2023-05-25,466,477,0,426,438,0,62,871,10,0
LEBL,2023-05-26,502,500,0,455,452,0,66,920,15,0
LEBL,2023-05-27,416,425,0,379,375,0,61,770,10,0
LEBL,2023-05-28,478,464,0,424,417,0,62,871,9,0
LEBL,2023-05-29,483,494,0,439,446,0,57,902,18,0
LEBL,2023-05-30,451,465,0,411,425,0,54,853,9,0
LEBL,2023-05-31,2,0,0,0,NA,0,1,1,0,0
LEBL,2023-06-01,480,475,0,433,434,0,57,880,18,0
LEBL,2023-06-02,507,491,0,455,447,0,63,902,33,0
LEBL,2023-06-03,411,411,0,371,363,0,65,737,20,0
LEBL,2023-06-04,464,483,0,412,434,0,59,858,30,0
LEBL,2023-06-05,483,494,0,438,448,0,57,889,31,0
LEBL,2023-06-06,373,395,0,332,359,0,61,694,13,0
LEBL,2023-06-07,424,452,0,377,405,0,62,799,15,0
LEBL,2023-06-08,470,464,0,424,421,0,62,863,9,0
LEBL,2023-06-09,479,483,0,428,437,0,62,886,14,0
LEBL,2023-06-10,384,399,0,343,350,0,67,712,4,0
LEBL,2023-06-11,453,445,0,400,400,0,60,831,7,0
LEBL,2023-06-12,457,457,0,415,413,0,57,839,18,0
LEBL,2023-06-13,436,438,0,393,393,0,65,798,11,0
LEBL,2023-06-14,452,450,0,405,403,0,66,823,13,0
LEBL,2023-06-15,481,484,0,435,437,0,64,882,19,0
LEBL,2023-06-16,520,512,0,470,467,0,62,953,17,0
LEBL,2023-06-17,427,440,0,384,390,0,69,782,15,0
LEBL,2023-06-18,476,486,0,426,437,0,62,881,19,0
LEBL,2023-06-19,486,480,0,439,433,0,58,890,18,0
LEBL,2023-06-20,464,461,0,418,415,0,63,848,14,0
LEBL,2023-06-21,477,477,0,427,430,0,64,879,11,0
LEBL,2023-06-22,489,488,0,439,442,0,62,897,18,0
LEBL,2023-06-23,522,518,0,470,469,0,64,960,16,0
LEBL,2023-06-24,426,434,0,384,384,0,65,779,16,0
LEBL,2023-06-25,501,498,0,441,444,0,64,924,11,0
LEBL,2023-06-26,488,501,0,442,449,0,57,914,18,0
LEBL,2023-06-27,461,466,0,414,420,0,66,846,15,0
LEBL,2023-06-28,473,470,0,425,424,0,64,868,11,0
LEBL,2023-06-29,479,494,0,431,445,0,68,892,13,0
LEBL,2023-06-30,477,467,0,426,422,0,67,865,12,0
LEBL,2023-07-01,440,458,0,397,408,0,67,811,20,0
LEBL,2023-07-02,506,507,0,452,452,0,64,932,17,0
LEBL,2023-07-03,496,500,0,446,450,0,62,918,16,0
LEBL,2023-07-04,489,481,0,437,428,0,71,883,16,0
LEBL,2023-07-05,476,482,0,426,431,0,68,878,12,0
LEBL,2023-07-06,498,508,0,450,458,0,71,914,21,0
LEBL,2023-07-07,524,520,0,472,471,0,67,966,11,0
LEBL,2023-07-08,445,455,0,398,405,0,73,814,13,0
LEBL,2023-07-09,506,496,0,452,445,0,65,917,20,0
LEBL,2023-07-10,503,511,0,452,455,0,60,933,21,0
LEBL,2023-07-11,477,485,0,426,433,0,69,875,18,0
LEBL,2023-07-12,495,487,0,445,437,0,67,898,17,0
LEBL,2023-07-13,488,489,0,441,437,0,71,893,13,0
LEBL,2023-07-14,522,522,0,472,475,0,64,961,19,0
LEBL,2023-07-15,453,458,0,406,404,0,74,815,22,0
LEBL,2023-07-16,499,506,0,446,454,0,62,915,28,0
LEBL,2023-07-17,493,504,0,441,452,0,59,917,21,0
LEBL,2023-07-18,481,482,0,430,432,0,66,885,12,0
LEBL,2023-07-19,495,495,0,446,445,0,68,910,12,0
LEBL,2023-07-20,496,506,0,450,457,0,66,920,16,0
LEBL,2023-07-21,526,509,0,470,459,0,65,959,11,0
LEBL,2023-07-22,452,455,0,403,403,0,73,828,6,0
LEBL,2023-07-23,500,501,0,448,447,0,64,922,15,0
LEBL,2023-07-24,497,503,0,442,449,0,58,927,15,0
LEBL,2023-07-25,484,485,0,436,434,0,72,881,16,0
LEBL,2023-07-26,489,496,0,440,448,0,62,911,12,0
LEBL,2023-07-27,495,507,0,445,456,0,69,921,12,0
LEBL,2023-07-28,523,518,0,469,468,0,68,959,14,0
LEBL,2023-07-29,439,456,0,393,402,0,71,811,13,0
LEBL,2023-07-30,501,496,0,445,445,0,65,918,14,0
LEBL,2023-07-31,498,501,0,446,445,0,60,923,16,0
LEBL,2023-08-01,489,491,0,439,439,0,72,891,17,0
LEBL,2023-08-02,488,491,0,435,441,0,69,896,14,0
LEBL,2023-08-03,484,489,0,433,438,0,72,891,10,0
LEBL,2023-08-04,510,502,0,456,454,0,72,936,4,0
LEBL,2023-08-05,449,451,0,400,397,0,75,807,18,0
LEBL,2023-08-06,494,490,0,438,436,0,65,914,5,0
LEBL,2023-08-07,486,495,0,431,444,0,70,900,11,0
LEBL,2023-08-08,474,472,0,424,421,0,72,862,12,0
LEBL,2023-08-09,477,481,0,427,429,0,67,881,10,0
LEBL,2023-08-10,474,480,0,427,432,0,68,875,11,0
LEBL,2023-08-11,520,514,0,466,463,0,75,949,10,0
LEBL,2023-08-12,440,444,0,391,390,0,76,803,5,0
LEBL,2023-08-13,489,495,0,434,443,0,69,903,12,0
LEBL,2023-08-14,487,482,0,436,432,0,62,896,11,0
LEBL,2023-08-15,459,464,0,412,413,0,70,848,5,0
LEBL,2023-08-16,467,470,0,417,422,0,66,865,6,0
LEBL,2023-08-17,482,488,0,431,436,0,75,890,5,0
LEBL,2023-08-18,497,499,0,447,452,0,72,918,6,0
LEBL,2023-08-19,440,439,0,390,386,0,73,803,3,0
LEBL,2023-08-20,490,486,0,437,437,0,64,899,13,0
LEBL,2023-08-21,490,495,0,437,439,0,63,907,15,0
LEBL,2023-08-22,475,478,0,425,428,0,74,868,11,0
LEBL,2023-08-23,476,481,0,424,431,0,69,876,12,0
LEBL,2023-08-24,482,486,0,431,436,0,74,875,19,0
LEBL,2023-08-25,500,500,0,448,452,0,71,923,6,0
LEBL,2023-08-26,424,437,0,378,385,0,72,786,3,0
LEBL,2023-08-27,447,465,0,397,412,0,67,834,11,0
LEBL,2023-08-28,498,485,0,442,431,0,66,903,14,0
LEBL,2023-08-29,473,475,0,426,425,0,71,865,12,0
LEBL,2023-08-30,483,485,0,435,435,0,67,881,20,0
LEBL,2023-08-31,486,490,0,436,438,0,73,897,6,0
LEBL,2023-09-01,507,513,0,456,462,0,71,935,14,0
LEBL,2023-09-02,430,432,0,383,383,0,71,787,4,0
LEBL,2023-09-03,488,498,0,435,448,0,62,904,20,0
LEBL,2023-09-04,489,489,0,439,439,0,61,907,10,0
LEBL,2023-09-05,465,459,0,420,415,0,69,848,7,0
LEBL,2023-09-06,486,487,0,438,438,0,67,894,12,0
LEBL,2023-09-07,480,484,0,435,437,0,70,889,5,0
LEBL,2023-09-08,509,519,0,457,470,0,71,947,10,0
LEBL,2023-09-09,427,431,0,383,382,0,71,780,7,0
LEBL,2023-09-10,489,486,0,439,440,0,61,908,6,0
LEBL,2023-09-11,497,494,0,447,443,0,64,916,11,0
LEBL,2023-09-12,450,450,0,409,410,0,67,819,14,0
LEBL,2023-09-13,470,478,0,430,434,0,64,866,18,0
LEBL,2023-09-14,474,477,0,430,434,0,71,867,13,0
LEBL,2023-09-15,502,500,0,451,456,0,71,922,9,0
LEBL,2023-09-16,414,421,0,371,373,0,69,756,10,0
LEBL,2023-09-17,474,480,0,428,436,0,64,878,12,0
LEBL,2023-09-18,492,492,0,446,445,0,65,897,22,0
LEBL,2023-09-19,450,448,0,409,406,0,68,816,14,0
LEBL,2023-09-20,474,483,0,431,440,0,66,876,15,0
LEBL,2023-09-21,468,480,0,427,439,0,69,868,11,0
LEBL,2023-09-22,513,510,0,464,465,0,74,937,12,0
LEBL,2023-09-23,404,410,0,364,364,0,63,740,11,0
LEBL,2023-09-24,471,466,0,420,426,0,64,868,5,0
LEBL,2023-09-25,474,479,0,429,431,0,67,875,11,0
LEBL,2023-09-26,446,456,0,405,412,0,68,827,7,0
LEBL,2023-09-27,482,474,0,438,430,0,63,886,7,0
LEBL,2023-09-28,482,481,0,439,439,0,71,878,14,0
LEBL,2023-09-29,492,493,0,447,449,0,69,903,13,0
LEBL,2023-09-30,412,418,0,372,367,0,65,751,14,0
LEBL,2023-10-01,489,496,0,438,447,0,58,906,21,0
LEBL,2023-10-02,485,491,0,437,440,0,59,901,16,0
LEBL,2023-10-03,460,456,0,422,418,0,66,835,15,0
LEBL,2023-10-04,475,482,0,432,438,0,57,878,22,0
LEBL,2023-10-05,472,472,0,430,433,0,59,874,11,0
LEBL,2023-10-06,516,509,0,465,462,0,70,938,17,0
LEBL,2023-10-07,418,424,0,375,374,0,61,766,15,0
LEBL,2023-10-08,474,475,0,426,431,0,55,887,7,0
LEBL,2023-10-09,479,480,0,437,434,0,57,896,6,0
LEBL,2023-10-10,447,449,0,412,416,0,59,822,15,0
LEBL,2023-10-11,474,476,0,436,437,0,61,874,15,0
LEBL,2023-10-12,463,472,0,424,432,0,58,864,13,0
LEBL,2023-10-13,474,478,0,431,435,0,63,877,12,0
LEBL,2023-10-14,406,417,0,364,369,0,63,754,6,0
LEBL,2023-10-15,477,473,0,429,430,0,53,890,7,0
LEBL,2023-10-16,481,483,0,440,441,0,58,885,21,0
LEBL,2023-10-17,462,457,0,424,424,0,59,852,8,0
LEBL,2023-10-18,473,477,0,432,437,0,57,874,19,0
LEBL,2023-10-19,462,467,0,422,429,0,62,858,9,0
LEBL,2023-10-20,499,499,0,458,456,0,62,928,8,0
LEBL,2023-10-21,407,411,0,364,365,0,62,751,5,0
LEBL,2023-10-22,468,468,0,425,429,0,55,866,15,0
LEBL,2023-10-23,481,478,0,437,433,0,62,879,18,0
LEBL,2023-10-24,460,456,0,427,424,0,60,844,12,0
LEBL,2023-10-25,478,481,0,438,441,0,57,882,20,0
LEBL,2023-10-26,483,493,0,445,457,0,61,904,11,0
LEBL,2023-10-27,501,509,0,460,465,0,63,936,11,0
LEBL,2023-10-28,419,414,0,377,369,0,60,761,12,0
LEBL,2023-10-29,454,460,0,420,424,0,42,858,14,0
LEBL,2023-10-30,452,459,0,409,416,0,54,849,8,0
LEBL,2023-10-31,412,412,0,380,379,0,53,757,14,0
LEBL,2023-11-01,424,418,0,388,383,0,49,785,8,0
LEBL,2023-11-02,426,435,0,388,395,0,59,796,6,0
LEBL,2023-11-03,466,476,0,429,438,0,51,883,8,0
LEBL,2023-11-04,395,391,0,353,346,0,56,729,1,0
LEBL,2023-11-05,447,445,0,407,406,0,45,839,8,0
LEBL,2023-11-06,456,452,0,413,409,0,58,839,11,0
LEBL,2023-11-07,383,391,0,352,358,0,53,706,15,0
LEBL,2023-11-08,396,400,0,362,368,0,50,735,11,0
LEBL,2023-11-09,422,424,0,385,386,0,56,777,13,0
LEBL,2023-11-10,459,462,0,421,426,0,51,864,6,0
LEBL,2023-11-11,380,377,0,341,334,0,55,697,5,0
LEBL,2023-11-12,441,445,0,402,408,0,46,831,9,0
LEBL,2023-11-13,454,455,0,411,412,0,58,843,8,0
LEBL,2023-11-14,377,372,0,347,341,0,51,691,7,0
LEBL,2023-11-15,390,397,0,356,361,0,50,727,10,0
LEBL,2023-11-16,424,428,0,386,390,0,56,780,16,0
LEBL,2023-11-17,458,465,0,425,430,0,52,863,8,0
LEBL,2023-11-18,370,371,0,328,330,0,56,680,5,0
LEBL,2023-11-19,427,433,0,392,398,0,47,806,7,0
LEBL,2023-11-20,433,445,0,391,403,0,57,809,12,0
LEBL,2023-11-21,382,376,0,352,343,0,51,694,13,0
LEBL,2023-11-22,392,393,0,358,360,0,50,720,15,0
LEBL,2023-11-23,417,419,0,381,387,0,55,764,17,0
LEBL,2023-11-24,447,452,0,413,415,0,51,840,8,0
LEBL,2023-11-25,360,363,0,321,325,0,55,666,2,0
LEBL,2023-11-26,441,439,0,404,401,0,45,833,2,0
LEBL,2023-11-27,434,446,0,394,406,0,56,814,10,0
LEBL,2023-11-28,372,374,0,340,341,0,50,681,15,0
LEBL,2023-11-29,383,386,0,350,353,0,50,709,10,0
LEBL,2023-11-30,410,412,0,372,375,0,55,756,11,0
LEBL,2024-01-01,429,433,0,386,389,0,50,807,5,0
LEBL,2024-01-02,421,425,0,381,384,0,58,782,6,0
LEBL,2024-01-03,431,436,0,396,401,0,51,811,5,0
LEBL,2024-01-04,428,431,0,386,391,0,59,794,6,0
LEBL,2024-01-05,404,407,0,367,368,0,53,748,10,0
LEBL,2024-01-06,358,358,0,316,313,0,55,658,3,0
LEBL,2024-01-07,391,397,0,356,358,0,45,737,6,0
LEBL,2024-01-08,388,390,0,345,350,0,56,709,13,0
LEBL,2024-01-09,364,357,0,329,324,0,52,660,9,0
LEBL,2024-01-10,357,363,0,327,331,0,47,659,14,0
LEBL,2024-01-11,364,363,0,327,327,0,52,667,8,0
LEBL,2024-01-12,412,418,0,380,383,0,48,770,12,0
LEBL,2024-01-13,334,332,0,296,293,0,49,613,4,0
LEBL,2024-01-14,382,394,0,352,360,0,39,729,8,0
LEBL,2024-01-15,401,405,0,361,367,0,52,746,8,0
LEBL,2024-01-16,331,328,0,302,298,0,47,609,3,0
LEBL,2024-01-17,334,335,0,302,302,0,45,618,6,0
LEBL,2024-01-18,359,362,0,324,330,0,52,657,12,0
LEBL,2024-01-19,404,406,0,370,375,0,45,753,12,0
LEBL,2024-01-20,328,331,0,291,292,0,50,609,0,0
LEBL,2024-01-21,378,386,0,348,353,0,36,725,3,0
LEBL,2024-01-22,410,405,0,372,369,0,50,756,9,0
LEBL,2024-01-23,334,335,0,303,303,0,51,614,4,0
LEBL,2024-01-24,347,349,0,316,320,0,48,638,10,0
LEBL,2024-01-25,366,368,0,332,333,0,52,673,9,0
LEBL,2024-01-26,410,414,0,377,383,0,45,773,6,0
LEBL,2024-01-27,330,330,0,294,292,0,47,608,5,0
LEBL,2024-01-28,398,399,0,367,370,0,37,754,6,0
LEBL,2024-01-29,408,413,0,373,379,0,49,766,6,0
LEBL,2024-01-30,338,339,0,307,310,0,47,620,10,0
LEBL,2024-01-31,357,359,0,326,329,0,44,663,9,0
LEBL,2024-02-01,389,396,0,356,363,0,52,724,9,0
LEBL,2024-02-02,426,430,0,394,399,0,46,802,8,0
LEBL,2024-02-03,351,353,0,315,316,0,49,649,6,0
LEBL,2024-02-04,411,414,0,378,382,0,36,781,8,0
LEBL,2024-02-05,397,404,0,363,371,0,49,745,7,0
LEBL,2024-02-06,341,334,0,309,301,0,50,621,4,0
LEBL,2024-02-07,342,346,0,312,312,0,50,632,6,0
LEBL,2024-02-08,401,400,0,367,366,0,51,741,9,0
LEBL,2024-02-09,435,446,0,399,409,0,47,824,10,0
LEBL,2024-02-10,368,370,0,330,333,0,48,689,1,0
LEBL,2024-02-11,406,409,0,372,374,0,36,774,5,0
LEBL,2024-02-12,421,424,0,386,390,0,46,791,8,0
LEBL,2024-02-13,346,347,0,318,319,0,47,638,7,0
LEBL,2024-02-14,375,376,0,344,344,0,48,696,7,0
LEBL,2024-02-15,405,408,0,370,374,0,50,756,7,0
LEBL,2024-02-16,451,454,0,412,416,0,51,851,3,0
LEBL,2024-02-17,370,376,0,332,336,0,54,688,4,0
LEBL,2024-02-18,427,428,0,393,393,0,40,809,6,0
LEBL,2024-02-19,433,438,0,396,402,0,52,813,6,0
LEBL,2024-02-20,355,354,0,322,320,0,48,652,8,0
LEBL,2024-02-21,376,383,0,345,349,0,49,704,6,0
LEBL,2024-02-22,415,416,0,380,380,0,55,770,6,0
LEBL,2024-02-23,461,463,0,420,425,0,52,865,7,0
LEBL,2024-02-24,385,391,0,341,350,0,53,720,3,0
LEBL,2024-02-25,461,455,0,410,412,0,59,844,13,0
LEBL,2024-02-26,454,457,0,408,415,0,56,847,8,0
LEBL,2024-02-27,409,420,0,372,380,0,55,755,19,0
LEBL,2024-02-28,420,426,0,384,383,0,53,783,10,0
LEBL,2024-02-29,435,434,0,395,392,0,65,794,10,0
LEBL,2024-03-01,465,468,0,424,427,0,62,866,5,0
LEBL,2024-03-02,383,391,0,341,348,0,56,717,1,0
LEBL,2024-03-03,447,448,0,405,408,0,50,836,9,0
LEBL,2024-03-04,455,453,0,411,412,0,53,849,6,0
LEBL,2024-03-05,376,377,0,344,341,0,55,693,5,0
LEBL,2024-03-06,407,407,0,369,371,0,54,748,12,0
LEBL,2024-03-07,420,418,0,379,380,0,55,772,11,0
LEBL,2024-03-08,450,461,0,409,418,0,54,853,4,0
LEBL,2024-03-09,387,388,0,343,344,0,54,716,5,0
LEBL,2024-03-10,438,446,0,401,409,0,44,833,7,0
LEBL,2024-03-11,458,451,0,417,413,0,53,849,7,0
LEBL,2024-03-12,386,387,0,352,351,0,54,713,6,0
LEBL,2024-03-13,401,408,0,368,373,0,54,745,10,0
LEBL,2024-03-14,430,437,0,391,401,0,55,798,14,0
LEBL,2024-03-15,470,470,0,432,432,0,53,875,12,0
LEBL,2024-03-16,401,403,0,362,362,0,55,744,5,0
LEBL,2024-03-17,440,451,0,408,416,0,43,840,8,0
LEBL,2024-03-18,468,469,0,426,429,0,54,874,9,0
LEBL,2024-03-19,390,395,0,358,360,0,49,725,11,0
LEBL,2024-03-20,413,412,0,376,376,0,56,753,16,0
LEBL,2024-03-21,433,440,0,396,405,0,55,806,12,0
LEBL,2024-03-22,484,479,0,445,441,0,53,895,15,0
LEBL,2024-03-23,416,415,0,374,373,0,53,772,6,0
LEBL,2024-03-24,445,462,0,410,422,0,45,846,16,0
LEBL,2024-03-25,469,469,0,429,430,0,58,872,8,0
LEBL,2024-03-26,418,418,0,383,380,0,55,770,11,0
LEBL,2024-03-27,442,449,0,404,411,0,57,811,23,0
LEBL,2024-03-28,458,461,0,418,421,0,58,838,23,0
LEBL,2024-03-29,463,456,0,424,419,0,51,858,10,0
LEBL,2024-03-30,407,405,0,365,365,0,51,756,5,0
LEBL,2024-03-31,461,468,0,421,427,0,50,876,3,0
LEBL,2024-04-01,512,514,0,463,468,0,61,951,14,0
LEBL,2024-04-02,467,472,0,424,432,0,62,863,14,0
LEBL,2024-04-03,500,501,0,451,453,0,66,930,5,0
LEBL,2024-04-04,501,515,0,462,475,0,64,941,11,0
LEBL,2024-04-05,521,516,0,472,473,0,67,961,9,0
LEBL,2024-04-06,429,433,0,388,389,0,58,796,8,0
LEBL,2024-04-07,499,486,0,448,441,0,60,916,9,0
LEBL,2024-04-08,518,512,0,471,465,0,66,955,9,0
LEBL,2024-04-09,470,482,0,428,436,0,66,868,18,0
LEBL,2024-04-10,501,503,0,452,457,0,66,928,10,0
LEBL,2024-04-11,523,522,0,478,480,0,69,959,17,0
LEBL,2024-04-12,519,528,0,473,475,0,68,965,14,0
LEBL,2024-04-13,442,443,0,401,399,0,62,812,11,0
LEBL,2024-04-14,495,500,0,450,453,0,58,920,17,0
LEBL,2024-04-15,523,532,0,474,483,0,65,970,20,0
LEBL,2024-04-16,481,483,0,440,437,0,65,885,14,0
LEBL,2024-04-17,489,500,0,440,452,0,65,912,12,0
LEBL,2024-04-18,512,512,0,468,470,0,71,943,10,0
LEBL,2024-04-19,530,527,0,478,479,0,68,976,13,0
LEBL,2024-04-20,433,443,0,392,396,0,63,801,12,0
LEBL,2024-04-21,500,498,0,446,446,0,61,928,9,0
LEBL,2024-04-22,496,502,0,447,457,0,60,927,11,0
LEBL,2024-04-23,478,485,0,438,443,0,66,879,18,0
LEBL,2024-04-24,501,502,0,452,453,0,68,925,10,0
LEBL,2024-04-25,488,496,0,442,450,0,73,900,11,0
LEBL,2024-04-26,532,527,0,484,478,0,69,979,11,0
LEBL,2024-04-27,443,446,0,400,400,0,67,810,12,0
LEBL,2024-04-28,491,492,0,442,444,0,60,913,10,0
LEBL,2024-04-29,507,509,0,460,461,0,63,945,8,0
LEBL,2024-04-30,478,486,0,435,439,0,68,880,16,0
LEBL,2024-05-01,501,497,0,448,444,0,71,922,5,0
LEBL,2024-05-02,487,500,0,441,455,0,70,911,6,0
LEBL,2024-05-03,533,523,0,483,473,0,73,973,10,0
LEBL,2024-05-04,449,453,0,405,405,0,64,831,7,0
LEBL,2024-05-05,507,516,0,456,462,0,68,942,13,0
LEBL,2024-05-06,522,531,0,468,476,0,71,977,5,0
LEBL,2024-05-07,469,476,0,425,431,0,68,872,5,0
LEBL,2024-05-08,510,505,0,459,453,0,72,933,10,0
LEBL,2024-05-09,530,530,0,483,483,0,73,979,8,0
LEBL,2024-05-10,534,530,0,483,480,0,72,976,16,0
LEBL,2024-05-11,449,453,0,404,402,0,66,823,13,0
LEBL,2024-05-12,498,512,0,446,462,0,66,932,12,0
LEBL,2024-05-13,519,531,0,471,477,0,72,970,8,0
LEBL,2024-05-14,472,477,0,425,428,0,69,875,5,0
LEBL,2024-05-15,494,502,0,441,451,0,70,916,10,0
LEBL,2024-05-16,508,522,0,461,476,0,73,948,9,0
LEBL,2024-05-17,533,528,0,481,479,0,74,978,9,0
LEBL,2024-05-18,447,454,0,400,401,0,69,819,13,0
LEBL,2024-05-19,499,499,0,440,443,0,71,926,1,0
LEBL,2024-05-20,532,532,0,481,481,0,71,977,16,0
LEBL,2024-05-21,486,486,0,443,441,0,68,891,13,0
LEBL,2024-05-22,500,518,0,449,468,0,69,936,13,0
LEBL,2024-05-23,529,534,0,483,485,0,75,964,24,0
LEBL,2024-05-24,539,533,0,486,483,0,80,983,9,0
LEBL,2024-05-25,457,465,0,411,411,0,72,839,11,0
LEBL,2024-05-26,503,510,0,447,453,0,70,925,18,0
LEBL,2024-05-27,555,549,0,493,492,0,78,1009,17,0
LEBL,2024-05-28,485,504,0,439,451,0,73,903,13,0
LEBL,2024-05-29,515,525,0,464,473,0,73,938,29,0
LEBL,2024-05-30,533,530,0,482,483,0,76,969,18,0
LEBL,2024-05-31,534,534,0,482,484,0,79,964,25,0
LEBL,2024-06-01,452,471,0,403,415,0,79,835,9,0
LEBL,2024-06-02,519,517,0,464,464,0,74,939,23,0
LEBL,2024-06-03,543,543,0,486,486,0,77,994,15,0
LEBL,2024-06-04,490,498,0,444,449,0,74,907,7,0
LEBL,2024-06-05,514,513,0,457,459,0,79,935,13,0
LEBL,2024-06-06,525,529,0,474,476,0,80,963,11,0
LEBL,2024-06-07,539,540,0,482,485,0,84,979,16,0
LEBL,2024-06-08,458,460,0,411,405,0,78,830,10,0
LEBL,2024-06-09,487,499,0,428,443,0,74,891,21,0
LEBL,2024-06-10,491,499,0,436,445,0,74,904,12,0
LEBL,2024-06-11,520,508,0,475,461,0,75,933,20,0
LEBL,2024-06-12,519,527,0,463,471,0,84,950,12,0
LEBL,2024-06-13,542,542,0,490,490,0,80,985,19,0
LEBL,2024-06-14,544,545,0,485,487,0,83,994,12,0
LEBL,2024-06-15,465,475,0,413,418,0,79,848,13,0
LEBL,2024-06-16,518,513,0,461,459,0,74,948,9,0
LEBL,2024-06-17,549,557,0,489,500,0,80,1011,15,0
LEBL,2024-06-18,495,503,0,451,455,0,74,906,18,0
LEBL,2024-06-19,539,536,0,479,478,0,83,979,13,0
LEBL,2024-06-20,542,550,0,490,499,0,77,995,20,0
LEBL,2024-06-21,581,583,0,522,527,0,86,1051,27,0
LEBL,2024-06-22,475,481,0,418,419,0,86,852,18,0
LEBL,2024-06-23,545,558,0,486,496,0,76,1006,21,0
LEBL,2024-06-24,558,550,0,497,494,0,79,1008,21,0
LEBL,2024-06-25,496,505,0,445,450,0,79,906,16,0
LEBL,2024-06-26,541,548,0,477,489,0,87,982,20,0
LEBL,2024-06-27,517,527,0,462,473,0,79,953,12,0
LEBL,2024-06-28,557,550,0,496,488,0,85,1003,19,0
LEBL,2024-06-29,453,461,0,398,397,0,85,821,8,0
LEBL,2024-06-30,539,536,0,477,474,1,76,980,18,0
LEBL,2024-07-01,511,517,0,452,461,0,78,934,16,0
LEBL,2024-07-02,517,517,0,465,458,0,77,942,15,0
LEBL,2024-07-03,557,549,0,495,492,0,83,1005,18,0
LEBL,2024-07-04,546,554,0,486,493,0,84,999,17,0
LEBL,2024-07-05,555,560,0,497,501,0,84,1010,21,0
LEBL,2024-07-06,469,489,0,414,429,0,85,855,18,0
LEBL,2024-07-07,536,534,0,474,472,0,76,979,15,0
LEBL,2024-07-08,549,547,0,492,490,0,79,1006,11,0
LEBL,2024-07-09,503,504,0,449,446,0,77,921,9,0
LEBL,2024-07-10,542,539,0,475,483,0,84,986,11,0
LEBL,2024-07-11,535,544,0,481,485,0,79,994,6,0
LEBL,2024-07-12,534,541,0,474,482,0,87,975,13,0
LEBL,2024-07-13,470,480,0,414,418,0,83,861,6,0
LEBL,2024-07-14,529,525,0,467,465,0,77,959,18,0
LEBL,2024-07-15,552,542,0,495,486,0,79,990,25,0
LEBL,2024-07-16,497,515,0,446,459,0,78,925,9,0
LEBL,2024-07-17,543,545,0,479,485,0,87,991,10,0
LEBL,2024-07-18,543,548,0,485,485,0,81,994,16,0
LEBL,2024-07-19,486,494,0,430,439,0,84,883,13,0
LEBL,2024-07-20,482,481,0,427,421,0,84,871,8,0
LEBL,2024-07-21,523,527,0,460,468,0,77,963,10,0
LEBL,2024-07-22,549,543,0,492,485,0,76,1000,16,0
LEBL,2024-07-23,498,507,0,448,451,0,77,913,15,0
LEBL,2024-07-24,535,536,0,474,478,0,87,972,12,0
LEBL,2024-07-25,538,544,0,476,484,0,80,991,11,0
LEBL,2024-07-26,541,548,0,485,493,0,83,993,13,0
LEBL,2024-07-27,473,476,0,418,415,0,82,859,8,0
LEBL,2024-07-28,534,539,0,471,475,0,82,967,24,0
LEBL,2024-07-29,539,540,0,480,481,0,80,975,24,0
LEBL,2024-07-30,499,496,0,448,442,0,75,895,25,0
LEBL,2024-07-31,527,534,0,466,475,0,86,961,14,0
LEBL,2024-08-01,543,550,0,483,489,0,82,999,12,0
LEBL,2024-08-02,539,530,0,480,472,0,87,971,11,0
LEBL,2024-08-03,477,482,0,419,424,0,81,863,15,0
LEBL,2024-08-04,515,514,0,459,457,0,70,952,7,0
LEBL,2024-08-05,532,532,0,470,474,0,83,971,10,0
LEBL,2024-08-06,490,504,0,441,448,0,75,902,17,0
LEBL,2024-08-07,530,529,0,471,476,0,82,963,14,0
LEBL,2024-08-08,524,531,0,469,476,0,76,969,10,0
LEBL,2024-08-09,545,539,0,487,483,0,87,992,5,0
LEBL,2024-08-10,481,483,0,426,423,0,81,873,10,0
LEBL,2024-08-11,524,524,0,463,462,0,77,962,9,0
LEBL,2024-08-12,538,527,0,478,471,0,78,973,14,0
LEBL,2024-08-13,471,490,0,423,439,0,75,871,15,0
LEBL,2024-08-14,481,495,0,424,442,0,82,891,3,0
LEBL,2024-08-15,517,511,0,458,448,0,80,936,12,0
LEBL,2024-08-16,538,532,0,481,477,0,89,971,10,0
LEBL,2024-08-17,473,472,0,420,414,0,81,850,14,0
LEBL,2024-08-18,511,520,0,451,460,0,75,946,10,0
LEBL,2024-08-19,527,523,0,470,467,0,78,963,9,0
LEBL,2024-08-20,486,489,0,433,436,0,77,884,14,0
LEBL,2024-08-21,534,526,0,475,472,0,86,960,14,0
LEBL,2024-08-22,520,530,0,463,476,0,79,963,8,0
LEBL,2024-08-23,544,537,0,488,480,0,86,983,12,0
LEBL,2024-08-24,470,477,0,417,418,0,80,854,13,0
LEBL,2024-08-25,516,525,0,456,468,0,75,958,8,0
LEBL,2024-08-26,537,529,0,477,470,0,80,977,9,0
LEBL,2024-08-27,498,499,0,446,446,0,79,911,7,0
LEBL,2024-08-28,539,534,0,479,477,0,84,977,12,0
LEBL,2024-08-29,539,546,0,480,489,0,87,985,13,0
LEBL,2024-08-30,547,540,0,489,485,0,78,999,10,0
LEBL,2024-08-31,467,480,0,410,419,0,83,856,8,0
LEBL,2024-09-01,526,532,0,468,471,0,75,974,9,0
LEBL,2024-09-02,550,544,0,484,483,0,78,1006,10,0
LEBL,2024-09-03,500,503,0,449,445,0,78,912,13,0
LEBL,2024-09-04,488,498,0,428,447,0,80,896,10,0
LEBL,2024-09-05,538,538,0,478,477,0,85,977,14,0
LEBL,2024-09-06,547,538,0,489,483,0,82,989,14,0
LEBL,2024-09-07,469,478,0,414,417,0,81,859,7,0
LEBL,2024-09-08,504,516,0,446,457,0,70,936,14,0
LEBL,2024-09-09,574,561,0,515,503,0,76,1043,16,0
LEBL,2024-09-10,513,511,0,460,456,0,77,939,8,0
LEBL,2024-09-11,540,539,0,478,484,0,78,991,10,0
LEBL,2024-09-12,539,556,0,479,494,0,82,1001,12,0
LEBL,2024-09-13,578,547,0,518,492,0,82,1024,19,0
LEBL,2024-09-14,475,487,0,422,429,0,81,869,12,0
LEBL,2024-09-15,526,527,0,466,471,0,72,972,9,0
LEBL,2024-09-16,540,551,0,484,493,0,71,1009,11,0
LEBL,2024-09-17,502,499,0,457,451,0,71,923,7,0
LEBL,2024-09-18,526,512,0,468,460,0,78,943,17,0
LEBL,2024-09-19,550,555,0,496,496,0,83,1008,14,0
LEBL,2024-09-20,539,552,0,485,501,0,81,989,21,0
LEBL,2024-09-21,474,474,0,423,419,0,81,855,12,0
LEBL,2024-09-22,528,525,0,470,471,0,74,966,13,0
LEBL,2024-09-23,526,516,0,464,459,0,76,954,12,0
LEBL,2024-09-24,493,483,0,447,433,0,74,881,21,0
LEBL,2024-09-25,546,541,0,488,488,0,75,986,26,0
LEBL,2024-09-26,538,562,0,486,506,0,79,999,22,0
LEBL,2024-09-27,564,553,0,510,502,0,77,1025,15,0
LEBL,2024-09-28,473,471,0,424,415,0,75,856,13,0
LEBL,2024-09-29,514,534,0,463,483,0,70,967,11,0
LEBL,2024-09-30,547,547,0,491,493,0,77,997,20,0
LEBL,2024-10-01,491,489,0,447,442,0,72,895,13,0
LEBL,2024-10-02,512,517,0,460,469,0,69,944,16,0
LEBL,2024-10-03,530,534,0,483,485,0,76,975,13,0
LEBL,2024-10-04,554,552,0,503,500,0,78,1005,23,0
LEBL,2024-10-05,454,458,0,408,409,0,71,828,13,0
LEBL,2024-10-06,527,538,0,474,484,0,69,975,21,0
LEBL,2024-10-07,531,530,0,477,479,0,71,978,12,0
LEBL,2024-10-08,493,493,0,448,447,0,68,902,16,0
LEBL,2024-10-09,517,511,0,467,462,0,68,937,23,0
LEBL,2024-10-10,550,541,0,500,490,0,76,997,18,0
LEBL,2024-10-11,569,564,0,520,512,0,78,1026,29,0
LEBL,2024-10-12,458,465,0,408,415,0,70,846,7,0
LEBL,2024-10-13,543,553,0,490,496,0,75,990,31,0
LEBL,2024-10-14,534,537,0,479,482,0,70,985,16,0
LEBL,2024-10-15,497,494,0,452,448,0,69,902,20,0
LEBL,2024-10-16,513,516,0,462,467,0,74,935,20,0
LEBL,2024-10-17,523,534,0,474,487,0,76,960,21,0
LEBL,2024-10-18,552,541,0,504,492,0,71,1001,21,0
LEBL,2024-10-19,460,464,0,411,412,0,75,836,13,0
LEBL,2024-10-20,512,530,0,461,477,0,71,959,12,0
LEBL,2024-10-21,542,538,0,488,482,0,71,989,20,0
LEBL,2024-10-22,478,479,0,436,436,0,69,881,7,0
LEBL,2024-10-23,504,489,0,452,439,0,72,914,7,0
LEBL,2024-10-24,495,502,0,452,456,0,72,911,14,0
LEBL,2024-10-25,525,525,0,472,476,0,70,965,15,0
LEBL,2024-10-26,449,449,0,401,397,0,72,821,5,0
LEBL,2024-10-27,465,479,0,419,429,0,51,891,2,0
LEBL,2024-10-28,480,478,0,441,435,0,54,897,7,0
LEBL,2024-10-29,451,435,0,405,395,0,55,825,6,0
LEBL,2024-10-30,439,443,0,404,403,0,52,816,14,0
LEBL,2024-10-31,467,484,0,419,437,0,59,873,19,0
LEBL,2024-11-01,476,494,0,432,448,0,59,909,2,0
LEBL,2024-11-02,427,417,0,380,371,0,56,782,6,0
LEBL,2024-11-03,439,454,0,392,409,0,50,835,8,0
LEBL,2024-11-04,402,374,0,364,338,0,48,727,1,0
LEBL,2024-11-05,396,406,0,354,362,0,54,737,11,0
LEBL,2024-11-06,402,398,0,367,361,0,53,737,10,0
LEBL,2024-11-07,446,445,0,395,398,0,62,820,9,0
LEBL,2024-11-08,491,492,0,448,443,0,60,916,7,0
LEBL,2024-11-09,403,404,0,359,357,0,56,744,7,0
LEBL,2024-11-10,461,467,0,414,422,0,52,868,8,0
LEBL,2024-11-11,462,463,0,421,423,0,54,861,10,0
LEBL,2024-11-12,391,386,0,352,348,0,50,716,11,0
LEBL,2024-11-13,393,396,0,356,358,0,50,720,19,0
LEBL,2024-11-14,437,448,0,391,406,0,59,811,15,0
LEBL,2024-11-15,492,489,0,447,440,0,62,903,16,0
LEBL,2024-11-16,399,398,0,354,355,0,56,736,5,0
LEBL,2024-11-17,475,474,0,425,425,0,51,886,12,0
LEBL,2024-11-18,452,467,0,414,422,0,54,862,3,0
LEBL,2024-11-19,392,384,0,350,344,0,54,712,10,0
LEBL,2024-11-20,386,388,0,352,351,0,49,722,3,0
LEBL,2024-11-21,426,434,0,378,388,0,61,790,9,0
LEBL,2024-11-22,477,476,0,432,431,0,59,888,6,0
LEBL,2024-11-23,400,402,0,354,356,0,58,740,4,0
LEBL,2024-11-24,451,456,0,403,409,0,51,853,3,0
LEBL,2024-11-25,465,462,0,425,422,0,53,868,6,0
LEBL,2024-11-26,386,375,0,346,335,0,56,695,10,0
LEBL,2024-11-27,387,388,0,349,355,0,50,713,12,0
LEBL,2024-11-28,440,438,0,392,395,0,58,804,16,0
LEBL,2024-11-29,480,482,0,436,436,0,59,889,14,0
LEBL,2024-11-30,391,389,0,349,349,0,59,715,6,0
LEBL,2024-12-01,467,465,0,419,417,0,50,876,6,0
LEBL,2024-12-02,456,456,0,414,411,0,55,844,13,0
LEBL,2024-12-03,374,368,0,334,333,0,51,680,11,0
LEBL,2024-12-04,399,400,0,367,367,0,50,734,15,0
LEBL,2024-12-05,416,439,0,369,396,0,61,781,13,0
LEBL,2024-12-06,475,469,0,428,420,0,56,881,7,0
LEBL,2024-12-07,375,368,0,333,325,0,52,686,5,0
LEBL,2024-12-08,464,469,0,414,421,0,47,882,4,0
LEBL,2024-12-09,455,468,0,414,423,0,53,858,12,0
LEBL,2024-12-10,368,364,0,329,329,0,52,674,6,0
LEBL,2024-12-11,381,385,0,348,352,0,51,707,8,0
LEBL,2024-12-12,413,415,0,367,369,0,60,761,7,0
LEBL,2024-12-13,471,474,0,425,428,0,59,881,5,0
LEBL,2024-12-14,381,388,0,340,343,0,59,708,2,0
LEBL,2024-12-15,456,453,0,409,409,0,49,855,5,0
LEBL,2024-12-16,455,453,0,409,407,0,56,840,12,0
LEBL,2024-12-17,374,380,0,329,336,0,55,688,11,0
LEBL,2024-12-18,399,405,0,362,368,0,52,743,9,0
LEBL,2024-12-19,471,477,0,425,431,0,65,868,15,0
LEBL,2024-12-20,504,501,0,457,455,0,57,937,11,0
LEBL,2024-12-21,421,431,0,378,387,0,58,787,7,0
LEBL,2024-12-22,495,493,0,447,443,0,46,924,18,0
LEBL,2024-12-23,473,482,0,429,439,0,53,899,3,0
LEBL,2024-12-24,385,383,0,346,344,0,56,705,7,0
LEBL,2024-12-25,305,306,0,271,271,0,46,561,4,0
LEBL,2024-12-26,440,448,0,396,401,0,55,827,6,0
LEBL,2024-12-27,474,480,0,426,432,0,58,891,5,0
LEBL,2024-12-28,429,424,0,385,380,0,58,784,11,0
LEBL,2024-12-29,467,476,0,418,428,0,49,888,6,0
LEBL,2024-12-30,477,473,0,433,428,0,53,891,6,0
LEBL,2024-12-31,399,389,0,356,348,0,55,732,1,0
LEMD,2022-01-01,317,322,0,260,262,0,121,511,7,0
LEMD,2022-01-02,412,431,0,342,359,0,168,671,4,0
LEMD,2022-01-03,425,422,0,364,360,0,135,704,8,0
LEMD,2022-01-04,400,399,0,339,334,0,134,656,9,0
LEMD,2022-01-05,407,405,0,338,339,0,154,651,7,0
LEMD,2022-01-06,372,342,0,312,277,0,137,569,8,0
LEMD,2022-01-07,416,385,0,347,317,0,153,643,5,0
LEMD,2022-01-08,392,376,0,322,311,0,136,632,0,0
LEMD,2022-01-09,428,398,0,349,326,0,160,651,15,0
LEMD,2022-01-10,408,404,0,340,338,0,136,670,6,0
LEMD,2022-01-11,357,364,0,296,302,0,132,582,7,0
LEMD,2022-01-12,374,346,0,309,290,0,134,576,10,0
LEMD,2022-01-13,373,350,0,318,294,0,122,590,11,0
LEMD,2022-01-14,402,379,0,336,313,0,142,631,8,0
LEMD,2022-01-15,346,324,0,283,257,0,136,528,6,0
LEMD,2022-01-16,405,367,0,334,301,0,142,622,8,0
LEMD,2022-01-17,381,361,0,315,297,0,127,610,5,0
LEMD,2022-01-18,310,288,0,271,229,0,104,492,2,0
LEMD,2022-01-19,394,351,0,322,285,0,149,586,10,0
LEMD,2022-01-20,380,366,0,323,300,0,131,604,11,0
LEMD,2022-01-21,403,372,0,336,312,0,144,619,12,0
LEMD,2022-01-22,345,344,0,282,282,0,135,549,5,0
LEMD,2022-01-23,394,372,0,321,304,0,147,607,12,0
LEMD,2022-01-24,379,383,0,320,321,0,122,628,12,0
LEMD,2022-01-25,336,339,0,278,281,0,119,551,5,0
LEMD,2022-01-26,374,339,0,309,285,0,133,572,8,0
LEMD,2022-01-27,362,336,0,306,279,0,130,559,9,0
LEMD,2022-01-28,410,387,0,343,322,0,147,642,8,0
LEMD,2022-01-29,340,342,0,278,287,0,133,546,3,0
LEMD,2022-01-30,390,384,0,325,320,0,150,615,9,0
LEMD,2022-01-31,384,376,0,325,313,0,125,611,24,0
LEMD,2022-02-01,359,365,0,305,310,0,118,597,9,0
LEMD,2022-02-02,398,382,0,323,318,0,147,622,11,0
LEMD,2022-02-03,389,390,0,336,328,0,120,644,15,0
LEMD,2022-02-04,412,416,0,351,350,0,138,679,11,0
LEMD,2022-02-05,361,360,0,295,297,0,129,588,4,0
LEMD,2022-02-06,399,409,0,330,341,0,148,653,7,0
LEMD,2022-02-07,400,385,0,336,327,0,116,657,12,0
LEMD,2022-02-08,367,362,0,313,305,0,115,609,5,0
LEMD,2022-02-09,388,368,0,321,304,0,136,610,10,0
LEMD,2022-02-10,386,388,0,330,324,0,124,637,13,0
LEMD,2022-02-11,428,434,0,363,363,0,143,706,13,0
LEMD,2022-02-12,379,373,0,312,309,0,130,614,8,0
LEMD,2022-02-13,406,420,0,331,347,0,152,663,11,0
LEMD,2022-02-14,398,391,0,335,334,0,114,663,12,0
LEMD,2022-02-15,362,354,0,304,295,0,112,596,8,0
LEMD,2022-02-16,400,386,0,327,317,0,143,630,13,0
LEMD,2022-02-17,381,385,0,322,321,0,120,637,9,0
LEMD,2022-02-18,418,426,0,354,356,0,144,692,8,0
LEMD,2022-02-19,381,386,0,310,316,0,133,632,2,0
LEMD,2022-02-20,416,414,0,341,339,0,155,668,7,0
LEMD,2022-02-21,408,396,0,343,335,0,116,675,13,0
LEMD,2022-02-22,383,374,0,324,312,0,119,627,11,0
LEMD,2022-02-23,406,391,0,337,339,0,130,655,12,0
LEMD,2022-02-24,400,421,0,340,354,0,122,685,14,0
LEMD,2022-02-25,435,433,0,362,359,0,155,704,9,0
LEMD,2022-02-26,398,399,0,332,327,0,133,651,13,0
LEMD,2022-02-27,401,412,0,330,343,0,146,665,2,0
LEMD,2022-02-28,413,414,0,347,349,0,127,687,13,0
LEMD,2022-03-01,397,411,0,334,341,0,135,661,12,0
LEMD,2022-03-02,431,426,0,356,351,0,155,691,11,0
LEMD,2022-03-03,413,412,0,353,344,0,129,690,6,0
LEMD,2022-03-04,434,443,0,366,369,0,155,718,4,0
LEMD,2022-03-05,403,399,0,331,327,0,142,649,11,0
LEMD,2022-03-06,422,421,0,340,346,0,161,677,5,0
LEMD,2022-03-07,409,420,0,341,353,0,139,688,2,0
LEMD,2022-03-08,404,405,0,334,333,0,138,662,9,0
LEMD,2022-03-09,441,416,0,364,343,0,140,700,17,0
LEMD,2022-03-10,419,453,0,355,382,0,133,725,14,0
LEMD,2022-03-11,454,454,0,382,378,0,158,741,9,0
LEMD,2022-03-12,401,405,0,330,334,0,134,670,2,0
LEMD,2022-03-13,423,430,0,348,354,0,161,690,2,0
LEMD,2022-03-14,418,421,0,346,347,0,137,695,7,0
LEMD,2022-03-15,415,419,0,347,349,0,137,684,13,0
LEMD,2022-03-16,423,429,0,351,351,0,154,687,11,0
LEMD,2022-03-17,418,414,0,353,344,0,133,690,9,0
LEMD,2022-03-18,442,445,0,368,371,0,155,728,4,0
LEMD,2022-03-19,401,397,0,322,324,0,136,659,3,0
LEMD,2022-03-20,438,429,0,355,351,0,157,695,15,0
LEMD,2022-03-21,424,427,0,357,367,0,125,716,10,0
LEMD,2022-03-22,396,397,0,335,330,0,123,662,8,0
LEMD,2022-03-23,412,419,0,342,350,0,142,686,3,0
LEMD,2022-03-24,415,411,0,352,342,0,130,685,11,0
LEMD,2022-03-25,441,449,0,369,373,0,150,731,9,0
LEMD,2022-03-26,397,389,0,327,321,0,139,644,3,0
LEMD,2022-03-27,444,467,0,358,379,0,160,741,10,0
LEMD,2022-03-28,467,445,0,389,386,0,121,782,9,0
LEMD,2022-03-29,455,462,0,380,381,0,144,762,11,0
LEMD,2022-03-30,476,482,0,396,395,0,156,786,16,0
LEMD,2022-03-31,463,457,0,388,385,0,143,772,5,0
LEMD,2022-04-01,497,495,0,417,404,0,169,814,9,0
LEMD,2022-04-02,439,444,0,357,356,0,162,716,5,0
LEMD,2022-04-03,446,463,0,361,376,0,165,739,5,0
LEMD,2022-04-04,478,469,0,402,396,0,152,788,7,0
LEMD,2022-04-05,455,457,0,379,384,0,149,755,8,0
LEMD,2022-04-06,486,483,0,403,399,0,164,801,4,0
LEMD,2022-04-07,471,476,0,398,402,0,146,793,8,0
LEMD,2022-04-08,503,495,0,419,406,0,179,813,6,0
LEMD,2022-04-09,456,463,0,366,365,0,172,742,5,0
LEMD,2022-04-10,456,464,0,365,370,0,172,741,7,0
LEMD,2022-04-11,481,465,0,398,387,0,148,793,5,0
LEMD,2022-04-12,473,471,0,394,388,0,161,773,10,0
LEMD,2022-04-13,498,512,0,415,420,0,170,827,13,0
LEMD,2022-04-14,463,471,0,389,395,0,143,782,9,0
LEMD,2022-04-15,469,457,0,385,371,0,168,750,8,0
LEMD,2022-04-16,440,451,0,352,363,0,158,725,8,0
LEMD,2022-04-17,466,471,0,376,380,0,169,758,10,0
LEMD,2022-04-18,498,493,0,409,413,0,152,825,14,0
LEMD,2022-04-19,471,474,0,393,391,0,151,783,11,0
LEMD,2022-04-20,478,478,0,400,402,0,156,788,12,0
LEMD,2022-04-21,478,487,0,403,407,0,148,799,18,0
LEMD,2022-04-22,508,501,0,418,410,0,168,833,8,0
LEMD,2022-04-23,442,452,0,358,365,0,165,723,6,0
LEMD,2022-04-24,461,471,0,373,377,0,166,751,15,0
LEMD,2022-04-25,485,482,0,400,410,0,141,814,12,0
LEMD,2022-04-26,466,460,0,392,380,0,150,771,5,0
LEMD,2022-04-27,482,496,0,401,410,0,162,807,9,0
LEMD,2022-04-28,482,479,0,408,404,0,144,810,7,0
LEMD,2022-04-29,505,501,0,424,415,0,171,818,17,0
LEMD,2022-04-30,444,445,0,360,358,0,163,717,9,0
LEMD,2022-05-01,453,475,0,362,380,0,168,753,7,0
LEMD,2022-05-02,478,479,0,395,399,0,148,803,6,0
LEMD,2022-05-03,479,469,0,397,390,0,149,789,10,0
LEMD,2022-05-04,494,475,0,414,398,0,162,795,12,0
LEMD,2022-05-05,494,501,0,423,418,0,148,840,7,0
LEMD,2022-05-06,517,512,0,433,425,0,174,842,13,0
LEMD,2022-05-07,448,452,0,363,367,0,160,737,3,0
LEMD,2022-05-08,466,492,0,380,393,0,167,775,16,0
LEMD,2022-05-09,498,488,0,412,405,0,153,824,9,0
LEMD,2022-05-10,484,499,0,400,409,0,158,813,12,0
LEMD,2022-05-11,500,494,0,416,410,0,166,820,8,0
LEMD,2022-05-12,496,494,0,421,415,0,147,826,17,0
LEMD,2022-05-13,518,513,0,434,426,0,168,849,14,0
LEMD,2022-05-14,454,466,0,370,375,0,162,749,9,0
LEMD,2022-05-15,477,490,0,391,398,0,164,798,5,0
LEMD,2022-05-16,503,485,0,418,405,0,154,819,15,0
LEMD,2022-05-17,478,490,0,393,407,0,155,799,14,0
LEMD,2022-05-18,497,489,0,414,412,0,158,814,14,0
LEMD,2022-05-19,493,498,0,415,417,0,156,822,13,0
LEMD,2022-05-20,514,512,0,428,423,0,176,841,9,0
LEMD,2022-05-21,454,452,0,365,363,0,164,733,9,0
LEMD,2022-05-22,491,504,0,398,407,0,171,811,13,0
LEMD,2022-05-23,485,483,0,403,404,0,151,807,10,0
LEMD,2022-05-24,473,493,0,401,407,0,157,791,18,0
LEMD,2022-05-25,495,479,0,414,393,0,164,789,21,0
LEMD,2022-05-26,501,496,0,418,414,0,159,827,11,0
LEMD,2022-05-27,522,526,0,434,431,0,186,845,17,0
LEMD,2022-05-28,470,502,0,388,417,0,163,794,15,0
LEMD,2022-05-29,523,515,0,432,418,0,183,829,26,0
LEMD,2022-05-30,505,498,0,421,418,0,153,831,19,0
LEMD,2022-05-31,467,478,0,386,392,0,158,777,10,0
LEMD,2022-06-01,509,499,0,418,409,0,172,832,4,0
LEMD,2022-06-02,503,506,0,425,423,0,157,837,15,0
LEMD,2022-06-03,508,516,0,416,420,0,185,826,13,0
LEMD,2022-06-04,453,452,0,366,365,0,157,740,8,0
LEMD,2022-06-05,480,494,0,384,393,0,176,787,11,0
LEMD,2022-06-06,499,506,0,410,423,0,159,837,9,0
LEMD,2022-06-07,484,495,0,399,408,0,167,803,9,0
LEMD,2022-06-08,512,509,0,426,419,0,173,830,18,0
LEMD,2022-06-09,499,514,0,417,430,0,163,836,14,0
LEMD,2022-06-10,518,511,0,428,417,0,180,837,12,0
LEMD,2022-06-11,467,476,0,383,386,0,164,772,7,0
LEMD,2022-06-12,480,498,0,391,399,0,176,790,12,0
LEMD,2022-06-13,506,495,0,419,413,0,154,840,7,0
LEMD,2022-06-14,493,514,0,413,423,0,167,828,12,0
LEMD,2022-06-15,510,510,0,419,426,0,171,840,9,0
LEMD,2022-06-16,495,495,0,417,410,0,160,815,15,0
LEMD,2022-06-17,529,537,0,434,441,0,186,870,10,0
LEMD,2022-06-18,460,481,0,376,389,0,161,773,7,0
LEMD,2022-06-19,506,504,0,410,404,0,178,816,16,0
LEMD,2022-06-20,515,527,0,424,434,0,170,858,14,0
LEMD,2022-06-21,528,531,0,440,438,0,169,876,14,0
LEMD,2022-06-22,515,528,0,421,433,0,177,857,9,0
LEMD,2022-06-23,522,524,0,433,433,0,165,866,15,0
LEMD,2022-06-24,534,535,0,437,438,0,182,873,14,0
LEMD,2022-06-25,443,463,0,359,367,0,161,738,7,0
LEMD,2022-06-26,481,498,0,385,399,0,173,794,12,0
LEMD,2022-06-27,537,524,0,438,432,0,174,874,13,0
LEMD,2022-06-28,519,507,0,432,416,0,164,857,5,0
LEMD,2022-06-29,520,538,0,428,436,0,186,860,12,0
LEMD,2022-06-30,513,520,0,428,428,0,169,849,15,0
LEMD,2022-07-01,539,538,0,441,438,0,189,882,6,0
LEMD,2022-07-02,483,480,0,391,384,0,173,782,8,0
LEMD,2022-07-03,498,510,0,401,408,0,178,819,11,0
LEMD,2022-07-04,528,538,0,431,438,0,177,870,19,0
LEMD,2022-07-05,513,516,0,422,419,0,173,848,8,0
LEMD,2022-07-06,500,511,0,419,420,0,168,826,17,0
LEMD,2022-07-07,540,551,0,448,450,0,177,906,8,0
LEMD,2022-07-08,550,559,0,451,462,0,201,887,21,0
LEMD,2022-07-09,477,493,0,386,389,0,186,769,15,0
LEMD,2022-07-10,496,511,0,398,407,0,182,820,5,0
LEMD,2022-07-11,519,530,0,422,434,0,179,863,7,0
LEMD,2022-07-12,517,505,0,430,409,0,187,821,14,0
LEMD,2022-07-13,519,522,0,429,431,0,183,843,15,0
LEMD,2022-07-14,519,518,0,431,426,0,173,854,10,0
LEMD,2022-07-15,535,535,0,436,432,0,203,854,13,0
LEMD,2022-07-16,484,499,0,388,395,0,187,785,11,0
LEMD,2022-07-17,487,489,0,391,395,0,183,782,11,0
LEMD,2022-07-18,533,521,0,436,424,0,189,853,12,0
LEMD,2022-07-19,501,511,0,412,417,0,182,817,13,0
LEMD,2022-07-20,526,526,0,432,430,0,187,847,18,0
LEMD,2022-07-21,494,489,0,419,397,0,163,809,11,0
LEMD,2022-07-22,521,536,0,422,439,0,194,856,7,0
LEMD,2022-07-23,490,495,0,395,391,0,187,788,10,0
LEMD,2022-07-24,500,505,0,403,403,0,184,811,10,0
LEMD,2022-07-25,529,521,0,430,423,0,178,858,14,0
LEMD,2022-07-26,499,492,0,409,398,0,171,809,11,0
LEMD,2022-07-27,512,523,0,419,428,0,190,830,15,0
LEMD,2022-07-28,514,524,0,427,428,0,173,856,9,0
LEMD,2022-07-29,538,536,0,435,434,0,191,874,9,0
LEMD,2022-07-30,470,493,0,377,395,0,176,779,8,0
LEMD,2022-07-31,506,510,0,409,408,0,183,823,10,0
LEMD,2022-08-01,520,516,0,422,416,0,177,850,9,0
LEMD,2022-08-02,485,490,0,396,391,0,175,790,10,0
LEMD,2022-08-03,503,496,0,409,402,0,180,812,7,0
LEMD,2022-08-04,492,518,0,408,423,0,173,828,9,0
LEMD,2022-08-05,519,522,0,413,423,0,191,848,2,0
LEMD,2022-08-06,466,480,0,375,378,0,177,764,5,0
LEMD,2022-08-07,485,499,0,396,399,0,173,805,6,0
LEMD,2022-08-08,513,512,0,414,415,0,176,847,2,0
LEMD,2022-08-09,484,487,0,400,396,0,171,796,4,0
LEMD,2022-08-10,512,517,0,419,419,0,190,832,7,0
LEMD,2022-08-11,499,503,0,415,412,0,177,821,4,0
LEMD,2022-08-12,522,529,0,424,430,0,200,844,7,0
LEMD,2022-08-13,464,469,0,373,374,0,170,762,1,0
LEMD,2022-08-14,486,498,0,391,398,0,182,798,4,0
LEMD,2022-08-15,515,510,0,417,409,0,177,841,7,0
LEMD,2022-08-16,487,488,0,398,393,0,175,782,18,0
LEMD,2022-08-17,507,515,0,414,418,0,184,832,6,0
LEMD,2022-08-18,507,508,0,419,418,0,170,839,6,0
LEMD,2022-08-19,526,529,0,427,427,0,195,858,2,0
LEMD,2022-08-20,481,489,0,388,390,0,181,779,10,0
LEMD,2022-08-21,492,501,0,398,399,0,181,804,8,0
LEMD,2022-08-22,510,517,0,413,420,0,171,849,7,0
LEMD,2022-08-23,489,486,0,401,393,0,177,793,5,0
LEMD,2022-08-24,519,508,0,422,410,0,191,824,12,0
LEMD,2022-08-25,503,513,0,416,422,0,171,831,14,0
LEMD,2022-08-26,529,534,0,429,431,0,197,855,11,0
LEMD,2022-08-27,476,480,0,381,382,0,178,764,14,0
LEMD,2022-08-28,493,491,0,395,397,0,170,808,6,0
LEMD,2022-08-29,510,517,0,414,417,0,176,845,6,0
LEMD,2022-08-30,496,493,0,406,400,0,178,808,3,0
LEMD,2022-08-31,514,518,0,418,420,0,187,837,8,0
LEMD,2022-09-01,512,522,0,425,432,0,175,851,8,0
LEMD,2022-09-02,514,527,0,417,424,0,193,841,7,0
LEMD,2022-09-03,488,495,0,393,398,0,184,794,5,0
LEMD,2022-09-04,495,502,0,399,402,0,180,811,6,0
LEMD,2022-09-05,529,525,0,436,426,0,173,876,5,0
LEMD,2022-09-06,460,468,0,382,373,0,168,753,7,0
LEMD,2022-09-07,238,221,0,201,192,0,68,386,5,0
LEMD,2022-09-08,533,528,0,447,440,0,174,876,11,0
LEMD,2022-09-09,512,485,0,428,405,0,161,826,10,0
LEMD,2022-09-10,488,491,0,393,394,0,172,798,9,0
LEMD,2022-09-11,513,520,0,419,427,0,175,846,12,0
LEMD,2022-09-12,526,538,0,435,437,0,175,874,14,0
LEMD,2022-09-13,500,501,0,413,421,0,161,838,2,0
LEMD,2022-09-14,525,524,0,434,432,0,172,860,17,0
LEMD,2022-09-15,530,535,0,447,445,0,175,879,11,0
LEMD,2022-09-16,485,484,0,388,388,0,186,772,11,0
LEMD,2022-09-17,479,480,0,387,384,0,168,781,9,0
LEMD,2022-09-18,499,524,0,411,420,0,169,842,12,0
LEMD,2022-09-19,464,451,0,390,387,0,118,786,11,0
LEMD,2022-09-20,512,516,0,426,421,0,168,849,11,0
LEMD,2022-09-21,451,442,0,384,374,0,127,749,17,0
LEMD,2022-09-22,4,1,0,1,0,0,3,2,0,0
LEMD,2022-09-23,524,533,0,438,441,0,178,869,10,0
LEMD,2022-09-24,481,476,0,394,386,0,164,787,6,0
LEMD,2022-09-25,484,497,0,397,403,0,164,808,9,0
LEMD,2022-09-26,517,522,0,426,432,0,159,870,10,0
LEMD,2022-09-27,518,523,0,429,428,0,171,858,12,0
LEMD,2022-09-28,521,529,0,432,435,0,178,863,9,0
LEMD,2022-09-29,521,520,0,442,431,0,166,869,6,0
LEMD,2022-09-30,548,546,0,456,450,0,181,905,8,0
LEMD,2022-10-01,479,480,0,388,390,0,170,785,4,0
LEMD,2022-10-02,492,513,0,400,416,0,167,830,8,0
LEMD,2022-10-03,524,517,0,434,426,0,159,879,3,0
LEMD,2022-10-04,513,508,0,431,422,0,164,843,14,0
LEMD,2022-10-05,513,523,0,426,438,0,166,855,15,0
LEMD,2022-10-06,508,510,0,429,428,0,159,844,15,0
LEMD,2022-10-07,526,527,0,438,425,0,185,862,6,0
LEMD,2022-10-08,473,482,0,382,388,0,168,780,7,0
LEMD,2022-10-09,488,497,0,394,399,0,168,815,2,0
LEMD,2022-10-10,518,528,0,432,437,0,163,876,7,0
LEMD,2022-10-11,505,509,0,425,419,0,162,839,13,0
LEMD,2022-10-12,486,504,0,410,410,0,157,823,10,0
LEMD,2022-10-13,503,505,0,427,426,0,158,842,8,0
LEMD,2022-10-14,524,534,0,441,440,0,174,874,10,0
LEMD,2022-10-15,488,493,0,393,396,0,178,796,7,0
LEMD,2022-10-16,507,529,0,412,424,0,177,843,16,0
LEMD,2022-10-17,523,533,0,435,441,0,163,879,14,0
LEMD,2022-10-18,504,505,0,422,417,0,157,842,10,0
LEMD,2022-10-19,522,526,0,429,435,0,169,869,10,0
LEMD,2022-10-20,508,504,0,435,427,0,152,852,8,0
LEMD,2022-10-21,512,517,0,425,421,0,177,839,13,0
LEMD,2022-10-22,474,479,0,386,388,0,168,772,13,0
LEMD,2022-10-23,484,490,0,389,396,0,172,790,12,0
LEMD,2022-10-24,520,526,0,431,428,0,163,877,6,0
LEMD,2022-10-25,506,521,0,425,426,0,163,856,8,0
LEMD,2022-10-26,510,515,0,421,425,0,180,840,5,0
LEMD,2022-10-27,506,502,0,431,425,0,159,844,5,0
LEMD,2022-10-28,529,550,0,441,449,0,185,880,14,0
LEMD,2022-10-29,478,471,0,387,383,0,166,772,11,0
LEMD,2022-10-30,484,495,0,397,403,0,163,811,5,0
LEMD,2022-10-31,521,510,0,429,421,0,152,872,7,0
LEMD,2022-11-01,489,483,0,404,393,0,161,795,16,0
LEMD,2022-11-02,502,496,0,413,413,0,165,829,4,0
LEMD,2022-11-03,508,515,0,435,440,0,146,869,8,0
LEMD,2022-11-04,524,534,0,439,435,0,175,872,11,0
LEMD,2022-11-05,479,467,0,388,380,0,157,783,6,0
LEMD,2022-11-06,490,509,0,400,416,0,162,831,6,0
LEMD,2022-11-07,524,520,0,431,421,0,161,878,5,0
LEMD,2022-11-08,478,494,0,397,401,0,165,804,3,0
LEMD,2022-11-09,482,477,0,396,389,0,156,795,8,0
LEMD,2022-11-10,507,507,0,432,428,0,146,854,14,0
LEMD,2022-11-11,538,541,0,449,445,0,166,901,12,0
LEMD,2022-11-12,481,480,0,388,388,0,160,795,6,0
LEMD,2022-11-13,494,501,0,405,412,0,157,827,11,0
LEMD,2022-11-14,518,524,0,431,434,0,151,876,15,0
LEMD,2022-11-15,483,489,0,401,399,0,162,800,10,0
LEMD,2022-11-16,483,504,0,398,415,0,167,813,7,0
LEMD,2022-11-17,501,502,0,423,412,0,157,842,4,0
LEMD,2022-11-18,539,543,0,442,437,0,182,891,9,0
LEMD,2022-11-19,475,475,0,377,374,0,169,776,5,0
LEMD,2022-11-20,494,502,0,398,404,0,165,824,7,0
LEMD,2022-11-21,523,523,0,427,424,0,163,876,7,0
LEMD,2022-11-22,493,499,0,409,400,0,161,817,14,0
LEMD,2022-11-23,498,500,0,411,407,0,175,814,9,0
LEMD,2022-11-24,501,504,0,419,423,0,144,852,9,0
LEMD,2022-11-25,531,535,0,446,439,0,174,891,1,0
LEMD,2022-11-26,468,468,0,377,373,0,162,770,4,0
LEMD,2022-11-27,478,495,0,389,406,0,159,811,3,0
LEMD,2022-11-28,502,501,0,413,417,0,146,854,3,0
LEMD,2022-11-29,466,479,0,398,385,0,150,789,6,0
LEMD,2022-11-30,506,497,0,414,408,0,164,828,11,0
LEMD,2022-12-01,493,499,0,414,414,0,156,827,9,0
LEMD,2022-12-02,547,557,0,451,455,0,186,909,9,0
LEMD,2022-12-03,512,498,0,404,393,0,181,818,11,0
LEMD,2022-12-04,479,496,0,389,399,0,172,794,9,0
LEMD,2022-12-05,508,527,0,414,427,0,167,858,9,0
LEMD,2022-12-06,483,490,0,398,395,0,165,803,5,0
LEMD,2022-12-07,500,486,0,412,398,0,175,807,4,0
LEMD,2022-12-08,494,508,0,413,420,0,168,828,6,0
LEMD,2022-12-09,507,525,0,420,427,0,171,854,7,0
LEMD,2022-12-10,490,480,0,387,376,0,171,795,4,0
LEMD,2022-12-11,478,489,0,385,400,0,180,778,9,0
LEMD,2022-12-12,517,517,0,421,416,0,171,855,8,0
LEMD,2022-12-13,494,498,0,409,399,0,177,806,9,0
LEMD,2022-12-14,498,489,0,406,402,0,173,805,9,0
LEMD,2022-12-15,508,513,0,419,425,0,173,839,9,0
LEMD,2022-12-16,524,536,0,439,439,0,176,880,4,0
LEMD,2022-12-17,492,487,0,390,388,0,170,802,7,0
LEMD,2022-12-18,489,503,0,397,408,0,175,811,6,0
LEMD,2022-12-19,540,531,0,442,432,0,169,891,11,0
LEMD,2022-12-20,523,532,0,427,424,0,197,850,8,0
LEMD,2022-12-21,513,527,0,422,437,0,178,854,8,0
LEMD,2022-12-22,521,519,0,438,430,0,169,868,3,0
LEMD,2022-12-23,536,546,0,447,445,0,195,876,11,0
LEMD,2022-12-24,432,412,0,336,320,0,165,673,6,0
LEMD,2022-12-25,372,391,0,292,308,0,163,595,5,0
LEMD,2022-12-26,487,503,0,393,401,0,172,812,6,0
LEMD,2022-12-27,466,480,0,379,383,0,174,766,6,0
LEMD,2022-12-28,503,497,0,413,412,0,174,821,5,0
LEMD,2022-12-29,494,499,0,411,408,0,173,814,6,0
LEMD,2022-12-30,512,515,0,428,416,0,177,847,3,0
LEMD,2022-12-31,434,409,0,338,318,0,167,675,1,0
LEMD,2023-01-01,442,468,0,357,380,0,167,739,4,0
LEMD,2023-01-02,501,510,0,409,412,0,172,829,10,0
LEMD,2023-01-03,478,491,0,385,392,0,182,776,11,0
LEMD,2023-01-04,499,465,0,410,377,0,179,782,3,0
LEMD,2023-01-05,501,469,0,412,381,0,170,796,4,0
LEMD,2023-01-06,496,477,0,409,382,0,170,803,0,0
LEMD,2023-01-07,469,461,0,374,366,0,170,757,3,0
LEMD,2023-01-08,503,513,0,411,417,0,182,827,7,0
LEMD,2023-01-09,510,520,0,418,424,0,165,858,7,0
LEMD,2023-01-10,482,458,0,395,367,0,171,764,5,0
LEMD,2023-01-11,482,475,0,396,387,0,167,782,8,0
LEMD,2023-01-12,482,456,0,400,377,0,158,777,3,0
LEMD,2023-01-13,512,500,0,429,404,0,172,836,4,0
LEMD,2023-01-14,465,431,0,374,341,0,164,726,6,0
LEMD,2023-01-15,473,493,0,379,398,0,174,788,4,0
LEMD,2023-01-16,496,500,0,404,407,0,170,821,5,0
LEMD,2023-01-17,465,461,0,379,376,0,161,758,7,0
LEMD,2023-01-18,454,464,0,380,376,0,157,755,6,0
LEMD,2023-01-19,480,466,0,395,383,0,167,771,8,0
LEMD,2023-01-20,518,516,0,434,426,0,169,859,6,0
LEMD,2023-01-21,470,457,0,379,366,0,167,751,9,0
LEMD,2023-01-22,473,499,0,382,404,0,166,800,6,0
LEMD,2023-01-23,498,471,0,410,386,0,158,805,6,0
LEMD,2023-01-24,473,453,0,393,365,0,162,751,13,0
LEMD,2023-01-25,464,454,0,381,370,0,165,743,10,0
LEMD,2023-01-26,487,478,0,406,398,0,160,800,5,0
LEMD,2023-01-27,501,492,0,421,400,0,170,814,9,0
LEMD,2023-01-28,444,413,0,354,323,0,166,683,8,0
LEMD,2023-01-29,472,464,0,387,373,0,168,763,5,0
LEMD,2023-01-30,501,464,0,416,387,0,151,801,13,0
LEMD,2023-01-31,449,421,0,368,339,0,162,698,10,0
LEMD,2023-02-01,472,465,0,389,379,0,167,754,16,0
LEMD,2023-02-02,482,457,0,407,378,0,148,779,12,0
LEMD,2023-02-03,506,498,0,425,407,0,170,826,8,0
LEMD,2023-02-04,469,433,0,379,341,0,167,727,8,0
LEMD,2023-02-05,468,493,0,381,399,0,174,780,7,0
LEMD,2023-02-06,507,503,0,419,413,0,164,840,6,0
LEMD,2023-02-07,454,422,0,371,347,0,150,717,9,0
LEMD,2023-02-08,466,477,0,384,389,0,170,768,5,0
LEMD,2023-02-09,493,489,0,412,406,0,164,807,11,0
LEMD,2023-02-10,505,503,0,425,416,0,172,831,5,0
LEMD,2023-02-11,454,427,0,367,332,0,171,703,7,0
LEMD,2023-02-12,484,484,0,388,397,0,177,785,6,0
LEMD,2023-02-13,504,478,0,418,391,0,153,822,7,0
LEMD,2023-02-14,468,485,0,387,397,0,167,778,8,0
LEMD,2023-02-15,481,486,0,399,400,0,173,789,5,0
LEMD,2023-02-16,460,465,0,379,391,0,159,756,10,0
LEMD,2023-02-17,510,499,0,428,408,0,158,841,10,0
LEMD,2023-02-18,454,427,0,374,352,0,142,729,10,0
LEMD,2023-02-19,450,480,0,368,405,0,152,767,11,0
LEMD,2023-02-20,527,533,0,442,444,0,160,884,16,0
LEMD,2023-02-21,490,498,0,403,410,0,175,809,4,0
LEMD,2023-02-22,501,489,0,418,405,0,170,813,7,0
LEMD,2023-02-23,501,491,0,421,418,0,160,823,9,0
LEMD,2023-02-24,525,514,0,443,428,0,168,864,7,0
LEMD,2023-02-25,477,448,0,390,356,0,167,754,4,0
LEMD,2023-02-26,497,485,0,407,397,0,169,801,12,0
LEMD,2023-02-27,517,522,0,431,429,0,167,861,11,0
LEMD,2023-02-28,478,461,0,394,374,0,162,772,5,0
LEMD,2023-03-01,494,487,0,408,400,0,169,806,6,0
LEMD,2023-03-02,500,488,0,416,402,0,166,814,8,0
LEMD,2023-03-03,520,509,0,432,419,0,173,850,6,0
LEMD,2023-03-04,476,463,0,387,366,0,168,761,10,0
LEMD,2023-03-05,498,498,0,405,401,0,180,811,5,0
LEMD,2023-03-06,510,508,0,425,417,0,162,845,11,0
LEMD,2023-03-07,469,473,0,386,385,0,166,764,12,0
LEMD,2023-03-08,461,464,0,375,378,0,176,743,6,0
LEMD,2023-03-09,478,481,0,398,398,0,162,787,10,0
LEMD,2023-03-10,505,504,0,419,412,0,176,823,10,0
LEMD,2023-03-11,442,445,0,355,353,0,169,712,6,0
LEMD,2023-03-12,469,483,0,381,394,0,176,770,6,0
LEMD,2023-03-13,500,498,0,412,408,0,160,833,5,0
LEMD,2023-03-14,485,484,0,397,391,0,162,802,5,0
LEMD,2023-03-15,492,476,0,404,396,0,172,782,14,0
LEMD,2023-03-16,491,513,0,413,426,0,165,827,12,0
LEMD,2023-03-17,512,530,0,429,435,0,177,857,8,0
LEMD,2023-03-18,469,471,0,382,377,0,173,764,3,0
LEMD,2023-03-19,495,507,0,403,418,0,176,822,4,0
LEMD,2023-03-20,516,514,0,426,424,0,161,854,15,0
LEMD,2023-03-21,475,486,0,392,390,0,176,780,5,0
LEMD,2023-03-22,489,469,0,400,391,0,168,780,10,0
LEMD,2023-03-23,490,501,0,411,417,0,158,823,10,0
LEMD,2023-03-24,514,522,0,432,432,0,176,858,2,0
LEMD,2023-03-25,476,472,0,386,380,0,163,777,8,0
LEMD,2023-03-26,492,502,0,402,402,0,179,803,12,0
LEMD,2023-03-27,490,485,0,402,394,0,155,808,12,0
LEMD,2023-03-28,512,521,0,416,422,0,174,840,19,0
LEMD,2023-03-29,525,531,0,433,437,0,178,863,15,0
LEMD,2023-03-30,530,529,0,435,439,0,173,880,6,0
LEMD,2023-03-31,536,546,0,441,438,0,186,886,10,0
LEMD,2023-04-01,495,523,0,393,407,0,181,830,7,0
LEMD,2023-04-02,484,496,0,383,397,0,184,790,6,0
LEMD,2023-04-03,512,509,0,415,408,0,160,856,5,0
LEMD,2023-04-04,495,502,0,402,398,0,174,817,6,0
LEMD,2023-04-05,524,528,0,432,431,0,179,860,13,0
LEMD,2023-04-06,485,491,0,397,401,0,168,806,2,0
LEMD,2023-04-07,492,500,0,404,400,0,168,821,3,0
LEMD,2023-04-08,492,486,0,393,384,0,172,800,6,0
LEMD,2023-04-09,518,530,0,412,424,0,179,856,13,0
LEMD,2023-04-10,536,556,0,437,451,0,165,912,15,0
LEMD,2023-04-11,520,530,0,429,429,0,174,863,13,0
LEMD,2023-04-12,544,531,0,449,442,0,168,899,8,0
LEMD,2023-04-13,527,536,0,440,445,0,175,877,11,0
LEMD,2023-04-14,541,553,0,440,445,0,177,909,8,0
LEMD,2023-04-15,481,486,0,389,386,0,166,800,1,0
LEMD,2023-04-16,496,512,0,397,409,0,187,820,1,0
LEMD,2023-04-17,528,534,0,431,432,0,171,876,15,0
LEMD,2023-04-18,513,516,0,424,415,0,167,858,4,0
LEMD,2023-04-19,532,533,0,440,442,0,171,883,11,0
LEMD,2023-04-20,525,519,0,435,437,0,163,877,4,0
LEMD,2023-04-21,536,526,0,439,424,0,175,875,12,0
LEMD,2023-04-22,495,512,0,400,411,0,179,809,19,0
LEMD,2023-04-23,513,529,0,412,425,0,189,838,15,0
LEMD,2023-04-24,526,536,0,430,436,0,164,887,11,0
LEMD,2023-04-25,515,512,0,420,413,0,178,842,7,0
LEMD,2023-04-26,543,555,0,451,454,0,184,904,10,0
LEMD,2023-04-27,540,536,0,446,440,0,177,894,5,0
LEMD,2023-04-28,560,563,0,459,456,0,180,925,18,0
LEMD,2023-04-29,489,500,0,392,396,0,171,814,4,0
LEMD,2023-04-30,503,518,0,400,412,0,192,822,7,0
LEMD,2023-05-01,490,495,0,395,393,0,168,809,8,0
LEMD,2023-05-02,522,514,0,421,411,0,186,845,5,0
LEMD,2023-05-03,535,539,0,438,441,0,168,900,6,0
LEMD,2023-05-04,539,546,0,440,444,0,183,891,11,0
LEMD,2023-05-05,539,542,0,439,439,0,184,896,1,0
LEMD,2023-05-06,496,507,0,399,403,0,178,821,4,0
LEMD,2023-05-07,525,527,0,420,425,0,190,846,16,0
LEMD,2023-05-08,538,550,0,440,445,0,168,905,15,0
LEMD,2023-05-09,557,547,0,460,448,0,174,902,28,0
LEMD,2023-05-10,554,576,0,454,472,0,182,932,16,0
LEMD,2023-05-11,547,557,0,448,457,0,188,907,9,0
LEMD,2023-05-12,554,555,0,456,446,0,187,907,15,0
LEMD,2023-05-13,497,513,0,402,413,0,176,829,5,0
LEMD,2023-05-14,521,534,0,420,425,0,185,857,13,0
LEMD,2023-05-15,534,531,0,435,425,0,167,893,5,0
LEMD,2023-05-16,530,534,0,433,435,0,184,874,6,0
LEMD,2023-05-17,539,546,0,439,442,0,180,894,11,0
LEMD,2023-05-18,542,536,0,447,440,0,183,885,10,0
LEMD,2023-05-19,532,545,0,433,446,0,193,874,10,0
LEMD,2023-05-20,504,509,0,409,412,0,172,833,8,0
LEMD,2023-05-21,526,540,0,425,435,0,186,868,12,0
LEMD,2023-05-22,537,540,0,437,436,0,176,886,15,0
LEMD,2023-05-23,526,533,0,427,432,0,184,872,3,0
LEMD,2023-05-24,551,553,0,449,446,0,184,913,7,0
LEMD,2023-05-25,529,516,0,433,424,0,184,853,8,0
LEMD,2023-05-26,543,542,0,447,439,0,190,882,13,0
LEMD,2023-05-27,501,504,0,405,402,0,182,811,12,0
LEMD,2023-05-28,510,529,0,409,425,0,190,847,2,0
LEMD,2023-05-29,519,524,0,423,423,0,170,864,9,0
LEMD,2023-05-30,529,541,0,435,434,0,187,862,21,0
LEMD,2023-05-31,4,0,0,0,NA,0,3,1,0,0
LEMD,2023-06-01,539,533,0,440,434,0,182,876,14,0
LEMD,2023-06-02,544,537,0,447,434,0,188,884,9,0
LEMD,2023-06-03,507,516,0,410,415,0,181,835,7,0
LEMD,2023-06-04,507,525,0,402,413,0,193,828,11,0
LEMD,2023-06-05,526,526,0,431,427,0,165,877,10,0
LEMD,2023-06-06,506,505,0,409,408,0,179,819,13,0
LEMD,2023-06-07,548,545,0,443,438,0,182,895,16,0
LEMD,2023-06-08,542,537,0,439,437,0,186,883,10,0
LEMD,2023-06-09,560,561,0,457,456,0,193,915,13,0
LEMD,2023-06-10,494,503,0,396,404,0,185,802,10,0
LEMD,2023-06-11,523,540,0,419,430,0,191,857,15,0
LEMD,2023-06-12,538,542,0,441,438,0,175,894,11,0
LEMD,2023-06-13,523,532,0,422,427,0,192,846,17,0
LEMD,2023-06-14,540,532,0,431,431,0,181,880,11,0
LEMD,2023-06-15,542,559,0,440,452,0,195,898,8,0
LEMD,2023-06-16,565,564,0,460,461,0,195,925,9,0
LEMD,2023-06-17,515,515,0,411,413,0,189,836,5,0
LEMD,2023-06-18,537,527,0,427,418,0,195,865,4,0
LEMD,2023-06-19,540,554,0,443,450,0,176,903,15,0
LEMD,2023-06-20,529,534,0,427,430,0,191,861,11,0
LEMD,2023-06-21,566,560,0,456,448,0,191,925,10,0
LEMD,2023-06-22,540,557,0,435,451,0,182,899,16,0
LEMD,2023-06-23,556,551,0,451,444,0,188,913,6,0
LEMD,2023-06-24,512,514,0,404,404,0,191,827,8,0
LEMD,2023-06-25,525,531,0,414,417,0,195,853,8,0
LEMD,2023-06-26,538,541,0,434,431,0,181,885,13,0
LEMD,2023-06-27,538,549,0,432,440,0,196,882,9,0
LEMD,2023-06-28,558,565,0,451,449,0,187,921,15,0
LEMD,2023-06-29,556,555,0,445,447,0,201,900,10,0
LEMD,2023-06-30,556,570,0,448,463,0,197,914,15,0
LEMD,2023-07-01,515,524,0,409,408,0,192,840,7,0
LEMD,2023-07-02,551,545,0,435,433,0,193,894,9,0
LEMD,2023-07-03,551,558,0,441,444,0,183,915,11,0
LEMD,2023-07-04,536,547,0,432,434,0,200,869,14,0
LEMD,2023-07-05,563,552,0,453,443,0,196,907,12,0
LEMD,2023-07-06,566,588,0,459,471,0,199,946,9,0
LEMD,2023-07-07,578,578,0,470,471,0,199,941,16,0
LEMD,2023-07-08,512,527,0,405,413,0,188,843,8,0
LEMD,2023-07-09,559,559,0,442,435,0,215,899,4,0
LEMD,2023-07-10,561,560,0,450,453,0,182,932,7,0
LEMD,2023-07-11,549,543,0,441,429,0,200,875,17,0
LEMD,2023-07-12,557,565,0,447,449,0,196,912,14,0
LEMD,2023-07-13,543,542,0,435,445,0,184,888,13,0
LEMD,2023-07-14,574,574,0,468,461,0,208,930,10,0
LEMD,2023-07-15,504,522,0,392,409,0,192,820,14,0
LEMD,2023-07-16,551,548,0,433,431,0,207,883,9,0
LEMD,2023-07-17,551,550,0,442,441,0,184,907,10,0
LEMD,2023-07-18,549,554,0,440,438,0,215,883,5,0
LEMD,2023-07-19,557,564,0,446,447,0,201,915,5,0
LEMD,2023-07-20,579,575,0,465,460,0,197,930,27,0
LEMD,2023-07-21,565,581,0,450,469,0,218,911,17,0
LEMD,2023-07-22,520,521,0,412,405,0,189,843,9,0
LEMD,2023-07-23,548,551,0,434,433,0,203,872,24,0
LEMD,2023-07-24,549,555,0,438,445,0,180,920,4,0
LEMD,2023-07-25,542,551,0,437,437,0,205,882,6,0
LEMD,2023-07-26,564,556,0,450,439,0,193,914,13,0
LEMD,2023-07-27,553,559,0,442,455,0,182,918,12,0
LEMD,2023-07-28,564,571,0,456,461,0,196,927,12,0
LEMD,2023-07-29,510,518,0,402,403,0,187,829,12,0
LEMD,2023-07-30,534,541,0,411,422,0,199,874,2,0
LEMD,2023-07-31,550,552,0,441,444,0,172,922,8,0
LEMD,2023-08-01,547,547,0,436,428,0,204,882,8,0
LEMD,2023-08-02,541,544,0,432,430,0,191,887,7,0
LEMD,2023-08-03,548,565,0,434,443,0,207,899,7,0
LEMD,2023-08-04,562,555,0,444,442,0,209,905,3,0
LEMD,2023-08-05,505,508,0,396,391,0,193,817,3,0
LEMD,2023-08-06,539,550,0,421,424,0,208,870,11,0
LEMD,2023-08-07,550,551,0,441,440,0,180,903,18,0
LEMD,2023-08-08,518,542,0,415,425,0,203,852,5,0
LEMD,2023-08-09,550,546,0,437,432,0,201,890,5,0
LEMD,2023-08-10,545,555,0,432,435,0,205,891,4,0
LEMD,2023-08-11,559,555,0,445,440,0,203,902,9,0
LEMD,2023-08-12,508,523,0,399,409,0,189,834,8,0
LEMD,2023-08-13,534,538,0,419,422,0,205,858,9,0
LEMD,2023-08-14,549,544,0,437,432,0,180,904,9,0
LEMD,2023-08-15,521,532,0,412,416,0,204,844,5,0
LEMD,2023-08-16,535,540,0,426,423,0,195,877,3,0
LEMD,2023-08-17,535,551,0,423,432,0,197,880,9,0
LEMD,2023-08-18,556,548,0,439,435,0,204,896,4,0
LEMD,2023-08-19,504,514,0,393,400,0,191,822,5,0
LEMD,2023-08-20,534,539,0,419,421,0,211,853,9,0
LEMD,2023-08-21,543,554,0,430,440,0,184,898,15,0
LEMD,2023-08-22,529,537,0,419,421,0,208,855,3,0
LEMD,2023-08-23,546,543,0,430,425,0,208,876,5,0
LEMD,2023-08-24,545,560,0,435,440,0,203,891,11,0
LEMD,2023-08-25,564,548,0,450,438,0,200,904,8,0
LEMD,2023-08-26,509,526,0,399,411,0,194,836,5,0
LEMD,2023-08-27,528,526,0,412,407,0,207,843,4,0
LEMD,2023-08-28,540,540,0,428,428,0,180,882,18,0
LEMD,2023-08-29,544,550,0,434,436,0,206,878,10,0
LEMD,2023-08-30,558,551,0,447,438,0,198,893,18,0
LEMD,2023-08-31,560,575,0,446,452,0,204,918,13,0
LEMD,2023-09-01,565,568,0,451,456,0,202,921,10,0
LEMD,2023-09-02,528,530,0,422,414,0,188,855,15,0
LEMD,2023-09-03,549,550,0,427,430,0,210,883,6,0
LEMD,2023-09-04,573,574,0,460,461,0,190,940,17,0
LEMD,2023-09-05,561,566,0,458,452,0,205,912,10,0
LEMD,2023-09-06,575,566,0,456,455,0,190,942,9,0
LEMD,2023-09-07,561,554,0,457,455,0,181,924,10,0
LEMD,2023-09-08,582,588,0,470,475,0,206,961,3,0
LEMD,2023-09-09,516,526,0,411,409,0,190,846,6,0
LEMD,2023-09-10,558,560,0,436,440,0,212,896,10,0
LEMD,2023-09-11,566,569,0,455,459,0,184,942,9,0
LEMD,2023-09-12,550,549,0,443,448,0,196,896,7,0
LEMD,2023-09-13,586,579,0,472,459,0,200,952,13,0
LEMD,2023-09-14,572,574,0,462,463,0,195,937,14,0
LEMD,2023-09-15,586,583,0,472,472,0,210,948,11,0
LEMD,2023-09-16,520,535,0,410,416,0,186,859,10,0
LEMD,2023-09-17,556,561,0,438,446,0,202,899,16,0
LEMD,2023-09-18,565,561,0,456,453,0,172,941,13,0
LEMD,2023-09-19,540,553,0,437,448,0,190,883,20,0
LEMD,2023-09-20,571,570,0,468,462,0,190,939,12,0
LEMD,2023-09-21,560,572,0,453,464,0,191,928,13,0
LEMD,2023-09-22,593,582,0,475,468,0,201,962,12,0
LEMD,2023-09-23,519,536,0,409,415,0,192,853,10,0
LEMD,2023-09-24,554,559,0,439,445,0,207,899,7,0
LEMD,2023-09-25,553,548,0,452,447,0,172,921,8,0
LEMD,2023-09-26,540,562,0,435,449,0,196,895,11,0
LEMD,2023-09-27,570,560,0,464,447,0,195,927,8,0
LEMD,2023-09-28,561,568,0,456,464,0,189,935,5,0
LEMD,2023-09-29,585,579,0,472,464,0,201,949,14,0
LEMD,2023-09-30,514,527,0,406,409,0,196,840,5,0
LEMD,2023-10-01,564,573,0,448,454,0,211,908,18,0
LEMD,2023-10-02,565,559,0,452,452,0,176,936,12,0
LEMD,2023-10-03,533,551,0,430,438,0,194,880,10,0
LEMD,2023-10-04,570,570,0,460,458,0,187,941,12,0
LEMD,2023-10-05,570,577,0,464,468,0,196,940,11,0
LEMD,2023-10-06,573,568,0,462,451,0,205,929,7,0
LEMD,2023-10-07,529,528,0,420,421,0,199,847,11,0
LEMD,2023-10-08,559,568,0,443,452,0,214,900,13,0
LEMD,2023-10-09,553,562,0,445,454,0,174,929,12,0
LEMD,2023-10-10,532,533,0,429,424,0,196,862,7,0
LEMD,2023-10-11,562,579,0,453,465,0,195,939,7,0
LEMD,2023-10-12,541,547,0,435,439,0,186,891,11,0
LEMD,2023-10-13,564,562,0,454,450,0,215,900,11,0
LEMD,2023-10-14,519,525,0,414,416,0,190,841,13,0
LEMD,2023-10-15,565,569,0,445,450,0,219,904,11,0
LEMD,2023-10-16,548,538,0,447,440,0,178,903,5,0
LEMD,2023-10-17,531,542,0,429,435,0,196,873,4,0
LEMD,2023-10-18,544,552,0,437,449,0,189,899,8,0
LEMD,2023-10-19,555,530,0,454,442,0,175,903,7,0
LEMD,2023-10-20,573,571,0,465,465,0,207,926,11,0
LEMD,2023-10-21,524,514,0,422,406,0,196,838,4,0
LEMD,2023-10-22,543,559,0,427,447,0,208,885,9,0
LEMD,2023-10-23,562,561,0,458,455,0,189,928,6,0
LEMD,2023-10-24,531,547,0,428,435,0,199,871,8,0
LEMD,2023-10-25,566,560,0,464,451,0,197,912,17,0
LEMD,2023-10-26,551,558,0,450,455,0,185,910,14,0
LEMD,2023-10-27,585,575,0,475,467,0,205,940,15,0
LEMD,2023-10-28,516,522,0,419,416,0,190,845,3,0
LEMD,2023-10-29,534,552,0,426,446,0,190,886,10,0
LEMD,2023-10-30,556,556,0,455,448,0,177,924,11,0
LEMD,2023-10-31,534,541,0,431,429,0,196,867,12,0
LEMD,2023-11-01,533,511,0,437,421,0,166,875,3,0
LEMD,2023-11-02,455,432,0,359,351,0,169,708,10,0
LEMD,2023-11-03,576,566,0,467,453,0,195,935,12,0
LEMD,2023-11-04,491,504,0,393,392,0,187,804,4,0
LEMD,2023-11-05,522,544,0,413,438,0,194,862,10,0
LEMD,2023-11-06,555,557,0,451,454,0,179,928,5,0
LEMD,2023-11-07,523,531,0,427,429,0,195,844,15,0
LEMD,2023-11-08,525,529,0,429,431,0,177,862,15,0
LEMD,2023-11-09,523,524,0,428,428,0,183,852,12,0
LEMD,2023-11-10,566,563,0,459,454,0,186,933,10,0
LEMD,2023-11-11,489,499,0,390,394,0,177,804,7,0
LEMD,2023-11-12,532,533,0,425,432,0,185,870,10,0
LEMD,2023-11-13,542,557,0,441,448,0,173,920,6,0
LEMD,2023-11-14,512,515,0,414,414,0,190,825,12,0
LEMD,2023-11-15,510,517,0,417,419,0,181,832,14,0
LEMD,2023-11-16,531,539,0,438,441,0,182,876,12,0
LEMD,2023-11-17,566,572,0,458,459,0,187,937,14,0
LEMD,2023-11-18,495,494,0,390,384,0,181,801,7,0
LEMD,2023-11-19,532,544,0,420,437,0,192,876,8,0
LEMD,2023-11-20,532,541,0,434,434,0,176,887,10,0
LEMD,2023-11-21,516,520,0,415,415,0,193,832,11,0
LEMD,2023-11-22,505,508,0,413,416,0,172,831,10,0
LEMD,2023-11-23,521,526,0,426,433,0,181,856,10,0
LEMD,2023-11-24,561,564,0,456,457,0,190,926,9,0
LEMD,2023-11-25,490,492,0,392,384,0,186,789,7,0
LEMD,2023-11-26,528,535,0,419,431,0,194,865,4,0
LEMD,2023-11-27,538,533,0,439,438,0,166,895,10,0
LEMD,2023-11-28,512,519,0,413,414,0,193,828,10,0
LEMD,2023-11-29,526,503,0,432,414,0,167,849,13,0
LEMD,2023-11-30,519,528,0,424,431,0,180,857,10,0
LEMD,2024-01-01,475,506,0,385,407,0,165,810,6,0
LEMD,2024-01-02,544,537,0,441,428,0,199,878,4,0
LEMD,2024-01-03,528,535,0,423,424,0,190,867,6,0
LEMD,2024-01-04,551,553,0,446,442,0,200,898,6,0
LEMD,2024-01-05,495,504,0,386,387,0,195,799,5,0
LEMD,2024-01-06,450,453,0,348,343,0,192,706,5,0
LEMD,2024-01-07,497,491,0,384,382,0,195,779,14,0
LEMD,2024-01-08,490,486,0,389,378,0,182,788,6,0
LEMD,2024-01-09,512,515,0,404,410,0,204,815,8,0
LEMD,2024-01-10,497,492,0,401,393,0,178,805,6,0
LEMD,2024-01-11,500,492,0,401,392,0,189,795,8,0
LEMD,2024-01-12,546,537,0,442,425,0,189,883,11,0
LEMD,2024-01-13,476,479,0,377,369,0,193,752,10,0
LEMD,2024-01-14,509,526,0,400,420,0,195,834,6,0
LEMD,2024-01-15,519,509,0,424,411,0,170,850,8,0
LEMD,2024-01-16,485,488,0,385,379,0,200,760,13,0
LEMD,2024-01-17,483,492,0,389,394,0,184,780,11,0
LEMD,2024-01-18,500,493,0,405,395,0,184,795,14,0
LEMD,2024-01-19,544,549,0,444,437,0,193,888,12,0
LEMD,2024-01-20,482,483,0,385,379,0,191,761,13,0
LEMD,2024-01-21,508,524,0,403,422,0,188,832,12,0
LEMD,2024-01-22,529,511,0,432,411,0,173,843,24,0
LEMD,2024-01-23,488,473,0,392,378,0,186,765,10,0
LEMD,2024-01-24,501,498,0,406,400,0,178,814,7,0
LEMD,2024-01-25,487,494,0,397,400,0,172,804,5,0
LEMD,2024-01-26,539,536,0,442,434,0,180,888,7,0
LEMD,2024-01-27,472,484,0,379,378,0,187,763,6,0
LEMD,2024-01-28,521,529,0,415,429,0,192,849,9,0
LEMD,2024-01-29,506,511,0,413,411,0,166,848,3,0
LEMD,2024-01-30,483,480,0,382,391,0,181,770,12,0
LEMD,2024-01-31,489,481,0,399,388,0,170,789,11,0
LEMD,2024-02-01,521,513,0,424,413,0,186,835,13,0
LEMD,2024-02-02,553,550,0,451,447,0,182,910,11,0
LEMD,2024-02-03,487,491,0,393,389,0,185,787,6,0
LEMD,2024-02-04,517,539,0,414,438,0,185,857,14,0
LEMD,2024-02-05,530,534,0,437,438,0,170,887,7,0
LEMD,2024-02-06,490,500,0,392,396,0,199,790,1,0
LEMD,2024-02-07,511,505,0,418,407,0,179,827,10,0
LEMD,2024-02-08,508,505,0,415,411,0,173,831,9,0
LEMD,2024-02-09,547,554,0,451,450,0,183,911,7,0
LEMD,2024-02-10,508,510,0,402,401,0,185,825,8,0
LEMD,2024-02-11,525,529,0,416,427,0,181,859,14,0
LEMD,2024-02-12,538,539,0,442,439,0,165,897,15,0
LEMD,2024-02-13,512,513,0,414,412,0,190,825,10,0
LEMD,2024-02-14,513,506,0,420,419,0,164,844,11,0
LEMD,2024-02-15,525,529,0,429,432,0,180,871,3,0
LEMD,2024-02-16,580,562,0,478,468,0,185,943,14,0
LEMD,2024-02-17,494,506,0,392,400,0,180,819,1,0
LEMD,2024-02-18,540,552,0,438,447,0,186,896,10,0
LEMD,2024-02-19,538,542,0,442,442,0,171,903,6,0
LEMD,2024-02-20,517,525,0,419,425,0,194,840,8,0
LEMD,2024-02-21,525,507,0,437,422,0,165,859,8,0
LEMD,2024-02-22,542,538,0,451,444,0,181,882,17,0
LEMD,2024-02-23,566,575,0,468,468,0,185,944,12,0
LEMD,2024-02-24,502,511,0,405,407,0,184,825,4,0
LEMD,2024-02-25,536,543,0,431,438,0,188,886,5,0
LEMD,2024-02-26,549,560,0,446,453,0,176,925,8,0
LEMD,2024-02-27,529,528,0,428,429,0,191,858,8,0
LEMD,2024-02-28,528,530,0,434,426,0,188,860,10,0
LEMD,2024-02-29,534,538,0,441,439,0,180,885,7,0
LEMD,2024-03-01,580,583,0,474,475,0,190,966,7,0
LEMD,2024-03-02,510,519,0,406,408,0,184,839,6,0
LEMD,2024-03-03,541,546,0,435,442,0,190,891,6,0
LEMD,2024-03-04,549,563,0,448,456,0,175,924,13,0
LEMD,2024-03-05,534,536,0,432,432,0,191,871,8,0
LEMD,2024-03-06,540,527,0,445,426,0,184,867,16,0
LEMD,2024-03-07,530,550,0,437,452,0,187,879,14,0
LEMD,2024-03-08,578,572,0,473,468,0,191,952,7,0
LEMD,2024-03-09,513,515,0,411,405,0,191,833,4,0
LEMD,2024-03-10,544,557,0,437,452,0,196,901,4,0
LEMD,2024-03-11,551,552,0,448,449,0,176,924,3,0
LEMD,2024-03-12,517,525,0,416,423,0,204,832,6,0
LEMD,2024-03-13,540,516,0,444,426,0,179,864,13,0
LEMD,2024-03-14,550,549,0,451,452,0,194,894,11,0
LEMD,2024-03-15,588,598,0,485,492,0,197,983,6,0
LEMD,2024-03-16,519,532,0,419,424,0,201,843,7,0
LEMD,2024-03-17,549,556,0,441,453,0,202,897,6,0
LEMD,2024-03-18,568,580,0,465,473,0,183,963,2,0
LEMD,2024-03-19,536,529,0,435,428,0,204,853,8,0
LEMD,2024-03-20,544,538,0,445,450,0,171,902,9,0
LEMD,2024-03-21,547,540,0,447,441,0,184,892,11,0
LEMD,2024-03-22,598,595,0,490,479,0,198,979,16,0
LEMD,2024-03-23,537,545,0,428,431,0,203,871,8,0
LEMD,2024-03-24,544,552,0,431,442,0,200,890,6,0
LEMD,2024-03-25,553,559,0,452,449,0,180,921,11,0
LEMD,2024-03-26,523,527,0,425,427,0,195,848,7,0
LEMD,2024-03-27,553,570,0,453,460,0,188,920,15,0
LEMD,2024-03-28,565,545,0,457,443,0,187,914,9,0
LEMD,2024-03-29,551,555,0,446,447,0,190,914,2,0
LEMD,2024-03-30,518,513,0,411,412,0,187,840,4,0
LEMD,2024-03-31,564,571,0,452,459,0,200,924,11,0
LEMD,2024-04-01,565,575,0,460,463,0,180,953,7,0
LEMD,2024-04-02,572,581,0,466,469,0,210,938,5,0
LEMD,2024-04-03,575,577,0,463,462,0,195,947,10,0
LEMD,2024-04-04,557,569,0,457,467,0,182,938,6,0
LEMD,2024-04-05,598,594,0,486,473,0,208,978,6,0
LEMD,2024-04-06,530,539,0,425,432,0,208,854,7,0
LEMD,2024-04-07,564,573,0,447,459,0,208,918,11,0
LEMD,2024-04-08,576,572,0,466,456,0,185,953,10,0
LEMD,2024-04-09,597,581,0,485,472,0,211,962,5,0
LEMD,2024-04-10,587,614,0,472,500,0,203,988,10,0
LEMD,2024-04-11,588,595,0,483,489,0,200,969,14,0
LEMD,2024-04-12,596,595,0,478,480,0,211,970,10,0
LEMD,2024-04-13,524,536,0,423,429,0,198,857,5,0
LEMD,2024-04-14,553,570,0,439,457,0,212,900,11,0
LEMD,2024-04-15,584,575,0,476,470,0,182,962,15,0
LEMD,2024-04-16,574,583,0,471,472,0,212,937,8,0
LEMD,2024-04-17,592,586,0,476,477,0,190,969,19,0
LEMD,2024-04-18,586,585,0,485,479,0,203,952,16,0
LEMD,2024-04-19,608,591,0,494,475,0,208,978,13,0
LEMD,2024-04-20,520,530,0,413,420,0,199,845,6,0
LEMD,2024-04-21,579,580,0,459,462,0,209,931,19,0
LEMD,2024-04-22,582,590,0,473,472,0,182,973,17,0
LEMD,2024-04-23,582,582,0,478,474,0,206,947,11,0
LEMD,2024-04-24,586,598,0,471,482,0,208,968,8,0
LEMD,2024-04-25,546,547,0,436,440,0,200,879,14,0
LEMD,2024-04-26,601,604,0,484,484,0,213,984,8,0
LEMD,2024-04-27,530,528,0,422,427,0,189,857,12,0
LEMD,2024-04-28,562,568,0,439,451,0,212,910,8,0
LEMD,2024-04-29,566,578,0,460,465,0,185,951,8,0
LEMD,2024-04-30,586,594,0,478,481,0,223,938,19,0
LEMD,2024-05-01,582,584,0,463,462,0,212,946,8,0
LEMD,2024-05-02,557,562,0,445,452,0,205,908,6,0
LEMD,2024-05-03,585,586,0,470,467,0,205,960,6,0
LEMD,2024-05-04,538,549,0,432,434,0,203,877,7,0
LEMD,2024-05-05,581,584,0,460,464,0,218,938,9,0
LEMD,2024-05-06,584,588,0,469,469,0,191,972,9,0
LEMD,2024-05-07,584,580,0,471,469,0,216,936,12,0
LEMD,2024-05-08,620,596,0,498,475,0,207,982,27,0
LEMD,2024-05-09,581,623,0,468,502,0,206,978,20,0
LEMD,2024-05-10,606,606,0,492,489,0,203,997,12,0
LEMD,2024-05-11,532,544,0,428,434,0,204,866,6,0
LEMD,2024-05-12,570,572,0,450,459,0,212,923,7,0
LEMD,2024-05-13,573,574,0,459,459,0,198,944,5,0
LEMD,2024-05-14,566,568,0,458,455,0,215,910,9,0
LEMD,2024-05-15,589,577,0,471,460,0,211,947,8,0
LEMD,2024-05-16,565,588,0,458,476,0,206,930,17,0
LEMD,2024-05-17,598,594,0,481,478,0,214,966,12,0
LEMD,2024-05-18,538,542,0,427,431,0,200,874,6,0
LEMD,2024-05-19,572,592,0,450,470,0,223,933,8,0
LEMD,2024-05-20,579,572,0,467,462,0,188,959,4,0
LEMD,2024-05-21,554,580,0,464,468,0,197,927,10,0
LEMD,2024-05-22,595,575,0,475,463,0,200,957,13,0
LEMD,2024-05-23,568,596,0,467,479,0,201,949,14,0
LEMD,2024-05-24,608,604,0,493,491,0,211,985,16,0
LEMD,2024-05-25,547,551,0,437,444,0,206,878,14,0
LEMD,2024-05-26,567,579,0,449,463,0,218,915,13,0
LEMD,2024-05-27,606,585,0,491,469,0,198,982,11,0
LEMD,2024-05-28,572,577,0,464,474,0,205,934,10,0
LEMD,2024-05-29,589,579,0,473,459,0,203,954,11,0
LEMD,2024-05-30,613,606,0,495,489,0,209,994,16,0
LEMD,2024-05-31,624,640,0,508,520,0,221,1029,14,0
LEMD,2024-06-01,555,591,0,448,477,0,207,929,10,0
LEMD,2024-06-02,626,618,0,505,489,0,225,1007,12,0
LEMD,2024-06-03,603,601,0,494,486,0,190,1002,12,0
LEMD,2024-06-04,585,594,0,468,480,0,218,948,13,0
LEMD,2024-06-05,587,596,0,468,469,0,216,960,7,0
LEMD,2024-06-06,599,592,0,480,474,0,208,975,8,0
LEMD,2024-06-07,608,611,0,489,489,0,217,988,14,0
LEMD,2024-06-08,559,559,0,445,440,0,215,901,2,0
LEMD,2024-06-09,580,589,0,454,465,0,222,936,11,0
LEMD,2024-06-10,586,584,0,471,469,0,201,963,6,0
LEMD,2024-06-11,577,592,0,471,477,0,211,950,8,0
LEMD,2024-06-12,610,604,0,487,475,0,218,981,15,0
LEMD,2024-06-13,598,613,0,471,489,0,215,983,13,0
LEMD,2024-06-14,637,640,0,511,517,0,228,1027,22,0
LEMD,2024-06-15,558,571,0,446,449,0,219,903,7,0
LEMD,2024-06-16,590,590,0,465,467,0,222,950,8,0
LEMD,2024-06-17,612,608,0,494,490,0,204,1010,6,0
LEMD,2024-06-18,590,599,0,478,483,0,217,970,2,0
LEMD,2024-06-19,614,620,0,488,489,0,221,995,18,0
LEMD,2024-06-20,602,611,0,474,490,0,218,984,11,0
LEMD,2024-06-21,643,637,0,519,518,0,218,1047,15,0
LEMD,2024-06-22,574,582,0,457,456,0,230,920,6,0
LEMD,2024-06-23,594,600,0,466,466,0,231,958,5,0
LEMD,2024-06-24,615,616,0,486,489,0,213,1002,16,0
LEMD,2024-06-25,590,600,0,480,480,0,220,965,5,0
LEMD,2024-06-26,616,620,0,487,484,0,228,996,12,0
LEMD,2024-06-27,604,618,0,479,486,0,227,985,10,0
LEMD,2024-06-28,425,406,0,324,342,0,160,664,7,0
LEMD,2024-06-29,181,231,0,162,209,0,43,362,7,0
LEMD,2024-06-30,192,226,0,169,201,0,40,371,7,0
LEMD,2024-07-01,569,592,0,472,467,0,191,963,7,0
LEMD,2024-07-02,602,600,0,489,479,0,228,956,18,0
LEMD,2024-07-03,623,626,0,492,491,0,223,1013,13,0
LEMD,2024-07-04,621,638,0,497,507,0,222,1023,14,0
LEMD,2024-07-05,630,622,0,502,497,0,229,1009,14,0
LEMD,2024-07-06,566,570,0,452,447,0,220,903,13,0
LEMD,2024-07-07,594,618,0,462,482,0,238,965,9,0
LEMD,2024-07-08,612,612,0,491,490,0,205,1007,12,0
LEMD,2024-07-09,594,598,0,479,478,0,224,960,8,0
LEMD,2024-07-10,634,609,0,501,486,0,222,1003,18,0
LEMD,2024-07-11,610,635,0,495,507,0,220,1004,21,0
LEMD,2024-07-12,635,632,0,511,509,0,229,1026,12,0
LEMD,2024-07-13,569,564,0,452,444,0,222,902,9,0
LEMD,2024-07-14,606,620,0,471,483,0,243,972,11,0
LEMD,2024-07-15,612,623,0,491,495,0,205,1012,18,0
LEMD,2024-07-16,589,593,0,473,474,0,226,947,8,0
LEMD,2024-07-17,614,625,0,488,487,0,230,995,14,0
LEMD,2024-07-18,623,620,0,489,489,0,227,1008,8,0
LEMD,2024-07-19,585,590,0,460,471,0,225,940,10,0
LEMD,2024-07-20,572,576,0,455,447,0,224,918,6,0
LEMD,2024-07-21,581,593,0,447,456,0,234,930,10,0
LEMD,2024-07-22,604,595,0,479,472,0,215,975,9,0
LEMD,2024-07-23,584,593,0,473,473,0,223,940,14,0
LEMD,2024-07-24,613,618,0,483,481,0,231,990,10,0
LEMD,2024-07-25,600,617,0,478,482,0,233,967,17,0
LEMD,2024-07-26,609,602,0,483,476,0,227,974,10,0
LEMD,2024-07-27,561,573,0,443,447,0,224,900,10,0
LEMD,2024-07-28,584,606,0,452,471,0,239,948,3,0
LEMD,2024-07-29,595,584,0,473,461,0,207,963,9,0
LEMD,2024-07-30,577,593,0,466,471,0,220,938,12,0
LEMD,2024-07-31,610,599,0,483,465,0,230,970,9,0
LEMD,2024-08-01,600,613,0,472,480,0,227,975,11,0
LEMD,2024-08-02,607,602,0,482,476,0,229,974,6,0
LEMD,2024-08-03,549,570,0,433,446,0,223,892,4,0
LEMD,2024-08-04,576,581,0,453,452,0,225,921,11,0
LEMD,2024-08-05,578,577,0,458,456,0,206,944,5,0
LEMD,2024-08-06,562,573,0,456,454,0,219,905,11,0
LEMD,2024-08-07,584,588,0,458,455,0,230,939,3,0
LEMD,2024-08-08,587,599,0,467,474,0,230,946,10,0
LEMD,2024-08-09,617,611,0,490,486,0,228,991,9,0
LEMD,2024-08-10,562,577,0,444,451,0,226,907,6,0
LEMD,2024-08-11,566,581,0,443,454,0,231,912,4,0
LEMD,2024-08-12,580,582,0,459,461,0,210,948,4,0
LEMD,2024-08-13,563,574,0,455,458,0,224,902,11,0
LEMD,2024-08-14,580,579,0,454,449,0,228,927,4,0
LEMD,2024-08-15,583,596,0,462,467,0,225,944,10,0
LEMD,2024-08-16,594,591,0,468,468,0,222,960,3,0
LEMD,2024-08-17,549,558,0,432,435,0,223,874,10,0
LEMD,2024-08-18,568,580,0,441,446,0,240,905,3,0
LEMD,2024-08-19,576,571,0,459,451,0,206,934,7,0
LEMD,2024-08-20,573,570,0,461,453,0,223,918,2,0
LEMD,2024-08-21,586,593,0,461,460,0,227,950,2,0
LEMD,2024-08-22,591,596,0,465,464,0,235,943,9,0
LEMD,2024-08-23,619,613,0,489,486,0,230,994,8,0
LEMD,2024-08-24,554,565,0,433,437,0,238,874,7,0
LEMD,2024-08-25,581,589,0,456,456,0,240,926,4,0
LEMD,2024-08-26,594,592,0,470,466,0,211,968,7,0
LEMD,2024-08-27,572,577,0,458,459,0,218,924,7,0
LEMD,2024-08-28,600,610,0,470,472,0,230,969,11,0
LEMD,2024-08-29,590,605,0,470,474,0,225,961,9,0
LEMD,2024-08-30,620,601,0,497,478,0,218,990,13,0
LEMD,2024-08-31,569,580,0,451,451,0,226,913,10,0
LEMD,2024-09-01,599,604,0,469,472,0,232,958,13,0
LEMD,2024-09-02,616,609,0,492,483,0,217,985,23,0
LEMD,2024-09-03,585,609,0,472,486,0,241,936,17,0
LEMD,2024-09-04,600,591,0,469,461,0,231,953,7,0
LEMD,2024-09-05,599,612,0,476,481,0,227,972,12,0
LEMD,2024-09-06,626,620,0,498,491,0,222,1010,14,0
LEMD,2024-09-07,569,584,0,450,456,0,223,919,11,0
LEMD,2024-09-08,586,601,0,459,469,0,232,948,7,0
LEMD,2024-09-09,616,602,0,491,483,0,209,995,14,0
LEMD,2024-09-10,585,597,0,470,472,0,225,948,9,0
LEMD,2024-09-11,604,608,0,476,479,0,224,977,11,0
LEMD,2024-09-12,612,624,0,491,494,0,223,1000,13,0
LEMD,2024-09-13,625,621,0,499,498,0,223,1010,13,0
LEMD,2024-09-14,582,578,0,460,449,0,226,924,10,0
LEMD,2024-09-15,590,607,0,461,479,0,233,950,14,0
LEMD,2024-09-16,613,604,0,491,485,0,205,1003,9,0
LEMD,2024-09-17,598,602,0,488,483,0,227,961,12,0
LEMD,2024-09-18,594,618,0,474,486,0,221,976,15,0
LEMD,2024-09-19,616,613,0,492,487,0,218,1004,7,0
LEMD,2024-09-20,622,627,0,499,495,0,231,1011,7,0
LEMD,2024-09-21,568,568,0,447,443,0,218,906,12,0
LEMD,2024-09-22,593,604,0,464,473,0,237,949,11,0
LEMD,2024-09-23,604,590,0,481,470,0,203,982,9,0
LEMD,2024-09-24,583,607,0,471,483,0,226,944,20,0
LEMD,2024-09-25,600,596,0,476,468,0,227,959,10,0
LEMD,2024-09-26,604,622,0,484,497,0,218,993,15,0
LEMD,2024-09-27,629,622,0,506,502,0,227,1005,19,0
LEMD,2024-09-28,557,567,0,444,443,0,219,898,7,0
LEMD,2024-09-29,596,606,0,468,482,0,228,955,19,0
LEMD,2024-09-30,604,604,0,484,476,0,210,985,13,0
LEMD,2024-10-01,572,579,0,464,462,0,225,917,9,0
LEMD,2024-10-02,576,568,0,457,448,0,222,916,6,0
LEMD,2024-10-03,560,575,0,451,463,0,218,906,11,0
LEMD,2024-10-04,574,579,0,463,461,0,216,932,5,0
LEMD,2024-10-05,517,529,0,403,413,0,222,817,7,0
LEMD,2024-10-06,542,562,0,424,439,0,227,863,13,0
LEMD,2024-10-07,570,558,0,453,442,0,202,921,5,0
LEMD,2024-10-08,571,573,0,465,458,0,216,919,9,0
LEMD,2024-10-09,573,579,0,461,454,0,213,929,10,0
LEMD,2024-10-10,562,575,0,451,461,0,217,912,8,0
LEMD,2024-10-11,591,580,0,472,460,0,214,942,15,0
LEMD,2024-10-12,500,521,0,391,402,0,219,795,7,0
LEMD,2024-10-13,547,552,0,422,428,0,224,866,9,0
LEMD,2024-10-14,567,570,0,450,451,0,207,916,14,0
LEMD,2024-10-15,560,574,0,454,457,0,217,907,10,0
LEMD,2024-10-16,574,578,0,456,449,0,224,917,11,0
LEMD,2024-10-17,561,568,0,451,459,0,213,902,14,0
LEMD,2024-10-18,585,579,0,463,459,0,211,942,11,0
LEMD,2024-10-19,520,537,0,409,422,0,217,827,13,0
LEMD,2024-10-20,552,551,0,433,428,0,222,873,8,0
LEMD,2024-10-21,560,574,0,447,457,0,207,916,11,0
LEMD,2024-10-22,566,573,0,457,454,0,219,913,7,0
LEMD,2024-10-23,581,579,0,457,453,0,225,927,8,0
LEMD,2024-10-24,566,578,0,451,456,0,217,918,9,0
LEMD,2024-10-25,602,588,0,483,470,0,216,961,13,0
LEMD,2024-10-26,545,524,0,429,413,0,207,850,12,0
LEMD,2024-10-27,571,602,0,447,474,0,215,943,15,0
LEMD,2024-10-28,164,263,0,112,230,0,74,349,4,0
LEMD,2024-10-29,401,458,0,340,354,0,150,705,4,0
LEMD,2024-10-30,570,555,0,449,444,0,213,905,7,0
LEMD,2024-10-31,555,573,0,451,462,0,198,920,10,0
LEMD,2024-11-01,572,561,0,458,442,0,201,928,4,0
LEMD,2024-11-02,520,526,0,404,405,0,202,842,2,0
LEMD,2024-11-03,564,584,0,441,458,0,209,931,8,0
LEMD,2024-11-04,564,565,0,453,451,0,189,930,10,0
LEMD,2024-11-05,547,555,0,439,435,0,216,875,11,0
LEMD,2024-11-06,505,518,0,400,417,0,188,823,12,0
LEMD,2024-11-07,563,582,0,458,461,0,215,917,13,0
LEMD,2024-11-08,581,589,0,471,466,0,208,952,10,0
LEMD,2024-11-09,532,538,0,417,420,0,208,858,4,0
LEMD,2024-11-10,559,565,0,442,447,0,208,910,6,0
LEMD,2024-11-11,559,564,0,446,448,0,195,920,8,0
LEMD,2024-11-12,546,553,0,437,435,0,218,874,7,0
LEMD,2024-11-13,545,559,0,437,443,0,208,887,9,0
LEMD,2024-11-14,579,574,0,464,453,0,211,938,4,0
LEMD,2024-11-15,605,610,0,491,489,0,207,1001,7,0
LEMD,2024-11-16,528,539,0,417,420,0,206,855,6,0
LEMD,2024-11-17,567,582,0,447,460,0,207,934,8,0
LEMD,2024-11-18,587,597,0,477,474,0,194,986,4,0
LEMD,2024-11-19,550,565,0,443,443,0,219,893,3,0
LEMD,2024-11-20,503,492,0,408,403,0,175,808,12,0
LEMD,2024-11-21,568,565,0,455,448,0,208,913,12,0
LEMD,2024-11-22,587,605,0,480,488,0,202,979,11,0
LEMD,2024-11-23,536,534,0,419,415,0,207,860,3,0
LEMD,2024-11-24,569,575,0,452,450,0,210,927,7,0
LEMD,2024-11-25,562,586,0,450,463,0,191,953,4,0
LEMD,2024-11-26,550,557,0,441,440,0,215,883,9,0
LEMD,2024-11-27,547,539,0,440,443,0,192,879,15,0
LEMD,2024-11-28,590,569,0,479,461,0,202,934,23,0
LEMD,2024-11-29,593,606,0,486,487,0,207,980,12,0
LEMD,2024-11-30,543,540,0,428,424,0,215,861,7,0
LEMD,2024-12-01,571,596,0,451,470,0,208,944,15,0
LEMD,2024-12-02,573,592,0,466,475,0,189,967,9,0
LEMD,2024-12-03,553,535,0,439,431,0,201,879,8,0
LEMD,2024-12-04,555,557,0,450,452,0,191,909,12,0
LEMD,2024-12-05,579,583,0,469,467,0,207,952,3,0
LEMD,2024-12-06,588,587,0,479,468,0,208,963,4,0
LEMD,2024-12-07,528,528,0,411,408,0,209,838,9,0
LEMD,2024-12-08,573,579,0,450,463,0,217,927,8,0
LEMD,2024-12-09,603,603,0,485,483,0,197,995,14,0
LEMD,2024-12-10,558,542,0,445,439,0,197,897,6,0
LEMD,2024-12-11,557,573,0,444,458,0,212,910,8,0
LEMD,2024-12-12,578,560,0,466,443,0,202,928,8,0
LEMD,2024-12-13,597,597,0,482,478,0,205,986,3,0
LEMD,2024-12-14,542,540,0,425,421,0,212,863,7,0
LEMD,2024-12-15,558,560,0,441,442,0,208,904,6,0
LEMD,2024-12-16,603,565,0,491,449,0,193,965,10,0
LEMD,2024-12-17,436,411,0,351,335,0,150,691,6,0
LEMD,2024-12-18,584,555,0,470,440,0,207,922,10,0
LEMD,2024-12-19,600,605,0,484,490,0,193,1003,9,0
LEMD,2024-12-20,608,610,0,492,489,0,209,1006,3,0
LEMD,2024-12-21,556,533,0,437,415,0,206,881,2,0
LEMD,2024-12-22,582,562,0,458,445,0,205,934,5,0
LEMD,2024-12-23,595,593,0,474,470,0,207,974,7,0
LEMD,2024-12-24,510,486,0,402,376,0,203,793,0,0
LEMD,2024-12-25,419,435,0,319,328,0,190,660,4,0
LEMD,2024-12-26,558,543,0,445,430,0,192,900,9,0
LEMD,2024-12-27,589,595,0,473,475,0,205,972,7,0
LEMD,2024-12-28,546,519,0,424,392,0,214,850,1,0
LEMD,2024-12-29,571,560,0,449,440,0,205,925,1,0
LEMD,2024-12-30,581,561,0,466,439,0,186,945,11,0
LEMD,2024-12-31,529,485,0,420,377,0,189,822,3,0
LFPG,2022-01-01,408,426,0,257,277,0,259,575,0,0
LFPG,2022-01-02,500,522,0,346,360,0,267,753,0,0
LFPG,2022-01-03,509,480,0,358,339,0,261,726,0,0
LFPG,2022-01-04,469,474,0,324,325,0,274,661,0,0
LFPG,2022-01-05,444,444,0,297,300,0,286,598,0,0
LFPG,2022-01-06,448,445,0,302,298,0,278,609,2,0
LFPG,2022-01-07,451,482,0,307,332,0,271,656,2,0
LFPG,2022-01-08,415,405,0,270,259,0,267,551,0,0
LFPG,2022-01-09,436,445,0,290,299,0,260,619,2,0
LFPG,2022-01-10,441,415,0,305,284,0,249,605,0,0
LFPG,2022-01-11,401,402,0,271,272,0,254,545,0,0
LFPG,2022-01-12,400,395,0,262,260,0,282,509,0,0
LFPG,2022-01-13,411,412,0,273,280,0,271,548,0,0
LFPG,2022-01-14,410,449,0,273,303,0,264,590,1,0
LFPG,2022-01-15,385,360,0,243,224,0,264,479,0,0
LFPG,2022-01-16,385,401,0,253,269,0,239,547,0,0
LFPG,2022-01-17,413,385,0,283,262,0,237,557,0,0
LFPG,2022-01-18,374,370,0,242,240,0,250,490,0,0
LFPG,2022-01-19,391,383,0,255,254,0,265,505,0,0
LFPG,2022-01-20,396,410,0,261,276,0,267,535,0,0
LFPG,2022-01-21,401,435,0,266,298,0,260,572,0,0
LFPG,2022-01-22,367,352,0,232,215,0,257,462,0,0
LFPG,2022-01-23,379,384,0,251,259,0,239,522,2,0
LFPG,2022-01-24,383,353,0,261,237,0,222,510,0,0
LFPG,2022-01-25,362,359,0,237,237,0,245,472,0,0
LFPG,2022-01-26,368,366,0,246,242,0,248,482,0,0
LFPG,2022-01-27,377,373,0,250,250,0,252,494,0,0
LFPG,2022-01-28,369,416,0,243,281,0,247,536,0,0
LFPG,2022-01-29,364,346,0,230,213,0,253,457,0,0
LFPG,2022-01-30,369,388,0,245,256,0,236,519,2,0
LFPG,2022-01-31,392,361,0,268,246,0,224,525,0,0
LFPG,2022-02-01,377,375,0,254,251,0,245,503,0,0
LFPG,2022-02-02,363,363,0,240,248,0,250,472,0,0
LFPG,2022-02-03,395,388,0,265,264,0,248,531,0,0
LFPG,2022-02-04,385,431,0,265,299,0,246,564,0,0
LFPG,2022-02-05,367,350,0,240,221,0,247,468,0,0
LFPG,2022-02-06,394,396,0,261,266,0,235,555,0,0
LFPG,2022-02-07,409,386,0,291,267,0,223,570,0,0
LFPG,2022-02-08,403,404,0,270,274,0,242,557,2,0
LFPG,2022-02-09,399,394,0,271,269,0,258,529,0,0
LFPG,2022-02-10,427,424,0,283,290,0,262,585,0,0
LFPG,2022-02-11,440,479,0,306,337,0,255,660,0,0
LFPG,2022-02-12,405,390,0,270,250,0,255,540,0,0
LFPG,2022-02-13,427,434,0,291,299,0,238,621,0,0
LFPG,2022-02-14,442,418,0,320,301,0,214,642,0,0
LFPG,2022-02-15,433,434,0,303,300,0,244,619,0,0
LFPG,2022-02-16,440,432,0,294,300,0,269,599,0,0
LFPG,2022-02-17,456,460,0,309,310,0,272,638,2,0
LFPG,2022-02-18,428,469,0,282,316,0,269,626,0,0
LFPG,2022-02-19,435,412,0,275,263,0,259,588,0,0
LFPG,2022-02-20,442,454,0,294,303,0,254,642,0,0
LFPG,2022-02-21,455,437,0,323,306,0,236,652,0,0
LFPG,2022-02-22,447,440,0,305,305,0,257,624,0,0
LFPG,2022-02-23,448,448,0,310,308,0,274,616,2,0
LFPG,2022-02-24,464,467,0,312,322,0,271,656,0,0
LFPG,2022-02-25,487,513,0,332,357,0,290,705,2,0
LFPG,2022-02-26,455,432,0,293,277,0,271,615,0,0
LFPG,2022-02-27,454,463,0,309,312,0,249,667,1,0
LFPG,2022-02-28,478,447,0,340,316,0,240,680,3,0
LFPG,2022-03-01,464,454,0,330,323,0,245,667,0,0
LFPG,2022-03-02,457,465,0,318,326,0,268,648,0,0
LFPG,2022-03-03,486,490,0,336,343,0,271,701,0,0
LFPG,2022-03-04,478,510,0,331,358,0,276,710,0,0
LFPG,2022-03-05,451,438,0,294,286,0,262,627,0,0
LFPG,2022-03-06,454,463,0,309,312,0,249,668,0,0
LFPG,2022-03-07,472,440,0,334,314,0,236,672,0,0
LFPG,2022-03-08,455,463,0,317,319,2,259,649,0,0
LFPG,2022-03-09,451,449,0,315,322,0,262,634,0,0
LFPG,2022-03-10,485,494,0,343,343,0,266,709,0,0
LFPG,2022-03-11,467,508,0,321,361,0,271,700,0,0
LFPG,2022-03-12,444,426,0,302,275,0,265,603,0,0
LFPG,2022-03-13,455,464,0,312,318,0,261,654,0,0
LFPG,2022-03-14,485,462,0,343,329,0,250,694,1,0
LFPG,2022-03-15,464,468,0,330,324,0,263,662,1,0
LFPG,2022-03-16,464,464,0,320,327,0,270,654,0,0
LFPG,2022-03-17,500,503,0,355,357,0,277,720,2,0
LFPG,2022-03-18,482,518,0,336,368,0,282,715,1,0
LFPG,2022-03-19,464,444,0,313,296,0,264,642,2,0
LFPG,2022-03-20,469,487,0,324,330,0,263,692,1,0
LFPG,2022-03-21,494,459,0,355,330,0,244,707,0,0
LFPG,2022-03-22,473,476,0,335,331,0,264,679,0,0
LFPG,2022-03-23,479,477,0,335,342,0,272,678,0,0
LFPG,2022-03-24,500,507,0,355,354,0,278,723,0,0
LFPG,2022-03-25,496,527,0,344,371,0,278,743,0,0
LFPG,2022-03-26,472,458,0,320,302,0,271,658,1,0
LFPG,2022-03-27,490,506,0,344,356,0,254,737,5,0
LFPG,2022-03-28,549,508,0,393,362,0,267,790,0,0
LFPG,2022-03-29,529,522,0,374,375,0,279,772,0,0
LFPG,2022-03-30,530,529,0,375,376,0,287,771,1,0
LFPG,2022-03-31,549,557,0,391,394,0,286,819,1,0
LFPG,2022-04-01,549,543,0,388,392,0,288,802,2,0
LFPG,2022-04-02,496,512,0,340,344,0,290,711,5,0
LFPG,2022-04-03,504,524,0,356,375,0,261,767,0,0
LFPG,2022-04-04,558,515,0,391,366,0,278,795,0,0
LFPG,2022-04-05,533,525,0,378,381,0,283,775,0,0
LFPG,2022-04-06,526,539,0,384,386,0,283,780,0,0
LFPG,2022-04-07,574,568,0,403,406,0,297,843,0,0
LFPG,2022-04-08,573,573,0,411,416,0,290,856,0,0
LFPG,2022-04-09,539,552,0,372,372,0,297,792,2,0
LFPG,2022-04-10,527,544,0,374,395,0,259,810,2,0
LFPG,2022-04-11,568,527,0,403,373,0,279,816,0,0
LFPG,2022-04-12,555,542,0,398,401,0,275,822,0,0
LFPG,2022-04-13,568,578,0,413,415,0,290,854,0,0
LFPG,2022-04-14,603,603,0,436,430,0,293,913,0,0
LFPG,2022-04-15,581,586,0,422,425,0,287,880,0,0
LFPG,2022-04-16,551,555,0,376,377,0,292,810,2,0
LFPG,2022-04-17,535,553,0,376,396,0,264,824,0,0
LFPG,2022-04-18,573,543,0,407,385,0,288,828,0,0
LFPG,2022-04-19,570,563,0,410,415,0,275,856,2,0
LFPG,2022-04-20,563,569,0,406,403,0,290,842,0,0
LFPG,2022-04-21,579,577,0,414,419,0,291,865,0,0
LFPG,2022-04-22,598,603,0,433,438,0,287,914,0,0
LFPG,2022-04-23,566,574,0,385,386,0,287,853,0,0
LFPG,2022-04-24,574,581,0,395,415,0,268,886,1,0
LFPG,2022-04-25,596,567,0,418,401,0,289,871,3,0
LFPG,2022-04-26,575,569,0,413,416,0,275,869,0,0
LFPG,2022-04-27,567,569,0,404,402,0,288,848,0,0
LFPG,2022-04-28,592,590,0,421,419,0,297,883,2,0
LFPG,2022-04-29,599,607,0,431,437,0,292,914,0,0
LFPG,2022-04-30,569,578,0,388,395,0,293,852,0,0
LFPG,2022-05-01,543,563,0,389,404,0,262,844,0,0
LFPG,2022-05-02,593,554,0,430,400,0,278,867,2,0
LFPG,2022-05-03,563,568,0,400,414,0,277,854,0,0
LFPG,2022-05-04,587,577,0,412,406,0,301,863,0,0
LFPG,2022-05-05,598,598,0,428,427,0,289,907,0,0
LFPG,2022-05-06,620,627,0,448,452,0,301,946,0,0
LFPG,2022-05-07,576,585,0,392,399,0,294,867,0,0
LFPG,2022-05-08,578,600,0,411,425,0,271,905,2,0
LFPG,2022-05-09,619,583,0,442,416,0,295,907,0,0
LFPG,2022-05-10,585,581,0,416,422,0,288,878,0,0
LFPG,2022-05-11,586,589,0,417,417,0,295,880,0,0
LFPG,2022-05-12,617,606,0,441,439,0,302,921,0,0
LFPG,2022-05-13,621,624,0,451,453,0,299,944,0,0
LFPG,2022-05-14,575,587,0,398,400,0,308,854,0,0
LFPG,2022-05-15,573,578,0,396,409,0,281,870,0,0
LFPG,2022-05-16,613,581,0,441,416,0,294,898,2,0
LFPG,2022-05-17,585,582,0,416,423,0,293,872,0,0
LFPG,2022-05-18,592,600,0,418,427,0,305,887,0,0
LFPG,2022-05-19,613,606,0,443,437,0,302,913,2,0
LFPG,2022-05-20,622,625,0,444,455,0,295,952,0,0
LFPG,2022-05-21,579,596,0,398,404,0,311,864,0,0
LFPG,2022-05-22,569,585,0,400,417,0,267,883,0,0
LFPG,2022-05-23,599,571,0,433,410,0,286,884,0,0
LFPG,2022-05-24,602,589,0,426,423,0,288,903,0,0
LFPG,2022-05-25,618,619,0,442,440,0,305,929,1,0
LFPG,2022-05-26,617,614,0,444,444,0,310,920,1,0
LFPG,2022-05-27,643,648,0,467,476,0,303,986,2,0
LFPG,2022-05-28,636,629,0,453,438,0,316,949,0,0
LFPG,2022-05-29,606,652,0,432,476,0,297,961,0,0
LFPG,2022-05-30,637,620,0,464,451,0,288,969,0,0
LFPG,2022-05-31,612,606,0,439,439,0,289,929,0,0
LFPG,2022-06-01,635,634,0,446,451,0,323,944,2,0
LFPG,2022-06-02,629,615,0,450,444,0,301,943,0,0
LFPG,2022-06-03,645,654,0,476,480,0,298,1001,0,0
LFPG,2022-06-04,600,608,0,417,416,0,312,894,0,0
LFPG,2022-06-05,565,594,0,396,426,0,279,880,0,0
LFPG,2022-06-06,639,603,0,462,429,0,298,944,0,0
LFPG,2022-06-07,625,624,0,451,460,0,297,952,0,0
LFPG,2022-06-08,618,617,0,441,439,0,314,921,0,0
LFPG,2022-06-09,568,567,0,397,399,0,306,827,0,0
LFPG,2022-06-10,640,656,0,472,479,0,304,990,2,0
LFPG,2022-06-11,606,607,0,417,415,0,310,903,0,0
LFPG,2022-06-12,579,598,0,408,428,0,277,900,0,0
LFPG,2022-06-13,640,612,0,460,432,0,291,961,0,0
LFPG,2022-06-14,629,617,0,444,443,0,299,947,0,0
LFPG,2022-06-15,626,636,0,443,453,0,308,953,1,0
LFPG,2022-06-16,629,623,0,448,444,0,309,942,1,0
LFPG,2022-06-17,668,664,0,477,477,0,314,1018,0,0
LFPG,2022-06-18,608,621,0,407,416,0,322,907,0,0
LFPG,2022-06-19,584,605,0,401,419,0,295,894,0,0
LFPG,2022-06-20,655,629,0,465,440,0,302,981,1,0
LFPG,2022-06-21,642,641,0,453,458,0,303,979,1,0
LFPG,2022-06-22,646,645,0,444,452,0,323,968,0,0
LFPG,2022-06-23,642,651,0,455,456,0,317,976,0,0
LFPG,2022-06-24,670,666,0,464,470,0,329,1005,2,0
LFPG,2022-06-25,591,606,0,394,403,0,313,884,0,0
LFPG,2022-06-26,592,615,0,403,422,0,304,903,0,0
LFPG,2022-06-27,643,612,0,450,420,0,305,950,0,0
LFPG,2022-06-28,639,626,0,441,439,0,318,945,2,0
LFPG,2022-06-29,630,637,0,434,440,0,321,944,2,0
LFPG,2022-06-30,604,600,0,409,404,0,316,886,2,0
LFPG,2022-07-01,611,615,0,413,416,0,334,892,0,0
LFPG,2022-07-02,553,559,0,345,349,0,334,774,2,0
LFPG,2022-07-03,599,613,0,398,418,0,310,900,2,0
LFPG,2022-07-04,657,621,0,451,419,0,323,953,2,0
LFPG,2022-07-05,649,634,0,442,432,0,339,944,0,0
LFPG,2022-07-06,657,646,0,447,442,0,334,967,0,0
LFPG,2022-07-07,663,663,0,452,450,0,334,992,0,0
LFPG,2022-07-08,666,672,0,466,472,0,329,1005,2,0
LFPG,2022-07-09,602,612,0,390,395,0,343,866,3,0
LFPG,2022-07-10,597,618,0,398,414,0,302,912,1,0
LFPG,2022-07-11,672,623,0,459,420,0,322,973,0,0
LFPG,2022-07-12,648,645,0,446,448,0,323,966,2,0
LFPG,2022-07-13,651,640,0,441,434,0,339,952,0,0
LFPG,2022-07-14,651,651,0,440,439,0,339,963,0,0
LFPG,2022-07-15,663,667,0,446,453,0,330,1000,0,0
LFPG,2022-07-16,609,611,0,391,396,0,330,888,0,0
LFPG,2022-07-17,597,615,0,389,408,0,305,903,2,0
LFPG,2022-07-18,664,619,0,453,421,0,315,968,0,0
LFPG,2022-07-19,646,640,0,442,440,0,324,962,0,0
LFPG,2022-07-20,637,647,0,434,437,0,333,951,0,0
LFPG,2022-07-21,651,646,0,440,434,0,330,965,2,0
LFPG,2022-07-22,655,657,0,452,458,0,324,988,0,0
LFPG,2022-07-23,610,619,0,400,409,0,326,901,2,0
LFPG,2022-07-24,604,624,0,403,419,0,312,914,2,0
LFPG,2022-07-25,663,618,0,455,423,0,316,965,0,0
LFPG,2022-07-26,647,650,0,445,447,0,322,973,0,0
LFPG,2022-07-27,638,639,0,432,432,0,340,937,0,0
LFPG,2022-07-28,666,664,0,450,450,0,343,987,0,0
LFPG,2022-07-29,669,671,0,461,465,0,335,1003,2,0
LFPG,2022-07-30,612,624,0,392,404,0,337,897,0,0
LFPG,2022-07-31,596,614,0,397,413,0,304,904,2,0
LFPG,2022-08-01,655,620,0,452,425,0,302,973,0,0
LFPG,2022-08-02,652,651,0,451,452,0,326,977,0,0
LFPG,2022-08-03,648,647,0,441,438,0,340,955,0,0
LFPG,2022-08-04,664,660,0,455,449,0,337,987,0,0
LFPG,2022-08-05,660,662,0,454,461,0,340,982,0,0
LFPG,2022-08-06,604,613,0,393,396,0,333,884,0,0
LFPG,2022-08-07,598,610,0,400,410,0,306,902,0,0
LFPG,2022-08-08,667,624,0,457,423,0,319,972,0,0
LFPG,2022-08-09,651,658,0,448,459,0,327,980,0,0
LFPG,2022-08-10,648,649,0,441,439,0,339,958,0,0
LFPG,2022-08-11,661,651,0,445,440,0,340,972,0,0
LFPG,2022-08-12,658,671,0,458,467,0,335,994,0,0
LFPG,2022-08-13,608,611,0,390,398,0,333,886,0,0
LFPG,2022-08-14,595,608,0,397,407,0,304,899,0,0
LFPG,2022-08-15,645,617,0,440,413,0,314,948,0,0
LFPG,2022-08-16,647,647,0,442,446,0,324,968,2,0
LFPG,2022-08-17,651,643,0,442,435,0,341,953,0,0
LFPG,2022-08-18,652,663,0,444,453,0,338,975,2,0
LFPG,2022-08-19,667,668,0,460,466,0,335,1000,0,0
LFPG,2022-08-20,617,621,0,398,401,0,337,901,0,0
LFPG,2022-08-21,600,618,0,397,412,0,307,911,0,0
LFPG,2022-08-22,675,635,0,458,429,0,324,986,0,0
LFPG,2022-08-23,663,662,0,451,454,0,333,992,0,0
LFPG,2022-08-24,658,664,0,444,445,0,345,977,0,0
LFPG,2022-08-25,674,670,0,446,453,0,342,1002,0,0
LFPG,2022-08-26,663,671,0,450,462,0,338,996,0,0
LFPG,2022-08-27,620,623,0,403,404,0,338,905,0,0
LFPG,2022-08-28,611,620,0,398,415,0,317,912,2,0
LFPG,2022-08-29,670,639,0,459,435,0,324,985,0,0
LFPG,2022-08-30,680,677,0,464,462,0,341,1014,2,0
LFPG,2022-08-31,662,673,0,444,453,0,344,989,0,0
LFPG,2022-09-01,666,660,0,454,447,0,346,980,0,0
LFPG,2022-09-02,646,653,0,443,450,0,330,967,0,0
LFPG,2022-09-03,609,620,0,403,404,0,334,895,0,0
LFPG,2022-09-04,600,606,0,400,411,0,312,892,0,0
LFPG,2022-09-05,647,618,0,450,424,0,317,946,0,0
LFPG,2022-09-06,638,637,0,448,446,0,320,953,2,0
LFPG,2022-09-07,643,650,0,442,452,0,330,963,0,0
LFPG,2022-09-08,648,638,0,448,442,0,326,960,0,0
LFPG,2022-09-09,647,653,0,450,463,0,327,973,0,0
LFPG,2022-09-10,589,603,0,393,397,0,326,866,0,0
LFPG,2022-09-11,588,601,0,398,414,0,297,891,0,0
LFPG,2022-09-12,635,595,0,445,412,0,299,931,0,0
LFPG,2022-09-13,628,631,0,444,446,0,305,954,0,0
LFPG,2022-09-14,639,632,0,445,442,0,322,947,0,0
LFPG,2022-09-15,638,640,0,446,446,0,325,949,2,0
LFPG,2022-09-16,365,369,0,212,236,0,263,468,2,0
LFPG,2022-09-17,613,620,0,413,401,0,344,889,0,0
LFPG,2022-09-18,590,598,0,404,417,0,289,897,2,0
LFPG,2022-09-19,626,597,0,445,417,0,297,926,0,0
LFPG,2022-09-20,626,623,0,443,439,0,306,943,0,0
LFPG,2022-09-21,632,629,0,442,446,0,320,941,0,0
LFPG,2022-09-22,637,636,0,445,441,0,320,953,0,0
LFPG,2022-09-23,654,651,0,468,470,0,312,991,2,0
LFPG,2022-09-24,574,591,0,388,394,0,309,852,0,0
LFPG,2022-09-25,574,595,0,396,416,0,280,887,2,0
LFPG,2022-09-26,623,592,0,445,419,0,297,918,0,0
LFPG,2022-09-27,620,612,0,442,436,0,305,927,0,0
LFPG,2022-09-28,629,627,0,439,443,0,323,933,0,0
LFPG,2022-09-29,615,612,0,428,424,0,311,916,0,0
LFPG,2022-09-30,651,661,0,467,475,0,319,991,0,0
LFPG,2022-10-01,579,581,0,386,384,0,318,838,2,0
LFPG,2022-10-02,578,596,0,394,417,0,281,893,0,0
LFPG,2022-10-03,601,575,0,426,400,0,290,886,0,0
LFPG,2022-10-04,590,594,0,420,422,0,300,883,1,0
LFPG,2022-10-05,591,596,0,420,425,0,303,882,0,0
LFPG,2022-10-06,618,609,0,430,421,0,321,904,0,0
LFPG,2022-10-07,626,629,0,438,445,0,317,935,1,0
LFPG,2022-10-08,569,578,0,377,372,0,328,817,0,0
LFPG,2022-10-09,570,585,0,382,404,0,293,857,3,0
LFPG,2022-10-10,608,568,0,432,394,0,293,883,0,0
LFPG,2022-10-11,594,593,0,413,414,0,297,890,0,0
LFPG,2022-10-12,591,598,0,417,425,0,300,887,0,0
LFPG,2022-10-13,616,613,0,433,425,0,320,909,0,0
LFPG,2022-10-14,626,628,0,439,443,0,323,931,0,0
LFPG,2022-10-15,561,570,0,364,369,0,325,805,0,0
LFPG,2022-10-16,564,581,0,381,399,0,286,857,0,0
LFPG,2022-10-17,604,572,0,426,394,0,303,870,2,0
LFPG,2022-10-18,603,599,0,418,422,0,303,897,2,0
LFPG,2022-10-19,610,600,0,424,422,0,310,897,0,0
LFPG,2022-10-20,621,625,0,432,430,0,321,924,0,0
LFPG,2022-10-21,590,604,0,402,418,0,318,876,0,0
LFPG,2022-10-22,581,593,0,379,384,0,333,839,2,0
LFPG,2022-10-23,558,584,0,373,400,0,282,860,0,0
LFPG,2022-10-24,611,583,0,425,397,0,301,893,0,0
LFPG,2022-10-25,602,603,0,411,421,0,301,902,0,0
LFPG,2022-10-26,604,605,0,421,418,0,315,892,0,0
LFPG,2022-10-27,624,611,0,432,418,0,324,911,0,0
LFPG,2022-10-28,621,632,0,435,444,0,308,945,0,0
LFPG,2022-10-29,580,582,0,375,374,0,331,829,0,0
LFPG,2022-10-30,561,583,0,382,400,0,290,854,0,0
LFPG,2022-10-31,598,568,0,412,385,0,295,871,0,0
LFPG,2022-11-01,569,573,0,388,394,0,299,841,0,0
LFPG,2022-11-02,582,585,0,400,402,0,313,852,0,0
LFPG,2022-11-03,598,595,0,414,409,0,317,876,0,0
LFPG,2022-11-04,612,618,0,432,433,0,315,915,0,0
LFPG,2022-11-05,532,534,0,334,334,0,332,733,0,0
LFPG,2022-11-06,551,581,0,370,390,0,309,823,0,0
LFPG,2022-11-07,589,554,0,404,373,0,297,843,0,0
LFPG,2022-11-08,573,562,0,399,390,0,285,846,0,0
LFPG,2022-11-09,568,573,0,397,393,0,300,836,0,0
LFPG,2022-11-10,585,587,0,405,405,0,310,860,2,0
LFPG,2022-11-11,599,602,0,412,415,0,310,891,0,0
LFPG,2022-11-12,511,516,0,319,320,0,320,707,0,0
LFPG,2022-11-13,531,553,0,360,373,0,299,783,2,0
LFPG,2022-11-14,584,566,0,403,387,0,300,849,0,0
LFPG,2022-11-15,564,554,0,389,381,0,302,815,0,0
LFPG,2022-11-16,552,554,0,378,379,0,304,800,0,0
LFPG,2022-11-17,585,583,0,404,398,0,308,860,0,0
LFPG,2022-11-18,596,612,0,423,432,0,309,899,0,0
LFPG,2022-11-19,515,521,0,325,327,0,326,710,0,0
LFPG,2022-11-20,531,545,0,359,367,0,299,775,2,0
LFPG,2022-11-21,568,545,0,391,370,0,297,816,0,0
LFPG,2022-11-22,553,542,0,388,378,0,295,798,0,0
LFPG,2022-11-23,550,554,0,381,381,0,300,800,2,0
LFPG,2022-11-24,574,560,0,402,390,0,304,828,2,0
LFPG,2022-11-25,586,601,0,412,417,0,315,868,4,0
LFPG,2022-11-26,515,513,0,326,320,0,319,709,0,0
LFPG,2022-11-27,532,554,0,358,376,0,298,788,0,0
LFPG,2022-11-28,571,541,0,392,363,0,298,808,2,0
LFPG,2022-11-29,554,552,0,381,376,0,305,801,0,0
LFPG,2022-11-30,557,559,0,383,384,0,311,803,2,0
LFPG,2022-12-01,574,569,0,402,391,0,318,823,2,0
LFPG,2022-12-02,595,598,0,413,417,0,326,867,0,0
LFPG,2022-12-03,509,512,0,326,318,0,317,702,0,0
LFPG,2022-12-04,538,563,0,356,373,0,316,781,2,0
LFPG,2022-12-05,586,537,0,404,361,0,304,819,0,0
LFPG,2022-12-06,568,569,0,390,390,0,311,822,2,0
LFPG,2022-12-07,574,576,0,395,396,0,320,825,1,0
LFPG,2022-12-08,580,581,0,398,396,0,322,836,1,0
LFPG,2022-12-09,600,604,0,414,416,0,336,868,0,0
LFPG,2022-12-10,526,523,0,338,331,0,322,723,4,0
LFPG,2022-12-11,537,561,0,357,374,0,315,782,0,0
LFPG,2022-12-12,560,534,0,373,351,0,309,784,0,0
LFPG,2022-12-13,591,569,0,401,383,0,338,822,0,0
LFPG,2022-12-14,501,506,0,320,329,0,325,682,0,0
LFPG,2022-12-15,597,587,0,403,390,0,330,854,0,0
LFPG,2022-12-16,608,606,0,407,412,0,344,870,0,0
LFPG,2022-12-17,552,563,0,347,346,0,340,775,0,0
LFPG,2022-12-18,556,575,0,366,381,0,317,814,0,0
LFPG,2022-12-19,608,583,0,407,384,0,341,850,0,0
LFPG,2022-12-20,598,603,0,409,407,0,337,862,0,0
LFPG,2022-12-21,605,591,0,415,403,0,336,860,0,0
LFPG,2022-12-22,616,616,0,424,419,0,332,898,2,0
LFPG,2022-12-23,615,630,0,423,433,0,325,920,0,0
LFPG,2022-12-24,492,485,0,303,294,0,298,679,0,0
LFPG,2022-12-25,455,460,0,282,278,0,287,628,0,0
LFPG,2022-12-26,578,562,0,375,367,0,303,836,1,0
LFPG,2022-12-27,579,586,0,393,391,0,315,847,1,0
LFPG,2022-12-28,592,588,0,399,401,0,324,854,0,0
LFPG,2022-12-29,606,599,0,415,406,0,332,871,2,0
LFPG,2022-12-30,608,614,0,414,417,0,329,893,0,0
LFPG,2022-12-31,497,488,0,298,294,0,316,667,0,0
LFPG,2023-01-01,534,552,0,350,359,0,306,778,2,0
LFPG,2023-01-02,613,594,0,410,395,0,316,891,0,0
LFPG,2023-01-03,595,599,0,401,404,0,315,879,0,0
LFPG,2023-01-04,590,584,0,411,404,0,311,856,2,0
LFPG,2023-01-05,594,587,0,406,398,0,323,854,0,0
LFPG,2023-01-06,600,603,0,409,409,0,324,878,0,0
LFPG,2023-01-07,519,524,0,329,325,0,316,719,2,0
LFPG,2023-01-08,530,554,0,350,365,0,308,771,0,0
LFPG,2023-01-09,579,547,0,389,365,0,310,810,2,0
LFPG,2023-01-10,547,545,0,373,371,0,301,783,2,0
LFPG,2023-01-11,544,534,0,368,365,0,305,769,0,0
LFPG,2023-01-12,552,561,0,376,374,0,315,790,2,0
LFPG,2023-01-13,579,587,0,401,406,0,316,844,0,0
LFPG,2023-01-14,498,497,0,313,309,0,309,679,0,0
LFPG,2023-01-15,507,531,0,330,345,0,307,728,0,0
LFPG,2023-01-16,572,526,0,386,355,0,298,798,0,0
LFPG,2023-01-17,524,519,0,362,357,0,289,748,2,0
LFPG,2023-01-18,524,529,0,359,367,0,290,761,0,0
LFPG,2023-01-19,526,526,0,364,359,0,297,753,0,0
LFPG,2023-01-20,568,589,0,398,406,0,313,841,1,0
LFPG,2023-01-21,491,489,0,312,310,0,309,665,1,0
LFPG,2023-01-22,493,523,0,328,346,0,292,721,0,0
LFPG,2023-01-23,553,511,0,377,341,0,300,760,0,0
LFPG,2023-01-24,521,513,0,360,353,0,289,743,0,0
LFPG,2023-01-25,527,521,0,363,358,2,303,741,0,0
LFPG,2023-01-26,536,538,0,374,372,0,297,774,0,0
LFPG,2023-01-27,562,560,0,399,392,0,298,822,0,0
LFPG,2023-01-28,480,487,0,306,306,0,303,660,0,0
LFPG,2023-01-29,494,526,0,332,350,0,286,731,0,0
LFPG,2023-01-30,555,511,0,380,346,0,288,770,2,0
LFPG,2023-01-31,516,518,0,354,352,0,285,747,0,0
LFPG,2023-02-01,528,529,0,365,370,0,281,772,0,0
LFPG,2023-02-02,543,545,0,379,374,0,288,797,0,0
LFPG,2023-02-03,571,581,0,404,409,0,295,856,0,0
LFPG,2023-02-04,500,509,0,321,324,0,312,692,0,0
LFPG,2023-02-05,514,540,0,350,363,0,288,761,0,0
LFPG,2023-02-06,561,535,0,382,364,0,293,799,0,0
LFPG,2023-02-07,526,527,0,367,359,0,288,761,0,0
LFPG,2023-02-08,534,542,0,369,375,0,303,767,2,0
LFPG,2023-02-09,552,549,0,378,374,0,305,792,0,0
LFPG,2023-02-10,584,598,0,413,418,0,300,880,0,0
LFPG,2023-02-11,513,518,0,326,324,0,314,715,0,0
LFPG,2023-02-12,539,570,0,366,389,0,304,799,2,0
LFPG,2023-02-13,583,552,0,401,381,0,299,832,0,0
LFPG,2023-02-14,548,553,0,383,380,0,293,806,0,0
LFPG,2023-02-15,565,566,0,398,398,0,313,813,2,0
LFPG,2023-02-16,569,572,0,397,389,0,313,828,0,0
LFPG,2023-02-17,579,581,0,400,394,0,312,848,0,0
LFPG,2023-02-18,516,531,0,326,332,0,319,725,2,0
LFPG,2023-02-19,530,562,0,359,381,0,294,796,0,0
LFPG,2023-02-20,598,560,0,411,380,0,302,855,0,0
LFPG,2023-02-21,570,572,0,396,387,0,306,830,2,0
LFPG,2023-02-22,572,575,0,394,401,0,313,825,2,0
LFPG,2023-02-23,577,584,0,405,403,0,309,849,0,0
LFPG,2023-02-24,601,610,0,430,428,0,307,902,0,0
LFPG,2023-02-25,528,534,0,331,333,0,316,744,0,0
LFPG,2023-02-26,531,558,0,357,372,0,309,777,0,0
LFPG,2023-02-27,594,558,0,404,378,0,301,847,0,0
LFPG,2023-02-28,569,570,0,395,387,0,306,826,0,0
LFPG,2023-03-01,582,584,0,398,405,0,311,848,2,0
LFPG,2023-03-02,595,592,0,412,404,0,314,870,0,0
LFPG,2023-03-03,609,617,0,428,430,0,317,907,0,0
LFPG,2023-03-04,530,535,0,336,333,0,311,752,0,0
LFPG,2023-03-05,554,573,0,368,384,0,310,814,2,0
LFPG,2023-03-06,603,562,0,415,380,0,304,854,3,0
LFPG,2023-03-07,474,479,0,308,313,0,290,658,1,0
LFPG,2023-03-08,476,481,0,311,310,0,301,653,0,0
LFPG,2023-03-09,518,534,0,346,360,0,305,747,0,0
LFPG,2023-03-10,532,530,0,358,349,0,316,746,0,0
LFPG,2023-03-11,534,535,0,341,337,0,329,737,0,0
LFPG,2023-03-12,551,560,0,369,374,0,304,803,0,0
LFPG,2023-03-13,577,548,0,390,369,0,299,820,2,0
LFPG,2023-03-14,584,580,0,410,401,0,301,857,0,0
LFPG,2023-03-15,587,584,0,408,403,0,312,853,0,0
LFPG,2023-03-16,591,579,0,410,406,0,319,847,0,0
LFPG,2023-03-17,583,599,0,410,413,0,313,864,4,0
LFPG,2023-03-18,526,538,0,337,341,0,323,736,0,0
LFPG,2023-03-19,546,565,0,369,381,0,295,812,0,0
LFPG,2023-03-20,607,576,0,421,395,0,300,875,4,0
LFPG,2023-03-21,594,591,0,417,410,0,311,870,0,0
LFPG,2023-03-22,585,590,0,405,407,0,316,851,2,0
LFPG,2023-03-23,600,595,0,421,417,0,314,878,0,0
LFPG,2023-03-24,595,604,0,422,430,0,308,888,0,0
LFPG,2023-03-25,522,523,0,337,331,0,314,730,0,0
LFPG,2023-03-26,556,552,0,388,388,0,278,830,0,0
LFPG,2023-03-27,566,548,0,400,382,0,290,822,2,0
LFPG,2023-03-28,585,589,0,419,421,0,298,874,0,0
LFPG,2023-03-29,607,599,0,437,431,0,309,895,2,0
LFPG,2023-03-30,625,615,0,450,439,0,318,922,0,0
LFPG,2023-03-31,615,619,0,442,446,0,311,923,0,0
LFPG,2023-04-01,572,578,0,389,387,0,308,838,4,0
LFPG,2023-04-02,567,578,0,402,409,0,284,861,0,0
LFPG,2023-04-03,631,597,0,456,427,0,297,929,0,0
LFPG,2023-04-04,620,623,0,445,442,0,312,931,0,0
LFPG,2023-04-05,622,616,0,449,445,0,313,925,0,0
LFPG,2023-04-06,621,617,0,451,441,0,306,932,0,0
LFPG,2023-04-07,623,634,0,447,457,0,315,940,0,0
LFPG,2023-04-08,570,576,0,384,383,0,319,825,0,0
LFPG,2023-04-09,581,583,0,417,411,0,285,875,2,0
LFPG,2023-04-10,614,599,0,438,428,0,293,920,0,0
LFPG,2023-04-11,624,619,0,452,446,0,302,941,0,0
LFPG,2023-04-12,609,617,0,442,442,0,304,922,0,0
LFPG,2023-04-13,634,626,0,449,443,0,321,937,0,0
LFPG,2023-04-14,650,653,0,468,471,0,317,986,0,0
LFPG,2023-04-15,599,617,0,400,410,0,328,888,0,0
LFPG,2023-04-16,601,610,0,422,435,0,284,927,0,0
LFPG,2023-04-17,658,635,0,472,450,0,310,981,2,0
LFPG,2023-04-18,639,642,0,446,449,0,324,957,0,0
LFPG,2023-04-19,635,636,0,450,448,0,314,957,0,0
LFPG,2023-04-20,659,652,0,460,454,0,329,981,1,0
LFPG,2023-04-21,645,650,0,454,455,0,311,983,1,0
LFPG,2023-04-22,614,622,0,402,404,0,331,905,0,0
LFPG,2023-04-23,607,627,0,426,437,0,299,934,0,0
LFPG,2023-04-24,663,630,0,467,438,0,308,984,0,0
LFPG,2023-04-25,643,640,0,447,445,0,317,966,0,0
LFPG,2023-04-26,643,648,0,454,454,0,323,968,0,0
LFPG,2023-04-27,657,653,0,461,455,0,334,976,0,0
LFPG,2023-04-28,665,670,0,473,478,0,318,1017,0,0
LFPG,2023-04-29,616,620,0,409,405,0,330,904,2,0
LFPG,2023-04-30,607,615,0,422,423,0,298,922,2,0
LFPG,2023-05-01,510,486,0,323,309,0,298,696,2,0
LFPG,2023-05-02,653,657,0,447,450,0,329,981,0,0
LFPG,2023-05-03,653,660,0,457,458,0,329,984,0,0
LFPG,2023-05-04,669,659,0,469,460,0,325,1003,0,0
LFPG,2023-05-05,676,686,0,479,484,0,325,1037,0,0
LFPG,2023-05-06,632,631,0,417,410,0,330,931,2,0
LFPG,2023-05-07,623,642,0,431,441,0,302,963,0,0
LFPG,2023-05-08,677,647,0,477,451,0,320,1000,4,0
LFPG,2023-05-09,650,657,0,452,457,0,330,975,0,0
LFPG,2023-05-10,660,659,0,467,461,0,329,990,0,0
LFPG,2023-05-11,667,665,0,466,459,0,332,1000,0,0
LFPG,2023-05-12,674,677,0,476,478,0,336,1015,0,0
LFPG,2023-05-13,625,634,0,416,417,0,345,912,0,0
LFPG,2023-05-14,629,641,0,443,446,0,309,959,0,0
LFPG,2023-05-15,678,651,0,477,455,0,321,1006,2,0
LFPG,2023-05-16,661,659,0,464,458,0,328,992,0,0
LFPG,2023-05-17,674,668,0,470,468,0,331,1009,2,0
LFPG,2023-05-18,655,653,0,453,446,0,330,978,0,0
LFPG,2023-05-19,646,659,0,459,466,0,321,980,2,0
LFPG,2023-05-20,620,622,0,411,405,0,340,900,2,0
LFPG,2023-05-21,626,641,0,434,443,0,309,958,0,0
LFPG,2023-05-22,676,643,0,474,449,0,321,998,0,0
LFPG,2023-05-23,652,653,0,453,449,0,332,973,0,0
LFPG,2023-05-24,658,654,0,462,460,0,324,988,0,0
LFPG,2023-05-25,674,664,0,473,466,0,335,1003,0,0
LFPG,2023-05-26,672,676,0,477,475,0,329,1019,0,0
LFPG,2023-05-27,623,627,0,415,414,0,345,903,0,0
LFPG,2023-05-28,613,633,0,426,432,0,306,940,0,0
LFPG,2023-05-29,672,642,0,469,444,0,320,992,0,0
LFPG,2023-05-30,663,665,0,460,457,0,333,995,0,0
LFPG,2023-05-31,661,663,0,464,463,0,339,985,0,0
LFPG,2023-06-01,679,671,0,475,465,0,351,999,0,0
LFPG,2023-06-02,670,679,0,470,475,0,331,1016,0,0
LFPG,2023-06-03,619,632,0,411,409,0,350,901,0,0
LFPG,2023-06-04,598,619,0,408,415,0,317,900,0,0
LFPG,2023-06-05,686,648,0,472,444,0,340,992,2,0
LFPG,2023-06-06,651,659,0,448,452,0,337,973,0,0
LFPG,2023-06-07,670,668,0,470,468,0,332,1004,2,0
LFPG,2023-06-08,675,679,0,471,468,0,347,1005,0,0
LFPG,2023-06-09,677,689,0,473,480,0,351,1013,2,0
LFPG,2023-06-10,639,645,0,420,417,0,360,922,0,0
LFPG,2023-06-11,613,620,0,416,412,0,316,917,0,0
LFPG,2023-06-12,660,654,0,447,440,0,339,975,0,0
LFPG,2023-06-13,662,671,0,454,462,0,352,979,2,0
LFPG,2023-06-14,673,672,0,457,455,0,360,985,0,0
LFPG,2023-06-15,686,695,0,472,469,0,358,1023,0,0
LFPG,2023-06-16,693,698,0,473,479,0,363,1028,0,0
LFPG,2023-06-17,647,659,0,422,423,0,361,945,0,0
LFPG,2023-06-18,610,624,0,408,416,0,327,907,0,0
LFPG,2023-06-19,673,658,0,451,442,0,345,986,0,0
LFPG,2023-06-20,676,686,0,456,461,0,364,998,0,0
LFPG,2023-06-21,693,694,0,470,471,0,373,1012,2,0
LFPG,2023-06-22,679,675,0,459,451,0,369,983,2,0
LFPG,2023-06-23,678,705,0,458,476,0,370,1013,0,0
LFPG,2023-06-24,639,652,0,410,409,0,372,919,0,0
LFPG,2023-06-25,618,639,0,407,420,0,334,919,4,0
LFPG,2023-06-26,694,670,0,460,443,0,359,1005,0,0
LFPG,2023-06-27,687,698,0,466,455,0,377,1008,0,0
LFPG,2023-06-28,688,690,0,464,465,0,372,1006,0,0
LFPG,2023-06-29,686,680,0,464,452,0,374,992,0,0
LFPG,2023-06-30,677,692,0,449,460,0,375,994,0,0
LFPG,2023-07-01,640,651,0,409,408,0,379,912,0,0
LFPG,2023-07-02,626,654,0,411,427,0,344,934,0,0
LFPG,2023-07-03,703,666,0,468,439,0,360,1009,0,0
LFPG,2023-07-04,683,691,0,456,455,0,371,1003,0,0
LFPG,2023-07-05,687,691,0,454,457,0,385,993,0,0
LFPG,2023-07-06,701,698,0,472,464,0,384,1015,0,0
LFPG,2023-07-07,693,692,0,462,460,0,381,1004,0,0
LFPG,2023-07-08,641,652,0,405,406,0,378,913,2,0
LFPG,2023-07-09,629,644,0,403,420,0,342,931,0,0
LFPG,2023-07-10,695,663,0,460,432,0,349,1009,0,0
LFPG,2023-07-11,674,682,0,442,447,0,369,987,0,0
LFPG,2023-07-12,683,689,0,454,456,0,378,994,0,0
LFPG,2023-07-13,678,678,0,444,441,0,377,979,0,0
LFPG,2023-07-14,674,683,0,446,452,0,374,981,2,0
LFPG,2023-07-15,620,632,0,387,383,0,380,870,2,0
LFPG,2023-07-16,630,640,0,399,414,0,339,931,0,0
LFPG,2023-07-17,671,644,0,444,418,0,349,966,0,0
LFPG,2023-07-18,675,671,0,442,436,0,370,976,0,0
LFPG,2023-07-19,685,688,0,455,454,0,372,1001,0,0
LFPG,2023-07-20,691,690,0,456,450,0,382,999,0,0
LFPG,2023-07-21,677,692,0,446,458,0,379,990,0,0
LFPG,2023-07-22,645,650,0,406,398,0,390,903,2,0
LFPG,2023-07-23,632,644,0,409,417,0,347,929,0,0
LFPG,2023-07-24,680,650,0,449,421,0,350,980,0,0
LFPG,2023-07-25,673,674,0,438,437,0,385,958,4,0
LFPG,2023-07-26,686,685,0,458,448,0,380,989,0,0
LFPG,2023-07-27,686,686,0,453,449,0,377,995,0,0
LFPG,2023-07-28,687,692,0,452,457,0,388,989,2,0
LFPG,2023-07-29,641,648,0,401,396,0,387,902,0,0
LFPG,2023-07-30,635,652,0,406,421,0,354,933,0,0
LFPG,2023-07-31,687,651,0,453,421,0,360,978,0,0
LFPG,2023-08-01,690,683,0,452,448,0,376,995,2,0
LFPG,2023-08-02,683,695,0,454,459,0,381,995,2,0
LFPG,2023-08-03,685,683,0,453,443,0,382,986,0,0
LFPG,2023-08-04,688,694,0,453,459,0,396,986,0,0
LFPG,2023-08-05,641,649,0,403,402,0,377,911,2,0
LFPG,2023-08-06,633,643,0,407,412,0,351,925,0,0
LFPG,2023-08-07,677,649,0,449,426,0,346,978,2,0
LFPG,2023-08-08,678,677,0,445,442,0,373,982,0,0
LFPG,2023-08-09,678,681,0,447,446,0,377,981,1,0
LFPG,2023-08-10,682,676,0,446,437,0,385,973,0,0
LFPG,2023-08-11,684,697,0,450,463,0,389,988,4,0
LFPG,2023-08-12,641,649,0,401,397,0,379,910,1,0
LFPG,2023-08-13,632,646,0,406,417,0,356,922,0,0
LFPG,2023-08-14,679,641,0,445,416,0,349,971,0,0
LFPG,2023-08-15,651,664,0,420,422,0,362,953,0,0
LFPG,2023-08-16,680,679,0,445,443,0,372,985,2,0
LFPG,2023-08-17,686,681,0,450,440,0,382,985,0,0
LFPG,2023-08-18,683,696,0,445,459,0,381,998,0,0
LFPG,2023-08-19,647,658,0,406,405,0,375,930,0,0
LFPG,2023-08-20,641,655,0,407,420,0,349,947,0,0
LFPG,2023-08-21,693,658,0,452,426,0,353,998,0,0
LFPG,2023-08-22,699,693,0,454,450,0,383,1007,2,0
LFPG,2023-08-23,695,703,0,451,458,0,381,1015,2,0
LFPG,2023-08-24,668,667,0,429,425,0,378,957,0,0
LFPG,2023-08-25,687,697,0,442,450,0,394,990,0,0
LFPG,2023-08-26,651,661,0,400,402,0,387,923,2,0
LFPG,2023-08-27,642,653,0,400,417,0,355,940,0,0
LFPG,2023-08-28,683,663,0,438,426,0,360,984,0,0
LFPG,2023-08-29,709,712,0,462,466,0,384,1037,0,0
LFPG,2023-08-30,702,702,0,453,454,0,383,1019,2,0
LFPG,2023-08-31,710,704,0,470,462,0,374,1040,0,0
LFPG,2023-09-01,706,711,0,465,472,0,374,1041,0,0
LFPG,2023-09-02,640,662,0,406,409,0,374,928,0,0
LFPG,2023-09-03,656,660,0,419,431,0,347,969,0,0
LFPG,2023-09-04,697,672,0,463,440,0,359,1010,0,0
LFPG,2023-09-05,692,693,0,463,462,0,370,1015,0,0
LFPG,2023-09-06,667,677,0,447,451,0,360,984,0,0
LFPG,2023-09-07,697,686,0,474,461,0,363,1020,0,0
LFPG,2023-09-08,686,699,0,465,474,0,372,1013,0,0
LFPG,2023-09-09,632,649,0,404,404,0,370,911,0,0
LFPG,2023-09-10,632,645,0,422,437,0,322,955,0,0
LFPG,2023-09-11,670,647,0,462,435,0,334,983,0,0
LFPG,2023-09-12,678,680,0,465,464,0,351,1005,0,0
LFPG,2023-09-13,679,684,0,467,469,0,357,1005,1,0
LFPG,2023-09-14,686,691,0,474,472,0,354,1022,1,0
LFPG,2023-09-15,693,695,0,477,481,0,364,1024,0,0
LFPG,2023-09-16,620,640,0,400,405,0,363,897,0,0
LFPG,2023-09-17,611,622,0,407,417,0,318,915,0,0
LFPG,2023-09-18,661,652,0,452,444,0,329,982,2,0
LFPG,2023-09-19,659,664,0,451,455,0,345,976,2,0
LFPG,2023-09-20,667,663,0,458,454,0,356,972,2,0
LFPG,2023-09-21,667,668,0,461,457,0,347,988,0,0
LFPG,2023-09-22,706,708,0,499,497,0,358,1054,2,0
LFPG,2023-09-23,617,638,0,402,408,0,351,904,0,0
LFPG,2023-09-24,643,666,0,446,464,0,323,986,0,0
LFPG,2023-09-25,671,651,0,464,440,0,332,990,0,0
LFPG,2023-09-26,665,668,0,456,454,0,342,986,5,0
LFPG,2023-09-27,667,668,0,455,458,0,348,986,1,0
LFPG,2023-09-28,667,668,0,460,453,0,353,982,0,0
LFPG,2023-09-29,678,680,0,467,469,0,352,1006,0,0
LFPG,2023-09-30,622,645,0,406,413,0,356,909,2,0
LFPG,2023-10-01,629,643,0,424,437,0,323,947,2,0
LFPG,2023-10-02,677,646,0,466,438,0,337,986,0,0
LFPG,2023-10-03,667,662,0,457,451,0,345,984,0,0
LFPG,2023-10-04,666,666,0,463,457,0,348,984,0,0
LFPG,2023-10-05,681,682,0,473,467,0,358,1005,0,0
LFPG,2023-10-06,709,706,0,501,499,0,356,1059,0,0
LFPG,2023-10-07,614,633,0,402,404,0,356,891,0,0
LFPG,2023-10-08,662,671,0,459,467,0,328,1003,2,0
LFPG,2023-10-09,683,655,0,475,445,0,331,1007,0,0
LFPG,2023-10-10,665,661,0,454,453,0,353,973,0,0
LFPG,2023-10-11,653,649,0,443,445,0,341,961,0,0
LFPG,2023-10-12,667,667,0,462,456,0,351,983,0,0
LFPG,2023-10-13,673,679,0,470,475,0,348,1004,0,0
LFPG,2023-10-14,618,632,0,401,400,0,357,893,0,0
LFPG,2023-10-15,642,652,0,433,443,0,337,955,2,0
LFPG,2023-10-16,697,670,0,488,460,0,347,1020,0,0
LFPG,2023-10-17,661,658,0,452,449,0,340,979,0,0
LFPG,2023-10-18,642,652,0,432,445,0,352,940,2,0
LFPG,2023-10-19,668,671,0,466,461,0,342,996,0,0
LFPG,2023-10-20,670,668,0,460,461,0,353,984,0,0
LFPG,2023-10-21,617,638,0,398,403,0,358,897,0,0
LFPG,2023-10-22,633,640,0,426,433,0,330,941,2,0
LFPG,2023-10-23,660,635,0,456,427,0,330,965,0,0
LFPG,2023-10-24,653,644,0,440,433,0,352,945,0,0
LFPG,2023-10-25,651,649,0,441,443,0,350,950,0,0
LFPG,2023-10-26,669,668,0,460,450,0,349,986,0,0
LFPG,2023-10-27,690,697,0,477,486,0,355,1032,0,0
LFPG,2023-10-28,634,638,0,408,408,0,357,913,0,0
LFPG,2023-10-29,605,628,0,407,420,0,323,910,0,0
LFPG,2023-10-30,653,626,0,446,424,0,329,950,0,0
LFPG,2023-10-31,643,640,0,435,437,0,345,936,0,0
LFPG,2023-11-01,607,599,0,402,392,0,349,857,0,0
LFPG,2023-11-02,609,607,0,410,403,0,344,872,0,0
LFPG,2023-11-03,650,656,0,437,445,0,353,951,2,0
LFPG,2023-11-04,581,597,0,363,366,0,347,830,1,0
LFPG,2023-11-05,608,627,0,400,422,0,327,907,1,0
LFPG,2023-11-06,636,607,0,433,405,0,331,912,0,0
LFPG,2023-11-07,606,605,0,403,405,0,340,869,0,0
LFPG,2023-11-08,594,593,0,402,395,0,348,837,2,0
LFPG,2023-11-09,614,624,0,423,429,0,339,899,0,0
LFPG,2023-11-10,640,649,0,441,446,0,360,929,0,0
LFPG,2023-11-11,552,561,0,342,343,0,351,762,0,0
LFPG,2023-11-12,596,606,0,399,411,0,324,878,0,0
LFPG,2023-11-13,616,594,0,422,401,0,325,885,0,0
LFPG,2023-11-14,589,582,0,396,398,0,336,835,0,0
LFPG,2023-11-15,592,593,0,408,403,0,344,841,0,0
LFPG,2023-11-16,598,592,0,406,396,0,350,840,0,0
LFPG,2023-11-17,636,650,0,439,447,0,351,935,0,0
LFPG,2023-11-18,549,556,0,345,343,0,357,744,2,0
LFPG,2023-11-19,584,599,0,390,406,0,326,857,0,0
LFPG,2023-11-20,585,573,0,392,381,0,323,835,0,0
LFPG,2023-11-21,592,582,0,402,393,0,335,839,0,0
LFPG,2023-11-22,588,586,0,402,401,0,336,836,2,0
LFPG,2023-11-23,608,601,0,424,418,0,332,877,0,0
LFPG,2023-11-24,578,599,0,392,403,0,341,836,0,0
LFPG,2023-11-25,543,551,0,339,339,0,349,745,0,0
LFPG,2023-11-26,579,601,0,389,409,0,315,865,0,0
LFPG,2023-11-27,608,579,0,418,390,0,322,862,3,0
LFPG,2023-11-28,598,593,0,406,405,0,345,843,3,0
LFPG,2023-11-29,595,594,0,407,404,0,347,842,0,0
LFPG,2023-11-30,584,609,0,405,423,0,332,861,0,0
LFPG,2023-12-01,623,641,0,424,440,0,352,910,2,0
LFPG,2023-12-02,539,539,0,343,340,0,341,735,2,0
LFPG,2023-12-03,577,601,0,385,405,0,328,850,0,0
LFPG,2023-12-04,613,583,0,418,391,0,328,868,0,0
LFPG,2023-12-05,598,599,0,405,406,0,354,843,0,0
LFPG,2023-12-06,578,576,0,393,387,0,348,806,0,0
LFPG,2023-12-07,602,602,0,416,414,0,346,857,1,0
LFPG,2023-12-08,630,639,0,427,440,0,355,913,1,0
LFPG,2023-12-09,547,554,0,350,346,0,352,749,0,0
LFPG,2023-12-10,588,610,0,396,412,0,334,862,2,0
LFPG,2023-12-11,623,587,0,428,397,0,333,877,0,0
LFPG,2023-12-12,608,612,0,409,412,0,349,871,0,0
LFPG,2023-12-13,620,619,0,422,424,0,352,885,2,0
LFPG,2023-12-14,631,631,0,439,434,0,348,912,0,0
LFPG,2023-12-15,643,650,0,438,444,0,355,938,0,0
LFPG,2023-12-16,557,562,0,351,352,0,361,756,0,0
LFPG,2023-12-17,572,594,0,369,389,0,344,820,2,0
LFPG,2023-12-18,628,615,0,423,408,0,335,906,2,0
LFPG,2023-12-19,641,642,0,429,426,0,364,917,2,0
LFPG,2023-12-20,645,643,0,439,440,0,353,933,2,0
LFPG,2023-12-21,651,654,0,448,439,0,362,943,0,0
LFPG,2023-12-22,669,671,0,452,458,0,368,971,1,0
LFPG,2023-12-23,589,598,0,371,367,0,360,827,0,0
LFPG,2023-12-24,535,533,0,328,330,0,335,733,0,0
LFPG,2023-12-25,494,487,0,289,285,0,321,660,0,0
LFPG,2023-12-26,605,606,0,394,393,0,340,871,0,0
LFPG,2023-12-27,632,620,0,428,417,0,352,900,0,0
LFPG,2023-12-28,637,644,0,438,435,0,349,932,0,0
LFPG,2023-12-29,650,655,0,438,445,0,364,941,0,0
LFPG,2023-12-30,555,559,0,349,344,0,343,771,0,0
LFPG,2023-12-31,556,548,0,355,350,0,323,781,0,0
LFPG,2024-01-01,570,581,0,369,372,0,323,828,0,0
LFPG,2024-01-02,621,613,0,405,402,0,343,891,0,0
LFPG,2024-01-03,624,623,0,424,421,0,346,901,0,0
LFPG,2024-01-04,635,645,0,430,432,0,352,928,0,0
LFPG,2024-01-05,633,633,0,418,421,0,369,895,2,0
LFPG,2024-01-06,548,565,0,331,339,0,352,759,2,0
LFPG,2024-01-07,577,606,0,370,397,0,340,843,0,0
LFPG,2024-01-08,592,558,0,382,356,0,341,808,1,0
LFPG,2024-01-09,505,495,0,321,318,0,326,674,0,0
LFPG,2024-01-10,499,507,0,326,330,0,323,683,0,0
LFPG,2024-01-11,500,502,0,339,334,0,303,699,0,0
LFPG,2024-01-12,525,535,0,355,361,0,307,753,0,0
LFPG,2024-01-13,457,459,0,268,267,0,323,593,0,0
LFPG,2024-01-14,486,500,0,309,323,0,309,677,0,0
LFPG,2024-01-15,491,472,0,321,303,0,281,682,0,0
LFPG,2024-01-16,474,487,0,305,312,0,305,656,0,0
LFPG,2024-01-17,487,475,0,318,310,0,307,655,0,0
LFPG,2024-01-18,468,474,0,312,314,0,285,657,0,0
LFPG,2024-01-19,511,529,0,347,364,0,300,740,0,0
LFPG,2024-01-20,462,465,0,281,279,0,317,608,0,0
LFPG,2024-01-21,472,478,0,303,311,0,276,674,0,0
LFPG,2024-01-22,481,481,0,319,320,0,277,685,0,0
LFPG,2024-01-23,476,471,0,307,308,0,286,660,1,0
LFPG,2024-01-24,475,478,0,322,319,0,289,661,3,0
LFPG,2024-01-25,505,499,0,345,335,0,296,706,2,0
LFPG,2024-01-26,512,532,0,349,367,0,296,748,0,0
LFPG,2024-01-27,447,452,0,273,267,0,313,586,0,0
LFPG,2024-01-28,473,489,0,310,322,0,287,675,0,0
LFPG,2024-01-29,490,466,0,325,307,0,283,673,0,0
LFPG,2024-01-30,476,477,0,313,315,0,300,653,0,0
LFPG,2024-01-31,490,486,0,332,329,0,304,672,0,0
LFPG,2024-02-01,489,498,0,328,331,0,297,690,0,0
LFPG,2024-02-02,517,519,0,351,355,0,296,740,0,0
LFPG,2024-02-03,450,454,0,274,267,0,310,592,2,0
LFPG,2024-02-04,489,496,0,315,322,0,296,689,0,0
LFPG,2024-02-05,510,483,0,341,321,0,280,713,0,0
LFPG,2024-02-06,496,491,0,329,327,0,287,700,0,0
LFPG,2024-02-07,492,501,0,333,333,0,295,698,0,0
LFPG,2024-02-08,529,525,0,360,351,0,308,746,0,0
LFPG,2024-02-09,536,540,0,368,373,0,299,777,0,0
LFPG,2024-02-10,488,487,0,301,294,0,320,655,0,0
LFPG,2024-02-11,503,516,0,331,342,0,295,724,0,0
LFPG,2024-02-12,540,509,0,365,339,0,300,749,0,0
LFPG,2024-02-13,515,502,0,341,340,0,295,722,0,0
LFPG,2024-02-14,522,535,0,361,357,0,307,750,0,0
LFPG,2024-02-15,604,615,0,421,431,0,335,884,0,0
LFPG,2024-02-16,623,626,0,432,432,0,326,923,0,0
LFPG,2024-02-17,555,561,0,356,354,0,333,783,0,0
LFPG,2024-02-18,581,587,0,382,393,0,324,844,0,0
LFPG,2024-02-19,606,584,0,412,389,0,318,872,0,0
LFPG,2024-02-20,570,572,0,385,386,0,321,821,0,0
LFPG,2024-02-21,598,578,0,402,387,0,335,841,0,0
LFPG,2024-02-22,585,594,0,398,401,0,338,841,0,0
LFPG,2024-02-23,630,628,0,430,431,0,348,909,1,0
LFPG,2024-02-24,540,551,0,338,343,0,330,760,1,0
LFPG,2024-02-25,578,595,0,378,394,0,326,847,0,0
LFPG,2024-02-26,609,577,0,411,383,0,322,864,0,0
LFPG,2024-02-27,585,577,0,393,387,0,321,841,0,0
LFPG,2024-02-28,591,583,0,403,391,0,332,842,0,0
LFPG,2024-02-29,600,605,0,412,410,0,335,870,0,0
LFPG,2024-03-01,609,615,0,412,423,0,329,895,0,0
LFPG,2024-03-02,533,541,0,337,335,0,328,746,0,0
LFPG,2024-03-03,571,592,0,375,396,0,317,846,0,0
LFPG,2024-03-04,611,575,0,419,389,0,314,872,0,0
LFPG,2024-03-05,596,591,0,402,404,0,328,859,0,0
LFPG,2024-03-06,592,590,0,405,393,0,324,858,0,0
LFPG,2024-03-07,609,604,0,418,411,0,337,876,0,0
LFPG,2024-03-08,611,620,0,417,426,0,330,901,0,0
LFPG,2024-03-09,543,556,0,351,349,0,329,768,2,0
LFPG,2024-03-10,581,593,0,383,400,0,321,853,0,0
LFPG,2024-03-11,615,586,0,425,398,1,314,886,0,0
LFPG,2024-03-12,565,561,0,382,383,1,318,805,2,0
LFPG,2024-03-13,565,568,0,389,385,0,314,819,0,0
LFPG,2024-03-14,597,597,0,419,415,0,329,865,0,0
LFPG,2024-03-15,621,628,0,432,434,0,337,912,0,0
LFPG,2024-03-16,532,539,0,342,341,0,332,739,0,0
LFPG,2024-03-17,567,581,0,382,395,0,313,835,0,0
LFPG,2024-03-18,618,583,0,425,398,0,326,875,0,0
LFPG,2024-03-19,586,585,0,405,402,0,320,851,0,0
LFPG,2024-03-20,601,599,0,417,412,0,332,868,0,0
LFPG,2024-03-21,623,622,0,442,437,0,338,904,3,0
LFPG,2024-03-22,627,636,0,436,443,0,346,916,1,0
LFPG,2024-03-23,543,549,0,348,350,0,338,754,0,0
LFPG,2024-03-24,571,588,0,382,400,0,318,841,0,0
LFPG,2024-03-25,626,585,0,430,397,0,324,887,0,0
LFPG,2024-03-26,575,577,0,393,394,0,325,827,0,0
LFPG,2024-03-27,594,593,0,412,403,0,337,850,0,0
LFPG,2024-03-28,623,623,0,428,432,0,342,902,2,0
LFPG,2024-03-29,618,623,0,429,427,0,333,906,2,0
LFPG,2024-03-30,551,548,0,353,347,0,343,756,0,0
LFPG,2024-03-31,596,608,0,404,414,0,319,885,0,0
LFPG,2024-04-01,630,602,0,432,410,0,317,915,0,0
LFPG,2024-04-02,647,644,0,445,445,0,340,951,0,0
LFPG,2024-04-03,638,637,0,449,446,0,346,929,0,0
LFPG,2024-04-04,652,652,0,453,445,0,360,944,0,0
LFPG,2024-04-05,681,677,0,476,474,0,353,1005,0,0
LFPG,2024-04-06,591,601,0,380,377,0,352,838,2,0
LFPG,2024-04-07,631,655,0,423,444,0,338,946,2,0
LFPG,2024-04-08,668,630,0,454,424,0,336,962,0,0
LFPG,2024-04-09,652,647,0,445,444,0,340,959,0,0
LFPG,2024-04-10,662,657,0,460,455,0,349,968,2,0
LFPG,2024-04-11,670,667,0,465,453,0,349,988,0,0
LFPG,2024-04-12,689,696,0,472,485,0,360,1025,0,0
LFPG,2024-04-13,597,606,0,383,385,0,347,856,0,0
LFPG,2024-04-14,623,643,0,421,436,0,322,942,2,0
LFPG,2024-04-15,666,631,0,449,423,0,341,956,0,0
LFPG,2024-04-16,647,645,0,443,440,0,334,958,0,0
LFPG,2024-04-17,645,642,0,449,444,0,336,951,0,0
LFPG,2024-04-18,665,664,0,461,454,0,353,976,0,0
LFPG,2024-04-19,690,699,0,475,485,0,362,1027,0,0
LFPG,2024-04-20,598,603,0,387,382,0,341,860,0,0
LFPG,2024-04-21,634,654,0,426,447,0,325,963,0,0
LFPG,2024-04-22,660,629,0,448,425,0,336,953,0,0
LFPG,2024-04-23,646,645,0,443,442,0,335,954,2,0
LFPG,2024-04-24,642,633,0,436,433,0,349,924,0,0
LFPG,2024-04-25,390,383,0,229,223,0,292,481,0,0
LFPG,2024-04-26,686,701,0,470,479,0,361,1022,2,0
LFPG,2024-04-27,606,611,0,389,392,0,351,866,0,0
LFPG,2024-04-28,625,648,0,421,440,0,327,946,0,0
LFPG,2024-04-29,671,634,0,466,434,0,332,971,2,0
LFPG,2024-04-30,660,655,0,449,445,0,347,968,0,0
LFPG,2024-05-01,630,632,0,424,422,0,346,916,0,0
LFPG,2024-05-02,674,698,0,459,477,0,365,1007,0,0
LFPG,2024-05-03,683,689,0,470,477,0,360,1012,0,0
LFPG,2024-05-04,621,625,0,402,400,0,352,890,2,0
LFPG,2024-05-05,648,642,0,435,431,0,333,957,0,0
LFPG,2024-05-06,679,554,0,461,373,0,324,907,0,0
LFPG,2024-05-07,675,553,0,454,371,0,324,904,0,0
LFPG,2024-05-08,671,562,0,462,378,0,332,901,0,0
LFPG,2024-05-09,645,509,0,433,347,0,310,844,0,0
LFPG,2024-05-10,669,641,0,453,433,0,358,952,0,0
LFPG,2024-05-11,628,634,0,402,406,0,365,895,0,0
LFPG,2024-05-12,658,671,0,442,455,0,336,993,0,0
LFPG,2024-05-13,682,669,0,467,457,0,343,1008,0,0
LFPG,2024-05-14,677,669,0,465,456,0,343,1003,0,0
LFPG,2024-05-15,655,658,0,450,453,0,360,951,2,0
LFPG,2024-05-16,669,674,0,459,459,0,365,978,0,0
LFPG,2024-05-17,705,705,0,490,492,0,363,1047,0,0
LFPG,2024-05-18,611,619,0,395,395,0,362,868,0,0
LFPG,2024-05-19,633,655,0,426,444,0,331,957,0,0
LFPG,2024-05-20,673,652,0,466,444,0,337,988,0,0
LFPG,2024-05-21,664,665,0,445,451,0,345,982,2,0
LFPG,2024-05-22,662,668,0,462,458,0,356,972,2,0
LFPG,2024-05-23,686,684,0,473,473,0,370,1000,0,0
LFPG,2024-05-24,695,704,0,490,494,0,361,1038,0,0
LFPG,2024-05-25,633,629,0,412,402,0,363,899,0,0
LFPG,2024-05-26,665,687,0,448,467,0,345,1005,2,0
LFPG,2024-05-27,690,662,0,476,453,0,347,1003,0,0
LFPG,2024-05-28,674,670,0,455,459,0,350,992,2,0
LFPG,2024-05-29,671,676,0,468,465,0,356,989,0,0
LFPG,2024-05-30,687,688,0,472,469,0,366,1007,2,0
LFPG,2024-05-31,703,713,0,495,507,0,361,1055,0,0
LFPG,2024-06-01,630,629,0,407,396,0,369,890,0,0
LFPG,2024-06-02,657,673,0,438,450,0,348,980,2,0
LFPG,2024-06-03,695,662,0,477,446,0,351,1004,2,0
LFPG,2024-06-04,700,701,0,475,477,0,368,1029,0,0
LFPG,2024-06-05,702,698,0,477,476,0,371,1027,2,0
LFPG,2024-06-06,717,710,0,488,479,0,375,1048,0,0
LFPG,2024-06-07,724,733,0,497,508,0,380,1077,0,0
LFPG,2024-06-08,643,657,0,412,408,0,382,913,0,0
LFPG,2024-06-09,670,690,0,442,464,0,359,999,2,0
LFPG,2024-06-10,710,678,0,480,455,0,358,1030,0,0
LFPG,2024-06-11,725,719,0,492,488,0,382,1060,2,0
LFPG,2024-06-12,693,695,0,472,475,0,373,1015,0,0
LFPG,2024-06-13,706,707,0,482,478,0,373,1040,0,0
LFPG,2024-06-14,727,738,0,499,506,0,381,1081,1,0
LFPG,2024-06-15,643,642,0,411,407,0,375,909,1,0
LFPG,2024-06-16,671,690,0,441,457,0,371,988,2,0
LFPG,2024-06-17,717,685,0,493,461,0,361,1041,0,0
LFPG,2024-06-18,708,704,0,471,472,0,382,1028,0,0
LFPG,2024-06-19,703,710,0,479,477,0,375,1036,2,0
LFPG,2024-06-20,715,712,0,480,477,0,385,1042,0,0
LFPG,2024-06-21,730,731,0,497,500,0,384,1075,2,0
LFPG,2024-06-22,654,663,0,417,417,0,385,930,2,0
LFPG,2024-06-23,675,696,0,436,457,0,362,1009,0,0
LFPG,2024-06-24,719,690,0,476,449,0,366,1043,0,0
LFPG,2024-06-25,698,694,0,460,458,0,382,1010,0,0
LFPG,2024-06-26,702,707,0,467,469,0,391,1018,0,0
LFPG,2024-06-27,707,700,0,466,460,0,386,1021,0,0
LFPG,2024-06-28,721,728,0,478,490,0,393,1056,0,0
LFPG,2024-06-29,628,631,0,388,387,0,388,871,0,0
LFPG,2024-06-30,664,694,0,420,453,0,371,985,2,0
LFPG,2024-07-01,719,692,0,474,449,0,374,1037,0,0
LFPG,2024-07-02,719,719,0,471,471,0,399,1039,0,0
LFPG,2024-07-03,714,712,0,470,473,0,395,1027,2,0
LFPG,2024-07-04,726,728,0,477,474,0,413,1041,0,0
LFPG,2024-07-05,730,736,0,486,492,0,401,1065,0,0
LFPG,2024-07-06,661,674,0,407,410,0,405,928,2,0
LFPG,2024-07-07,676,692,0,419,437,0,375,993,0,0
LFPG,2024-07-08,733,696,0,475,449,0,383,1044,2,0
LFPG,2024-07-09,724,718,0,470,466,0,385,1057,0,0
LFPG,2024-07-10,706,717,0,462,466,0,385,1036,2,0
LFPG,2024-07-11,718,718,0,457,461,0,410,1026,0,0
LFPG,2024-07-12,728,731,0,478,482,0,394,1061,4,0
LFPG,2024-07-13,661,674,0,408,414,0,409,926,0,0
LFPG,2024-07-14,676,691,0,423,440,0,379,986,0,0
LFPG,2024-07-15,722,695,0,466,444,0,391,1026,0,0
LFPG,2024-07-16,726,726,0,471,473,0,401,1051,0,0
LFPG,2024-07-17,720,724,0,472,473,0,402,1042,0,0
LFPG,2024-07-18,718,724,0,461,465,0,417,1025,0,0
LFPG,2024-07-19,708,701,0,456,464,0,402,1007,0,0
LFPG,2024-07-20,649,677,0,406,414,0,407,919,0,0
LFPG,2024-07-21,667,690,0,417,440,0,383,974,0,0
LFPG,2024-07-22,741,713,0,475,456,0,390,1064,0,0
LFPG,2024-07-23,732,729,0,468,473,0,408,1053,0,0
LFPG,2024-07-24,729,726,0,474,476,0,403,1050,0,0
LFPG,2024-07-25,723,725,0,468,467,0,420,1026,0,0
LFPG,2024-07-26,532,548,0,321,335,0,362,718,0,0
LFPG,2024-07-27,656,666,0,406,406,0,405,917,0,0
LFPG,2024-07-28,689,702,0,432,450,0,386,1005,0,0
LFPG,2024-07-29,732,698,0,474,445,0,384,1046,0,0
LFPG,2024-07-30,727,728,0,473,474,0,406,1047,2,0
LFPG,2024-07-31,726,722,0,474,472,0,393,1053,0,0
LFPG,2024-08-01,674,724,0,433,465,0,406,990,0,0
LFPG,2024-08-02,705,756,0,461,504,0,401,1060,0,0
LFPG,2024-08-03,632,693,0,390,427,0,403,922,0,0
LFPG,2024-08-04,641,699,0,400,441,0,367,971,2,0
LFPG,2024-08-05,713,706,0,457,450,0,380,1038,1,0
LFPG,2024-08-06,710,733,0,460,474,0,403,1040,0,0
LFPG,2024-08-07,712,723,0,468,476,0,393,1042,0,0
LFPG,2024-08-08,699,721,0,447,463,0,414,1006,0,0
LFPG,2024-08-09,713,753,0,466,499,0,405,1061,0,0
LFPG,2024-08-10,650,688,0,400,423,0,409,929,0,0
LFPG,2024-08-11,640,702,0,404,449,0,379,963,0,0
LFPG,2024-08-12,714,708,0,459,451,0,400,1022,0,0
LFPG,2024-08-13,728,718,0,467,465,0,416,1030,0,0
LFPG,2024-08-14,718,714,0,467,465,0,401,1031,0,0
LFPG,2024-08-15,686,693,0,436,437,0,404,975,0,0
LFPG,2024-08-16,737,745,0,480,490,0,412,1068,2,0
LFPG,2024-08-17,659,667,0,402,404,0,412,914,0,0
LFPG,2024-08-18,683,692,0,422,435,0,395,980,0,0
LFPG,2024-08-19,724,694,0,469,441,0,387,1031,0,0
LFPG,2024-08-20,737,720,0,475,467,0,403,1052,2,0
LFPG,2024-08-21,723,728,0,469,474,0,407,1044,0,0
LFPG,2024-08-22,722,720,0,461,463,0,419,1023,0,0
LFPG,2024-08-23,740,748,0,483,491,0,409,1079,0,0
LFPG,2024-08-24,671,685,0,408,415,0,418,938,0,0
LFPG,2024-08-25,697,710,0,434,448,0,390,1017,0,0
LFPG,2024-08-26,728,709,0,471,453,0,386,1051,0,0
LFPG,2024-08-27,749,737,0,477,473,0,417,1069,0,0
LFPG,2024-08-28,731,725,0,464,466,0,412,1043,1,0
LFPG,2024-08-29,738,743,0,469,476,0,425,1055,1,0
LFPG,2024-08-30,742,750,0,483,493,0,407,1083,2,0
LFPG,2024-08-31,676,690,0,409,417,0,416,948,2,0
LFPG,2024-09-01,677,711,0,419,452,0,387,1001,0,0
LFPG,2024-09-02,721,713,0,462,462,0,392,1042,0,0
LFPG,2024-09-03,699,714,0,451,464,0,394,1019,0,0
LFPG,2024-09-04,695,712,0,455,472,0,391,1016,0,0
LFPG,2024-09-05,699,720,0,454,468,0,392,1027,0,0
LFPG,2024-09-06,702,724,0,474,489,0,378,1048,0,0
LFPG,2024-09-07,613,648,0,375,393,0,386,875,0,0
LFPG,2024-09-08,639,687,0,405,448,0,359,967,0,0
LFPG,2024-09-09,682,694,0,454,461,0,359,1017,0,0
LFPG,2024-09-10,698,690,0,467,463,0,368,1020,0,0
LFPG,2024-09-11,702,700,0,479,476,0,368,1034,0,0
LFPG,2024-09-12,718,716,0,483,475,0,383,1049,0,0
LFPG,2024-09-13,728,734,0,499,509,0,373,1087,2,0
LFPG,2024-09-14,636,638,0,401,397,0,381,893,0,0
LFPG,2024-09-15,658,682,0,427,454,0,351,989,0,0
LFPG,2024-09-16,708,679,0,483,455,0,353,1034,0,0
LFPG,2024-09-17,706,698,0,475,474,0,366,1038,0,0
LFPG,2024-09-18,691,690,0,474,473,0,355,1026,0,0
LFPG,2024-09-19,711,705,0,482,478,0,377,1039,0,0
LFPG,2024-09-20,717,723,0,498,508,0,348,1087,1,0
LFPG,2024-09-21,639,646,0,406,405,0,373,911,1,0
LFPG,2024-09-22,663,691,0,435,464,0,347,1005,2,0
LFPG,2024-09-23,707,667,0,480,449,0,345,1029,0,0
LFPG,2024-09-24,691,689,0,457,462,0,361,1017,2,0
LFPG,2024-09-25,681,686,0,469,468,0,360,1005,2,0
LFPG,2024-09-26,715,703,0,482,477,0,379,1039,0,0
LFPG,2024-09-27,721,732,0,501,515,0,362,1089,0,0
LFPG,2024-09-28,626,638,0,397,401,0,370,894,0,0
LFPG,2024-09-29,658,682,0,436,456,0,340,1000,0,0
LFPG,2024-09-30,707,675,0,479,454,0,349,1033,0,0
LFPG,2024-10-01,658,682,0,440,465,0,339,1001,0,0
LFPG,2024-10-02,645,679,0,450,468,0,347,977,0,0
LFPG,2024-10-03,648,694,0,433,467,0,366,976,0,0
LFPG,2024-10-04,656,705,0,455,494,0,344,1017,0,0
LFPG,2024-10-05,589,645,0,381,402,0,353,879,2,0
LFPG,2024-10-06,596,686,0,380,455,0,339,943,0,0
LFPG,2024-10-07,638,661,0,431,446,0,333,966,0,0
LFPG,2024-10-08,626,678,0,417,453,0,351,953,0,0
LFPG,2024-10-09,613,652,0,410,442,0,335,930,0,0
LFPG,2024-10-10,673,702,0,456,473,0,369,1002,4,0
LFPG,2024-10-11,704,706,0,488,495,0,354,1056,0,0
LFPG,2024-10-12,626,641,0,396,398,0,370,895,2,0
LFPG,2024-10-13,661,682,0,428,450,0,348,995,0,0
LFPG,2024-10-14,701,660,0,477,443,0,349,1012,0,0
LFPG,2024-10-15,698,693,0,466,465,0,371,1020,0,0
LFPG,2024-10-16,676,686,0,461,471,0,358,1004,0,0
LFPG,2024-10-17,696,696,0,472,469,0,373,1019,0,0
LFPG,2024-10-18,714,715,0,490,494,0,360,1069,0,0
LFPG,2024-10-19,637,650,0,396,400,0,377,910,0,0
LFPG,2024-10-20,651,672,0,415,436,0,354,969,0,0
LFPG,2024-10-21,698,663,0,474,448,0,344,1017,0,0
LFPG,2024-10-22,693,694,0,460,464,0,367,1018,2,0
LFPG,2024-10-23,675,679,0,459,463,0,360,994,0,0
LFPG,2024-10-24,684,685,0,462,458,0,366,1003,0,0
LFPG,2024-10-25,704,708,0,485,490,0,354,1058,0,0
LFPG,2024-10-26,624,621,0,386,386,0,361,884,0,0
LFPG,2024-10-27,618,641,0,399,422,0,336,923,0,0
LFPG,2024-10-28,671,636,0,446,416,0,344,963,0,0
LFPG,2024-10-29,630,636,0,420,422,0,344,920,2,0
LFPG,2024-10-30,638,639,0,430,430,0,350,925,2,0
LFPG,2024-10-31,653,658,0,436,440,0,349,962,0,0
LFPG,2024-11-01,654,658,0,441,445,0,345,967,0,0
LFPG,2024-11-02,593,605,0,362,363,0,352,844,0,0
LFPG,2024-11-03,621,641,0,395,422,0,329,933,0,0
LFPG,2024-11-04,655,633,0,438,416,0,325,961,2,0
LFPG,2024-11-05,616,612,0,401,403,0,348,878,2,0
LFPG,2024-11-06,591,587,0,394,389,0,338,840,0,0
LFPG,2024-11-07,617,620,0,401,404,0,364,871,2,0
LFPG,2024-11-08,627,633,0,417,425,0,345,915,0,0
LFPG,2024-11-09,563,555,0,340,330,0,360,758,0,0
LFPG,2024-11-10,584,598,0,376,389,0,325,855,2,0
LFPG,2024-11-11,614,600,0,401,398,0,320,894,0,0
LFPG,2024-11-12,596,591,0,393,391,0,348,839,0,0
LFPG,2024-11-13,583,578,0,388,385,0,335,826,0,0
LFPG,2024-11-14,602,609,0,402,396,0,356,855,0,0
LFPG,2024-11-15,631,632,0,423,427,0,343,920,0,0
LFPG,2024-11-16,540,545,0,323,322,0,353,732,0,0
LFPG,2024-11-17,585,604,0,369,390,0,331,858,0,0
LFPG,2024-11-18,627,593,0,409,384,0,333,887,0,0
LFPG,2024-11-19,579,582,0,375,379,0,329,832,0,0
LFPG,2024-11-20,567,569,0,372,376,0,326,810,0,0
LFPG,2024-11-21,501,513,0,308,315,0,332,681,1,0
LFPG,2024-11-22,626,626,0,416,417,0,355,894,3,0
LFPG,2024-11-23,536,544,0,317,323,0,358,722,0,0
LFPG,2024-11-24,580,591,0,373,387,0,321,850,0,0
LFPG,2024-11-25,615,586,0,407,384,0,323,878,0,0
LFPG,2024-11-26,586,579,0,385,384,0,331,832,0,0
LFPG,2024-11-27,574,576,0,387,384,0,321,829,0,0
LFPG,2024-11-28,600,589,0,402,399,0,323,866,0,0
LFPG,2024-11-29,594,616,0,403,417,0,324,886,0,0
LFPG,2024-11-30,542,544,0,326,323,0,357,729,0,0
LFPG,2024-12-01,572,591,0,369,384,0,316,847,0,0
LFPG,2024-12-02,613,586,0,402,380,0,331,868,0,0
LFPG,2024-12-03,590,588,0,384,385,0,338,840,0,0
LFPG,2024-12-04,585,588,0,395,397,0,325,848,0,0
LFPG,2024-12-05,589,597,0,382,390,0,350,836,0,0
LFPG,2024-12-06,630,635,0,423,427,0,341,924,0,0
LFPG,2024-12-07,553,547,0,330,324,0,358,742,0,0
LFPG,2024-12-08,573,595,0,366,386,0,327,841,0,0
LFPG,2024-12-09,617,604,0,403,388,0,330,891,0,0
LFPG,2024-12-10,611,599,0,401,396,0,348,862,0,0
LFPG,2024-12-11,624,632,0,424,423,0,342,914,0,0
LFPG,2024-12-12,660,655,0,447,441,0,358,957,0,0
LFPG,2024-12-13,652,668,0,440,454,0,351,969,0,0
LFPG,2024-12-14,598,601,0,368,367,0,366,831,2,0
LFPG,2024-12-15,604,619,0,386,405,0,340,883,0,0
LFPG,2024-12-16,658,632,0,440,411,0,344,946,0,0
LFPG,2024-12-17,648,644,0,423,423,0,362,930,0,0
LFPG,2024-12-18,640,651,0,423,432,0,362,929,0,0
LFPG,2024-12-19,696,689,0,458,455,0,387,996,2,0
LFPG,2024-12-20,677,687,0,454,463,0,365,999,0,0
LFPG,2024-12-21,627,622,0,387,377,0,379,868,2,0
LFPG,2024-12-22,636,654,0,406,429,0,340,950,0,0
LFPG,2024-12-23,694,665,0,463,434,0,348,1011,0,0
LFPG,2024-12-24,603,601,0,376,377,0,350,854,0,0
LFPG,2024-12-25,525,518,0,317,309,0,326,716,1,0
LFPG,2024-12-26,650,652,0,418,418,0,360,941,1,0
LFPG,2024-12-27,663,675,0,443,459,0,344,994,0,0
LFPG,2024-12-28,587,604,0,348,361,0,371,820,0,0
LFPG,2024-12-29,627,631,0,398,413,0,333,923,0,0
LFPG,2024-12-30,693,671,0,464,434,0,346,1018,0,0
LFPG,2024-12-31,616,619,0,394,402,0,344,891,0,0
LIRF,2022-01-01,193,202,0,171,176,0,29,365,0,0
LIRF,2022-01-02,248,251,0,222,227,0,30,466,0,0
LIRF,2022-01-03,258,260,0,233,236,0,27,491,0,0
LIRF,2022-01-04,218,215,0,194,192,0,24,409,0,0
LIRF,2022-01-05,218,216,0,198,196,0,28,406,0,0
LIRF,2022-01-06,197,203,0,177,183,0,22,377,0,0
LIRF,2022-01-07,236,233,0,209,208,0,26,443,0,0
LIRF,2022-01-08,210,208,0,182,179,0,30,388,0,0
LIRF,2022-01-09,237,245,0,211,218,0,31,448,0,0
LIRF,2022-01-10,211,208,0,190,190,0,26,390,0,0
LIRF,2022-01-11,155,156,0,140,143,0,18,293,0,0
LIRF,2022-01-12,161,155,0,146,142,0,18,297,0,0
LIRF,2022-01-13,160,164,0,146,148,0,18,305,0,0
LIRF,2022-01-14,205,204,0,183,181,0,30,377,0,0
LIRF,2022-01-15,159,153,0,140,132,0,28,284,0,0
LIRF,2022-01-16,184,189,0,161,170,0,24,349,0,0
LIRF,2022-01-17,178,182,0,163,168,0,23,337,0,0
LIRF,2022-01-18,141,139,0,126,127,0,18,262,0,0
LIRF,2022-01-19,149,148,0,135,136,0,18,279,0,0
LIRF,2022-01-20,160,163,0,146,147,0,20,303,0,0
LIRF,2022-01-21,198,190,0,176,169,0,24,362,0,0
LIRF,2022-01-22,145,149,0,130,130,0,26,268,0,0
LIRF,2022-01-23,178,179,0,155,161,0,26,331,0,0
LIRF,2022-01-24,165,170,0,151,156,0,24,308,0,0
LIRF,2022-01-25,138,134,0,123,121,0,18,254,0,0
LIRF,2022-01-26,139,140,0,126,127,0,19,259,0,0
LIRF,2022-01-27,149,151,0,138,138,0,19,277,0,0
LIRF,2022-01-28,195,190,0,176,174,0,26,357,0,0
LIRF,2022-01-29,141,139,0,124,123,0,25,252,0,0
LIRF,2022-01-30,174,183,0,153,162,0,26,331,0,0
LIRF,2022-01-31,160,154,0,145,140,0,22,292,0,0
LIRF,2022-02-01,147,148,0,130,133,0,18,277,0,0
LIRF,2022-02-02,158,158,0,145,146,0,15,301,0,0
LIRF,2022-02-03,165,163,0,149,146,0,22,303,0,0
LIRF,2022-02-04,198,198,0,179,182,0,23,371,0,0
LIRF,2022-02-05,161,159,0,142,138,0,24,296,0,0
LIRF,2022-02-06,187,195,0,165,174,0,28,354,0,0
LIRF,2022-02-07,195,188,0,180,174,0,19,362,0,0
LIRF,2022-02-08,148,153,0,130,136,0,17,283,0,0
LIRF,2022-02-09,156,155,0,143,143,0,15,296,0,0
LIRF,2022-02-10,173,176,0,157,157,0,20,328,0,0
LIRF,2022-02-11,242,235,0,222,217,0,26,450,0,0
LIRF,2022-02-12,179,178,0,160,154,0,24,332,0,0
LIRF,2022-02-13,197,203,0,176,183,0,25,375,0,0
LIRF,2022-02-14,227,230,0,211,216,0,20,437,0,0
LIRF,2022-02-15,164,162,0,145,145,0,19,307,0,0
LIRF,2022-02-16,171,168,0,156,155,0,17,322,0,0
LIRF,2022-02-17,171,177,0,153,157,0,21,324,0,0
LIRF,2022-02-18,222,213,0,202,194,0,23,409,0,0
LIRF,2022-02-19,176,172,0,156,148,0,27,320,0,0
LIRF,2022-02-20,206,212,0,182,192,0,24,392,0,0
LIRF,2022-02-21,192,194,0,176,179,0,18,366,0,0
LIRF,2022-02-22,157,156,0,138,137,0,16,297,0,0
LIRF,2022-02-23,163,164,0,149,152,0,15,312,0,0
LIRF,2022-02-24,181,185,0,163,164,0,22,343,0,0
LIRF,2022-02-25,223,217,0,202,200,0,28,412,0,0
LIRF,2022-02-26,179,174,0,158,150,0,26,326,0,0
LIRF,2022-02-27,209,214,0,189,194,0,23,400,0,0
LIRF,2022-02-28,199,202,0,182,188,0,21,379,0,0
LIRF,2022-03-01,179,181,0,158,159,0,19,341,0,0
LIRF,2022-03-02,184,184,0,170,171,0,23,343,2,0
LIRF,2022-03-03,198,199,0,180,180,0,22,374,0,0
LIRF,2022-03-04,235,227,0,213,205,0,26,436,0,0
LIRF,2022-03-05,187,184,0,166,161,0,28,342,0,0
LIRF,2022-03-06,217,229,0,195,206,0,31,414,0,0
LIRF,2022-03-07,215,215,0,197,199,0,22,406,0,0
LIRF,2022-03-08,180,174,0,159,153,0,22,332,0,0
LIRF,2022-03-09,186,192,0,167,174,0,24,354,0,0
LIRF,2022-03-10,200,197,0,182,179,0,23,374,0,0
LIRF,2022-03-11,248,235,0,221,212,0,32,450,0,0
LIRF,2022-03-12,186,185,0,165,160,0,30,340,0,0
LIRF,2022-03-13,218,230,0,197,207,0,29,417,0,0
LIRF,2022-03-14,221,223,0,201,206,0,23,421,0,0
LIRF,2022-03-15,179,174,0,158,151,0,22,329,0,0
LIRF,2022-03-16,190,189,0,168,172,0,27,351,0,0
LIRF,2022-03-17,200,200,0,181,180,0,26,374,0,0
LIRF,2022-03-18,234,234,0,207,210,0,29,438,0,0
LIRF,2022-03-19,196,192,0,172,164,0,29,357,0,0
LIRF,2022-03-20,218,228,0,194,204,0,31,414,0,0
LIRF,2022-03-21,226,223,0,205,201,0,25,422,0,0
LIRF,2022-03-22,186,184,0,162,161,0,23,345,1,0
LIRF,2022-03-23,194,198,0,173,181,0,28,363,0,0
LIRF,2022-03-24,211,212,0,191,191,0,25,397,0,0
LIRF,2022-03-25,239,234,0,215,212,0,29,444,0,0
LIRF,2022-03-26,205,201,0,180,171,0,35,370,0,0
LIRF,2022-03-27,280,290,0,247,257,0,37,531,0,0
LIRF,2022-03-28,279,278,0,256,256,0,30,525,0,0
LIRF,2022-03-29,251,252,0,226,228,0,31,472,0,0
LIRF,2022-03-30,250,247,0,225,224,0,28,468,0,0
LIRF,2022-03-31,275,275,0,246,243,0,30,518,0,0
LIRF,2022-04-01,293,292,0,263,262,0,35,548,0,0
LIRF,2022-04-02,261,269,0,236,236,0,39,489,0,0
LIRF,2022-04-03,310,307,0,271,272,0,39,578,0,0
LIRF,2022-04-04,294,298,0,266,272,0,30,561,0,0
LIRF,2022-04-05,275,272,0,250,246,0,37,509,0,0
LIRF,2022-04-06,279,273,0,246,244,0,37,512,0,0
LIRF,2022-04-07,290,300,0,258,266,0,41,543,0,0
LIRF,2022-04-08,313,311,0,277,276,0,47,572,0,0
LIRF,2022-04-09,278,277,0,245,238,0,54,499,0,0
LIRF,2022-04-10,308,309,0,265,269,0,51,566,0,0
LIRF,2022-04-11,296,300,0,262,271,0,42,552,0,0
LIRF,2022-04-12,291,288,0,258,251,0,43,535,0,0
LIRF,2022-04-13,296,292,0,261,260,0,41,547,0,0
LIRF,2022-04-14,312,314,0,274,275,0,40,580,0,0
LIRF,2022-04-15,309,309,0,273,273,0,46,568,0,0
LIRF,2022-04-16,285,286,0,249,244,0,51,519,0,0
LIRF,2022-04-17,305,302,0,261,261,0,57,549,0,0
LIRF,2022-04-18,302,305,0,266,273,0,44,562,0,0
LIRF,2022-04-19,304,305,0,269,268,0,46,562,0,0
LIRF,2022-04-20,284,284,0,247,250,0,46,522,0,0
LIRF,2022-04-21,307,307,0,270,267,0,44,566,0,0
LIRF,2022-04-22,308,307,0,269,270,0,48,561,0,0
LIRF,2022-04-23,286,285,0,253,245,0,43,525,0,0
LIRF,2022-04-24,314,314,0,267,271,0,57,565,0,0
LIRF,2022-04-25,304,303,0,268,271,0,42,562,0,0
LIRF,2022-04-26,287,290,0,254,254,0,46,527,0,0
LIRF,2022-04-27,285,281,0,250,251,0,39,527,0,0
LIRF,2022-04-28,303,306,0,267,269,0,40,568,0,0
LIRF,2022-04-29,310,309,0,273,273,0,48,569,0,0
LIRF,2022-04-30,280,283,0,248,243,0,46,514,0,0
LIRF,2022-05-01,315,312,0,268,269,0,54,572,0,0
LIRF,2022-05-02,305,307,0,270,273,0,44,567,0,0
LIRF,2022-05-03,289,289,0,252,251,0,45,532,0,0
LIRF,2022-05-04,297,295,0,259,262,0,46,543,2,0
LIRF,2022-05-05,304,305,0,269,270,0,40,560,4,0
LIRF,2022-05-06,324,316,0,282,278,0,49,587,2,0
LIRF,2022-05-07,290,293,0,251,244,0,63,518,0,0
LIRF,2022-05-08,318,319,0,269,275,0,59,577,0,0
LIRF,2022-05-09,303,307,0,267,271,0,51,558,0,0
LIRF,2022-05-10,294,292,0,256,253,0,50,535,0,0
LIRF,2022-05-11,301,297,0,261,260,0,52,543,0,0
LIRF,2022-05-12,305,313,0,266,273,0,48,565,0,0
LIRF,2022-05-13,311,308,0,269,267,0,51,563,0,0
LIRF,2022-05-14,287,284,0,247,240,0,57,514,0,0
LIRF,2022-05-15,320,326,0,270,278,0,61,580,0,0
LIRF,2022-05-16,304,306,0,266,272,0,50,558,0,0
LIRF,2022-05-17,290,290,0,255,252,0,47,530,0,0
LIRF,2022-05-18,291,290,0,253,256,0,49,532,0,0
LIRF,2022-05-19,300,303,0,260,262,0,51,549,0,0
LIRF,2022-05-20,310,307,0,268,267,0,54,556,0,0
LIRF,2022-05-21,293,292,0,253,247,0,60,524,0,0
LIRF,2022-05-22,325,319,0,276,273,0,58,583,0,0
LIRF,2022-05-23,302,307,0,264,271,0,54,546,0,0
LIRF,2022-05-24,307,301,0,270,262,0,52,551,0,0
LIRF,2022-05-25,312,313,0,271,277,0,55,568,0,0
LIRF,2022-05-26,329,329,0,290,289,0,53,595,0,0
LIRF,2022-05-27,312,313,0,268,271,0,67,558,0,0
LIRF,2022-05-28,287,291,0,248,244,0,62,515,0,0
LIRF,2022-05-29,324,320,0,274,274,0,64,575,0,0
LIRF,2022-05-30,304,306,0,266,269,0,52,555,0,0
LIRF,2022-05-31,296,296,0,258,256,0,53,537,0,0
LIRF,2022-06-01,330,332,0,287,288,0,54,602,0,0
LIRF,2022-06-02,314,323,0,273,279,0,56,574,0,0
LIRF,2022-06-03,339,335,0,290,287,0,73,590,0,0
LIRF,2022-06-04,308,307,0,261,256,0,65,544,0,0
LIRF,2022-06-05,338,334,0,285,282,0,67,595,0,0
LIRF,2022-06-06,346,344,0,297,299,0,68,618,0,0
LIRF,2022-06-07,331,334,0,283,282,0,69,593,0,0
LIRF,2022-06-08,321,322,0,271,274,0,62,580,0,0
LIRF,2022-06-09,335,339,0,291,294,0,63,605,0,0
LIRF,2022-06-10,349,342,0,299,293,0,71,615,1,0
LIRF,2022-06-11,313,317,0,266,265,0,71,555,1,0
LIRF,2022-06-12,345,344,0,292,292,0,71,615,0,0
LIRF,2022-06-13,345,344,0,292,295,0,75,614,0,0
LIRF,2022-06-14,335,336,0,284,283,0,73,598,0,0
LIRF,2022-06-15,329,328,0,277,278,0,66,587,0,0
LIRF,2022-06-16,325,329,0,285,288,0,69,579,0,0
LIRF,2022-06-17,357,357,0,305,306,0,75,635,1,0
LIRF,2022-06-18,327,326,0,280,274,0,71,573,1,0
LIRF,2022-06-19,348,348,0,292,293,0,74,615,0,0
LIRF,2022-06-20,344,341,0,291,293,0,71,607,0,0
LIRF,2022-06-21,346,347,0,293,290,0,78,608,0,0
LIRF,2022-06-22,340,339,0,287,287,0,67,601,0,0
LIRF,2022-06-23,339,341,0,291,295,0,72,602,0,0
LIRF,2022-06-24,343,342,0,293,291,0,76,603,0,0
LIRF,2022-06-25,317,315,0,269,262,0,68,557,0,0
LIRF,2022-06-26,341,341,0,287,285,0,76,597,0,0
LIRF,2022-06-27,353,350,0,300,302,0,76,611,0,0
LIRF,2022-06-28,335,340,0,281,281,0,76,590,0,0
LIRF,2022-06-29,330,330,0,277,280,0,68,588,0,0
LIRF,2022-06-30,323,324,0,276,277,0,65,574,0,0
LIRF,2022-07-01,347,346,0,294,294,0,78,605,0,0
LIRF,2022-07-02,325,325,0,280,275,0,71,569,0,0
LIRF,2022-07-03,352,354,0,292,294,0,72,627,0,0
LIRF,2022-07-04,348,346,0,294,295,0,77,609,0,0
LIRF,2022-07-05,345,345,0,293,290,0,75,610,0,0
LIRF,2022-07-06,346,347,0,289,294,0,68,618,0,0
LIRF,2022-07-07,350,352,0,297,300,0,75,619,0,0
LIRF,2022-07-08,354,352,0,302,300,0,82,616,0,0
LIRF,2022-07-09,326,325,0,279,273,0,72,575,0,0
LIRF,2022-07-10,345,344,0,283,285,0,77,607,0,0
LIRF,2022-07-11,347,349,0,295,298,0,75,618,0,0
LIRF,2022-07-12,338,337,0,284,282,0,76,594,0,0
LIRF,2022-07-13,344,344,0,288,289,0,73,608,0,0
LIRF,2022-07-14,344,342,0,293,293,0,65,616,0,0
LIRF,2022-07-15,351,352,0,298,300,0,83,612,2,0
LIRF,2022-07-16,326,325,0,278,270,0,74,574,0,0
LIRF,2022-07-17,265,274,0,207,216,0,79,449,0,0
LIRF,2022-07-18,372,364,0,317,313,0,78,644,0,0
LIRF,2022-07-19,330,337,0,279,283,0,79,584,0,0
LIRF,2022-07-20,342,339,0,287,286,0,71,605,0,0
LIRF,2022-07-21,352,350,0,301,298,0,66,623,0,0
LIRF,2022-07-22,358,358,0,304,304,0,82,626,0,0
LIRF,2022-07-23,321,325,0,275,273,0,66,576,0,0
LIRF,2022-07-24,347,345,0,285,282,0,77,610,0,0
LIRF,2022-07-25,354,355,0,302,303,0,75,627,0,0
LIRF,2022-07-26,331,330,0,279,275,0,73,586,0,0
LIRF,2022-07-27,346,345,0,285,289,0,82,604,0,0
LIRF,2022-07-28,340,345,0,286,295,0,65,609,0,0
LIRF,2022-07-29,355,356,0,301,302,0,77,627,0,0
LIRF,2022-07-30,338,330,0,289,275,0,68,594,0,0
LIRF,2022-07-31,340,345,0,277,283,0,78,605,0,0
LIRF,2022-08-01,361,362,0,310,312,0,70,652,0,0
LIRF,2022-08-02,346,345,0,293,286,0,77,610,0,0
LIRF,2022-08-03,355,354,0,295,297,0,78,629,0,0
LIRF,2022-08-04,345,347,0,291,296,0,68,621,2,0
LIRF,2022-08-05,366,366,0,310,310,0,80,651,0,0
LIRF,2022-08-06,337,335,0,285,280,0,75,590,0,0
LIRF,2022-08-07,366,369,0,303,307,0,81,649,0,0
LIRF,2022-08-08,363,362,0,311,312,0,71,653,0,0
LIRF,2022-08-09,355,352,0,297,295,0,81,613,0,0
LIRF,2022-08-10,355,357,0,295,299,0,73,632,0,0
LIRF,2022-08-11,354,356,0,300,304,0,68,638,2,0
LIRF,2022-08-12,366,369,0,310,311,0,83,644,0,0
LIRF,2022-08-13,341,338,0,290,284,0,72,603,0,0
LIRF,2022-08-14,360,359,0,297,298,0,76,635,0,0
LIRF,2022-08-15,349,352,0,295,299,0,75,621,0,0
LIRF,2022-08-16,339,341,0,285,283,0,80,594,0,0
LIRF,2022-08-17,349,350,0,290,294,0,74,618,0,0
LIRF,2022-08-18,345,348,0,289,294,0,72,604,2,0
LIRF,2022-08-19,368,364,0,311,308,0,84,644,0,0
LIRF,2022-08-20,337,335,0,287,281,0,78,583,0,0
LIRF,2022-08-21,371,370,0,307,309,0,81,654,2,0
LIRF,2022-08-22,358,364,0,304,312,0,70,648,0,0
LIRF,2022-08-23,345,340,0,290,281,0,80,602,0,0
LIRF,2022-08-24,348,351,0,290,294,0,78,619,0,0
LIRF,2022-08-25,351,351,0,296,297,0,74,626,0,0
LIRF,2022-08-26,359,354,0,304,298,0,81,631,0,0
LIRF,2022-08-27,338,340,0,288,287,0,69,608,0,0
LIRF,2022-08-28,371,375,0,310,314,0,81,655,2,0
LIRF,2022-08-29,364,363,0,310,310,0,73,652,0,0
LIRF,2022-08-30,342,341,0,288,283,0,79,603,0,0
LIRF,2022-08-31,349,351,0,292,296,0,72,618,0,0
LIRF,2022-09-01,357,361,0,300,306,0,75,635,2,0
LIRF,2022-09-02,365,360,0,307,305,0,83,642,0,0
LIRF,2022-09-03,329,335,0,280,279,0,71,586,0,0
LIRF,2022-09-04,371,366,0,306,304,0,79,652,2,0
LIRF,2022-09-05,369,371,0,316,321,0,73,660,0,0
LIRF,2022-09-06,357,360,0,299,297,0,83,632,0,0
LIRF,2022-09-07,360,358,0,302,301,0,79,637,0,0
LIRF,2022-09-08,362,365,0,304,313,0,80,641,2,0
LIRF,2022-09-09,383,375,0,327,317,0,87,666,0,0
LIRF,2022-09-10,339,341,0,287,286,0,71,607,0,0
LIRF,2022-09-11,373,376,0,313,316,0,81,664,0,0
LIRF,2022-09-12,364,368,0,313,319,0,71,657,0,0
LIRF,2022-09-13,351,351,0,295,290,0,82,616,0,0
LIRF,2022-09-14,362,359,0,303,302,0,78,632,0,0
LIRF,2022-09-15,362,366,0,306,313,0,79,639,2,0
LIRF,2022-09-16,359,355,0,304,301,0,81,614,0,0
LIRF,2022-09-17,334,332,0,284,277,0,74,588,0,0
LIRF,2022-09-18,368,372,0,306,311,0,81,655,2,0
LIRF,2022-09-19,364,367,0,312,317,0,72,658,0,0
LIRF,2022-09-20,351,348,0,295,290,0,81,614,0,0
LIRF,2022-09-21,354,353,0,296,297,0,76,630,0,0
LIRF,2022-09-22,360,365,0,304,309,0,78,644,2,0
LIRF,2022-09-23,371,368,0,316,313,0,82,654,0,0
LIRF,2022-09-24,338,333,0,288,278,0,76,592,0,0
LIRF,2022-09-25,366,372,0,306,314,0,83,647,2,0
LIRF,2022-09-26,362,360,0,311,310,0,74,643,0,0
LIRF,2022-09-27,345,349,0,289,289,0,82,607,0,0
LIRF,2022-09-28,360,356,0,297,297,0,81,635,0,0
LIRF,2022-09-29,350,358,0,294,304,0,83,605,2,0
LIRF,2022-09-30,365,356,0,309,303,0,81,632,0,0
LIRF,2022-10-01,322,326,0,273,269,0,70,574,0,0
LIRF,2022-10-02,357,359,0,292,296,0,86,627,2,0
LIRF,2022-10-03,343,347,0,295,299,0,73,615,0,0
LIRF,2022-10-04,332,332,0,275,276,0,79,584,0,0
LIRF,2022-10-05,336,334,0,286,282,0,76,593,0,0
LIRF,2022-10-06,342,345,0,288,294,0,79,605,0,0
LIRF,2022-10-07,352,349,0,298,297,0,81,618,0,0
LIRF,2022-10-08,318,318,0,271,264,0,72,563,0,0
LIRF,2022-10-09,348,350,0,288,292,0,81,617,0,0
LIRF,2022-10-10,347,343,0,296,295,0,71,615,0,0
LIRF,2022-10-11,324,325,0,272,267,0,79,570,0,0
LIRF,2022-10-12,340,338,0,282,282,0,72,605,0,0
LIRF,2022-10-13,336,336,0,283,286,0,77,591,2,0
LIRF,2022-10-14,355,348,0,299,295,0,79,620,0,0
LIRF,2022-10-15,319,322,0,271,267,0,72,567,0,0
LIRF,2022-10-16,355,358,0,294,299,0,82,629,2,0
LIRF,2022-10-17,345,343,0,297,296,0,71,615,0,0
LIRF,2022-10-18,332,334,0,275,274,0,78,585,0,0
LIRF,2022-10-19,327,327,0,268,271,0,78,573,2,0
LIRF,2022-10-20,331,324,0,281,277,0,77,573,2,0
LIRF,2022-10-21,198,196,0,150,149,0,71,306,2,0
LIRF,2022-10-22,311,326,0,265,272,0,68,567,0,0
LIRF,2022-10-23,350,350,0,289,291,0,80,616,2,0
LIRF,2022-10-24,347,341,0,296,296,0,76,609,0,0
LIRF,2022-10-25,323,327,0,270,268,0,75,572,0,0
LIRF,2022-10-26,332,327,0,276,274,0,72,587,0,0
LIRF,2022-10-27,339,343,0,287,294,0,74,601,4,0
LIRF,2022-10-28,344,341,0,290,285,0,84,600,0,0
LIRF,2022-10-29,323,324,0,272,268,0,74,572,0,0
LIRF,2022-10-30,314,313,0,267,270,0,55,569,0,0
LIRF,2022-10-31,296,303,0,256,261,0,50,547,0,0
LIRF,2022-11-01,275,276,0,236,235,0,49,500,0,0
LIRF,2022-11-02,282,282,0,240,242,0,49,513,0,0
LIRF,2022-11-03,296,295,0,253,254,0,52,537,1,0
LIRF,2022-11-04,303,303,0,261,263,0,57,542,0,0
LIRF,2022-11-05,274,272,0,236,230,0,52,494,0,0
LIRF,2022-11-06,301,303,0,256,259,0,53,550,1,0
LIRF,2022-11-07,293,293,0,254,256,0,44,537,0,0
LIRF,2022-11-08,265,271,0,226,229,0,49,487,0,0
LIRF,2022-11-09,268,263,0,225,224,0,51,480,0,0
LIRF,2022-11-10,290,291,0,249,251,0,47,531,2,0
LIRF,2022-11-11,290,288,0,249,248,0,50,526,0,0
LIRF,2022-11-12,262,263,0,225,223,0,52,472,0,0
LIRF,2022-11-13,293,295,0,252,253,0,57,530,0,0
LIRF,2022-11-14,289,290,0,251,255,0,43,536,0,0
LIRF,2022-11-15,270,272,0,229,229,0,54,487,0,0
LIRF,2022-11-16,267,263,0,226,223,0,49,481,0,0
LIRF,2022-11-17,287,289,0,246,249,0,49,525,0,0
LIRF,2022-11-18,293,290,0,251,249,0,51,530,0,0
LIRF,2022-11-19,260,259,0,222,216,0,53,463,0,0
LIRF,2022-11-20,286,289,0,245,249,0,48,527,0,0
LIRF,2022-11-21,291,290,0,250,250,0,47,529,0,0
LIRF,2022-11-22,257,262,0,220,221,0,50,464,0,0
LIRF,2022-11-23,261,258,0,220,219,0,51,468,0,0
LIRF,2022-11-24,288,287,0,244,248,0,54,520,0,0
LIRF,2022-11-25,293,286,0,256,250,0,47,531,0,0
LIRF,2022-11-26,252,252,0,215,209,0,51,452,0,0
LIRF,2022-11-27,292,298,0,247,254,0,54,534,0,0
LIRF,2022-11-28,284,287,0,246,250,0,49,521,0,0
LIRF,2022-11-29,254,255,0,215,213,0,52,455,0,0
LIRF,2022-11-30,250,252,0,206,211,0,46,456,0,0
LIRF,2022-12-01,280,282,0,238,240,0,52,507,2,0
LIRF,2022-12-02,280,277,0,240,237,0,46,509,0,0
LIRF,2022-12-03,264,259,0,224,216,0,54,468,0,0
LIRF,2022-12-04,297,297,0,254,258,0,48,542,2,0
LIRF,2022-12-05,286,291,0,247,251,0,47,528,0,0
LIRF,2022-12-06,267,265,0,226,223,0,48,483,0,0
LIRF,2022-12-07,283,281,0,238,238,0,58,502,0,0
LIRF,2022-12-08,276,279,0,235,241,0,48,504,2,0
LIRF,2022-12-09,281,277,0,243,239,0,45,511,0,0
LIRF,2022-12-10,267,265,0,228,220,0,51,479,0,0
LIRF,2022-12-11,287,292,0,243,250,0,55,514,2,0
LIRF,2022-12-12,299,302,0,257,260,0,51,545,0,0
LIRF,2022-12-13,271,270,0,231,228,0,49,488,2,0
LIRF,2022-12-14,269,269,0,226,227,0,46,486,1,0
LIRF,2022-12-15,291,291,0,249,251,0,47,534,0,0
LIRF,2022-12-16,298,301,0,257,258,0,48,544,0,0
LIRF,2022-12-17,284,277,0,239,230,0,54,505,0,0
LIRF,2022-12-18,303,308,0,254,259,0,64,546,0,0
LIRF,2022-12-19,305,306,0,255,257,0,65,546,0,0
LIRF,2022-12-20,292,293,0,246,245,0,54,525,0,0
LIRF,2022-12-21,309,304,0,254,257,0,65,547,0,0
LIRF,2022-12-22,307,314,0,265,269,0,49,567,0,0
LIRF,2022-12-23,320,316,0,275,271,0,56,576,0,0
LIRF,2022-12-24,258,256,0,216,211,0,50,464,0,0
LIRF,2022-12-25,226,222,0,177,174,0,57,391,0,0
LIRF,2022-12-26,302,303,0,261,261,0,56,546,0,0
LIRF,2022-12-27,290,293,0,241,245,0,56,525,0,0
LIRF,2022-12-28,296,294,0,246,247,0,62,524,0,0
LIRF,2022-12-29,311,312,0,264,266,0,56,562,2,0
LIRF,2022-12-30,310,308,0,266,263,0,53,564,0,0
LIRF,2022-12-31,254,253,0,211,206,0,51,453,0,0
LIRF,2023-01-01,295,295,0,246,247,0,56,528,0,0
LIRF,2023-01-02,310,321,0,269,276,0,52,574,0,0
LIRF,2023-01-03,292,289,0,245,241,0,60,521,0,0
LIRF,2023-01-04,297,294,0,246,249,0,67,523,0,0
LIRF,2023-01-05,294,296,0,253,252,0,54,533,3,0
LIRF,2023-01-06,298,296,0,254,250,0,60,533,1,0
LIRF,2023-01-07,279,276,0,233,230,0,53,502,0,0
LIRF,2023-01-08,308,311,0,257,260,0,62,554,2,0
LIRF,2023-01-09,288,292,0,248,251,0,50,527,0,0
LIRF,2023-01-10,262,262,0,220,219,0,54,469,0,0
LIRF,2023-01-11,261,258,0,216,218,0,52,466,0,0
LIRF,2023-01-12,272,272,0,231,232,0,48,493,1,0
LIRF,2023-01-13,287,284,0,250,245,0,49,521,1,0
LIRF,2023-01-14,251,252,0,214,209,0,49,453,0,0
LIRF,2023-01-15,284,281,0,238,239,0,53,511,0,0
LIRF,2023-01-16,272,275,0,233,237,0,47,500,0,0
LIRF,2023-01-17,254,255,0,213,212,0,51,451,0,0
LIRF,2023-01-18,249,250,0,209,213,0,49,449,0,0
LIRF,2023-01-19,259,261,0,219,222,0,45,473,0,0
LIRF,2023-01-20,285,284,0,248,244,0,49,518,0,0
LIRF,2023-01-21,246,244,0,208,203,0,45,445,0,0
LIRF,2023-01-22,277,273,0,234,233,0,47,500,0,0
LIRF,2023-01-23,274,276,0,236,239,0,51,499,0,0
LIRF,2023-01-24,250,248,0,211,208,0,46,450,0,0
LIRF,2023-01-25,243,247,0,205,208,0,48,440,0,0
LIRF,2023-01-26,259,256,0,219,217,0,47,465,0,0
LIRF,2023-01-27,274,273,0,239,237,0,47,500,0,0
LIRF,2023-01-28,244,249,0,206,204,0,51,441,0,0
LIRF,2023-01-29,276,271,0,229,231,0,50,496,0,0
LIRF,2023-01-30,265,269,0,232,232,0,51,483,0,0
LIRF,2023-01-31,242,246,0,207,207,0,48,440,0,0
LIRF,2023-02-01,255,260,0,213,220,0,50,464,0,0
LIRF,2023-02-02,270,266,0,232,230,0,47,487,2,0
LIRF,2023-02-03,289,289,0,252,251,0,50,528,0,0
LIRF,2023-02-04,256,251,0,219,210,0,45,461,0,0
LIRF,2023-02-05,287,287,0,242,244,0,53,521,0,0
LIRF,2023-02-06,291,294,0,254,256,0,51,533,0,0
LIRF,2023-02-07,256,252,0,217,216,0,40,465,0,0
LIRF,2023-02-08,261,267,0,223,227,0,54,473,0,0
LIRF,2023-02-09,285,282,0,246,245,0,46,515,2,0
LIRF,2023-02-10,299,296,0,262,260,0,46,543,0,0
LIRF,2023-02-11,262,266,0,224,222,0,48,475,0,0
LIRF,2023-02-12,300,300,0,254,257,0,56,542,2,0
LIRF,2023-02-13,289,291,0,255,254,0,52,525,0,0
LIRF,2023-02-14,269,265,0,229,227,0,48,485,0,0
LIRF,2023-02-15,270,271,0,230,232,0,53,485,0,0
LIRF,2023-02-16,284,283,0,245,244,0,49,513,2,0
LIRF,2023-02-17,292,291,0,254,251,0,51,531,0,0
LIRF,2023-02-18,266,267,0,227,223,0,44,487,0,0
LIRF,2023-02-19,305,305,0,257,260,0,56,550,2,0
LIRF,2023-02-20,304,302,0,267,264,0,54,550,0,0
LIRF,2023-02-21,274,273,0,229,230,0,51,493,0,0
LIRF,2023-02-22,273,272,0,232,232,0,56,487,0,0
LIRF,2023-02-23,295,291,0,253,251,0,51,531,2,0
LIRF,2023-02-24,324,320,0,283,278,0,53,589,0,0
LIRF,2023-02-25,268,272,0,229,225,0,52,487,0,0
LIRF,2023-02-26,328,330,0,277,283,0,60,594,2,0
LIRF,2023-02-27,308,307,0,270,269,0,52,563,0,0
LIRF,2023-02-28,260,266,0,216,220,0,56,469,0,0
LIRF,2023-03-01,275,276,0,228,231,0,61,490,0,0
LIRF,2023-03-02,291,294,0,249,251,0,49,536,0,0
LIRF,2023-03-03,305,300,0,262,258,0,53,551,0,0
LIRF,2023-03-04,267,272,0,225,223,0,53,485,0,0
LIRF,2023-03-05,313,314,0,260,264,0,61,561,2,0
LIRF,2023-03-06,312,310,0,266,267,0,57,562,0,0
LIRF,2023-03-07,264,262,0,219,216,0,54,471,0,0
LIRF,2023-03-08,271,265,0,222,220,0,58,473,0,0
LIRF,2023-03-09,294,292,0,247,247,0,56,526,2,0
LIRF,2023-03-10,299,304,0,256,260,0,54,546,0,0
LIRF,2023-03-11,268,272,0,225,221,0,56,478,0,0
LIRF,2023-03-12,318,324,0,266,272,0,67,565,2,0
LIRF,2023-03-13,312,309,0,263,265,0,60,559,0,0
LIRF,2023-03-14,285,281,0,237,231,0,61,504,0,0
LIRF,2023-03-15,276,274,0,227,229,0,60,488,0,0
LIRF,2023-03-16,296,298,0,249,251,0,61,530,2,0
LIRF,2023-03-17,310,305,0,267,263,0,56,557,0,0
LIRF,2023-03-18,272,276,0,228,225,0,60,487,0,0
LIRF,2023-03-19,314,317,0,261,267,0,66,561,2,0
LIRF,2023-03-20,315,313,0,269,267,0,62,566,0,0
LIRF,2023-03-21,277,277,0,230,228,0,60,493,0,0
LIRF,2023-03-22,278,276,0,229,232,0,58,494,0,0
LIRF,2023-03-23,298,299,0,252,253,0,58,538,0,0
LIRF,2023-03-24,309,308,0,265,263,0,58,555,0,0
LIRF,2023-03-25,265,267,0,222,219,0,57,469,0,0
LIRF,2023-03-26,341,338,0,281,281,0,73,600,0,0
LIRF,2023-03-27,332,330,0,280,281,0,69,574,0,0
LIRF,2023-03-28,331,330,0,275,272,0,78,571,0,0
LIRF,2023-03-29,324,324,0,269,271,0,74,574,0,0
LIRF,2023-03-30,336,338,0,286,286,0,65,603,0,0
LIRF,2023-03-31,335,340,0,278,288,0,79,587,0,0
LIRF,2023-04-01,328,331,0,278,276,0,72,576,0,0
LIRF,2023-04-02,314,317,0,252,254,0,80,545,0,0
LIRF,2023-04-03,373,370,0,312,316,0,75,659,0,0
LIRF,2023-04-04,356,353,0,300,297,0,76,631,0,0
LIRF,2023-04-05,355,357,0,300,305,0,70,634,0,0
LIRF,2023-04-06,345,348,0,295,295,0,70,622,0,0
LIRF,2023-04-07,373,368,0,311,310,0,77,658,0,0
LIRF,2023-04-08,323,324,0,274,270,0,68,577,0,0
LIRF,2023-04-09,364,361,0,297,297,0,86,637,0,0
LIRF,2023-04-10,362,366,0,305,309,0,79,640,0,0
LIRF,2023-04-11,363,361,0,303,301,0,78,645,0,0
LIRF,2023-04-12,352,351,0,295,296,0,68,630,0,0
LIRF,2023-04-13,353,355,0,303,302,0,64,640,0,0
LIRF,2023-04-14,377,375,0,315,314,0,81,664,0,0
LIRF,2023-04-15,337,335,0,285,279,0,71,599,0,0
LIRF,2023-04-16,374,381,0,310,316,0,84,668,0,0
LIRF,2023-04-17,376,370,0,317,314,0,74,665,0,0
LIRF,2023-04-18,358,359,0,298,301,0,75,632,0,0
LIRF,2023-04-19,356,354,0,298,299,0,71,633,0,0
LIRF,2023-04-20,355,357,0,303,302,0,65,645,0,0
LIRF,2023-04-21,368,365,0,309,309,0,82,648,0,0
LIRF,2023-04-22,334,339,0,280,280,0,71,602,0,0
LIRF,2023-04-23,360,364,0,298,300,0,81,640,0,0
LIRF,2023-04-24,366,364,0,304,304,0,79,644,0,0
LIRF,2023-04-25,354,355,0,298,299,0,82,626,0,0
LIRF,2023-04-26,353,348,0,294,293,0,74,626,0,0
LIRF,2023-04-27,360,358,0,304,301,0,69,648,0,0
LIRF,2023-04-28,375,375,0,313,313,0,85,659,0,0
LIRF,2023-04-29,332,337,0,278,277,0,83,583,0,0
LIRF,2023-04-30,357,358,0,294,296,0,84,629,0,0
LIRF,2023-05-01,367,368,0,303,306,0,84,638,0,0
LIRF,2023-05-02,358,362,0,298,302,0,79,637,1,0
LIRF,2023-05-03,341,337,0,278,282,0,74,601,0,0
LIRF,2023-05-04,371,373,0,314,310,0,73,662,1,0
LIRF,2023-05-05,389,383,0,326,320,0,88,681,0,0
LIRF,2023-05-06,342,346,0,282,282,0,88,600,0,0
LIRF,2023-05-07,365,368,0,299,300,0,84,643,0,0
LIRF,2023-05-08,385,382,0,319,319,0,84,675,0,0
LIRF,2023-05-09,368,368,0,307,306,0,82,651,0,0
LIRF,2023-05-10,363,363,0,302,304,0,76,649,0,0
LIRF,2023-05-11,371,373,0,312,311,0,77,662,0,0
LIRF,2023-05-12,389,382,0,323,321,0,92,676,0,0
LIRF,2023-05-13,341,351,0,285,290,0,88,601,0,0
LIRF,2023-05-14,369,371,0,302,304,0,89,647,0,0
LIRF,2023-05-15,389,386,0,326,323,0,89,683,0,0
LIRF,2023-05-16,368,370,0,308,311,0,88,645,0,0
LIRF,2023-05-17,365,364,0,305,305,0,77,646,0,0
LIRF,2023-05-18,374,369,0,316,311,0,77,664,0,0
LIRF,2023-05-19,352,347,0,293,290,0,89,609,0,0
LIRF,2023-05-20,339,345,0,283,283,0,86,592,0,0
LIRF,2023-05-21,366,369,0,297,302,0,89,641,0,0
LIRF,2023-05-22,380,378,0,319,318,0,97,649,0,0
LIRF,2023-05-23,366,364,0,305,303,0,88,639,0,0
LIRF,2023-05-24,361,364,0,302,308,0,73,649,0,0
LIRF,2023-05-25,364,365,0,310,309,0,74,647,0,0
LIRF,2023-05-26,395,393,0,331,328,0,102,677,0,0
LIRF,2023-05-27,349,347,0,287,283,0,95,599,0,0
LIRF,2023-05-28,381,384,0,310,311,0,94,667,0,0
LIRF,2023-05-29,395,391,0,327,326,0,93,687,0,0
LIRF,2023-05-30,382,378,0,317,314,0,93,665,0,0
LIRF,2023-05-31,369,387,0,309,326,0,82,672,0,0
LIRF,2023-06-01,418,419,0,352,348,0,89,727,0,0
LIRF,2023-06-02,397,395,0,328,329,0,95,689,0,0
LIRF,2023-06-03,381,374,0,314,308,0,93,656,0,0
LIRF,2023-06-04,339,347,0,268,274,0,95,590,0,0
LIRF,2023-06-05,418,415,0,349,343,0,96,732,0,0
LIRF,2023-06-06,384,383,0,311,312,0,97,659,0,0
LIRF,2023-06-07,385,381,0,318,317,0,95,670,0,0
LIRF,2023-06-08,404,410,0,335,337,0,99,713,0,0
LIRF,2023-06-09,411,409,0,341,340,0,104,714,0,0
LIRF,2023-06-10,386,388,0,317,319,0,101,671,0,0
LIRF,2023-06-11,409,408,0,330,331,0,98,711,0,0
LIRF,2023-06-12,407,408,0,337,338,0,102,706,0,0
LIRF,2023-06-13,395,394,0,321,320,0,101,683,0,0
LIRF,2023-06-14,397,395,0,329,328,0,92,698,0,0
LIRF,2023-06-15,401,406,0,332,331,0,100,679,2,0
LIRF,2023-06-16,428,423,0,352,352,0,112,729,1,0
LIRF,2023-06-17,384,386,0,312,314,0,107,655,0,0
LIRF,2023-06-18,409,409,0,330,327,0,107,699,0,0
LIRF,2023-06-19,422,421,0,347,344,0,109,726,0,0
LIRF,2023-06-20,392,392,0,313,315,0,103,663,2,0
LIRF,2023-06-21,401,403,0,328,329,0,98,701,0,0
LIRF,2023-06-22,406,414,0,329,335,0,107,692,0,0
LIRF,2023-06-23,424,419,0,348,345,0,111,720,0,0
LIRF,2023-06-24,392,389,0,317,313,0,105,666,2,0
LIRF,2023-06-25,414,416,0,333,332,0,116,706,0,0
LIRF,2023-06-26,429,426,0,352,348,0,111,742,0,0
LIRF,2023-06-27,410,408,0,330,331,0,107,707,0,0
LIRF,2023-06-28,400,400,0,328,327,0,100,695,0,0
LIRF,2023-06-29,409,413,0,330,333,0,111,703,0,0
LIRF,2023-06-30,402,410,0,329,338,0,113,689,0,0
LIRF,2023-07-01,398,400,0,324,327,0,109,677,0,0
LIRF,2023-07-02,423,422,0,337,337,0,113,726,0,0
LIRF,2023-07-03,430,428,0,352,348,0,110,742,1,0
LIRF,2023-07-04,407,407,0,329,329,0,109,697,0,0
LIRF,2023-07-05,395,396,0,322,321,0,103,683,0,0
LIRF,2023-07-06,406,409,0,328,331,0,117,686,0,0
LIRF,2023-07-07,419,416,0,342,341,0,115,707,2,0
LIRF,2023-07-08,397,395,0,324,321,0,111,670,0,0
LIRF,2023-07-09,416,425,0,331,340,0,120,703,1,0
LIRF,2023-07-10,428,425,0,349,346,0,117,730,0,0
LIRF,2023-07-11,407,408,0,327,330,0,109,688,0,0
LIRF,2023-07-12,404,402,0,328,327,0,102,692,0,0
LIRF,2023-07-13,408,407,0,332,329,0,116,688,0,0
LIRF,2023-07-14,423,422,0,345,348,0,113,719,0,0
LIRF,2023-07-15,286,291,0,223,228,0,95,465,0,0
LIRF,2023-07-16,423,426,0,342,343,0,120,717,0,0
LIRF,2023-07-17,435,425,0,356,351,0,109,728,0,0
LIRF,2023-07-18,404,411,0,325,330,0,122,677,0,0
LIRF,2023-07-19,411,408,0,334,331,0,105,705,0,0
LIRF,2023-07-20,415,418,0,336,336,0,117,708,0,0
LIRF,2023-07-21,429,424,0,349,348,0,116,717,0,0
LIRF,2023-07-22,403,404,0,328,327,0,109,681,0,0
LIRF,2023-07-23,421,423,0,338,338,0,119,710,0,0
LIRF,2023-07-24,431,431,0,351,349,0,110,725,0,0
LIRF,2023-07-25,413,413,0,332,333,0,112,695,0,0
LIRF,2023-07-26,417,411,0,340,332,0,107,709,0,0
LIRF,2023-07-27,415,420,0,335,340,0,113,712,0,0
LIRF,2023-07-28,423,422,0,344,346,0,113,721,0,0
LIRF,2023-07-29,391,388,0,315,310,0,109,660,0,0
LIRF,2023-07-30,421,425,0,336,340,0,118,721,0,0
LIRF,2023-07-31,417,421,0,339,341,0,110,720,0,0
LIRF,2023-08-01,417,425,0,336,341,0,115,716,0,0
LIRF,2023-08-02,419,418,0,337,339,0,110,718,0,0
LIRF,2023-08-03,429,427,0,345,343,0,123,730,0,0
LIRF,2023-08-04,432,434,0,350,352,0,117,731,0,0
LIRF,2023-08-05,403,401,0,327,325,0,112,686,0,0
LIRF,2023-08-06,429,433,0,342,345,0,119,733,0,0
LIRF,2023-08-07,440,433,0,359,353,0,114,750,0,0
LIRF,2023-08-08,414,415,0,331,330,0,113,712,0,0
LIRF,2023-08-09,414,413,0,334,335,0,112,709,0,0
LIRF,2023-08-10,419,421,0,335,335,0,120,714,0,0
LIRF,2023-08-11,441,436,0,355,355,0,120,750,0,0
LIRF,2023-08-12,397,400,0,321,321,0,111,680,0,0
LIRF,2023-08-13,428,432,0,341,345,0,119,738,0,0
LIRF,2023-08-14,423,420,0,344,339,0,110,726,0,0
LIRF,2023-08-15,403,405,0,320,321,0,116,690,0,0
LIRF,2023-08-16,403,406,0,325,328,0,105,694,0,0
LIRF,2023-08-17,426,425,0,343,341,0,115,730,0,0
LIRF,2023-08-18,434,428,0,354,351,0,113,745,0,0
LIRF,2023-08-19,401,401,0,325,325,0,112,688,0,0
LIRF,2023-08-20,430,436,0,341,347,0,121,738,0,0
LIRF,2023-08-21,428,430,0,352,352,0,107,747,0,0
LIRF,2023-08-22,419,414,0,333,329,0,115,715,0,0
LIRF,2023-08-23,415,413,0,335,335,0,106,719,0,0
LIRF,2023-08-24,417,425,0,336,340,0,114,704,0,0
LIRF,2023-08-25,436,432,0,355,355,0,112,739,0,0
LIRF,2023-08-26,398,400,0,321,325,0,110,680,0,0
LIRF,2023-08-27,419,423,0,334,337,0,118,707,0,0
LIRF,2023-08-28,419,419,0,342,338,0,112,685,0,0
LIRF,2023-08-29,422,415,0,337,330,0,116,714,0,0
LIRF,2023-08-30,415,415,0,335,336,0,110,717,0,0
LIRF,2023-08-31,425,429,0,346,346,0,120,730,0,0
LIRF,2023-09-01,438,432,0,355,354,0,115,747,0,0
LIRF,2023-09-02,384,390,0,310,313,0,109,660,0,0
LIRF,2023-09-03,423,423,0,334,335,0,115,730,0,0
LIRF,2023-09-04,434,431,0,354,352,0,114,744,0,0
LIRF,2023-09-05,417,417,0,331,331,0,112,718,0,0
LIRF,2023-09-06,416,414,0,337,336,0,103,722,0,0
LIRF,2023-09-07,420,420,0,340,339,0,112,725,0,0
LIRF,2023-09-08,423,421,0,345,343,0,113,721,0,0
LIRF,2023-09-09,388,394,0,312,317,0,107,671,0,0
LIRF,2023-09-10,431,433,0,342,345,0,118,742,0,0
LIRF,2023-09-11,431,433,0,356,356,0,109,752,0,0
LIRF,2023-09-12,416,419,0,333,338,0,111,722,0,0
LIRF,2023-09-13,413,409,0,336,331,0,106,714,0,0
LIRF,2023-09-14,417,420,0,337,341,0,110,722,0,0
LIRF,2023-09-15,426,424,0,350,352,0,115,728,0,0
LIRF,2023-09-16,394,391,0,318,313,0,104,679,0,0
LIRF,2023-09-17,420,420,0,336,336,0,116,719,0,0
LIRF,2023-09-18,416,419,0,341,345,0,106,723,0,0
LIRF,2023-09-19,407,412,0,327,326,0,112,707,0,0
LIRF,2023-09-20,414,413,0,335,337,0,107,717,0,0
LIRF,2023-09-21,421,422,0,343,344,0,109,728,0,0
LIRF,2023-09-22,422,419,0,346,345,0,109,721,0,0
LIRF,2023-09-23,413,408,0,335,331,0,104,700,0,0
LIRF,2023-09-24,425,434,0,339,353,0,117,738,0,0
LIRF,2023-09-25,424,427,0,359,357,0,108,734,0,0
LIRF,2023-09-26,418,415,0,339,332,0,112,712,0,0
LIRF,2023-09-27,420,417,0,342,343,0,109,728,0,0
LIRF,2023-09-28,419,419,0,342,341,0,105,729,0,0
LIRF,2023-09-29,375,368,0,299,298,0,106,630,0,0
LIRF,2023-09-30,392,394,0,315,315,0,105,680,0,0
LIRF,2023-10-01,424,430,0,341,347,0,113,736,0,0
LIRF,2023-10-02,424,426,0,351,350,0,112,727,0,0
LIRF,2023-10-03,414,410,0,331,329,0,109,713,0,0
LIRF,2023-10-04,413,409,0,340,338,0,100,720,0,0
LIRF,2023-10-05,420,426,0,343,346,0,98,746,0,0
LIRF,2023-10-06,422,419,0,346,347,0,110,730,0,0
LIRF,2023-10-07,390,383,0,318,311,0,101,666,0,0
LIRF,2023-10-08,416,420,0,338,342,0,107,721,2,0
LIRF,2023-10-09,417,417,0,347,344,0,101,732,0,0
LIRF,2023-10-10,404,404,0,329,329,0,102,704,0,0
LIRF,2023-10-11,409,406,0,336,335,0,102,712,0,0
LIRF,2023-10-12,421,423,0,345,347,0,103,735,2,0
LIRF,2023-10-13,413,410,0,340,340,0,103,700,0,0
LIRF,2023-10-14,381,379,0,311,309,0,99,659,0,0
LIRF,2023-10-15,414,420,0,337,340,0,103,724,2,0
LIRF,2023-10-16,418,417,0,350,349,0,109,719,0,0
LIRF,2023-10-17,402,403,0,332,332,0,101,701,0,0
LIRF,2023-10-18,409,407,0,337,336,0,100,713,0,0
LIRF,2023-10-19,420,418,0,351,347,0,104,725,2,0
LIRF,2023-10-20,402,401,0,331,333,0,111,686,0,0
LIRF,2023-10-21,382,379,0,317,312,0,100,659,0,0
LIRF,2023-10-22,415,421,0,337,344,0,105,728,2,0
LIRF,2023-10-23,408,408,0,344,344,0,102,711,0,0
LIRF,2023-10-24,407,410,0,341,344,0,98,713,0,0
LIRF,2023-10-25,411,407,0,342,338,0,101,716,0,0
LIRF,2023-10-26,418,419,0,347,349,0,103,727,2,0
LIRF,2023-10-27,410,415,0,342,346,0,109,710,0,0
LIRF,2023-10-28,376,374,0,308,306,0,95,652,0,0
LIRF,2023-10-29,388,390,0,324,328,0,86,690,2,0
LIRF,2023-10-30,388,391,0,330,334,0,79,700,0,0
LIRF,2023-10-31,364,364,0,307,306,0,80,645,0,0
LIRF,2023-11-01,363,360,0,306,306,0,77,644,0,0
LIRF,2023-11-02,373,381,0,320,326,0,78,668,2,0
LIRF,2023-11-03,384,380,0,325,323,0,77,652,0,0
LIRF,2023-11-04,356,353,0,295,289,0,85,620,0,0
LIRF,2023-11-05,389,394,0,324,332,0,89,685,2,0
LIRF,2023-11-06,395,391,0,331,328,0,82,702,0,0
LIRF,2023-11-07,335,331,0,277,274,0,80,586,0,0
LIRF,2023-11-08,338,340,0,283,284,0,75,603,0,0
LIRF,2023-11-09,369,373,0,313,316,0,83,659,0,0
LIRF,2023-11-10,380,379,0,322,320,0,83,673,0,0
LIRF,2023-11-11,339,338,0,277,276,0,83,590,0,0
LIRF,2023-11-12,383,382,0,322,320,0,84,674,0,0
LIRF,2023-11-13,382,383,0,316,320,0,81,682,0,0
LIRF,2023-11-14,330,328,0,275,274,0,80,577,0,0
LIRF,2023-11-15,335,335,0,280,280,0,77,592,0,0
LIRF,2023-11-16,358,364,0,304,309,0,82,639,0,0
LIRF,2023-11-17,379,376,0,326,321,0,77,676,0,0
LIRF,2023-11-18,340,339,0,275,274,0,84,593,0,0
LIRF,2023-11-19,377,384,0,315,320,0,87,673,0,0
LIRF,2023-11-20,380,381,0,316,319,0,80,671,0,0
LIRF,2023-11-21,331,320,0,273,267,0,84,566,0,0
LIRF,2023-11-22,331,335,0,282,282,0,77,589,0,0
LIRF,2023-11-23,367,365,0,309,309,0,85,645,2,0
LIRF,2023-11-24,366,367,0,312,310,0,79,652,0,0
LIRF,2023-11-25,343,341,0,280,277,0,88,591,0,0
LIRF,2023-11-26,384,390,0,321,328,0,91,677,2,0
LIRF,2023-11-27,387,383,0,323,322,0,85,681,0,0
LIRF,2023-11-28,330,329,0,275,273,0,80,578,0,0
LIRF,2023-11-29,327,329,0,274,276,0,78,577,0,0
LIRF,2023-11-30,355,361,0,299,304,0,85,629,0,0
LIRF,2023-12-01,370,375,0,311,315,0,81,664,0,0
LIRF,2023-12-02,328,319,0,268,261,0,81,558,0,0
LIRF,2023-12-03,369,370,0,309,311,0,85,653,0,0
LIRF,2023-12-04,365,367,0,307,310,0,81,649,0,0
LIRF,2023-12-05,328,320,0,271,265,0,79,564,0,0
LIRF,2023-12-06,323,327,0,273,276,0,70,578,0,0
LIRF,2023-12-07,354,358,0,300,304,0,79,624,2,0
LIRF,2023-12-08,363,360,0,306,300,0,84,635,0,0
LIRF,2023-12-09,331,327,0,272,270,0,84,573,0,0
LIRF,2023-12-10,375,379,0,312,317,0,91,659,2,0
LIRF,2023-12-11,372,373,0,314,314,0,79,663,0,0
LIRF,2023-12-12,328,327,0,273,270,0,82,571,0,0
LIRF,2023-12-13,339,336,0,284,285,0,73,602,0,0
LIRF,2023-12-14,364,369,0,309,312,0,83,647,2,0
LIRF,2023-12-15,382,381,0,323,321,0,83,678,0,0
LIRF,2023-12-16,348,345,0,288,283,0,86,603,0,0
LIRF,2023-12-17,382,384,0,314,318,0,96,665,2,0
LIRF,2023-12-18,371,368,0,311,310,0,83,651,0,0
LIRF,2023-12-19,353,356,0,296,295,0,87,620,0,0
LIRF,2023-12-20,366,364,0,308,306,0,79,645,2,0
LIRF,2023-12-21,389,391,0,329,331,0,89,682,3,0
LIRF,2023-12-22,397,399,0,333,335,0,85,705,1,0
LIRF,2023-12-23,380,377,0,312,307,0,93,658,0,0
LIRF,2023-12-24,344,332,0,275,267,0,93,582,0,0
LIRF,2023-12-25,261,270,0,200,210,0,83,448,0,0
LIRF,2023-12-26,352,358,0,297,298,0,83,626,0,0
LIRF,2023-12-27,368,367,0,306,309,0,86,647,0,0
LIRF,2023-12-28,391,396,0,330,333,0,92,694,0,0
LIRF,2023-12-29,400,397,0,334,333,0,91,706,0,0
LIRF,2023-12-30,365,367,0,298,298,0,95,635,0,0
LIRF,2023-12-31,356,344,0,292,282,0,97,599,2,0
LIRF,2024-01-01,356,364,0,289,298,0,88,632,0,0
LIRF,2024-01-02,376,381,0,313,317,0,93,664,0,0
LIRF,2024-01-03,369,364,0,307,304,0,87,646,0,0
LIRF,2024-01-04,388,391,0,326,328,0,88,684,2,0
LIRF,2024-01-05,384,377,0,319,310,0,90,668,0,0
LIRF,2024-01-06,358,361,0,287,292,0,90,628,0,0
LIRF,2024-01-07,397,400,0,328,329,0,99,693,2,0
LIRF,2024-01-08,368,373,0,303,308,0,89,648,0,0
LIRF,2024-01-09,319,316,0,260,257,0,84,550,0,0
LIRF,2024-01-10,325,317,0,265,263,0,79,562,0,0
LIRF,2024-01-11,332,336,0,281,285,0,76,591,0,0
LIRF,2024-01-12,349,352,0,292,293,0,80,620,0,0
LIRF,2024-01-13,318,313,0,261,255,0,78,552,0,0
LIRF,2024-01-14,351,352,0,290,294,0,82,621,0,0
LIRF,2024-01-15,351,349,0,290,292,0,74,621,0,0
LIRF,2024-01-16,297,297,0,248,246,0,75,519,0,0
LIRF,2024-01-17,307,305,0,252,252,0,69,540,0,0
LIRF,2024-01-18,321,326,0,270,276,0,71,576,0,0
LIRF,2024-01-19,343,344,0,289,286,0,76,609,0,0
LIRF,2024-01-20,305,305,0,250,247,0,78,531,0,0
LIRF,2024-01-21,338,346,0,278,289,0,76,603,0,0
LIRF,2024-01-22,346,343,0,291,286,0,73,613,0,0
LIRF,2024-01-23,304,298,0,254,251,0,68,533,0,0
LIRF,2024-01-24,303,304,0,253,253,0,65,542,0,0
LIRF,2024-01-25,316,321,0,267,273,0,68,566,2,0
LIRF,2024-01-26,339,338,0,284,284,0,77,599,0,0
LIRF,2024-01-27,310,311,0,254,253,0,77,544,0,0
LIRF,2024-01-28,342,344,0,281,288,0,79,603,2,0
LIRF,2024-01-29,349,346,0,296,292,0,76,618,0,0
LIRF,2024-01-30,297,296,0,249,248,0,66,525,0,0
LIRF,2024-01-31,310,307,0,259,256,0,66,551,0,0
LIRF,2024-02-01,340,339,0,292,290,0,65,610,1,0
LIRF,2024-02-02,364,358,0,307,301,0,77,645,0,0
LIRF,2024-02-03,312,314,0,257,257,0,74,549,0,0
LIRF,2024-02-04,357,363,0,299,308,0,78,640,1,0
LIRF,2024-02-05,367,367,0,313,312,0,75,657,0,0
LIRF,2024-02-06,305,305,0,255,257,0,66,540,0,0
LIRF,2024-02-07,305,302,0,252,249,0,69,537,0,0
LIRF,2024-02-08,334,339,0,283,289,0,68,605,0,0
LIRF,2024-02-09,350,349,0,298,296,0,71,627,0,0
LIRF,2024-02-10,326,326,0,267,264,0,83,567,0,0
LIRF,2024-02-11,355,359,0,297,305,0,74,639,0,0
LIRF,2024-02-12,369,368,0,313,313,0,76,660,0,0
LIRF,2024-02-13,308,307,0,260,258,0,70,545,0,0
LIRF,2024-02-14,328,323,0,272,269,0,72,577,0,0
LIRF,2024-02-15,348,354,0,295,301,0,73,622,2,0
LIRF,2024-02-16,375,373,0,317,314,0,82,666,0,0
LIRF,2024-02-17,329,330,0,269,266,0,87,572,0,0
LIRF,2024-02-18,370,372,0,306,315,0,83,657,2,0
LIRF,2024-02-19,364,364,0,310,309,0,82,645,0,0
LIRF,2024-02-20,302,303,0,250,251,0,76,527,2,0
LIRF,2024-02-21,329,329,0,273,273,0,77,580,0,0
LIRF,2024-02-22,351,349,0,298,296,0,75,623,2,0
LIRF,2024-02-23,369,367,0,314,313,0,80,656,0,0
LIRF,2024-02-24,327,328,0,267,265,0,86,566,0,0
LIRF,2024-02-25,369,372,0,305,311,0,81,658,2,0
LIRF,2024-02-26,367,364,0,312,310,0,79,651,0,0
LIRF,2024-02-27,312,309,0,259,259,0,72,549,0,0
LIRF,2024-02-28,331,331,0,273,272,0,84,576,0,0
LIRF,2024-02-29,352,352,0,298,296,0,81,620,2,0
LIRF,2024-03-01,379,383,0,320,321,0,84,678,0,0
LIRF,2024-03-02,345,337,0,283,274,0,86,596,0,0
LIRF,2024-03-03,369,381,0,304,318,0,83,663,2,0
LIRF,2024-03-04,391,386,0,329,324,0,81,694,0,0
LIRF,2024-03-05,327,324,0,269,266,0,83,567,0,0
LIRF,2024-03-06,338,338,0,280,278,0,83,590,0,0
LIRF,2024-03-07,353,360,0,295,302,0,81,627,2,0
LIRF,2024-03-08,387,378,0,325,317,0,87,677,0,0
LIRF,2024-03-09,339,336,0,275,268,0,93,581,0,0
LIRF,2024-03-10,374,389,0,307,321,0,88,671,2,0
LIRF,2024-03-11,394,386,0,333,327,0,84,693,0,0
LIRF,2024-03-12,325,323,0,270,267,0,86,561,1,0
LIRF,2024-03-13,332,329,0,272,269,0,88,571,1,0
LIRF,2024-03-14,361,365,0,302,309,0,88,635,2,0
LIRF,2024-03-15,383,382,0,323,318,0,93,670,0,0
LIRF,2024-03-16,349,351,0,287,285,0,94,604,0,0
LIRF,2024-03-17,388,392,0,315,324,0,99,679,2,0
LIRF,2024-03-18,391,386,0,330,325,0,94,683,0,0
LIRF,2024-03-19,337,338,0,279,280,0,87,585,2,0
LIRF,2024-03-20,348,343,0,286,283,0,85,604,0,0
LIRF,2024-03-21,371,375,0,308,311,0,88,655,2,0
LIRF,2024-03-22,384,386,0,324,323,0,96,671,0,0
LIRF,2024-03-23,360,352,0,291,284,0,98,613,0,0
LIRF,2024-03-24,388,394,0,317,324,0,97,680,2,0
LIRF,2024-03-25,403,399,0,342,337,0,90,710,0,0
LIRF,2024-03-26,357,354,0,294,293,0,92,617,2,0
LIRF,2024-03-27,384,378,0,322,315,0,89,670,0,0
LIRF,2024-03-28,392,400,0,330,335,0,91,700,0,0
LIRF,2024-03-29,409,408,0,344,340,0,93,721,2,0
LIRF,2024-03-30,368,359,0,296,286,0,101,624,0,0
LIRF,2024-03-31,423,421,0,346,345,0,112,728,0,0
LIRF,2024-04-01,454,459,0,381,387,0,107,805,0,0
LIRF,2024-04-02,447,446,0,369,371,0,112,779,0,0
LIRF,2024-04-03,436,438,0,361,363,0,108,764,0,0
LIRF,2024-04-04,438,439,0,369,367,0,104,770,0,0
LIRF,2024-04-05,455,456,0,382,384,0,115,767,0,0
LIRF,2024-04-06,420,425,0,349,348,0,108,730,2,0
LIRF,2024-04-07,461,452,0,376,372,0,119,791,0,0
LIRF,2024-04-08,453,456,0,382,384,0,111,796,0,0
LIRF,2024-04-09,434,434,0,361,364,0,114,746,2,0
LIRF,2024-04-10,441,441,0,361,362,0,111,769,0,0
LIRF,2024-04-11,433,434,0,366,364,0,101,763,0,0
LIRF,2024-04-12,459,462,0,382,385,0,122,799,0,0
LIRF,2024-04-13,418,419,0,343,342,0,115,720,0,0
LIRF,2024-04-14,451,450,0,370,372,0,121,778,0,0
LIRF,2024-04-15,460,460,0,386,384,0,113,798,0,0
LIRF,2024-04-16,436,432,0,354,355,0,112,750,1,0
LIRF,2024-04-17,434,432,0,359,356,0,101,763,0,0
LIRF,2024-04-18,443,445,0,371,372,0,101,784,0,0
LIRF,2024-04-19,467,466,0,387,386,0,120,813,0,0
LIRF,2024-04-20,422,421,0,346,344,0,111,732,0,0
LIRF,2024-04-21,455,460,0,371,373,0,122,788,0,0
LIRF,2024-04-22,468,465,0,389,389,0,112,811,0,0
LIRF,2024-04-23,437,440,0,357,362,0,114,758,2,0
LIRF,2024-04-24,448,443,0,369,364,0,108,782,0,0
LIRF,2024-04-25,417,421,0,343,345,0,107,728,0,0
LIRF,2024-04-26,472,468,0,393,387,0,118,822,0,0
LIRF,2024-04-27,419,424,0,344,346,0,114,727,0,0
LIRF,2024-04-28,463,464,0,379,380,0,118,805,0,0
LIRF,2024-04-29,467,466,0,388,387,0,119,806,0,0
LIRF,2024-04-30,436,435,0,353,359,0,113,753,0,0
LIRF,2024-05-01,434,436,0,358,360,0,105,761,0,0
LIRF,2024-05-02,447,448,0,368,369,0,112,772,0,0
LIRF,2024-05-03,474,472,0,392,391,0,121,820,0,0
LIRF,2024-05-04,427,427,0,347,346,0,117,735,0,0
LIRF,2024-05-05,463,464,0,375,375,0,129,797,0,0
LIRF,2024-05-06,478,475,0,391,391,0,124,828,0,0
LIRF,2024-05-07,447,444,0,363,362,0,123,764,0,0
LIRF,2024-05-08,455,452,0,373,372,0,117,782,4,0
LIRF,2024-05-09,452,460,0,375,378,0,121,786,2,0
LIRF,2024-05-10,485,480,0,403,397,0,126,837,0,0
LIRF,2024-05-11,429,433,0,349,352,0,120,738,0,0
LIRF,2024-05-12,464,463,0,374,371,0,129,787,0,0
LIRF,2024-05-13,473,472,0,388,389,0,124,817,0,0
LIRF,2024-05-14,447,442,0,365,361,0,121,765,0,0
LIRF,2024-05-15,459,459,0,372,374,0,122,790,0,0
LIRF,2024-05-16,460,462,0,383,381,0,120,793,0,0
LIRF,2024-05-17,473,480,0,389,398,0,127,817,0,0
LIRF,2024-05-18,435,431,0,352,348,0,125,740,0,0
LIRF,2024-05-19,465,464,0,375,374,0,132,794,0,0
LIRF,2024-05-20,474,476,0,388,393,0,125,823,0,0
LIRF,2024-05-21,447,446,0,363,363,0,123,768,0,0
LIRF,2024-05-22,455,450,0,371,369,0,123,781,0,0
LIRF,2024-05-23,455,465,0,379,383,0,117,795,0,0
LIRF,2024-05-24,484,483,0,397,398,0,133,833,0,0
LIRF,2024-05-25,424,428,0,338,340,0,131,719,0,0
LIRF,2024-05-26,471,471,0,378,378,0,136,801,0,0
LIRF,2024-05-27,477,470,0,391,387,0,128,814,0,0
LIRF,2024-05-28,443,446,0,351,356,0,130,753,0,0
LIRF,2024-05-29,452,453,0,365,367,0,125,779,0,0
LIRF,2024-05-30,455,455,0,377,373,0,125,782,0,0
LIRF,2024-05-31,481,478,0,395,392,0,132,823,0,0
LIRF,2024-06-01,449,463,0,362,374,0,132,776,0,0
LIRF,2024-06-02,495,491,0,402,397,0,133,837,0,0
LIRF,2024-06-03,500,498,0,412,413,0,129,865,0,0
LIRF,2024-06-04,465,468,0,379,381,0,129,800,0,0
LIRF,2024-06-05,482,480,0,390,388,0,133,825,0,0
LIRF,2024-06-06,480,485,0,395,397,0,132,831,0,0
LIRF,2024-06-07,506,499,0,414,408,0,142,854,0,0
LIRF,2024-06-08,454,456,0,363,367,0,133,776,0,0
LIRF,2024-06-09,501,503,0,411,410,0,136,857,4,0
LIRF,2024-06-10,505,502,0,410,411,0,135,864,0,0
LIRF,2024-06-11,474,471,0,382,379,0,136,802,0,0
LIRF,2024-06-12,468,473,0,380,382,0,133,807,0,0
LIRF,2024-06-13,480,485,0,391,395,0,131,826,0,0
LIRF,2024-06-14,511,507,0,417,414,0,145,865,0,0
LIRF,2024-06-15,458,458,0,367,366,0,139,773,0,0
LIRF,2024-06-16,494,498,0,400,403,0,142,840,0,0
LIRF,2024-06-17,505,504,0,412,414,0,135,872,0,0
LIRF,2024-06-18,471,469,0,377,375,0,138,794,0,0
LIRF,2024-06-19,478,482,0,387,389,0,137,820,0,0
LIRF,2024-06-20,482,486,0,393,397,0,129,834,0,0
LIRF,2024-06-21,513,509,0,419,416,0,143,856,0,0
LIRF,2024-06-22,458,458,0,367,368,0,134,769,0,0
LIRF,2024-06-23,503,504,0,409,409,0,146,854,0,0
LIRF,2024-06-24,502,506,0,409,415,0,130,861,0,0
LIRF,2024-06-25,474,471,0,382,379,0,134,800,0,0
LIRF,2024-06-26,476,479,0,384,387,0,136,799,0,0
LIRF,2024-06-27,476,476,0,387,384,0,129,801,0,0
LIRF,2024-06-28,498,506,0,404,413,0,136,819,1,0
LIRF,2024-06-29,452,447,0,361,359,0,133,758,0,0
LIRF,2024-06-30,483,484,0,389,389,0,143,803,0,0
LIRF,2024-07-01,502,500,0,406,407,0,134,838,0,0
LIRF,2024-07-02,490,491,0,396,395,0,136,825,0,0
LIRF,2024-07-03,493,496,0,396,399,0,142,836,0,0
LIRF,2024-07-04,492,496,0,398,403,0,132,846,0,0
LIRF,2024-07-05,503,495,0,406,399,0,141,850,0,0
LIRF,2024-07-06,471,473,0,379,381,0,137,798,0,0
LIRF,2024-07-07,508,511,0,411,411,0,147,858,0,0
LIRF,2024-07-08,512,507,0,415,413,0,135,883,0,0
LIRF,2024-07-09,482,484,0,387,386,0,136,821,0,0
LIRF,2024-07-10,495,499,0,395,398,0,147,828,0,0
LIRF,2024-07-11,499,499,0,406,406,0,133,852,0,0
LIRF,2024-07-12,510,506,0,416,414,0,141,847,0,0
LIRF,2024-07-13,474,475,0,384,385,0,132,803,0,0
LIRF,2024-07-14,512,510,0,413,411,0,147,866,0,0
LIRF,2024-07-15,515,512,0,419,417,0,138,873,0,0
LIRF,2024-07-16,492,493,0,396,395,0,140,838,0,0
LIRF,2024-07-17,495,497,0,396,398,0,142,840,0,0
LIRF,2024-07-18,497,497,0,405,405,0,135,845,0,0
LIRF,2024-07-19,467,463,0,374,380,0,129,717,0,0
LIRF,2024-07-20,461,472,0,376,379,0,128,758,0,0
LIRF,2024-07-21,509,511,0,412,411,0,138,833,0,0
LIRF,2024-07-22,512,503,0,415,407,0,132,813,0,0
LIRF,2024-07-23,475,475,0,383,384,0,132,778,0,0
LIRF,2024-07-24,488,492,0,389,391,0,137,783,0,0
LIRF,2024-07-25,483,486,0,389,390,0,133,818,0,0
LIRF,2024-07-26,519,511,0,420,413,0,145,865,0,0
LIRF,2024-07-27,479,480,0,385,387,0,135,813,0,0
LIRF,2024-07-28,519,523,0,420,424,0,144,877,0,0
LIRF,2024-07-29,525,519,0,427,420,0,141,888,0,0
LIRF,2024-07-30,489,487,0,394,393,0,134,835,0,0
LIRF,2024-07-31,485,494,0,387,395,0,139,820,0,0
LIRF,2024-08-01,497,498,0,398,402,0,134,824,1,0
LIRF,2024-08-02,521,527,0,426,430,0,145,882,0,0
LIRF,2024-08-03,480,480,0,390,391,0,130,811,0,0
LIRF,2024-08-04,522,522,0,427,424,0,145,888,0,0
LIRF,2024-08-05,530,522,0,433,428,0,140,904,0,0
LIRF,2024-08-06,481,482,0,388,389,0,132,825,0,0
LIRF,2024-08-07,491,494,0,395,395,0,140,826,0,0
LIRF,2024-08-08,491,498,0,400,406,0,138,837,0,0
LIRF,2024-08-09,532,527,0,434,432,0,147,900,0,0
LIRF,2024-08-10,482,479,0,393,389,0,131,822,0,0
LIRF,2024-08-11,521,528,0,424,429,0,147,889,0,0
LIRF,2024-08-12,526,518,0,430,423,0,137,898,0,0
LIRF,2024-08-13,491,491,0,393,396,0,136,837,0,0
LIRF,2024-08-14,488,489,0,392,391,0,137,819,0,0
LIRF,2024-08-15,462,469,0,368,374,0,133,781,0,0
LIRF,2024-08-16,523,518,0,427,423,0,143,884,0,0
LIRF,2024-08-17,485,481,0,395,391,0,133,822,0,0
LIRF,2024-08-18,519,535,0,420,436,0,143,870,0,0
LIRF,2024-08-19,532,517,0,439,427,0,133,897,0,0
LIRF,2024-08-20,495,494,0,394,395,0,138,842,0,0
LIRF,2024-08-21,491,496,0,393,392,0,149,825,3,0
LIRF,2024-08-22,494,492,0,400,400,0,138,846,1,0
LIRF,2024-08-23,521,525,0,425,428,0,150,891,0,0
LIRF,2024-08-24,479,481,0,390,392,0,137,815,0,0
LIRF,2024-08-25,530,529,0,431,431,0,150,901,0,0
LIRF,2024-08-26,522,519,0,428,426,0,139,897,0,0
LIRF,2024-08-27,488,488,0,391,392,0,140,829,0,0
LIRF,2024-08-28,486,487,0,392,391,0,140,828,0,0
LIRF,2024-08-29,480,484,0,386,387,0,141,796,0,0
LIRF,2024-08-30,526,524,0,431,429,0,143,888,0,0
LIRF,2024-08-31,476,476,0,388,389,0,128,809,0,0
LIRF,2024-09-01,517,518,0,419,418,0,147,883,0,0
LIRF,2024-09-02,516,514,0,425,420,0,140,878,0,0
LIRF,2024-09-03,479,478,0,383,385,0,134,814,0,0
LIRF,2024-09-04,488,489,0,395,393,0,135,829,0,0
LIRF,2024-09-05,477,487,0,385,396,0,135,807,0,0
LIRF,2024-09-06,531,520,0,436,423,0,142,904,0,0
LIRF,2024-09-07,459,462,0,370,373,0,130,787,0,0
LIRF,2024-09-08,502,512,0,406,415,0,138,854,0,0
LIRF,2024-09-09,513,511,0,421,419,0,137,872,1,0
LIRF,2024-09-10,481,473,0,384,380,0,130,816,2,0
LIRF,2024-09-11,481,482,0,386,385,0,139,822,0,0
LIRF,2024-09-12,484,482,0,394,392,0,135,824,0,0
LIRF,2024-09-13,507,516,0,413,422,0,143,852,0,0
LIRF,2024-09-14,457,452,0,369,363,0,129,775,0,0
LIRF,2024-09-15,501,503,0,406,406,0,148,853,0,0
LIRF,2024-09-16,506,503,0,410,411,0,141,862,0,0
LIRF,2024-09-17,461,463,0,369,372,0,132,788,0,0
LIRF,2024-09-18,481,476,0,387,382,0,139,816,0,0
LIRF,2024-09-19,475,479,0,391,394,0,129,821,0,0
LIRF,2024-09-20,505,504,0,415,413,0,137,867,2,0
LIRF,2024-09-21,454,454,0,365,366,0,128,778,0,0
LIRF,2024-09-22,500,503,0,402,405,0,148,852,0,0
LIRF,2024-09-23,497,500,0,406,409,0,139,838,0,0
LIRF,2024-09-24,454,449,0,361,361,0,135,762,0,0
LIRF,2024-09-25,477,476,0,386,383,0,134,815,0,0
LIRF,2024-09-26,476,476,0,390,390,0,128,813,0,0
LIRF,2024-09-27,492,492,0,409,409,0,137,842,0,0
LIRF,2024-09-28,450,450,0,361,361,0,133,765,0,0
LIRF,2024-09-29,502,505,0,407,408,0,147,856,0,0
LIRF,2024-09-30,483,487,0,393,398,0,139,827,0,0
LIRF,2024-10-01,447,447,0,361,364,0,127,767,0,0
LIRF,2024-10-02,462,462,0,377,376,0,131,790,0,0
LIRF,2024-10-03,468,474,0,387,392,0,125,802,0,0
LIRF,2024-10-04,488,487,0,403,400,0,137,829,0,0
LIRF,2024-10-05,437,432,0,351,347,0,127,738,0,0
LIRF,2024-10-06,481,483,0,385,386,0,146,815,0,0
LIRF,2024-10-07,477,475,0,386,389,0,138,811,0,0
LIRF,2024-10-08,445,446,0,361,362,0,127,752,0,0
LIRF,2024-10-09,457,451,0,369,363,0,132,771,0,0
LIRF,2024-10-10,468,469,0,386,384,0,122,813,0,0
LIRF,2024-10-11,482,486,0,396,400,0,125,838,0,0
LIRF,2024-10-12,432,428,0,344,338,0,130,726,0,0
LIRF,2024-10-13,477,485,0,385,387,0,139,818,0,0
LIRF,2024-10-14,484,476,0,390,388,0,136,822,0,0
LIRF,2024-10-15,439,436,0,355,354,0,124,749,0,0
LIRF,2024-10-16,451,451,0,364,366,0,132,768,0,0
LIRF,2024-10-17,454,461,0,379,380,0,119,791,0,0
LIRF,2024-10-18,482,481,0,393,396,0,131,823,0,0
LIRF,2024-10-19,428,435,0,341,344,0,126,729,0,0
LIRF,2024-10-20,490,487,0,396,394,0,134,834,0,0
LIRF,2024-10-21,477,475,0,386,389,0,132,817,0,0
LIRF,2024-10-22,449,444,0,365,363,0,126,766,0,0
LIRF,2024-10-23,447,445,0,364,361,0,126,752,0,0
LIRF,2024-10-24,449,454,0,374,375,0,119,782,0,0
LIRF,2024-10-25,483,482,0,398,396,0,129,830,0,0
LIRF,2024-10-26,427,432,0,337,343,0,128,721,0,0
LIRF,2024-10-27,420,423,0,337,342,0,106,731,0,0
LIRF,2024-10-28,451,442,0,372,368,0,96,796,0,0
LIRF,2024-10-29,386,388,0,322,324,0,86,688,0,0
LIRF,2024-10-30,416,413,0,346,339,0,92,736,0,0
LIRF,2024-10-31,414,421,0,347,353,0,91,739,0,0
LIRF,2024-11-01,423,418,0,356,354,0,88,749,0,0
LIRF,2024-11-02,369,367,0,301,296,0,91,645,0,0
LIRF,2024-11-03,422,431,0,347,356,0,100,747,0,0
LIRF,2024-11-04,437,431,0,366,363,0,91,772,0,0
LIRF,2024-11-05,368,367,0,306,306,0,87,645,0,0
LIRF,2024-11-06,368,371,0,303,305,0,91,644,0,0
LIRF,2024-11-07,391,392,0,330,327,0,89,691,0,0
LIRF,2024-11-08,431,428,0,362,365,0,89,768,0,0
LIRF,2024-11-09,358,361,0,294,293,0,92,622,0,0
LIRF,2024-11-10,414,415,0,342,344,0,96,725,0,0
LIRF,2024-11-11,411,417,0,344,350,0,89,732,0,0
LIRF,2024-11-12,368,357,0,301,293,0,91,632,0,0
LIRF,2024-11-13,356,357,0,294,292,0,89,623,0,0
LIRF,2024-11-14,387,393,0,323,326,0,87,691,0,0
LIRF,2024-11-15,428,423,0,362,360,0,90,759,0,0
LIRF,2024-11-16,360,362,0,295,293,0,93,626,0,0
LIRF,2024-11-17,403,407,0,329,333,0,97,710,0,0
LIRF,2024-11-18,413,410,0,345,346,0,93,728,0,0
LIRF,2024-11-19,351,346,0,287,285,0,85,610,0,0
LIRF,2024-11-20,348,350,0,284,283,0,84,611,0,0
LIRF,2024-11-21,366,373,0,304,308,0,89,649,0,0
LIRF,2024-11-22,424,416,0,356,353,0,91,745,0,0
LIRF,2024-11-23,359,359,0,292,287,0,91,624,0,0
LIRF,2024-11-24,403,410,0,331,336,0,100,711,0,0
LIRF,2024-11-25,410,405,0,343,342,0,85,727,2,0
LIRF,2024-11-26,351,346,0,289,285,0,89,606,0,0
LIRF,2024-11-27,349,351,0,286,287,0,81,614,0,0
LIRF,2024-11-28,370,376,0,310,311,0,82,659,0,0
LIRF,2024-11-29,371,364,0,306,305,0,87,648,0,0
LIRF,2024-11-30,353,358,0,288,287,0,88,622,0,0
LIRF,2024-12-01,411,412,0,335,339,0,103,719,0,0
LIRF,2024-12-02,398,399,0,328,333,0,87,710,0,0
LIRF,2024-12-03,342,336,0,282,276,0,84,593,0,0
LIRF,2024-12-04,343,345,0,278,278,0,87,599,2,0
LIRF,2024-12-05,364,376,0,299,311,0,87,646,0,0
LIRF,2024-12-06,411,401,0,348,339,0,92,716,0,0
LIRF,2024-12-07,352,352,0,288,285,0,87,612,0,0
LIRF,2024-12-08,404,406,0,332,336,0,100,706,0,0
LIRF,2024-12-09,408,408,0,342,344,0,84,732,0,0
LIRF,2024-12-10,350,346,0,289,282,0,90,606,0,0
LIRF,2024-12-11,354,353,0,287,288,0,93,611,2,0
LIRF,2024-12-12,376,383,0,316,317,0,83,675,0,0
LIRF,2024-12-13,411,408,0,341,341,0,95,722,0,0
LIRF,2024-12-14,371,369,0,304,295,0,93,645,0,0
LIRF,2024-12-15,409,416,0,330,342,0,104,718,0,0
LIRF,2024-12-16,410,410,0,341,345,0,89,730,0,0
LIRF,2024-12-17,364,355,0,304,293,0,81,637,0,0
LIRF,2024-12-18,380,378,0,307,306,0,98,660,0,0
LIRF,2024-12-19,414,422,0,350,354,0,83,751,0,0
LIRF,2024-12-20,431,434,0,352,359,0,99,763,0,0
LIRF,2024-12-21,392,395,0,322,316,0,92,695,0,0
LIRF,2024-12-22,435,435,0,347,355,0,105,761,0,0
LIRF,2024-12-23,440,440,0,362,364,0,94,781,0,0
LIRF,2024-12-24,357,334,0,290,268,0,84,606,0,0
LIRF,2024-12-25,268,277,0,197,205,0,92,453,0,0
LIRF,2024-12-26,390,400,0,326,331,0,85,705,0,0
LIRF,2024-12-27,428,432,0,353,359,0,101,753,0,0
LIRF,2024-12-28,386,387,0,313,309,0,97,668,0,0
LIRF,2024-12-29,418,423,0,333,342,0,105,730,0,0
LIRF,2024-12-30,440,432,0,364,357,0,91,778,0,0
LIRF,2024-12-31,365,360,0,298,295,0,91,631,0,0
LPPT,2022-01-01,220,230,0,193,196,0,37,413,0,0
LPPT,2022-01-02,257,260,0,221,223,4,51,459,3,0
LPPT,2022-01-03,271,257,0,234,224,0,51,474,3,0
LPPT,2022-01-04,217,210,0,183,183,0,44,382,1,0
LPPT,2022-01-05,196,213,0,171,181,0,40,365,4,0
LPPT,2022-01-06,209,209,0,180,178,0,39,377,2,0
LPPT,2022-01-07,245,246,0,209,212,0,42,445,4,0
LPPT,2022-01-08,242,238,0,207,201,0,44,433,3,0
LPPT,2022-01-09,243,249,0,207,208,0,44,446,2,0
LPPT,2022-01-10,218,208,0,186,177,0,37,388,1,0
LPPT,2022-01-11,157,142,0,123,119,0,33,263,3,0
LPPT,2022-01-12,152,173,0,127,138,0,38,287,0,0
LPPT,2022-01-13,175,161,0,145,132,0,36,300,0,0
LPPT,2022-01-14,213,231,0,184,200,0,38,402,4,0
LPPT,2022-01-15,203,197,0,168,162,0,42,355,3,0
LPPT,2022-01-16,215,217,0,180,183,0,38,392,2,0
LPPT,2022-01-17,223,208,0,188,177,2,40,383,6,0
LPPT,2022-01-18,147,135,0,115,116,0,30,251,1,0
LPPT,2022-01-19,144,172,0,123,138,0,38,278,0,0
LPPT,2022-01-20,175,156,0,144,127,1,34,294,2,0
LPPT,2022-01-21,213,225,0,185,196,0,36,402,0,0
LPPT,2022-01-22,191,185,0,159,155,0,38,336,2,0
LPPT,2022-01-23,201,210,0,170,176,0,38,373,0,0
LPPT,2022-01-24,223,209,0,187,175,0,37,389,6,0
LPPT,2022-01-25,147,141,0,114,121,2,31,253,2,0
LPPT,2022-01-26,150,170,0,129,138,2,36,281,1,0
LPPT,2022-01-27,171,159,0,140,127,2,36,291,1,0
LPPT,2022-01-28,218,229,0,190,200,0,39,408,0,0
LPPT,2022-01-29,190,193,0,158,159,0,44,339,0,0
LPPT,2022-01-30,218,216,0,187,180,0,38,394,2,0
LPPT,2022-01-31,216,200,0,181,176,0,35,381,0,0
LPPT,2022-02-01,154,143,0,131,130,0,25,272,0,0
LPPT,2022-02-02,152,175,0,138,150,0,25,302,0,0
LPPT,2022-02-03,190,182,0,163,153,0,33,335,4,0
LPPT,2022-02-04,218,226,0,190,198,0,34,410,0,0
LPPT,2022-02-05,210,211,0,181,176,0,38,381,2,0
LPPT,2022-02-06,208,210,0,175,180,0,34,383,1,0
LPPT,2022-02-07,226,205,0,189,176,0,35,395,1,0
LPPT,2022-02-08,154,150,0,133,136,0,22,282,0,0
LPPT,2022-02-09,157,173,0,141,149,2,28,298,2,0
LPPT,2022-02-10,210,212,0,181,179,2,34,385,1,0
LPPT,2022-02-11,241,248,0,210,216,0,32,454,3,0
LPPT,2022-02-12,236,237,0,201,197,0,38,430,5,0
LPPT,2022-02-13,235,234,0,198,196,0,35,431,3,0
LPPT,2022-02-14,248,226,0,211,194,2,39,429,4,0
LPPT,2022-02-15,166,164,0,145,147,2,28,300,0,0
LPPT,2022-02-16,174,199,0,154,171,2,32,336,3,0
LPPT,2022-02-17,213,205,0,181,173,0,34,381,3,0
LPPT,2022-02-18,240,248,0,208,214,2,32,452,2,0
LPPT,2022-02-19,248,247,0,211,206,2,43,449,1,0
LPPT,2022-02-20,236,238,0,198,200,2,33,439,0,0
LPPT,2022-02-21,245,229,0,204,198,2,36,434,2,0
LPPT,2022-02-22,186,172,0,165,158,2,25,330,1,0
LPPT,2022-02-23,187,210,0,170,182,0,30,366,1,0
LPPT,2022-02-24,225,233,0,195,200,0,30,422,6,0
LPPT,2022-02-25,261,259,0,227,222,0,35,483,2,0
LPPT,2022-02-26,250,253,0,216,211,0,41,461,1,0
LPPT,2022-02-27,246,249,0,208,210,4,37,454,0,0
LPPT,2022-02-28,266,252,0,224,220,0,37,480,1,0
LPPT,2022-03-01,201,186,0,173,168,2,25,358,2,0
LPPT,2022-03-02,192,209,0,176,183,2,25,373,1,0
LPPT,2022-03-03,223,224,0,193,190,0,35,412,0,0
LPPT,2022-03-04,259,271,0,224,234,4,36,490,0,0
LPPT,2022-03-05,255,250,0,216,206,2,44,459,0,0
LPPT,2022-03-06,257,262,0,218,223,2,38,479,0,0
LPPT,2022-03-07,262,241,0,218,210,2,37,464,0,0
LPPT,2022-03-08,191,179,0,162,159,0,31,339,0,0
LPPT,2022-03-09,189,209,0,172,179,0,30,368,0,0
LPPT,2022-03-10,224,223,0,194,191,0,35,404,8,0
LPPT,2022-03-11,258,265,0,223,230,0,37,480,6,0
LPPT,2022-03-12,248,250,0,210,209,0,41,457,0,0
LPPT,2022-03-13,257,259,0,215,218,0,37,477,2,0
LPPT,2022-03-14,250,233,0,208,201,0,37,445,1,0
LPPT,2022-03-15,189,185,0,161,162,4,32,338,0,0
LPPT,2022-03-16,205,218,0,184,185,0,36,382,5,0
LPPT,2022-03-17,228,232,0,195,199,0,33,426,1,0
LPPT,2022-03-18,270,275,0,234,237,2,40,500,3,0
LPPT,2022-03-19,255,255,0,219,213,0,48,460,2,0
LPPT,2022-03-20,264,264,0,223,223,2,39,484,3,0
LPPT,2022-03-21,267,246,0,223,215,8,38,465,2,0
LPPT,2022-03-22,205,195,0,176,172,2,33,362,3,0
LPPT,2022-03-23,197,215,0,177,184,2,28,382,0,0
LPPT,2022-03-24,227,238,0,194,199,0,34,427,4,0
LPPT,2022-03-25,272,268,0,238,232,0,40,500,0,0
LPPT,2022-03-26,254,259,0,215,214,2,45,465,1,0
LPPT,2022-03-27,282,291,0,237,248,0,43,527,3,0
LPPT,2022-03-28,275,255,0,230,212,0,46,484,0,0
LPPT,2022-03-29,232,227,0,192,190,2,46,410,1,0
LPPT,2022-03-30,240,256,0,206,215,2,42,451,1,0
LPPT,2022-03-31,272,275,0,227,230,0,46,501,0,0
LPPT,2022-04-01,288,290,0,240,240,0,47,527,4,0
LPPT,2022-04-02,277,275,0,230,230,0,53,497,2,0
LPPT,2022-04-03,285,286,0,241,240,0,51,516,4,0
LPPT,2022-04-04,283,263,0,236,217,0,51,495,0,0
LPPT,2022-04-05,238,231,0,197,195,0,48,419,2,0
LPPT,2022-04-06,249,266,0,213,225,0,46,468,1,0
LPPT,2022-04-07,268,277,0,226,235,0,45,497,3,0
LPPT,2022-04-08,288,296,0,244,248,0,45,538,1,0
LPPT,2022-04-09,286,286,0,235,237,0,55,514,3,0
LPPT,2022-04-10,275,272,0,228,222,2,51,492,2,0
LPPT,2022-04-11,285,270,0,237,224,0,53,500,2,0
LPPT,2022-04-12,252,244,0,207,205,0,51,445,0,0
LPPT,2022-04-13,259,274,0,223,230,0,46,485,2,0
LPPT,2022-04-14,275,279,0,230,233,0,51,500,3,0
LPPT,2022-04-15,288,293,0,244,245,2,57,522,0,0
LPPT,2022-04-16,295,296,0,246,247,1,55,533,2,0
LPPT,2022-04-17,299,295,0,250,246,1,53,539,1,0
LPPT,2022-04-18,296,281,0,247,233,2,56,519,0,0
LPPT,2022-04-19,246,241,0,198,199,0,54,432,1,0
LPPT,2022-04-20,267,283,0,230,240,0,44,503,3,0
LPPT,2022-04-21,284,285,0,235,239,2,51,514,2,0
LPPT,2022-04-22,298,305,0,250,255,2,52,549,0,0
LPPT,2022-04-23,298,298,0,248,250,0,56,540,0,0
LPPT,2022-04-24,303,300,0,254,251,0,53,550,0,0
LPPT,2022-04-25,297,279,0,245,230,2,51,523,0,0
LPPT,2022-04-26,255,255,0,208,214,2,54,453,1,0
LPPT,2022-04-27,271,273,0,236,233,0,45,494,5,0
LPPT,2022-04-28,275,283,0,229,236,0,52,503,3,0
LPPT,2022-04-29,299,300,0,253,252,0,46,553,0,0
LPPT,2022-04-30,298,307,0,251,256,0,54,550,1,0
LPPT,2022-05-01,303,304,0,254,255,0,50,557,0,0
LPPT,2022-05-02,298,277,0,245,229,2,54,516,3,0
LPPT,2022-05-03,249,243,0,206,206,0,52,437,3,0
LPPT,2022-05-04,267,284,0,230,240,2,45,502,2,0
LPPT,2022-05-05,284,289,0,235,240,4,55,513,1,0
LPPT,2022-05-06,297,301,0,251,253,2,49,545,2,0
LPPT,2022-05-07,289,295,0,241,246,2,59,523,0,0
LPPT,2022-05-08,301,294,0,251,245,0,52,534,9,0
LPPT,2022-05-09,300,282,0,249,232,0,51,529,2,0
LPPT,2022-05-10,250,246,0,207,208,0,52,443,1,0
LPPT,2022-05-11,270,286,0,230,241,2,47,507,0,0
LPPT,2022-05-12,283,284,0,233,236,0,54,506,7,0
LPPT,2022-05-13,296,300,0,248,252,0,50,546,0,0
LPPT,2022-05-14,290,290,0,243,243,0,55,525,0,0
LPPT,2022-05-15,299,301,0,253,253,0,45,551,4,0
LPPT,2022-05-16,304,283,0,253,234,4,54,526,3,0
LPPT,2022-05-17,248,244,0,206,207,2,48,438,4,0
LPPT,2022-05-18,266,284,0,223,236,1,51,496,2,0
LPPT,2022-05-19,282,285,0,232,237,1,56,509,1,0
LPPT,2022-05-20,302,301,0,254,253,2,49,550,2,0
LPPT,2022-05-21,292,294,0,241,247,2,49,533,2,0
LPPT,2022-05-22,311,310,0,256,258,0,53,565,3,0
LPPT,2022-05-23,317,303,0,262,249,0,57,559,4,0
LPPT,2022-05-24,280,286,0,236,245,2,53,508,3,0
LPPT,2022-05-25,290,301,0,248,253,0,49,535,7,0
LPPT,2022-05-26,302,301,0,255,255,0,52,548,3,0
LPPT,2022-05-27,312,312,0,261,263,2,56,566,0,0
LPPT,2022-05-28,298,298,0,249,251,0,54,540,2,0
LPPT,2022-05-29,304,299,0,259,252,0,46,555,2,0
LPPT,2022-05-30,313,301,0,262,247,2,54,554,4,0
LPPT,2022-05-31,281,284,0,237,245,1,50,512,2,0
LPPT,2022-06-01,300,310,0,256,260,0,48,558,4,0
LPPT,2022-06-02,304,300,0,253,249,0,55,547,2,0
LPPT,2022-06-03,311,318,0,257,265,2,54,571,2,0
LPPT,2022-06-04,311,310,0,256,255,2,59,560,0,0
LPPT,2022-06-05,312,309,0,263,256,0,60,558,3,0
LPPT,2022-06-06,319,304,0,258,248,4,59,559,1,0
LPPT,2022-06-07,292,295,0,243,250,2,56,529,0,0
LPPT,2022-06-08,298,306,0,254,260,2,52,550,0,0
LPPT,2022-06-09,307,313,0,260,262,0,57,557,6,0
LPPT,2022-06-10,322,327,0,267,269,2,61,586,0,0
LPPT,2022-06-11,321,320,0,261,261,2,64,575,0,0
LPPT,2022-06-12,319,317,0,266,262,2,62,571,1,0
LPPT,2022-06-13,316,302,0,256,245,0,64,553,1,0
LPPT,2022-06-14,291,295,0,239,249,0,59,526,1,0
LPPT,2022-06-15,307,312,0,258,260,2,55,559,3,0
LPPT,2022-06-16,308,312,0,254,257,0,59,560,1,0
LPPT,2022-06-17,325,326,0,266,263,0,64,581,6,0
LPPT,2022-06-18,312,312,0,255,256,0,64,552,8,0
LPPT,2022-06-19,324,330,0,270,272,0,59,592,3,0
LPPT,2022-06-20,322,307,0,261,249,2,60,559,8,0
LPPT,2022-06-21,297,297,0,242,249,2,59,527,6,0
LPPT,2022-06-22,298,310,0,253,259,0,51,557,0,0
LPPT,2022-06-23,310,312,0,255,256,0,57,561,4,0
LPPT,2022-06-24,315,316,0,256,258,0,59,572,0,0
LPPT,2022-06-25,315,310,0,255,248,0,63,560,2,0
LPPT,2022-06-26,325,327,0,264,270,0,62,588,2,0
LPPT,2022-06-27,330,315,0,271,259,0,61,578,6,0
LPPT,2022-06-28,300,300,0,242,248,0,63,537,0,0
LPPT,2022-06-29,300,316,0,253,258,2,54,556,4,0
LPPT,2022-06-30,314,306,0,259,252,0,64,556,0,0
LPPT,2022-07-01,301,295,0,240,235,0,58,538,0,0
LPPT,2022-07-02,304,315,0,247,256,2,61,555,1,0
LPPT,2022-07-03,323,327,0,263,262,2,63,580,5,0
LPPT,2022-07-04,332,309,0,267,250,4,65,568,4,0
LPPT,2022-07-05,296,302,0,241,250,0,63,531,4,0
LPPT,2022-07-06,307,318,0,256,266,2,57,564,2,0
LPPT,2022-07-07,307,302,0,251,246,0,60,549,0,0
LPPT,2022-07-08,323,326,0,263,261,2,58,589,0,0
LPPT,2022-07-09,312,305,0,254,248,4,66,547,0,0
LPPT,2022-07-10,323,330,0,264,267,2,61,590,0,0
LPPT,2022-07-11,330,310,0,269,250,0,64,575,1,0
LPPT,2022-07-12,297,305,0,238,250,2,64,534,2,0
LPPT,2022-07-13,296,307,0,248,254,0,59,541,3,0
LPPT,2022-07-14,317,312,0,253,251,2,65,562,0,0
LPPT,2022-07-15,318,326,0,259,265,0,65,577,2,0
LPPT,2022-07-16,316,313,0,257,254,2,71,553,3,0
LPPT,2022-07-17,321,323,0,265,266,0,64,579,1,0
LPPT,2022-07-18,333,319,0,270,254,2,71,575,4,0
LPPT,2022-07-19,311,308,0,252,257,0,65,554,0,0
LPPT,2022-07-20,308,322,0,259,268,0,57,573,0,0
LPPT,2022-07-21,316,313,0,260,253,4,63,562,0,0
LPPT,2022-07-22,320,325,0,258,262,2,64,579,0,0
LPPT,2022-07-23,322,322,0,264,263,2,67,575,0,0
LPPT,2022-07-24,332,336,0,273,274,0,65,603,0,0
LPPT,2022-07-25,325,312,0,263,250,2,63,570,2,0
LPPT,2022-07-26,310,309,0,252,255,0,73,543,3,0
LPPT,2022-07-27,305,312,0,254,256,2,58,553,4,0
LPPT,2022-07-28,315,317,0,259,261,0,65,563,4,0
LPPT,2022-07-29,319,320,0,261,258,0,61,578,0,0
LPPT,2022-07-30,319,320,0,258,262,0,70,566,3,0
LPPT,2022-07-31,332,324,0,274,262,2,62,592,0,0
LPPT,2022-08-01,322,313,0,257,249,2,68,563,2,0
LPPT,2022-08-02,300,300,0,243,248,0,67,531,2,0
LPPT,2022-08-03,306,320,0,254,264,2,64,560,0,0
LPPT,2022-08-04,316,319,0,262,261,0,63,571,1,0
LPPT,2022-08-05,330,328,0,270,265,1,65,589,3,0
LPPT,2022-08-06,319,320,0,260,258,1,68,569,1,0
LPPT,2022-08-07,326,327,0,267,266,2,67,581,3,0
LPPT,2022-08-08,329,308,0,264,249,0,67,570,0,0
LPPT,2022-08-09,301,306,0,245,254,0,72,535,0,0
LPPT,2022-08-10,312,322,0,261,267,2,61,567,4,0
LPPT,2022-08-11,314,316,0,259,263,2,61,565,2,0
LPPT,2022-08-12,325,326,0,264,264,0,69,582,0,0
LPPT,2022-08-13,322,323,0,262,265,0,71,572,2,0
LPPT,2022-08-14,326,325,0,267,266,0,61,587,3,0
LPPT,2022-08-15,319,308,0,258,249,0,67,559,1,0
LPPT,2022-08-16,302,304,0,242,251,3,65,536,2,0
LPPT,2022-08-17,313,320,0,261,267,1,60,571,1,0
LPPT,2022-08-18,315,317,0,260,261,0,63,568,1,0
LPPT,2022-08-19,326,324,0,264,263,4,64,581,1,0
LPPT,2022-08-20,318,324,0,260,261,2,70,569,1,0
LPPT,2022-08-21,331,327,0,270,265,2,64,592,0,0
LPPT,2022-08-22,329,311,0,265,251,0,64,576,0,0
LPPT,2022-08-23,306,311,0,251,257,4,62,547,4,0
LPPT,2022-08-24,312,320,0,259,267,0,60,571,1,0
LPPT,2022-08-25,309,316,0,253,256,2,62,560,1,0
LPPT,2022-08-26,294,289,0,233,232,4,62,511,6,0
LPPT,2022-08-27,302,302,0,245,242,0,69,535,0,0
LPPT,2022-08-28,298,298,0,244,244,2,58,536,0,0
LPPT,2022-08-29,334,324,0,270,261,0,76,582,0,0
LPPT,2022-08-30,308,310,0,248,253,0,68,549,1,0
LPPT,2022-08-31,316,324,0,266,269,0,63,575,2,0
LPPT,2022-09-01,310,317,0,255,261,4,58,564,1,0
LPPT,2022-09-02,322,323,0,259,261,0,61,584,0,0
LPPT,2022-09-03,334,329,0,274,267,0,69,592,2,0
LPPT,2022-09-04,324,332,0,266,271,0,60,596,0,0
LPPT,2022-09-05,334,319,0,269,256,0,60,593,0,0
LPPT,2022-09-06,298,298,0,237,246,2,62,532,0,0
LPPT,2022-09-07,315,322,0,260,261,2,56,577,2,0
LPPT,2022-09-08,306,308,0,251,255,0,57,557,0,0
LPPT,2022-09-09,330,330,0,271,267,1,61,596,2,0
LPPT,2022-09-10,323,318,0,264,259,0,68,570,3,0
LPPT,2022-09-11,326,328,0,266,268,1,59,592,2,0
LPPT,2022-09-12,330,318,0,267,258,1,64,578,5,0
LPPT,2022-09-13,305,303,0,250,250,0,61,541,6,0
LPPT,2022-09-14,299,314,0,250,258,0,57,550,6,0
LPPT,2022-09-15,313,308,0,256,254,2,59,556,4,0
LPPT,2022-09-16,293,298,0,232,236,2,63,526,0,0
LPPT,2022-09-17,316,315,0,255,254,2,70,557,2,0
LPPT,2022-09-18,319,322,0,265,265,0,59,579,3,0
LPPT,2022-09-19,319,303,0,257,246,0,61,560,1,0
LPPT,2022-09-20,295,305,0,243,249,2,65,533,0,0
LPPT,2022-09-21,299,302,0,247,250,0,60,541,0,0
LPPT,2022-09-22,304,305,0,245,249,0,61,546,2,0
LPPT,2022-09-23,314,315,0,258,257,2,58,567,2,0
LPPT,2022-09-24,308,310,0,250,253,3,68,545,2,0
LPPT,2022-09-25,314,319,0,257,262,2,64,563,4,0
LPPT,2022-09-26,315,303,0,253,244,0,62,554,2,0
LPPT,2022-09-27,298,292,0,245,245,1,59,528,2,0
LPPT,2022-09-28,313,323,0,259,265,4,57,572,3,0
LPPT,2022-09-29,297,304,0,243,248,2,58,540,1,0
LPPT,2022-09-30,332,332,0,271,270,0,59,605,0,0
LPPT,2022-10-01,315,311,0,256,254,0,64,562,0,0
LPPT,2022-10-02,310,314,0,255,258,0,57,567,0,0
LPPT,2022-10-03,327,308,0,263,250,0,58,577,0,0
LPPT,2022-10-04,288,295,0,239,249,0,55,524,4,0
LPPT,2022-10-05,306,307,0,259,258,0,55,555,3,0
LPPT,2022-10-06,301,308,0,247,250,0,55,552,2,0
LPPT,2022-10-07,317,318,0,259,259,4,58,572,1,0
LPPT,2022-10-08,313,315,0,255,258,2,66,560,0,0
LPPT,2022-10-09,316,318,0,263,261,0,53,578,3,0
LPPT,2022-10-10,325,303,0,263,246,2,59,562,5,0
LPPT,2022-10-11,284,291,0,231,242,0,55,520,0,0
LPPT,2022-10-12,306,308,0,255,257,0,55,557,2,0
LPPT,2022-10-13,305,310,0,251,256,2,52,559,2,0
LPPT,2022-10-14,322,326,0,264,264,0,60,584,4,0
LPPT,2022-10-15,311,309,0,255,254,0,61,555,4,0
LPPT,2022-10-16,309,314,0,256,260,0,56,565,2,0
LPPT,2022-10-17,310,293,0,252,238,0,58,543,2,0
LPPT,2022-10-18,263,265,0,214,221,0,52,472,4,0
LPPT,2022-10-19,277,285,0,232,234,0,58,503,1,0
LPPT,2022-10-20,284,289,0,236,238,0,53,517,3,0
LPPT,2022-10-21,304,296,0,244,239,2,62,536,0,0
LPPT,2022-10-22,298,297,0,242,243,2,63,527,3,0
LPPT,2022-10-23,291,301,0,240,245,2,52,537,1,0
LPPT,2022-10-24,304,290,0,244,235,1,60,533,0,0
LPPT,2022-10-25,276,276,0,227,228,0,62,487,3,0
LPPT,2022-10-26,298,303,0,250,251,0,53,548,0,0
LPPT,2022-10-27,296,299,0,247,249,0,51,541,3,0
LPPT,2022-10-28,312,315,0,257,257,0,63,558,6,0
LPPT,2022-10-29,306,308,0,250,251,0,62,550,2,0
LPPT,2022-10-30,290,292,0,243,245,0,45,537,0,0
LPPT,2022-10-31,310,293,0,256,243,2,53,548,0,0
LPPT,2022-11-01,265,263,0,221,219,0,47,479,2,0
LPPT,2022-11-02,271,282,0,225,238,0,47,504,2,0
LPPT,2022-11-03,284,286,0,239,241,0,48,520,2,0
LPPT,2022-11-04,311,317,0,261,262,2,56,569,1,0
LPPT,2022-11-05,292,293,0,238,236,0,57,524,4,0
LPPT,2022-11-06,294,291,0,245,244,0,43,535,7,0
LPPT,2022-11-07,299,290,0,249,242,2,47,539,1,0
LPPT,2022-11-08,266,262,0,225,219,0,46,480,2,0
LPPT,2022-11-09,254,263,0,210,218,0,46,470,1,0
LPPT,2022-11-10,282,283,0,236,235,0,48,517,0,0
LPPT,2022-11-11,303,308,0,255,258,2,51,558,0,0
LPPT,2022-11-12,279,283,0,232,234,0,52,510,0,0
LPPT,2022-11-13,291,285,0,244,238,0,43,533,0,0
LPPT,2022-11-14,307,293,0,259,250,0,44,556,0,0
LPPT,2022-11-15,262,259,0,221,217,0,45,474,2,0
LPPT,2022-11-16,249,263,0,203,218,0,51,460,1,0
LPPT,2022-11-17,266,269,0,221,222,0,48,487,0,0
LPPT,2022-11-18,305,313,0,255,260,0,54,559,5,0
LPPT,2022-11-19,279,275,0,228,223,0,55,496,3,0
LPPT,2022-11-20,288,289,0,241,239,2,46,529,0,0
LPPT,2022-11-21,296,279,0,243,232,0,47,527,1,0
LPPT,2022-11-22,240,244,0,200,200,0,45,439,0,0
LPPT,2022-11-23,252,256,0,205,214,0,45,463,0,0
LPPT,2022-11-24,263,270,0,221,224,0,47,485,1,0
LPPT,2022-11-25,306,307,0,256,257,0,48,562,3,0
LPPT,2022-11-26,271,278,0,219,225,0,50,499,0,0
LPPT,2022-11-27,301,293,0,250,242,0,44,550,0,0
LPPT,2022-11-28,298,285,0,245,237,0,47,536,0,0
LPPT,2022-11-29,240,238,0,201,198,0,44,432,2,0
LPPT,2022-11-30,248,259,0,205,215,0,44,459,4,0
LPPT,2022-12-01,266,267,0,221,222,0,44,488,1,0
LPPT,2022-12-02,299,303,0,250,254,2,52,545,3,0
LPPT,2022-12-03,271,270,0,220,220,0,53,488,0,0
LPPT,2022-12-04,273,276,0,222,228,0,44,504,1,0
LPPT,2022-12-05,315,294,0,265,247,0,46,560,3,0
LPPT,2022-12-06,245,248,0,207,208,0,48,444,1,0
LPPT,2022-12-07,252,266,0,211,225,0,42,471,5,0
LPPT,2022-12-08,239,191,0,200,174,0,44,384,2,0
LPPT,2022-12-09,207,205,0,183,182,0,39,373,0,0
LPPT,2022-12-10,242,285,0,214,232,0,46,481,0,0
LPPT,2022-12-11,261,275,0,223,229,0,41,495,0,0
LPPT,2022-12-12,299,276,0,241,225,0,54,520,1,0
LPPT,2022-12-13,262,259,0,222,220,0,47,470,4,0
LPPT,2022-12-14,256,266,0,214,222,0,46,474,2,0
LPPT,2022-12-15,270,270,0,224,224,0,48,489,3,0
LPPT,2022-12-16,301,314,0,251,261,0,53,558,4,0
LPPT,2022-12-17,292,289,0,238,234,0,59,520,2,0
LPPT,2022-12-18,298,299,0,245,245,0,51,546,0,0
LPPT,2022-12-19,305,299,0,248,246,0,53,551,0,0
LPPT,2022-12-20,286,274,0,244,230,0,53,507,0,0
LPPT,2022-12-21,270,285,0,223,237,0,49,506,0,0
LPPT,2022-12-22,297,289,0,249,242,0,47,536,3,0
LPPT,2022-12-23,314,319,0,265,269,0,53,577,3,0
LPPT,2022-12-24,258,258,0,205,210,3,53,459,1,0
LPPT,2022-12-25,246,242,0,201,195,1,41,443,3,0
LPPT,2022-12-26,299,292,0,247,240,0,60,529,2,0
LPPT,2022-12-27,280,281,0,234,234,0,53,508,0,0
LPPT,2022-12-28,268,275,0,219,228,0,49,494,0,0
LPPT,2022-12-29,291,290,0,246,244,0,48,533,0,0
LPPT,2022-12-30,312,311,0,260,258,2,59,562,0,0
LPPT,2022-12-31,270,269,0,219,221,0,51,488,0,0
LPPT,2023-01-01,291,299,0,243,248,1,54,534,1,0
LPPT,2023-01-02,326,312,0,272,259,1,59,575,3,0
LPPT,2023-01-03,289,290,0,242,240,2,66,511,0,0
LPPT,2023-01-04,282,294,0,232,244,0,51,522,3,0
LPPT,2023-01-05,290,288,0,240,240,0,54,523,1,0
LPPT,2023-01-06,316,318,0,265,269,0,56,578,0,0
LPPT,2023-01-07,297,305,0,243,251,2,60,540,0,0
LPPT,2023-01-08,308,301,0,256,248,2,53,554,0,0
LPPT,2023-01-09,307,291,0,252,241,2,59,537,0,0
LPPT,2023-01-10,256,259,0,214,214,0,55,455,5,0
LPPT,2023-01-11,244,250,0,196,207,2,47,444,1,0
LPPT,2023-01-12,262,267,0,217,218,0,54,474,1,0
LPPT,2023-01-13,296,295,0,245,247,0,54,536,1,0
LPPT,2023-01-14,274,276,0,224,226,2,53,495,0,0
LPPT,2023-01-15,283,280,0,234,234,0,46,517,0,0
LPPT,2023-01-16,280,268,0,231,219,0,49,499,0,0
LPPT,2023-01-17,242,242,0,200,200,0,48,435,1,0
LPPT,2023-01-18,232,244,0,190,200,0,43,431,2,0
LPPT,2023-01-19,250,251,0,205,204,0,47,453,1,0
LPPT,2023-01-20,289,289,0,242,241,0,50,528,0,0
LPPT,2023-01-21,273,275,0,223,222,2,48,498,0,0
LPPT,2023-01-22,273,280,0,228,231,0,44,507,2,0
LPPT,2023-01-23,287,263,0,232,214,3,48,498,1,0
LPPT,2023-01-24,235,234,0,195,193,1,48,417,3,0
LPPT,2023-01-25,236,253,0,188,206,0,48,439,2,0
LPPT,2023-01-26,260,259,0,214,212,0,44,474,1,0
LPPT,2023-01-27,290,292,0,241,241,0,51,530,1,0
LPPT,2023-01-28,271,272,0,219,221,0,53,489,1,0
LPPT,2023-01-29,282,283,0,234,234,0,47,513,5,0
LPPT,2023-01-30,284,269,0,232,221,2,49,502,0,0
LPPT,2023-01-31,243,242,0,202,200,0,50,431,4,0
LPPT,2023-02-01,236,248,0,192,204,0,45,439,0,0
LPPT,2023-02-02,255,262,0,210,215,0,47,468,2,0
LPPT,2023-02-03,295,293,0,245,245,1,50,535,2,0
LPPT,2023-02-04,276,277,0,224,225,2,52,497,2,0
LPPT,2023-02-05,282,281,0,236,233,0,44,519,0,0
LPPT,2023-02-06,293,278,0,240,227,0,51,520,0,0
LPPT,2023-02-07,236,239,0,199,201,0,44,431,0,0
LPPT,2023-02-08,254,262,0,209,213,0,49,465,2,0
LPPT,2023-02-09,267,271,0,223,223,0,50,488,0,0
LPPT,2023-02-10,298,295,0,249,250,0,48,545,0,0
LPPT,2023-02-11,277,281,0,228,231,0,57,501,0,0
LPPT,2023-02-12,294,292,0,246,243,0,49,535,2,0
LPPT,2023-02-13,312,295,0,259,246,0,52,555,0,0
LPPT,2023-02-14,266,268,0,227,226,0,46,486,2,0
LPPT,2023-02-15,268,273,0,221,227,0,46,495,0,0
LPPT,2023-02-16,275,277,0,231,234,2,48,502,0,0
LPPT,2023-02-17,305,308,0,257,260,0,52,560,1,0
LPPT,2023-02-18,293,302,0,247,252,0,54,540,1,0
LPPT,2023-02-19,303,298,0,254,251,2,52,545,2,0
LPPT,2023-02-20,312,299,0,259,247,0,50,561,0,0
LPPT,2023-02-21,271,271,0,229,230,0,46,496,0,0
LPPT,2023-02-22,273,279,0,228,235,0,45,506,1,0
LPPT,2023-02-23,289,292,0,244,242,0,47,534,0,0
LPPT,2023-02-24,317,318,0,269,271,2,52,579,2,0
LPPT,2023-02-25,295,300,0,248,251,0,51,541,3,0
LPPT,2023-02-26,300,300,0,251,248,0,52,545,3,0
LPPT,2023-02-27,312,294,0,259,243,2,52,551,1,0
LPPT,2023-02-28,274,274,0,230,230,3,50,495,0,0
LPPT,2023-03-01,268,282,0,223,240,0,48,502,0,0
LPPT,2023-03-02,291,289,0,244,239,4,47,527,2,0
LPPT,2023-03-03,318,318,0,265,270,2,50,584,0,0
LPPT,2023-03-04,283,292,0,235,239,0,50,525,0,0
LPPT,2023-03-05,292,293,0,243,246,1,46,538,0,0
LPPT,2023-03-06,320,300,0,268,249,0,50,569,1,0
LPPT,2023-03-07,266,260,0,224,219,0,49,474,3,0
LPPT,2023-03-08,267,281,0,222,238,0,48,493,7,0
LPPT,2023-03-09,283,283,0,239,236,0,49,516,1,0
LPPT,2023-03-10,302,308,0,251,259,0,52,558,0,0
LPPT,2023-03-11,284,284,0,233,233,0,54,514,0,0
LPPT,2023-03-12,295,296,0,245,244,2,51,538,0,0
LPPT,2023-03-13,317,296,0,265,247,0,53,560,0,0
LPPT,2023-03-14,272,274,0,232,234,2,47,497,0,0
LPPT,2023-03-15,268,276,0,224,232,0,50,494,0,0
LPPT,2023-03-16,285,286,0,243,241,0,45,525,1,0
LPPT,2023-03-17,312,320,0,262,269,2,51,576,3,0
LPPT,2023-03-18,301,296,0,250,247,0,53,543,1,0
LPPT,2023-03-19,307,313,0,259,262,0,48,567,5,0
LPPT,2023-03-20,306,290,0,255,242,0,51,545,0,0
LPPT,2023-03-21,272,270,0,231,228,0,48,494,0,0
LPPT,2023-03-22,265,280,0,222,236,2,44,499,0,0
LPPT,2023-03-23,280,279,0,232,233,0,48,511,0,0
LPPT,2023-03-24,310,313,0,260,262,1,54,567,1,0
LPPT,2023-03-25,294,294,0,246,246,0,52,532,4,0
LPPT,2023-03-26,307,309,0,257,259,0,51,563,2,0
LPPT,2023-03-27,294,275,0,242,227,1,59,508,1,0
LPPT,2023-03-28,284,282,0,237,236,2,51,508,5,0
LPPT,2023-03-29,288,299,0,240,248,0,57,529,1,0
LPPT,2023-03-30,303,307,0,253,255,0,60,550,0,0
LPPT,2023-03-31,314,316,0,261,259,0,61,568,1,0
LPPT,2023-04-01,304,303,0,249,249,0,62,542,3,0
LPPT,2023-04-02,299,301,0,247,247,2,65,533,0,0
LPPT,2023-04-03,297,281,0,241,226,2,65,510,1,0
LPPT,2023-04-04,286,287,0,235,240,0,59,511,3,0
LPPT,2023-04-05,304,311,0,255,257,2,60,551,2,0
LPPT,2023-04-06,308,308,0,257,260,2,60,554,0,0
LPPT,2023-04-07,311,318,0,260,261,2,60,565,2,0
LPPT,2023-04-08,320,319,0,261,264,2,66,571,0,0
LPPT,2023-04-09,325,326,0,274,272,0,61,590,0,0
LPPT,2023-04-10,325,308,0,265,249,2,65,562,4,0
LPPT,2023-04-11,294,294,0,245,247,0,64,522,2,0
LPPT,2023-04-12,303,315,0,256,265,0,64,554,0,0
LPPT,2023-04-13,300,299,0,248,249,0,60,539,0,0
LPPT,2023-04-14,315,321,0,263,266,2,62,572,0,0
LPPT,2023-04-15,323,321,0,267,265,0,64,579,1,0
LPPT,2023-04-16,327,328,0,271,269,0,64,590,1,0
LPPT,2023-04-17,324,308,0,267,253,0,70,561,1,0
LPPT,2023-04-18,295,297,0,241,249,0,61,530,1,0
LPPT,2023-04-19,316,321,0,265,267,2,63,570,2,0
LPPT,2023-04-20,310,314,0,258,265,0,64,556,4,0
LPPT,2023-04-21,318,321,0,266,266,0,61,576,2,0
LPPT,2023-04-22,316,320,0,263,266,0,64,570,2,0
LPPT,2023-04-23,327,320,0,275,268,0,59,588,0,0
LPPT,2023-04-24,320,307,0,259,250,2,63,559,3,0
LPPT,2023-04-25,296,299,0,246,252,0,59,534,2,0
LPPT,2023-04-26,314,320,0,265,267,0,57,576,1,0
LPPT,2023-04-27,312,317,0,258,266,5,61,563,0,0
LPPT,2023-04-28,314,320,0,262,265,3,58,573,0,0
LPPT,2023-04-29,308,307,0,257,256,0,57,557,1,0
LPPT,2023-04-30,333,329,0,281,270,4,61,594,3,0
LPPT,2023-05-01,306,292,0,250,234,0,67,531,0,0
LPPT,2023-05-02,290,293,0,240,242,0,64,519,0,0
LPPT,2023-05-03,312,318,0,262,266,0,55,573,2,0
LPPT,2023-05-04,317,318,0,264,267,0,61,574,0,0
LPPT,2023-05-05,317,326,0,264,270,1,57,583,2,0
LPPT,2023-05-06,326,326,0,270,268,0,61,591,0,0
LPPT,2023-05-07,335,331,0,281,275,5,61,600,0,0
LPPT,2023-05-08,326,310,0,266,251,4,65,562,5,0
LPPT,2023-05-09,293,300,0,239,253,2,62,528,1,0
LPPT,2023-05-10,307,309,0,259,258,0,57,559,0,0
LPPT,2023-05-11,308,312,0,252,259,0,64,556,0,0
LPPT,2023-05-12,322,328,0,269,271,0,63,585,2,0
LPPT,2023-05-13,318,320,0,262,264,2,63,573,0,0
LPPT,2023-05-14,330,328,0,278,274,2,62,592,2,0
LPPT,2023-05-15,321,306,0,259,246,2,66,559,0,0
LPPT,2023-05-16,295,299,0,241,249,0,63,531,0,0
LPPT,2023-05-17,316,317,0,265,265,0,59,572,2,0
LPPT,2023-05-18,325,327,0,267,275,1,61,590,0,0
LPPT,2023-05-19,311,316,0,259,259,0,61,565,1,0
LPPT,2023-05-20,326,327,0,268,269,3,67,582,1,0
LPPT,2023-05-21,332,333,0,280,276,0,63,600,2,0
LPPT,2023-05-22,326,313,0,263,253,0,69,568,2,0
LPPT,2023-05-23,297,295,0,240,242,2,64,526,0,0
LPPT,2023-05-24,307,314,0,256,258,0,61,558,2,0
LPPT,2023-05-25,317,324,0,262,269,0,64,575,2,0
LPPT,2023-05-26,315,316,0,261,260,0,62,566,3,0
LPPT,2023-05-27,320,325,0,263,268,0,63,581,1,0
LPPT,2023-05-28,309,307,0,258,254,0,61,555,0,0
LPPT,2023-05-29,326,310,0,265,250,0,69,561,6,0
LPPT,2023-05-30,282,280,0,226,228,0,66,494,2,0
LPPT,2023-05-31,304,314,0,255,263,0,63,553,2,0
LPPT,2023-06-01,306,309,0,250,253,1,72,540,2,0
LPPT,2023-06-02,326,331,0,273,272,3,63,587,4,0
LPPT,2023-06-03,315,313,0,253,252,0,68,560,0,0
LPPT,2023-06-04,333,332,0,275,274,0,66,597,2,0
LPPT,2023-06-05,338,323,0,275,261,0,75,586,0,0
LPPT,2023-06-06,297,295,0,237,239,2,73,517,0,0
LPPT,2023-06-07,329,338,0,278,283,0,67,599,1,0
LPPT,2023-06-08,332,339,0,270,281,2,66,602,1,0
LPPT,2023-06-09,337,337,0,280,274,4,63,607,0,0
LPPT,2023-06-10,331,336,0,271,274,5,67,595,0,0
LPPT,2023-06-11,338,338,0,277,279,0,63,611,2,0
LPPT,2023-06-12,346,327,0,279,264,1,75,597,0,0
LPPT,2023-06-13,321,320,0,263,263,0,71,562,8,0
LPPT,2023-06-14,326,334,0,270,277,0,67,593,0,0
LPPT,2023-06-15,332,335,0,272,276,0,70,593,4,0
LPPT,2023-06-16,336,344,0,276,283,0,62,618,0,0
LPPT,2023-06-17,329,332,0,266,268,3,71,587,0,0
LPPT,2023-06-18,338,332,0,280,273,2,65,601,2,0
LPPT,2023-06-19,349,331,0,281,267,1,74,603,2,0
LPPT,2023-06-20,309,311,0,251,255,0,75,542,3,0
LPPT,2023-06-21,340,344,0,282,285,2,66,615,1,0
LPPT,2023-06-22,331,339,0,270,279,0,72,598,0,0
LPPT,2023-06-23,334,338,0,273,274,0,64,604,4,0
LPPT,2023-06-24,335,337,0,275,276,2,70,600,0,0
LPPT,2023-06-25,335,330,0,276,268,0,69,596,0,0
LPPT,2023-06-26,343,333,0,278,269,3,73,600,0,0
LPPT,2023-06-27,324,321,0,264,267,2,72,571,0,0
LPPT,2023-06-28,331,338,0,273,276,0,70,597,2,0
LPPT,2023-06-29,327,331,0,267,271,2,75,581,0,0
LPPT,2023-06-30,332,341,0,272,278,4,67,602,0,0
LPPT,2023-07-01,341,339,0,278,275,2,74,604,0,0
LPPT,2023-07-02,344,343,0,280,278,0,71,616,0,0
LPPT,2023-07-03,351,337,0,283,272,2,75,611,0,0
LPPT,2023-07-04,326,333,0,265,275,3,70,582,4,0
LPPT,2023-07-05,337,337,0,279,277,2,70,602,0,0
LPPT,2023-07-06,334,339,0,273,277,5,73,595,0,0
LPPT,2023-07-07,336,340,0,277,278,3,69,604,0,0
LPPT,2023-07-08,340,341,0,277,275,1,78,602,0,0
LPPT,2023-07-09,350,345,0,286,283,5,72,618,0,0
LPPT,2023-07-10,349,334,0,283,271,0,74,609,0,0
LPPT,2023-07-11,325,331,0,264,273,2,74,580,0,0
LPPT,2023-07-12,338,344,0,280,284,0,71,611,0,0
LPPT,2023-07-13,344,341,0,283,281,2,75,608,0,0
LPPT,2023-07-14,341,346,0,283,284,2,68,617,0,0
LPPT,2023-07-15,332,336,0,269,271,5,83,580,0,0
LPPT,2023-07-16,351,346,0,287,285,1,73,623,0,0
LPPT,2023-07-17,353,337,0,286,274,0,73,617,0,0
LPPT,2023-07-18,333,339,0,273,281,0,76,594,2,0
LPPT,2023-07-19,333,340,0,276,281,0,70,603,0,0
LPPT,2023-07-20,341,342,0,280,282,0,77,605,1,0
LPPT,2023-07-21,320,325,0,264,262,2,65,577,1,0
LPPT,2023-07-22,328,327,0,263,263,0,78,577,0,0
LPPT,2023-07-23,329,327,0,265,263,0,73,583,0,0
LPPT,2023-07-24,328,313,0,261,249,0,81,558,2,0
LPPT,2023-07-25,320,322,0,257,263,0,75,567,0,0
LPPT,2023-07-26,341,345,0,283,284,2,70,614,0,0
LPPT,2023-07-27,338,341,0,278,281,0,74,605,0,0
LPPT,2023-07-28,336,348,0,277,282,2,71,611,0,0
LPPT,2023-07-29,344,340,0,282,276,0,77,607,0,0
LPPT,2023-07-30,344,346,0,282,283,2,74,614,0,0
LPPT,2023-07-31,352,333,0,286,268,2,76,607,0,0
LPPT,2023-08-01,329,338,0,265,278,0,74,593,0,0
LPPT,2023-08-02,340,348,0,283,290,2,67,617,2,0
LPPT,2023-08-03,341,340,0,280,278,4,73,604,0,0
LPPT,2023-08-04,336,340,0,278,276,0,70,606,0,0
LPPT,2023-08-05,336,341,0,271,275,5,76,596,0,0
LPPT,2023-08-06,350,342,0,288,281,0,73,619,0,0
LPPT,2023-08-07,345,340,0,281,277,2,74,609,0,0
LPPT,2023-08-08,341,335,0,276,273,2,77,597,0,0
LPPT,2023-08-09,341,347,0,284,288,0,70,618,0,0
LPPT,2023-08-10,342,344,0,282,284,2,74,608,2,0
LPPT,2023-08-11,340,341,0,280,279,0,70,609,2,0
LPPT,2023-08-12,336,340,0,273,273,2,78,596,0,0
LPPT,2023-08-13,350,348,0,286,283,0,73,625,0,0
LPPT,2023-08-14,346,331,0,279,268,0,75,600,2,0
LPPT,2023-08-15,326,326,0,263,269,3,73,576,0,0
LPPT,2023-08-16,341,351,0,283,289,2,66,624,0,0
LPPT,2023-08-17,337,336,0,277,276,0,70,603,0,0
LPPT,2023-08-18,342,345,0,282,283,2,68,617,0,0
LPPT,2023-08-19,340,343,0,275,277,4,80,599,0,0
LPPT,2023-08-20,350,347,0,287,283,4,73,620,0,0
LPPT,2023-08-21,345,332,0,278,269,0,72,605,0,0
LPPT,2023-08-22,328,331,0,265,272,0,74,585,0,0
LPPT,2023-08-23,338,343,0,282,284,0,68,613,0,0
LPPT,2023-08-24,329,338,0,269,277,1,73,593,0,0
LPPT,2023-08-25,339,339,0,281,276,0,71,607,0,0
LPPT,2023-08-26,340,340,0,276,275,2,77,601,0,0
LPPT,2023-08-27,345,342,0,283,279,0,72,615,0,0
LPPT,2023-08-28,332,320,0,265,258,0,71,581,0,0
LPPT,2023-08-29,330,332,0,267,274,1,76,585,0,0
LPPT,2023-08-30,338,345,0,280,285,0,68,614,1,0
LPPT,2023-08-31,339,340,0,279,281,0,75,603,1,0
LPPT,2023-09-01,341,344,0,282,278,0,78,607,0,0
LPPT,2023-09-02,337,335,0,274,272,0,78,594,0,0
LPPT,2023-09-03,346,346,0,284,281,0,72,620,0,0
LPPT,2023-09-04,343,324,0,276,261,0,74,592,1,0
LPPT,2023-09-05,340,345,0,276,286,4,76,601,4,0
LPPT,2023-09-06,340,344,0,283,284,0,63,619,2,0
LPPT,2023-09-07,334,338,0,273,277,0,72,599,1,0
LPPT,2023-09-08,333,338,0,276,278,0,68,603,0,0
LPPT,2023-09-09,341,347,0,278,283,2,80,604,2,0
LPPT,2023-09-10,345,337,0,282,277,0,68,612,2,0
LPPT,2023-09-11,350,338,0,283,272,4,76,608,0,0
LPPT,2023-09-12,332,339,0,268,280,0,77,594,0,0
LPPT,2023-09-13,336,343,0,279,285,2,63,612,2,0
LPPT,2023-09-14,336,334,0,274,274,2,73,595,0,0
LPPT,2023-09-15,334,338,0,276,276,0,71,601,0,0
LPPT,2023-09-16,332,337,0,270,273,0,75,594,0,0
LPPT,2023-09-17,340,331,0,279,271,0,66,605,0,0
LPPT,2023-09-18,346,335,0,281,272,0,69,612,0,0
LPPT,2023-09-19,320,324,0,258,266,0,72,572,0,0
LPPT,2023-09-20,332,340,0,277,282,0,66,605,1,0
LPPT,2023-09-21,333,331,0,272,271,0,68,596,0,0
LPPT,2023-09-22,338,340,0,279,278,0,67,611,0,0
LPPT,2023-09-23,337,339,0,274,273,1,76,598,1,0
LPPT,2023-09-24,338,339,0,278,282,0,64,613,0,0
LPPT,2023-09-25,343,329,0,279,266,0,73,599,0,0
LPPT,2023-09-26,318,325,0,255,270,1,72,570,0,0
LPPT,2023-09-27,339,341,0,284,284,0,66,614,0,0
LPPT,2023-09-28,338,345,0,277,282,2,70,611,0,0
LPPT,2023-09-29,340,339,0,282,278,4,67,608,0,0
LPPT,2023-09-30,339,341,0,276,277,0,75,605,0,0
LPPT,2023-10-01,345,346,0,285,283,1,67,623,0,0
LPPT,2023-10-02,336,322,0,272,262,0,69,589,0,0
LPPT,2023-10-03,322,328,0,261,272,2,67,579,2,0
LPPT,2023-10-04,331,337,0,279,280,0,61,607,0,0
LPPT,2023-10-05,330,333,0,270,274,0,61,600,2,0
LPPT,2023-10-06,328,334,0,273,273,0,62,597,3,0
LPPT,2023-10-07,338,334,0,277,271,3,69,599,1,0
LPPT,2023-10-08,345,342,0,284,284,3,69,613,2,0
LPPT,2023-10-09,340,325,0,277,265,1,66,598,0,0
LPPT,2023-10-10,315,322,0,255,266,0,65,570,2,0
LPPT,2023-10-11,330,339,0,271,279,0,62,607,0,0
LPPT,2023-10-12,329,328,0,267,270,0,62,595,0,0
LPPT,2023-10-13,322,324,0,266,263,0,68,577,1,0
LPPT,2023-10-14,330,335,0,271,275,0,70,593,2,0
LPPT,2023-10-15,348,344,0,288,286,0,64,625,3,0
LPPT,2023-10-16,339,332,0,276,270,0,66,600,5,0
LPPT,2023-10-17,324,330,0,263,274,0,66,587,1,0
LPPT,2023-10-18,331,329,0,276,274,0,58,599,3,0
LPPT,2023-10-19,314,314,0,259,260,0,60,567,1,0
LPPT,2023-10-20,333,337,0,274,272,4,67,598,1,0
LPPT,2023-10-21,332,333,0,274,274,0,67,595,3,0
LPPT,2023-10-22,339,343,0,283,287,0,67,613,2,0
LPPT,2023-10-23,343,320,0,280,263,0,64,598,1,0
LPPT,2023-10-24,322,328,0,265,273,0,65,583,2,0
LPPT,2023-10-25,333,340,0,278,284,0,62,608,3,0
LPPT,2023-10-26,333,334,0,276,276,1,62,603,1,0
LPPT,2023-10-27,333,336,0,273,275,3,62,602,2,0
LPPT,2023-10-28,328,332,0,273,273,2,65,590,3,0
LPPT,2023-10-29,312,315,0,254,263,0,61,564,2,0
LPPT,2023-10-30,316,303,0,258,248,0,61,556,2,0
LPPT,2023-10-31,293,291,0,242,241,0,61,521,2,0
LPPT,2023-11-01,283,289,0,230,236,0,58,510,4,0
LPPT,2023-11-02,299,300,0,247,246,0,62,535,2,0
LPPT,2023-11-03,303,309,0,249,258,0,55,555,2,0
LPPT,2023-11-04,305,304,0,251,248,0,61,546,2,0
LPPT,2023-11-05,317,316,0,259,261,2,62,567,2,0
LPPT,2023-11-06,316,301,0,261,245,0,59,556,2,0
LPPT,2023-11-07,277,279,0,229,229,0,57,497,2,0
LPPT,2023-11-08,277,281,0,224,228,0,59,496,3,0
LPPT,2023-11-09,302,298,0,249,245,0,58,541,1,0
LPPT,2023-11-10,306,316,0,252,261,4,56,562,0,0
LPPT,2023-11-11,284,288,0,230,233,0,57,513,2,0
LPPT,2023-11-12,313,308,0,258,255,0,59,562,0,0
LPPT,2023-11-13,308,297,0,253,242,2,57,545,1,0
LPPT,2023-11-14,265,266,0,217,218,0,52,476,3,0
LPPT,2023-11-15,268,275,0,215,217,2,60,479,2,0
LPPT,2023-11-16,298,298,0,246,245,2,54,538,2,0
LPPT,2023-11-17,296,301,0,241,249,0,60,537,0,0
LPPT,2023-11-18,279,280,0,227,224,0,57,502,0,0
LPPT,2023-11-19,300,296,0,246,244,0,56,538,2,0
LPPT,2023-11-20,303,290,0,248,232,0,60,529,4,0
LPPT,2023-11-21,265,264,0,217,216,0,53,474,2,0
LPPT,2023-11-22,262,272,0,210,223,0,62,472,0,0
LPPT,2023-11-23,298,294,0,248,243,1,55,536,0,0
LPPT,2023-11-24,287,297,0,238,245,1,54,524,5,0
LPPT,2023-11-25,286,287,0,229,229,4,60,508,1,0
LPPT,2023-11-26,316,312,0,258,258,1,62,564,1,0
LPPT,2023-11-27,313,303,0,256,245,3,58,552,3,0
LPPT,2023-11-28,271,270,0,223,219,2,54,484,1,0
LPPT,2023-11-29,260,269,0,208,217,2,61,462,4,0
LPPT,2023-11-30,293,297,0,240,245,0,53,533,4,0
LPPT,2023-12-01,294,295,0,244,241,0,56,531,2,0
LPPT,2023-12-02,283,278,0,228,222,0,59,501,1,0
LPPT,2023-12-03,288,302,0,235,249,0,59,528,3,0
LPPT,2023-12-04,317,297,0,261,241,5,62,544,3,0
LPPT,2023-12-05,284,285,0,235,235,3,63,503,0,0
LPPT,2023-12-06,275,281,0,223,229,0,62,492,2,0
LPPT,2023-12-07,295,295,0,244,241,0,55,535,0,0
LPPT,2023-12-08,296,295,0,241,243,4,57,530,0,0
LPPT,2023-12-09,291,298,0,236,240,1,59,527,2,0
LPPT,2023-12-10,299,298,0,240,246,1,63,533,0,0
LPPT,2023-12-11,318,298,0,264,245,0,63,552,1,0
LPPT,2023-12-12,276,276,0,227,224,0,57,494,1,0
LPPT,2023-12-13,273,282,0,221,232,0,63,490,2,0
LPPT,2023-12-14,298,307,0,248,247,2,60,542,1,0
LPPT,2023-12-15,305,307,0,247,251,0,61,550,1,0
LPPT,2023-12-16,304,305,0,247,242,1,64,544,0,0
LPPT,2023-12-17,313,311,0,255,256,0,62,560,2,0
LPPT,2023-12-18,309,295,0,251,239,1,61,542,0,0
LPPT,2023-12-19,289,293,0,239,241,4,61,517,0,0
LPPT,2023-12-20,285,294,0,232,239,0,62,517,0,0
LPPT,2023-12-21,309,307,0,253,251,2,59,555,0,0
LPPT,2023-12-22,311,310,0,254,253,2,62,556,1,0
LPPT,2023-12-23,304,314,0,244,251,2,70,545,1,0
LPPT,2023-12-24,273,268,0,214,213,0,62,479,0,0
LPPT,2023-12-25,241,226,0,187,173,1,55,409,2,0
LPPT,2023-12-26,277,283,0,227,226,0,61,499,0,0
LPPT,2023-12-27,290,293,0,231,238,1,63,517,2,0
LPPT,2023-12-28,309,306,0,254,252,1,60,554,0,0
LPPT,2023-12-29,310,314,0,251,258,3,63,558,0,0
LPPT,2023-12-30,303,308,0,246,249,0,66,545,0,0
LPPT,2023-12-31,289,285,0,232,233,0,58,516,0,0
LPPT,2024-01-01,306,292,0,251,237,0,58,540,0,0
LPPT,2024-01-02,298,309,0,242,249,2,68,537,0,0
LPPT,2024-01-03,300,307,0,241,251,0,65,542,0,0
LPPT,2024-01-04,305,306,0,248,250,0,68,543,0,0
LPPT,2024-01-05,310,309,0,253,255,4,59,556,0,0
LPPT,2024-01-06,305,310,0,245,246,0,69,546,0,0
LPPT,2024-01-07,307,306,0,246,250,0,62,551,0,0
LPPT,2024-01-08,296,272,0,236,217,0,59,509,0,0
LPPT,2024-01-09,238,251,0,192,200,1,57,431,0,0
LPPT,2024-01-10,239,242,0,188,193,0,56,423,2,0
LPPT,2024-01-11,267,267,0,212,210,1,60,473,0,0
LPPT,2024-01-12,277,282,0,225,228,2,57,500,0,0
LPPT,2024-01-13,262,266,0,202,209,2,66,460,0,0
LPPT,2024-01-14,292,287,0,236,233,2,60,516,1,0
LPPT,2024-01-15,276,265,0,220,212,1,56,484,0,0
LPPT,2024-01-16,230,233,0,182,185,2,57,402,2,0
LPPT,2024-01-17,225,232,0,175,182,0,58,395,4,0
LPPT,2024-01-18,258,254,0,205,202,0,57,455,0,0
LPPT,2024-01-19,263,265,0,211,217,2,55,470,1,0
LPPT,2024-01-20,252,254,0,202,199,0,62,444,0,0
LPPT,2024-01-21,271,271,0,218,219,2,56,484,0,0
LPPT,2024-01-22,269,255,0,215,204,0,58,465,1,0
LPPT,2024-01-23,223,233,0,180,188,2,52,399,3,0
LPPT,2024-01-24,228,233,0,182,186,0,54,407,0,0
LPPT,2024-01-25,265,255,0,213,205,0,59,461,0,0
LPPT,2024-01-26,267,276,0,221,226,0,57,486,0,0
LPPT,2024-01-27,257,259,0,206,205,2,69,444,1,0
LPPT,2024-01-28,290,284,0,232,231,0,59,512,3,0
LPPT,2024-01-29,261,247,0,211,200,0,55,453,0,0
LPPT,2024-01-30,223,229,0,180,182,2,52,398,0,0
LPPT,2024-01-31,230,243,0,182,195,0,54,419,0,0
LPPT,2024-02-01,269,260,0,219,207,0,61,468,0,0
LPPT,2024-02-02,275,276,0,227,231,2,53,496,0,0
LPPT,2024-02-03,258,262,0,209,205,2,59,459,0,0
LPPT,2024-02-04,297,294,0,240,243,0,59,532,0,0
LPPT,2024-02-05,284,275,0,234,225,0,52,507,0,0
LPPT,2024-02-06,242,237,0,199,194,2,52,425,0,0
LPPT,2024-02-07,235,247,0,189,201,0,55,427,0,0
LPPT,2024-02-08,286,282,0,236,231,0,53,515,0,0
LPPT,2024-02-09,294,302,0,245,251,0,55,541,0,0
LPPT,2024-02-10,292,297,0,239,240,0,64,525,0,0
LPPT,2024-02-11,290,296,0,237,245,0,59,525,2,0
LPPT,2024-02-12,308,281,0,253,231,0,56,531,2,0
LPPT,2024-02-13,260,262,0,218,219,0,51,467,4,0
LPPT,2024-02-14,269,277,0,220,225,2,61,482,1,0
LPPT,2024-02-15,302,308,0,250,253,0,57,550,3,0
LPPT,2024-02-16,307,310,0,254,258,0,57,560,0,0
LPPT,2024-02-17,303,304,0,246,245,4,61,538,4,0
LPPT,2024-02-18,308,309,0,251,254,0,64,553,0,0
LPPT,2024-02-19,307,291,0,251,235,0,62,536,0,0
LPPT,2024-02-20,261,262,0,214,215,2,52,469,0,0
LPPT,2024-02-21,267,273,0,215,224,0,61,479,0,0
LPPT,2024-02-22,303,302,0,250,247,0,57,545,3,0
LPPT,2024-02-23,300,311,0,247,259,0,55,556,0,0
LPPT,2024-02-24,299,300,0,244,241,0,62,536,1,0
LPPT,2024-02-25,304,306,0,247,252,0,64,543,3,0
LPPT,2024-02-26,315,296,0,259,243,0,53,555,3,0
LPPT,2024-02-27,259,257,0,211,209,0,54,460,2,0
LPPT,2024-02-28,268,275,0,218,224,0,58,481,4,0
LPPT,2024-02-29,296,296,0,243,240,0,61,530,1,0
LPPT,2024-03-01,304,309,0,247,255,0,57,556,0,0
LPPT,2024-03-02,287,294,0,233,240,0,57,524,0,0
LPPT,2024-03-03,314,308,0,256,254,0,62,560,0,0
LPPT,2024-03-04,318,301,0,262,247,0,54,565,0,0
LPPT,2024-03-05,276,275,0,224,222,0,58,493,0,0
LPPT,2024-03-06,277,291,0,224,237,2,63,503,0,0
LPPT,2024-03-07,297,294,0,243,239,0,58,530,3,0
LPPT,2024-03-08,298,308,0,243,255,0,59,542,5,0
LPPT,2024-03-09,294,295,0,237,237,0,64,525,0,0
LPPT,2024-03-10,322,321,0,264,262,2,65,576,0,0
LPPT,2024-03-11,320,303,0,262,248,2,59,562,0,0
LPPT,2024-03-12,275,268,0,225,219,0,56,485,2,0
LPPT,2024-03-13,267,282,0,218,233,0,60,489,0,0
LPPT,2024-03-14,312,309,0,257,254,2,58,561,0,0
LPPT,2024-03-15,311,316,0,256,260,0,62,563,2,0
LPPT,2024-03-16,303,308,0,247,251,2,64,542,3,0
LPPT,2024-03-17,310,310,0,255,257,0,61,559,0,0
LPPT,2024-03-18,324,304,0,267,249,0,60,563,5,0
LPPT,2024-03-19,275,275,0,224,223,0,61,489,0,0
LPPT,2024-03-20,279,290,0,227,235,0,63,506,0,0
LPPT,2024-03-21,300,303,0,248,250,0,58,545,0,0
LPPT,2024-03-22,305,308,0,249,252,0,61,552,0,0
LPPT,2024-03-23,304,307,0,250,248,0,66,543,2,0
LPPT,2024-03-24,316,313,0,257,257,0,65,562,2,0
LPPT,2024-03-25,315,302,0,256,247,0,62,554,1,0
LPPT,2024-03-26,286,286,0,233,237,2,60,507,3,0
LPPT,2024-03-27,285,295,0,232,239,0,60,516,4,0
LPPT,2024-03-28,304,306,0,247,254,0,58,550,2,0
LPPT,2024-03-29,314,310,0,262,254,0,59,565,0,0
LPPT,2024-03-30,305,308,0,250,248,0,66,547,0,0
LPPT,2024-03-31,333,335,0,276,275,0,73,595,0,0
LPPT,2024-04-01,333,314,0,271,257,0,66,579,2,0
LPPT,2024-04-02,317,323,0,260,266,2,66,569,3,0
LPPT,2024-04-03,319,319,0,265,266,0,65,570,3,0
LPPT,2024-04-04,320,327,0,263,270,0,68,577,2,0
LPPT,2024-04-05,324,326,0,270,266,0,65,585,0,0
LPPT,2024-04-06,325,332,0,265,270,2,70,585,0,0
LPPT,2024-04-07,334,332,0,275,273,2,70,593,1,0
LPPT,2024-04-08,331,314,0,269,257,4,68,572,1,0
LPPT,2024-04-09,311,315,0,255,259,0,64,561,1,0
LPPT,2024-04-10,307,310,0,254,257,2,60,555,0,0
LPPT,2024-04-11,322,328,0,265,272,0,66,582,2,0
LPPT,2024-04-12,323,330,0,270,271,0,65,587,1,0
LPPT,2024-04-13,328,319,0,268,259,0,68,579,0,0
LPPT,2024-04-14,330,334,0,272,277,0,73,591,0,0
LPPT,2024-04-15,330,316,0,268,258,0,69,577,0,0
LPPT,2024-04-16,311,314,0,254,258,0,64,561,0,0
LPPT,2024-04-17,312,313,0,261,259,0,63,562,0,0
LPPT,2024-04-18,315,325,0,258,270,0,65,575,0,0
LPPT,2024-04-19,327,331,0,274,273,1,65,588,4,0
LPPT,2024-04-20,321,320,0,260,260,0,70,569,2,0
LPPT,2024-04-21,329,328,0,271,271,0,70,587,0,0
LPPT,2024-04-22,333,316,0,271,257,4,67,577,1,0
LPPT,2024-04-23,309,309,0,252,256,0,63,552,3,0
LPPT,2024-04-24,314,315,0,261,263,0,62,565,2,0
LPPT,2024-04-25,293,302,0,235,244,0,67,526,2,0
LPPT,2024-04-26,330,334,0,275,274,3,63,597,1,0
LPPT,2024-04-27,330,329,0,270,266,1,70,587,1,0
LPPT,2024-04-28,330,336,0,273,276,0,74,592,0,0
LPPT,2024-04-29,330,312,0,268,257,0,70,571,1,0
LPPT,2024-04-30,313,315,0,257,260,0,66,561,1,0
LPPT,2024-05-01,314,318,0,264,264,0,63,569,0,0
LPPT,2024-05-02,320,324,0,259,264,2,69,571,2,0
LPPT,2024-05-03,329,332,0,274,273,0,67,594,0,0
LPPT,2024-05-04,339,340,0,276,274,3,76,598,2,0
LPPT,2024-05-05,331,332,0,274,273,0,74,585,4,0
LPPT,2024-05-06,333,318,0,264,258,2,70,579,0,0
LPPT,2024-05-07,322,319,0,259,262,0,70,571,0,0
LPPT,2024-05-08,317,323,0,263,268,1,66,573,0,0
LPPT,2024-05-09,330,333,0,274,275,3,63,594,3,0
LPPT,2024-05-10,330,341,0,273,279,4,67,598,2,0
LPPT,2024-05-11,341,339,0,278,276,4,72,603,1,0
LPPT,2024-05-12,334,333,0,278,274,0,72,594,1,0
LPPT,2024-05-13,330,317,0,266,258,0,69,575,3,0
LPPT,2024-05-14,312,307,0,253,255,1,62,556,0,0
LPPT,2024-05-15,320,327,0,267,272,0,64,581,2,0
LPPT,2024-05-16,321,327,0,262,268,0,70,578,0,0
LPPT,2024-05-17,317,325,0,266,268,0,63,579,0,0
LPPT,2024-05-18,327,321,0,263,259,1,77,570,0,0
LPPT,2024-05-19,322,326,0,267,268,0,68,580,0,0
LPPT,2024-05-20,339,318,0,274,260,2,68,587,0,0
LPPT,2024-05-21,315,316,0,256,260,3,67,561,0,0
LPPT,2024-05-22,318,324,0,264,268,4,63,575,0,0
LPPT,2024-05-23,331,339,0,269,278,5,67,598,0,0
LPPT,2024-05-24,335,333,0,278,272,3,64,601,0,0
LPPT,2024-05-25,325,326,0,261,266,0,73,578,0,0
LPPT,2024-05-26,329,328,0,272,267,1,68,588,0,0
LPPT,2024-05-27,332,321,0,266,259,3,74,576,0,0
LPPT,2024-05-28,319,315,0,261,260,16,68,547,3,0
LPPT,2024-05-29,320,328,0,269,273,1,64,583,0,0
LPPT,2024-05-30,330,335,0,272,277,0,63,599,3,0
LPPT,2024-05-31,337,340,0,282,277,4,66,599,8,0
LPPT,2024-06-01,336,345,0,268,279,3,76,600,2,0
LPPT,2024-06-02,337,334,0,278,276,0,68,603,0,0
LPPT,2024-06-03,335,323,0,266,257,0,70,588,0,0
LPPT,2024-06-04,324,323,0,260,262,0,69,576,2,0
LPPT,2024-06-05,327,330,0,266,268,0,71,586,0,0
LPPT,2024-06-06,331,337,0,268,272,0,72,596,0,0
LPPT,2024-06-07,329,334,0,269,271,0,68,595,0,0
LPPT,2024-06-08,339,337,0,272,269,0,72,603,1,0
LPPT,2024-06-09,329,328,0,267,266,0,68,588,1,0
LPPT,2024-06-10,334,326,0,265,256,2,74,584,0,0
LPPT,2024-06-11,325,323,0,261,263,0,71,577,0,0
LPPT,2024-06-12,327,331,0,266,271,0,72,586,0,0
LPPT,2024-06-13,330,335,0,268,273,0,72,593,0,0
LPPT,2024-06-14,342,345,0,281,280,4,70,613,0,0
LPPT,2024-06-15,339,340,0,272,273,0,72,607,0,0
LPPT,2024-06-16,339,335,0,278,272,0,70,603,1,0
LPPT,2024-06-17,344,333,0,271,264,0,79,597,1,0
LPPT,2024-06-18,322,325,0,260,264,0,72,575,0,0
LPPT,2024-06-19,331,334,0,270,272,0,70,588,7,0
LPPT,2024-06-20,337,338,0,274,275,2,75,597,1,0
LPPT,2024-06-21,333,339,0,272,274,2,70,600,0,0
LPPT,2024-06-22,342,343,0,276,278,0,74,611,0,0
LPPT,2024-06-23,336,332,0,275,270,3,74,591,0,0
LPPT,2024-06-24,343,331,0,272,263,0,77,597,0,0
LPPT,2024-06-25,324,334,0,259,272,1,75,582,0,0
LPPT,2024-06-26,325,325,0,262,261,0,71,575,4,0
LPPT,2024-06-27,332,338,0,269,276,2,78,590,0,0
LPPT,2024-06-28,335,332,0,274,266,0,74,593,0,0
LPPT,2024-06-29,330,333,0,259,265,2,80,581,0,0
LPPT,2024-06-30,331,331,0,271,265,2,74,586,0,0
LPPT,2024-07-01,343,327,0,274,262,0,71,598,1,0
LPPT,2024-07-02,338,343,0,272,275,0,77,603,1,0
LPPT,2024-07-03,338,347,0,275,283,0,72,613,0,0
LPPT,2024-07-04,349,345,0,283,282,0,77,617,0,0
LPPT,2024-07-05,337,345,0,274,275,0,76,606,0,0
LPPT,2024-07-06,340,339,0,270,272,0,78,601,0,0
LPPT,2024-07-07,334,336,0,274,274,0,69,601,0,0
LPPT,2024-07-08,345,328,0,273,260,0,75,598,0,0
LPPT,2024-07-09,334,339,0,267,270,0,79,594,0,0
LPPT,2024-07-10,337,344,0,271,278,0,73,608,0,0
LPPT,2024-07-11,334,330,0,268,269,0,78,586,0,0
LPPT,2024-07-12,336,343,0,275,275,1,74,604,0,0
LPPT,2024-07-13,343,341,0,272,270,1,79,604,0,0
LPPT,2024-07-14,338,340,0,273,274,0,71,603,4,0
LPPT,2024-07-15,341,330,0,270,261,1,74,596,0,0
LPPT,2024-07-16,337,335,0,269,270,1,73,598,0,0
LPPT,2024-07-17,334,341,0,272,275,0,72,603,0,0
LPPT,2024-07-18,340,338,0,276,275,0,79,599,0,0
LPPT,2024-07-19,324,337,0,259,266,2,72,587,0,0
LPPT,2024-07-20,349,340,0,279,272,0,78,611,0,0
LPPT,2024-07-21,339,342,0,277,280,4,70,607,0,0
LPPT,2024-07-22,347,335,0,274,266,2,76,604,0,0
LPPT,2024-07-23,336,337,0,267,271,0,75,598,0,0
LPPT,2024-07-24,339,343,0,275,276,0,76,606,0,0
LPPT,2024-07-25,337,341,0,271,279,2,77,599,0,0
LPPT,2024-07-26,331,331,0,267,260,2,77,583,0,0
LPPT,2024-07-27,345,345,0,275,276,5,77,608,0,0
LPPT,2024-07-28,342,343,0,279,279,1,71,613,0,0
LPPT,2024-07-29,348,336,0,276,267,2,77,605,0,0
LPPT,2024-07-30,340,340,0,269,270,0,76,602,2,0
LPPT,2024-07-31,336,344,0,272,276,1,75,604,0,0
LPPT,2024-08-01,331,332,0,268,272,0,77,584,2,0
LPPT,2024-08-02,340,341,0,273,272,1,75,603,2,0
LPPT,2024-08-03,344,346,0,275,276,0,81,607,2,0
LPPT,2024-08-04,343,343,0,280,279,0,74,612,0,0
LPPT,2024-08-05,352,335,0,279,266,4,80,601,2,0
LPPT,2024-08-06,331,336,0,260,268,0,80,585,2,0
LPPT,2024-08-07,336,345,0,272,279,0,74,607,0,0
LPPT,2024-08-08,344,345,0,275,277,0,83,606,0,0
LPPT,2024-08-09,341,347,0,277,277,0,76,612,0,0
LPPT,2024-08-10,341,342,0,275,276,1,78,604,0,0
LPPT,2024-08-11,349,346,0,284,281,0,74,621,0,0
LPPT,2024-08-12,345,333,0,272,264,1,78,599,0,0
LPPT,2024-08-13,337,336,0,267,268,3,79,589,2,0
LPPT,2024-08-14,339,347,0,275,280,2,79,605,0,0
LPPT,2024-08-15,316,318,0,252,255,2,78,554,0,0
LPPT,2024-08-16,331,338,0,265,268,6,76,587,0,0
LPPT,2024-08-17,334,324,0,267,259,0,79,574,5,0
LPPT,2024-08-18,334,339,0,270,273,0,75,597,1,0
LPPT,2024-08-19,354,342,0,281,271,4,82,610,0,0
LPPT,2024-08-20,334,339,0,264,272,4,82,587,0,0
LPPT,2024-08-21,342,344,0,277,278,1,77,608,0,0
LPPT,2024-08-22,344,345,0,276,277,1,81,606,1,0
LPPT,2024-08-23,341,347,0,276,276,2,76,609,1,0
LPPT,2024-08-24,346,348,0,276,281,0,79,615,0,0
LPPT,2024-08-25,344,341,0,281,276,0,76,609,0,0
LPPT,2024-08-26,349,335,0,276,267,0,79,605,0,0
LPPT,2024-08-27,335,338,0,266,273,1,77,595,0,0
LPPT,2024-08-28,338,342,0,274,275,0,74,605,1,0
LPPT,2024-08-29,346,343,0,276,279,2,78,609,0,0
LPPT,2024-08-30,338,346,0,279,276,1,75,608,0,0
LPPT,2024-08-31,340,340,0,268,275,0,78,601,1,0
LPPT,2024-09-01,343,346,0,280,279,0,79,608,2,0
LPPT,2024-09-02,346,334,0,274,265,0,82,596,2,0
LPPT,2024-09-03,335,338,0,266,269,0,85,588,0,0
LPPT,2024-09-04,334,340,0,270,275,1,76,597,0,0
LPPT,2024-09-05,340,341,0,272,273,0,81,600,0,0
LPPT,2024-09-06,344,347,0,280,280,0,76,615,0,0
LPPT,2024-09-07,339,339,0,269,269,0,84,594,0,0
LPPT,2024-09-08,338,333,0,276,270,0,73,598,0,0
LPPT,2024-09-09,350,333,0,277,266,0,82,599,2,0
LPPT,2024-09-10,330,332,0,260,262,0,82,578,2,0
LPPT,2024-09-11,331,346,0,267,277,0,81,593,3,0
LPPT,2024-09-12,339,340,0,273,276,0,76,602,1,0
LPPT,2024-09-13,341,340,0,275,272,2,77,602,0,0
LPPT,2024-09-14,338,347,0,270,275,1,79,603,2,0
LPPT,2024-09-15,348,340,0,280,277,1,76,611,0,0
LPPT,2024-09-16,335,326,0,267,258,0,76,585,0,0
LPPT,2024-09-17,334,335,0,260,269,0,81,588,0,0
LPPT,2024-09-18,342,344,0,281,279,2,80,604,0,0
LPPT,2024-09-19,343,347,0,275,280,2,81,607,0,0
LPPT,2024-09-20,336,337,0,274,271,0,77,596,0,0
LPPT,2024-09-21,352,353,0,286,285,2,79,624,0,0
LPPT,2024-09-22,345,347,0,280,282,2,70,616,4,0
LPPT,2024-09-23,343,323,0,272,256,0,75,587,4,0
LPPT,2024-09-24,333,341,0,267,274,0,81,589,4,0
LPPT,2024-09-25,342,346,0,279,284,0,73,614,1,0
LPPT,2024-09-26,342,343,0,274,278,2,83,597,3,0
LPPT,2024-09-27,337,345,0,277,278,1,73,607,1,0
LPPT,2024-09-28,343,341,0,277,273,2,77,604,1,0
LPPT,2024-09-29,346,348,0,280,284,0,70,624,0,0
LPPT,2024-09-30,351,332,0,279,268,3,77,603,0,0
LPPT,2024-10-01,326,326,0,258,263,3,70,579,0,0
LPPT,2024-10-02,339,342,0,279,283,1,73,606,1,0
LPPT,2024-10-03,337,339,0,271,277,0,75,600,1,0
LPPT,2024-10-04,336,340,0,279,274,0,74,600,2,0
LPPT,2024-10-05,335,336,0,270,271,2,78,586,5,0
LPPT,2024-10-06,336,337,0,279,276,0,71,596,6,0
LPPT,2024-10-07,339,330,0,270,265,0,75,593,1,0
LPPT,2024-10-08,318,323,0,253,258,0,73,566,2,0
LPPT,2024-10-09,323,327,0,261,268,0,75,571,4,0
LPPT,2024-10-10,335,335,0,274,273,0,75,595,0,0
LPPT,2024-10-11,330,332,0,267,265,0,76,582,4,0
LPPT,2024-10-12,332,336,0,268,271,0,74,594,0,0
LPPT,2024-10-13,340,337,0,277,271,2,73,602,0,0
LPPT,2024-10-14,342,327,0,271,263,0,76,593,0,0
LPPT,2024-10-15,323,327,0,256,264,0,73,577,0,0
LPPT,2024-10-16,335,340,0,272,279,0,74,598,3,0
LPPT,2024-10-17,329,333,0,266,272,2,77,580,3,0
LPPT,2024-10-18,329,331,0,267,265,0,74,584,2,0
LPPT,2024-10-19,331,336,0,269,270,0,73,594,0,0
LPPT,2024-10-20,328,323,0,269,264,0,73,577,1,0
LPPT,2024-10-21,326,317,0,259,252,0,73,569,1,0
LPPT,2024-10-22,322,323,0,253,257,2,74,567,2,0
LPPT,2024-10-23,326,327,0,267,268,4,72,574,3,0
LPPT,2024-10-24,332,332,0,270,271,0,72,591,1,0
LPPT,2024-10-25,335,341,0,272,274,0,75,599,2,0
LPPT,2024-10-26,330,337,0,268,274,2,72,593,0,0
LPPT,2024-10-27,318,320,0,254,260,0,70,568,0,0
LPPT,2024-10-28,328,309,0,269,251,0,67,570,0,0
LPPT,2024-10-29,292,290,0,233,234,0,68,514,0,0
LPPT,2024-10-30,289,300,0,233,240,0,70,519,0,0
LPPT,2024-10-31,315,307,0,257,250,0,67,553,2,0
LPPT,2024-11-01,307,321,0,251,259,2,69,555,2,0
LPPT,2024-11-02,315,318,0,253,256,2,68,559,4,0
LPPT,2024-11-03,314,314,0,254,256,0,67,561,0,0
LPPT,2024-11-04,319,305,0,260,246,0,67,557,0,0
LPPT,2024-11-05,285,281,0,226,224,2,67,497,0,0
LPPT,2024-11-06,275,289,0,217,229,0,71,493,0,0
LPPT,2024-11-07,301,295,0,242,239,4,72,520,0,0
LPPT,2024-11-08,309,318,0,251,257,0,68,556,3,0
LPPT,2024-11-09,298,298,0,237,234,0,75,518,3,0
LPPT,2024-11-10,318,320,0,258,260,0,72,566,0,0
LPPT,2024-11-11,324,304,0,263,246,0,69,557,2,0
LPPT,2024-11-12,271,270,0,216,216,0,68,471,2,0
LPPT,2024-11-13,258,273,0,204,213,0,70,459,2,0
LPPT,2024-11-14,288,285,0,228,231,0,66,507,0,0
LPPT,2024-11-15,306,315,0,251,251,2,66,548,5,0
LPPT,2024-11-16,294,293,0,230,229,4,71,511,1,0
LPPT,2024-11-17,303,304,0,245,248,0,69,538,0,0
LPPT,2024-11-18,305,289,0,244,231,4,66,524,0,0
LPPT,2024-11-19,255,252,0,202,200,0,64,441,2,0
LPPT,2024-11-20,264,272,0,209,212,0,66,469,1,0
LPPT,2024-11-21,287,287,0,226,232,0,66,505,3,0
LPPT,2024-11-22,302,310,0,250,251,0,62,549,1,0
LPPT,2024-11-23,287,287,0,224,223,2,67,505,0,0
LPPT,2024-11-24,305,310,0,248,252,4,65,543,3,0
LPPT,2024-11-25,312,288,0,251,233,0,62,532,6,0
LPPT,2024-11-26,252,253,0,203,201,0,61,442,2,0
LPPT,2024-11-27,255,269,0,198,212,0,68,454,2,0
LPPT,2024-11-28,281,272,0,225,219,0,62,490,1,0
LPPT,2024-11-29,291,306,0,237,245,0,63,531,3,0
LPPT,2024-11-30,279,278,0,217,215,0,67,490,0,0
LPPT,2024-12-01,309,312,0,247,252,0,68,551,2,0
LPPT,2024-12-02,313,294,0,253,236,0,68,537,2,0
LPPT,2024-12-03,258,256,0,206,209,2,64,440,8,0
LPPT,2024-12-04,262,273,0,209,215,2,67,463,3,0
LPPT,2024-12-05,284,282,0,227,229,0,61,504,1,0
LPPT,2024-12-06,302,314,0,247,252,3,66,545,2,0
LPPT,2024-12-07,283,279,0,217,215,0,73,489,0,0
LPPT,2024-12-08,298,305,0,240,246,0,70,529,4,0
LPPT,2024-12-09,314,293,0,255,239,0,62,544,1,0
LPPT,2024-12-10,267,267,0,216,215,1,61,471,1,0
LPPT,2024-12-11,278,288,0,222,229,0,71,493,2,0
LPPT,2024-12-12,296,294,0,238,237,0,69,520,1,0
LPPT,2024-12-13,298,306,0,241,247,0,69,534,1,0
LPPT,2024-12-14,306,308,0,241,241,0,73,541,0,0
LPPT,2024-12-15,304,302,0,244,244,0,65,541,0,0
LPPT,2024-12-16,307,292,0,249,239,0,65,534,0,0
LPPT,2024-12-17,267,269,0,213,211,0,64,472,0,0
LPPT,2024-12-18,294,303,0,235,240,0,70,525,2,0
LPPT,2024-12-19,308,306,0,250,248,0,75,537,2,0
LPPT,2024-12-20,320,328,0,260,265,0,72,576,0,0
LPPT,2024-12-21,312,311,0,247,249,2,69,552,0,0
LPPT,2024-12-22,317,324,0,252,259,2,73,564,2,0
LPPT,2024-12-23,340,319,0,278,256,0,71,586,2,0
LPPT,2024-12-24,238,234,0,182,183,0,58,414,0,0
LPPT,2024-12-25,218,231,0,165,171,2,63,384,0,0
LPPT,2024-12-26,305,305,0,243,242,0,68,542,0,0
LPPT,2024-12-27,323,326,0,259,264,0,75,574,0,0
LPPT,2024-12-28,313,317,0,247,250,0,77,553,0,0
LPPT,2024-12-29,316,314,0,256,255,0,66,564,0,0
LPPT,2024-12-30,329,309,0,269,253,2,64,572,0,0
LPPT,2024-12-31,258,259,0,205,207,0,58,459,0,0
LSZH,2022-01-01,193,209,0,153,164,4,60,318,20,0
LSZH,2022-01-02,298,285,0,243,233,8,61,466,48,0
LSZH,2022-01-03,253,254,0,207,211,6,59,407,35,0
LSZH,2022-01-04,213,219,0,176,178,4,45,358,25,0
LSZH,2022-01-05,217,212,0,176,169,0,58,347,24,0
LSZH,2022-01-06,225,219,0,183,179,4,53,359,28,0
LSZH,2022-01-07,235,236,0,189,189,3,61,390,17,0
LSZH,2022-01-08,234,247,0,189,198,4,59,381,37,0
LSZH,2022-01-09,261,255,0,212,201,2,56,438,20,0
LSZH,2022-01-10,216,204,0,177,167,3,51,340,26,0
LSZH,2022-01-11,170,173,0,140,142,2,37,281,23,0
LSZH,2022-01-12,186,187,0,155,149,10,52,262,49,0
LSZH,2022-01-13,199,204,0,171,172,5,42,304,52,0
LSZH,2022-01-14,222,230,0,183,190,9,60,323,60,0
LSZH,2022-01-15,184,195,0,144,159,0,53,293,33,0
LSZH,2022-01-16,228,204,0,184,164,7,54,333,38,0
LSZH,2022-01-17,204,203,0,170,171,13,47,307,40,0
LSZH,2022-01-18,165,169,0,137,147,0,34,272,28,0
LSZH,2022-01-19,167,178,0,141,140,4,49,241,51,0
LSZH,2022-01-20,171,168,0,144,143,6,43,269,21,0
LSZH,2022-01-21,202,210,0,166,172,6,58,306,42,0
LSZH,2022-01-22,186,189,0,144,150,2,52,287,34,0
LSZH,2022-01-23,210,199,0,170,160,6,53,314,36,0
LSZH,2022-01-24,184,188,0,150,152,3,48,299,22,0
LSZH,2022-01-25,148,151,0,118,125,2,38,217,42,0
LSZH,2022-01-26,180,179,0,148,145,0,53,254,52,0
LSZH,2022-01-27,201,202,0,171,171,8,46,297,52,0
LSZH,2022-01-28,219,225,0,181,190,9,59,325,51,0
LSZH,2022-01-29,192,195,0,153,157,10,51,298,28,0
LSZH,2022-01-30,209,203,0,173,165,0,54,324,34,0
LSZH,2022-01-31,171,180,0,142,150,0,46,282,23,0
LSZH,2022-02-01,167,159,0,138,132,6,40,263,17,0
LSZH,2022-02-02,166,165,0,137,135,4,50,252,25,0
LSZH,2022-02-03,200,195,0,162,158,4,52,294,45,0
LSZH,2022-02-04,198,210,0,162,171,3,57,312,36,0
LSZH,2022-02-05,192,208,0,156,168,7,57,286,50,0
LSZH,2022-02-06,214,203,0,175,168,4,56,328,29,0
LSZH,2022-02-07,186,189,0,152,158,0,50,292,33,0
LSZH,2022-02-08,172,162,0,140,137,4,44,237,49,0
LSZH,2022-02-09,192,184,0,164,150,6,49,271,50,0
LSZH,2022-02-10,208,213,0,175,179,13,49,305,54,0
LSZH,2022-02-11,233,231,0,202,195,10,54,351,49,0
LSZH,2022-02-12,238,246,0,194,202,18,67,346,53,0
LSZH,2022-02-13,224,228,0,185,187,14,55,350,33,0
LSZH,2022-02-14,205,197,0,177,164,4,55,305,38,0
LSZH,2022-02-15,184,175,0,151,152,2,43,266,48,0
LSZH,2022-02-16,174,181,0,141,145,0,55,272,28,0
LSZH,2022-02-17,192,190,0,154,155,0,49,315,18,0
LSZH,2022-02-18,206,226,0,171,183,9,58,330,34,0
LSZH,2022-02-19,229,240,0,187,203,7,58,377,27,0
LSZH,2022-02-20,262,236,0,219,196,6,64,394,34,0
LSZH,2022-02-21,195,198,0,163,165,2,50,315,26,0
LSZH,2022-02-22,177,182,0,142,155,8,46,272,33,0
LSZH,2022-02-23,194,190,0,163,157,9,51,269,55,0
LSZH,2022-02-24,219,224,0,176,189,7,51,337,48,0
LSZH,2022-02-25,230,234,0,191,192,2,55,366,41,0
LSZH,2022-02-26,219,237,0,181,194,16,57,351,32,0
LSZH,2022-02-27,265,253,0,217,211,17,58,397,46,0
LSZH,2022-02-28,229,218,0,189,185,12,53,328,54,0
LSZH,2022-03-01,194,196,0,166,172,6,42,291,51,0
LSZH,2022-03-02,213,210,0,183,179,1,51,316,55,0
LSZH,2022-03-03,242,244,0,208,208,11,54,365,56,0
LSZH,2022-03-04,253,271,0,216,231,8,55,405,56,0
LSZH,2022-03-05,235,239,0,193,199,11,62,355,46,0
LSZH,2022-03-06,257,246,0,218,204,10,59,386,48,0
LSZH,2022-03-07,233,226,0,194,193,6,54,354,45,0
LSZH,2022-03-08,197,189,0,166,164,6,45,299,36,0
LSZH,2022-03-09,205,220,0,175,185,3,50,322,50,0
LSZH,2022-03-10,245,241,0,208,205,14,51,376,45,0
LSZH,2022-03-11,250,253,0,214,214,14,56,389,44,0
LSZH,2022-03-12,221,233,0,179,194,8,60,350,36,0
LSZH,2022-03-13,253,245,0,210,203,16,61,380,41,0
LSZH,2022-03-14,220,218,0,187,188,8,53,334,43,0
LSZH,2022-03-15,209,190,0,180,166,7,44,307,41,0
LSZH,2022-03-16,205,212,0,179,177,10,49,304,54,0
LSZH,2022-03-17,244,243,0,210,207,14,54,374,45,0
LSZH,2022-03-18,238,242,0,202,203,2,57,384,37,0
LSZH,2022-03-19,212,224,0,174,185,8,62,340,26,0
LSZH,2022-03-20,263,259,0,219,214,16,63,397,46,0
LSZH,2022-03-21,217,215,0,180,182,8,54,343,27,0
LSZH,2022-03-22,198,196,0,169,168,10,45,303,36,0
LSZH,2022-03-23,204,214,0,175,178,8,55,315,40,0
LSZH,2022-03-24,243,240,0,208,207,12,53,361,57,0
LSZH,2022-03-25,252,266,0,217,224,18,57,398,45,0
LSZH,2022-03-26,229,238,0,187,200,18,62,338,49,0
LSZH,2022-03-27,308,296,0,261,251,16,60,484,44,0
LSZH,2022-03-28,270,270,0,233,234,6,50,440,44,0
LSZH,2022-03-29,251,240,0,214,209,4,52,393,42,0
LSZH,2022-03-30,253,264,0,218,225,13,52,403,49,0
LSZH,2022-03-31,281,282,0,245,247,8,51,473,31,0
LSZH,2022-04-01,303,312,0,262,268,2,62,508,43,0
LSZH,2022-04-02,267,261,0,222,219,0,59,450,19,0
LSZH,2022-04-03,307,308,0,263,260,9,60,519,27,0
LSZH,2022-04-04,291,292,0,251,254,24,52,472,35,0
LSZH,2022-04-05,252,237,0,217,203,6,51,404,28,0
LSZH,2022-04-06,270,275,0,229,232,10,56,439,40,0
LSZH,2022-04-07,287,290,0,249,253,4,53,492,28,0
LSZH,2022-04-08,312,322,0,269,276,3,65,535,31,0
LSZH,2022-04-09,274,277,0,231,234,8,60,466,17,0
LSZH,2022-04-10,320,314,0,272,265,15,60,522,36,0
LSZH,2022-04-11,307,296,0,264,255,16,53,476,58,0
LSZH,2022-04-12,277,277,0,238,239,9,53,434,58,0
LSZH,2022-04-13,298,299,0,256,250,15,56,473,53,0
LSZH,2022-04-14,327,337,0,284,293,8,53,532,71,0
LSZH,2022-04-15,319,333,0,274,281,2,70,549,31,0
LSZH,2022-04-16,278,274,0,233,233,12,59,462,19,0
LSZH,2022-04-17,291,296,0,245,251,8,59,500,20,0
LSZH,2022-04-18,318,309,0,275,269,4,55,514,54,0
LSZH,2022-04-19,276,282,0,238,244,7,54,463,34,0
LSZH,2022-04-20,267,273,0,226,230,8,54,444,34,0
LSZH,2022-04-21,306,306,0,268,269,11,51,498,51,0
LSZH,2022-04-22,331,331,0,286,284,8,68,539,47,0
LSZH,2022-04-23,298,293,0,252,250,10,61,488,32,0
LSZH,2022-04-24,337,327,0,285,280,1,67,551,45,0
LSZH,2022-04-25,311,302,0,269,264,8,55,519,31,0
LSZH,2022-04-26,269,271,0,231,231,2,55,452,31,0
LSZH,2022-04-27,269,284,0,229,239,9,57,457,30,0
LSZH,2022-04-28,324,327,0,285,285,17,55,529,50,0
LSZH,2022-04-29,328,351,0,280,303,20,69,544,46,0
LSZH,2022-04-30,288,276,0,244,232,0,61,486,17,0
LSZH,2022-05-01,332,325,0,282,276,2,60,559,36,0
LSZH,2022-05-02,328,324,0,290,287,11,54,532,55,0
LSZH,2022-05-03,269,275,0,232,239,7,54,457,26,0
LSZH,2022-05-04,294,289,0,259,250,10,56,478,39,0
LSZH,2022-05-05,306,308,0,267,271,4,55,521,34,0
LSZH,2022-05-06,332,343,0,288,298,1,63,568,43,0
LSZH,2022-05-07,305,302,0,260,255,11,61,495,40,0
LSZH,2022-05-08,321,314,0,278,271,0,60,536,39,0
LSZH,2022-05-09,320,313,0,283,278,9,54,516,54,0
LSZH,2022-05-10,297,300,0,260,264,9,51,469,68,0
LSZH,2022-05-11,314,323,0,280,282,15,55,496,69,0
LSZH,2022-05-12,314,320,0,272,283,12,49,512,61,0
LSZH,2022-05-13,347,348,0,304,302,13,66,562,54,0
LSZH,2022-05-14,304,300,0,258,254,4,58,499,43,0
LSZH,2022-05-15,347,336,0,300,285,10,68,550,55,0
LSZH,2022-05-16,324,321,0,279,286,4,56,545,40,0
LSZH,2022-05-17,269,275,0,231,238,2,51,451,40,0
LSZH,2022-05-18,296,307,0,256,265,11,61,480,50,0
LSZH,2022-05-19,318,322,0,279,285,7,53,530,50,0
LSZH,2022-05-20,339,354,0,299,311,6,64,558,65,0
LSZH,2022-05-21,329,327,0,265,282,11,65,555,25,0
LSZH,2022-05-22,397,374,0,310,320,26,64,655,26,0
LSZH,2022-05-23,367,344,0,316,307,13,59,596,43,0
LSZH,2022-05-24,324,310,0,274,265,12,51,540,31,0
LSZH,2022-05-25,389,422,0,344,355,20,62,660,69,0
LSZH,2022-05-26,355,397,0,309,324,17,62,634,39,0
LSZH,2022-05-27,327,328,0,284,274,18,69,544,24,0
LSZH,2022-05-28,297,290,0,252,246,4,62,496,25,0
LSZH,2022-05-29,379,345,0,335,298,4,62,612,46,0
LSZH,2022-05-30,355,362,0,319,328,12,56,580,69,0
LSZH,2022-05-31,308,308,0,265,268,9,54,494,59,0
LSZH,2022-06-01,322,325,0,285,285,11,54,523,59,0
LSZH,2022-06-02,332,336,0,291,294,8,65,541,54,0
LSZH,2022-06-03,347,365,0,306,322,6,66,578,62,0
LSZH,2022-06-04,322,317,0,277,271,10,67,518,44,0
LSZH,2022-06-05,310,320,0,265,273,1,68,539,22,0
LSZH,2022-06-06,353,325,0,309,290,4,59,576,39,0
LSZH,2022-06-07,304,305,0,266,264,2,55,506,46,0
LSZH,2022-06-08,337,332,0,296,287,10,64,534,61,0
LSZH,2022-06-09,330,342,0,288,299,10,60,549,53,0
LSZH,2022-06-10,347,372,0,307,329,6,68,574,71,0
LSZH,2022-06-11,336,324,0,290,279,12,68,526,54,0
LSZH,2022-06-12,363,353,0,311,301,12,71,575,58,0
LSZH,2022-06-13,365,350,0,321,309,6,63,597,49,0
LSZH,2022-06-14,348,343,0,305,300,12,60,553,66,0
LSZH,2022-06-15,287,301,0,246,260,8,64,479,37,0
LSZH,2022-06-16,345,357,0,303,315,8,62,577,55,0
LSZH,2022-06-17,349,359,0,307,311,12,70,574,52,0
LSZH,2022-06-18,328,322,0,280,277,11,68,525,46,0
LSZH,2022-06-19,365,361,0,317,311,7,70,593,56,0
LSZH,2022-06-20,352,354,0,308,314,6,61,596,42,0
LSZH,2022-06-21,307,307,0,263,264,7,64,501,42,0
LSZH,2022-06-22,329,325,0,286,283,8,60,541,45,0
LSZH,2022-06-23,343,352,0,299,310,6,62,558,69,0
LSZH,2022-06-24,342,343,0,298,294,5,71,561,48,0
LSZH,2022-06-25,323,334,0,274,285,8,70,536,43,0
LSZH,2022-06-26,343,334,0,296,285,6,69,559,43,0
LSZH,2022-06-27,346,339,0,301,301,0,62,581,42,0
LSZH,2022-06-28,306,308,0,265,264,2,64,513,35,0
LSZH,2022-06-29,324,324,0,278,280,1,64,533,50,0
LSZH,2022-06-30,314,320,0,271,275,4,69,530,31,0
LSZH,2022-07-01,344,358,0,298,306,8,73,582,39,0
LSZH,2022-07-02,358,351,0,306,300,23,80,544,62,0
LSZH,2022-07-03,371,368,0,320,317,17,75,593,54,0
LSZH,2022-07-04,374,366,0,325,325,11,66,604,59,0
LSZH,2022-07-05,342,336,0,297,294,10,65,541,62,0
LSZH,2022-07-06,345,347,0,301,298,4,66,551,71,0
LSZH,2022-07-07,343,348,0,294,297,8,68,578,35,0
LSZH,2022-07-08,370,393,0,325,341,10,73,610,70,0
LSZH,2022-07-09,338,344,0,284,293,8,78,562,34,0
LSZH,2022-07-10,360,354,0,303,298,2,80,588,44,0
LSZH,2022-07-11,372,362,0,321,320,4,69,601,60,0
LSZH,2022-07-12,337,328,0,290,285,6,66,537,56,0
LSZH,2022-07-13,339,338,0,294,292,10,64,538,65,0
LSZH,2022-07-14,332,342,0,283,292,12,73,545,44,0
LSZH,2022-07-15,359,376,0,309,320,14,74,591,54,0
LSZH,2022-07-16,349,349,0,295,295,12,81,582,23,0
LSZH,2022-07-17,356,350,0,300,296,12,76,595,23,0
LSZH,2022-07-18,359,354,0,309,309,9,70,595,39,0
LSZH,2022-07-19,332,321,0,288,279,5,66,540,42,0
LSZH,2022-07-20,321,328,0,275,278,10,65,539,35,0
LSZH,2022-07-21,331,339,0,283,292,13,67,550,40,0
LSZH,2022-07-22,354,350,0,306,301,11,74,584,35,0
LSZH,2022-07-23,339,347,0,285,291,8,79,562,37,0
LSZH,2022-07-24,362,370,0,309,314,12,79,606,35,0
LSZH,2022-07-25,353,340,0,304,299,10,71,588,24,0
LSZH,2022-07-26,320,318,0,276,274,14,69,522,33,0
LSZH,2022-07-27,325,327,0,279,278,12,64,530,46,0
LSZH,2022-07-28,341,345,0,291,295,22,71,558,34,0
LSZH,2022-07-29,345,363,0,301,310,3,74,597,34,0
LSZH,2022-07-30,354,348,0,301,297,9,80,577,36,0
LSZH,2022-07-31,369,373,0,312,317,5,77,615,45,0
LSZH,2022-08-01,359,346,0,310,301,4,68,590,43,0
LSZH,2022-08-02,328,329,0,283,283,4,66,551,36,0
LSZH,2022-08-03,330,335,0,286,289,4,68,556,37,0
LSZH,2022-08-04,341,336,0,291,289,6,74,558,39,0
LSZH,2022-08-05,350,365,0,304,314,6,74,597,38,0
LSZH,2022-08-06,329,318,0,278,268,3,75,549,20,0
LSZH,2022-08-07,361,371,0,306,316,6,76,607,43,0
LSZH,2022-08-08,352,341,0,305,298,5,65,599,24,0
LSZH,2022-08-09,333,334,0,284,288,7,64,567,29,0
LSZH,2022-08-10,339,321,0,292,271,8,69,541,42,0
LSZH,2022-08-11,336,347,0,284,295,15,68,570,29,0
LSZH,2022-08-12,357,364,0,309,314,8,77,596,39,0
LSZH,2022-08-13,342,345,0,291,293,14,75,564,34,0
LSZH,2022-08-14,368,356,0,314,300,2,76,612,34,0
LSZH,2022-08-15,358,349,0,306,306,6,67,607,27,0
LSZH,2022-08-16,336,342,0,293,299,4,65,554,55,0
LSZH,2022-08-17,333,341,0,287,289,0,66,577,31,0
LSZH,2022-08-18,337,339,0,288,290,3,71,571,31,0
LSZH,2022-08-19,361,358,0,315,310,1,72,617,29,0
LSZH,2022-08-20,345,346,0,293,294,0,74,574,43,0
LSZH,2022-08-21,362,370,0,308,313,14,74,602,42,0
LSZH,2022-08-22,348,343,0,303,303,12,65,574,40,0
LSZH,2022-08-23,321,318,0,279,272,4,64,540,31,0
LSZH,2022-08-24,328,331,0,281,284,12,67,541,39,0
LSZH,2022-08-25,355,354,0,307,308,5,72,587,45,0
LSZH,2022-08-26,358,367,0,310,317,6,75,600,44,0
LSZH,2022-08-27,335,335,0,285,284,8,71,563,28,0
LSZH,2022-08-28,364,355,0,312,303,10,75,586,48,0
LSZH,2022-08-29,372,368,0,327,326,8,63,608,61,0
LSZH,2022-08-30,331,341,0,288,296,11,65,551,45,0
LSZH,2022-08-31,326,327,0,281,280,0,66,554,33,0
LSZH,2022-09-01,337,339,0,287,288,4,73,562,37,0
LSZH,2022-09-02,354,367,0,306,315,7,76,593,45,0
LSZH,2022-09-03,332,329,0,282,280,4,75,554,28,0
LSZH,2022-09-04,360,351,0,308,299,8,75,586,42,0
LSZH,2022-09-05,358,346,0,311,305,10,64,579,51,0
LSZH,2022-09-06,327,333,0,288,290,8,64,548,40,0
LSZH,2022-09-07,352,350,0,302,298,6,70,571,55,0
LSZH,2022-09-08,350,355,0,301,308,4,73,573,55,0
LSZH,2022-09-09,366,369,0,317,318,8,78,607,42,0
LSZH,2022-09-10,331,331,0,284,284,2,73,543,44,0
LSZH,2022-09-11,366,368,0,313,319,4,77,588,65,0
LSZH,2022-09-12,356,353,0,312,312,6,66,574,63,0
LSZH,2022-09-13,326,329,0,286,287,2,62,538,53,0
LSZH,2022-09-14,332,328,0,287,285,1,70,545,44,0
LSZH,2022-09-15,339,340,0,293,291,2,73,563,41,0
LSZH,2022-09-16,339,345,0,293,298,2,75,570,37,0
LSZH,2022-09-17,327,320,0,276,271,2,74,540,31,0
LSZH,2022-09-18,365,359,0,315,307,6,72,600,46,0
LSZH,2022-09-19,354,358,0,302,316,6,63,598,45,0
LSZH,2022-09-20,336,328,0,299,286,11,58,545,50,0
LSZH,2022-09-21,339,342,0,291,291,13,70,559,39,0
LSZH,2022-09-22,352,371,0,304,321,8,72,578,65,0
LSZH,2022-09-23,364,371,0,316,324,8,73,590,64,0
LSZH,2022-09-24,316,311,0,270,264,2,71,526,28,0
LSZH,2022-09-25,370,364,0,321,314,0,73,615,46,0
LSZH,2022-09-26,346,336,0,302,300,6,60,575,41,0
LSZH,2022-09-27,313,321,0,276,277,5,64,534,31,0
LSZH,2022-09-28,327,322,0,279,274,2,66,545,36,0
LSZH,2022-09-29,328,341,0,281,291,6,70,552,41,0
LSZH,2022-09-30,378,387,0,328,337,3,76,627,59,0
LSZH,2022-10-01,324,335,0,275,283,0,75,571,13,0
LSZH,2022-10-02,366,363,0,314,309,4,74,628,23,0
LSZH,2022-10-03,358,340,0,308,298,7,66,593,32,0
LSZH,2022-10-04,317,327,0,277,284,7,68,517,52,0
LSZH,2022-10-05,330,327,0,286,280,10,65,542,40,0
LSZH,2022-10-06,343,342,0,293,296,5,68,560,52,0
LSZH,2022-10-07,370,379,0,323,325,8,71,638,32,0
LSZH,2022-10-08,346,344,0,295,289,2,73,578,37,0
LSZH,2022-10-09,370,373,0,321,321,0,69,623,51,0
LSZH,2022-10-10,354,336,0,306,295,4,62,587,37,0
LSZH,2022-10-11,313,324,0,273,277,13,67,526,31,0
LSZH,2022-10-12,328,326,0,282,278,2,68,550,34,0
LSZH,2022-10-13,340,331,0,286,283,0,69,568,34,0
LSZH,2022-10-14,365,384,0,315,328,12,75,623,39,0
LSZH,2022-10-15,332,334,0,280,281,1,72,566,27,0
LSZH,2022-10-16,385,374,0,331,319,13,73,622,51,0
LSZH,2022-10-17,342,332,0,291,289,7,64,578,25,0
LSZH,2022-10-18,314,317,0,274,274,6,66,507,52,0
LSZH,2022-10-19,308,311,0,258,264,1,69,519,30,0
LSZH,2022-10-20,338,343,0,289,295,8,68,555,50,0
LSZH,2022-10-21,349,351,0,298,300,2,76,593,29,0
LSZH,2022-10-22,332,333,0,277,279,7,76,559,23,0
LSZH,2022-10-23,361,365,0,311,314,3,75,609,39,0
LSZH,2022-10-24,335,316,0,285,276,2,62,557,30,0
LSZH,2022-10-25,307,315,0,268,271,8,67,492,55,0
LSZH,2022-10-26,328,323,0,280,274,8,65,526,52,0
LSZH,2022-10-27,333,340,0,288,292,6,68,546,53,0
LSZH,2022-10-28,350,362,0,299,311,8,77,570,57,0
LSZH,2022-10-29,313,313,0,263,259,8,75,511,32,0
LSZH,2022-10-30,327,330,0,278,275,2,68,536,51,0
LSZH,2022-10-31,299,302,0,249,252,7,68,490,36,0
LSZH,2022-11-01,278,273,0,234,233,5,68,448,30,0
LSZH,2022-11-02,289,298,0,242,248,8,64,477,38,0
LSZH,2022-11-03,291,291,0,250,250,0,65,494,23,0
LSZH,2022-11-04,300,307,0,251,254,6,72,506,23,0
LSZH,2022-11-05,273,274,0,226,223,0,69,457,21,0
LSZH,2022-11-06,311,305,0,261,254,4,70,506,36,0
LSZH,2022-11-07,313,313,0,262,261,3,72,501,50,0
LSZH,2022-11-08,272,271,0,230,231,2,64,435,42,0
LSZH,2022-11-09,285,283,0,238,232,0,69,459,40,0
LSZH,2022-11-10,283,286,0,240,242,2,66,474,27,0
LSZH,2022-11-11,313,320,0,258,265,6,72,519,36,0
LSZH,2022-11-12,270,268,0,219,215,1,74,434,29,0
LSZH,2022-11-13,305,305,0,254,254,0,70,507,33,0
LSZH,2022-11-14,299,290,0,247,240,0,71,476,42,0
LSZH,2022-11-15,257,262,0,213,220,3,65,416,35,0
LSZH,2022-11-16,303,293,0,254,244,2,69,470,55,0
LSZH,2022-11-17,291,299,0,246,252,4,66,478,42,0
LSZH,2022-11-18,301,310,0,251,257,4,75,497,35,0
LSZH,2022-11-19,257,258,0,210,210,6,70,420,19,0
LSZH,2022-11-20,291,294,0,240,243,4,72,479,30,0
LSZH,2022-11-21,290,291,0,241,243,3,69,467,42,0
LSZH,2022-11-22,248,249,0,205,205,10,65,408,14,0
LSZH,2022-11-23,268,266,0,221,216,6,69,423,36,0
LSZH,2022-11-24,288,279,0,241,237,4,65,463,34,0
LSZH,2022-11-25,303,318,0,250,266,8,74,497,41,0
LSZH,2022-11-26,251,256,0,204,207,6,72,399,30,0
LSZH,2022-11-27,290,287,0,234,236,0,72,476,29,0
LSZH,2022-11-28,282,285,0,235,239,0,71,459,37,0
LSZH,2022-11-29,259,256,0,216,216,0,65,418,32,0
LSZH,2022-11-30,259,267,0,209,219,1,73,424,28,0
LSZH,2022-12-01,293,289,0,245,242,2,65,471,44,0
LSZH,2022-12-02,302,306,0,251,253,6,74,495,33,0
LSZH,2022-12-03,249,252,0,205,203,0,69,407,25,0
LSZH,2022-12-04,297,292,0,239,238,0,72,484,33,0
LSZH,2022-12-05,283,282,0,232,233,2,70,476,17,0
LSZH,2022-12-06,255,258,0,212,217,6,65,415,27,0
LSZH,2022-12-07,280,272,0,237,226,2,71,448,31,0
LSZH,2022-12-08,291,294,0,244,252,5,70,479,31,0
LSZH,2022-12-09,300,300,0,250,246,0,77,495,28,0
LSZH,2022-12-10,257,249,0,210,198,0,73,408,25,0
LSZH,2022-12-11,283,302,0,231,248,0,75,482,28,0
LSZH,2022-12-12,276,279,0,227,229,2,67,464,22,0
LSZH,2022-12-13,267,264,0,224,226,1,62,441,27,0
LSZH,2022-12-14,269,278,0,225,223,0,72,438,37,0
LSZH,2022-12-15,290,288,0,240,243,0,69,474,35,0
LSZH,2022-12-16,308,313,0,258,261,0,77,501,43,0
LSZH,2022-12-17,268,287,0,219,233,1,74,429,51,0
LSZH,2022-12-18,293,293,0,240,241,2,72,476,36,0
LSZH,2022-12-19,302,292,0,249,239,8,73,483,30,0
LSZH,2022-12-20,278,275,0,232,234,2,66,447,38,0
LSZH,2022-12-21,286,297,0,236,244,1,70,484,28,0
LSZH,2022-12-22,314,319,0,266,270,1,67,523,42,0
LSZH,2022-12-23,336,334,0,276,275,1,79,549,41,0
LSZH,2022-12-24,249,257,0,198,202,0,72,422,12,0
LSZH,2022-12-25,247,242,0,196,194,0,76,401,12,0
LSZH,2022-12-26,288,295,0,238,242,2,73,490,18,0
LSZH,2022-12-27,293,273,0,246,232,15,63,449,39,0
LSZH,2022-12-28,282,291,0,231,237,10,70,445,48,0
LSZH,2022-12-29,278,281,0,234,239,2,66,466,25,0
LSZH,2022-12-30,292,298,0,245,248,6,72,489,23,0
LSZH,2022-12-31,249,248,0,199,198,7,70,402,18,0
LSZH,2023-01-01,268,273,0,217,219,4,70,454,13,0
LSZH,2023-01-02,311,312,0,259,259,6,68,528,21,0
LSZH,2023-01-03,278,263,0,233,221,8,67,445,21,0
LSZH,2023-01-04,267,271,0,215,217,0,72,448,18,0
LSZH,2023-01-05,287,280,0,239,235,2,67,470,26,0
LSZH,2023-01-06,300,310,0,249,256,4,74,509,23,0
LSZH,2023-01-07,279,283,0,225,233,6,73,456,27,0
LSZH,2023-01-08,325,305,0,268,252,2,76,516,36,0
LSZH,2023-01-09,265,270,0,216,222,1,68,446,20,0
LSZH,2023-01-10,232,235,0,190,195,2,64,366,35,0
LSZH,2023-01-11,233,239,0,190,191,2,66,381,23,0
LSZH,2023-01-12,258,258,0,213,212,0,63,431,22,0
LSZH,2023-01-13,282,281,0,234,234,4,71,458,30,0
LSZH,2023-01-14,249,264,0,193,212,7,71,413,22,0
LSZH,2023-01-15,311,299,0,239,246,12,77,506,15,0
LSZH,2023-01-16,347,314,0,249,266,26,64,552,19,0
LSZH,2023-01-17,273,263,0,214,218,14,70,433,19,0
LSZH,2023-01-18,258,269,0,215,217,3,66,427,31,0
LSZH,2023-01-19,303,312,0,258,253,16,64,493,42,0
LSZH,2023-01-20,345,386,0,297,289,28,70,601,32,0
LSZH,2023-01-21,243,239,0,194,187,2,74,396,10,0
LSZH,2023-01-22,288,288,0,237,234,4,68,477,27,0
LSZH,2023-01-23,258,253,0,213,209,0,68,410,33,0
LSZH,2023-01-24,227,217,0,189,180,0,63,349,32,0
LSZH,2023-01-25,236,246,0,193,197,2,68,369,43,0
LSZH,2023-01-26,284,254,0,239,215,6,64,420,48,0
LSZH,2023-01-27,270,284,0,223,234,2,72,441,39,0
LSZH,2023-01-28,240,249,0,194,199,4,73,387,25,0
LSZH,2023-01-29,288,295,0,238,240,6,71,474,32,0
LSZH,2023-01-30,255,261,0,211,218,8,66,415,27,0
LSZH,2023-01-31,227,226,0,186,185,10,64,355,24,0
LSZH,2023-02-01,250,240,0,208,197,9,63,386,32,0
LSZH,2023-02-02,255,267,0,211,222,2,67,425,28,0
LSZH,2023-02-03,286,296,0,235,246,10,70,467,35,0
LSZH,2023-02-04,243,243,0,197,191,2,75,391,18,0
LSZH,2023-02-05,279,272,0,230,219,2,66,463,20,0
LSZH,2023-02-06,269,268,0,221,219,2,69,450,16,0
LSZH,2023-02-07,245,242,0,204,200,8,66,375,36,0
LSZH,2023-02-08,240,238,0,197,192,8,63,379,28,0
LSZH,2023-02-09,285,280,0,238,234,6,66,457,36,0
LSZH,2023-02-10,307,321,0,257,270,6,72,506,44,0
LSZH,2023-02-11,306,299,0,258,247,6,76,478,45,0
LSZH,2023-02-12,308,309,0,251,253,6,71,506,34,0
LSZH,2023-02-13,289,292,0,240,243,4,75,475,27,0
LSZH,2023-02-14,257,251,0,209,205,2,70,410,26,0
LSZH,2023-02-15,275,270,0,226,222,2,67,446,30,0
LSZH,2023-02-16,312,308,0,262,263,8,73,485,54,0
LSZH,2023-02-17,281,299,0,234,250,6,68,463,43,0
LSZH,2023-02-18,303,314,0,250,262,14,78,501,24,0
LSZH,2023-02-19,307,303,0,255,250,2,70,507,31,0
LSZH,2023-02-20,305,296,0,253,244,6,68,478,49,0
LSZH,2023-02-21,261,264,0,215,223,10,66,409,40,0
LSZH,2023-02-22,279,283,0,230,237,12,65,456,29,0
LSZH,2023-02-23,301,302,0,254,255,20,69,484,30,0
LSZH,2023-02-24,306,314,0,255,262,10,73,511,26,0
LSZH,2023-02-25,297,293,0,244,240,8,77,480,25,0
LSZH,2023-02-26,301,306,0,251,252,0,72,507,28,0
LSZH,2023-02-27,283,287,0,236,240,7,69,475,19,0
LSZH,2023-02-28,257,251,0,211,211,6,65,423,14,0
LSZH,2023-03-01,286,286,0,242,236,4,64,473,31,0
LSZH,2023-03-02,286,295,0,242,249,2,69,483,27,0
LSZH,2023-03-03,304,307,0,250,254,6,78,495,32,0
LSZH,2023-03-04,298,281,0,248,230,8,70,463,38,0
LSZH,2023-03-05,307,306,0,251,252,0,70,514,29,0
LSZH,2023-03-06,303,295,0,250,243,5,69,497,27,0
LSZH,2023-03-07,256,261,0,213,220,8,63,419,27,0
LSZH,2023-03-08,290,289,0,243,234,2,67,479,31,0
LSZH,2023-03-09,295,308,0,245,258,3,72,498,30,0
LSZH,2023-03-10,311,310,0,255,255,0,76,517,28,0
LSZH,2023-03-11,275,274,0,226,220,2,76,447,24,0
LSZH,2023-03-12,312,305,0,258,254,4,67,510,36,0
LSZH,2023-03-13,308,300,0,252,247,13,71,469,55,0
LSZH,2023-03-14,266,272,0,223,225,3,65,448,22,0
LSZH,2023-03-15,290,284,0,238,231,2,65,476,31,0
LSZH,2023-03-16,302,305,0,255,258,8,69,484,46,0
LSZH,2023-03-17,319,327,0,265,271,8,76,518,44,0
LSZH,2023-03-18,277,287,0,227,233,10,80,438,36,0
LSZH,2023-03-19,299,297,0,250,244,4,71,500,21,0
LSZH,2023-03-20,312,308,0,257,258,0,67,501,52,0
LSZH,2023-03-21,285,283,0,239,239,6,67,441,54,0
LSZH,2023-03-22,292,289,0,240,239,10,66,453,52,0
LSZH,2023-03-23,301,299,0,257,253,5,70,482,43,0
LSZH,2023-03-24,296,313,0,244,260,2,73,500,34,0
LSZH,2023-03-25,276,277,0,223,225,3,76,454,20,0
LSZH,2023-03-26,316,311,0,257,257,5,80,521,21,0
LSZH,2023-03-27,308,300,0,253,247,4,78,494,32,0
LSZH,2023-03-28,295,304,0,250,258,7,75,467,50,0
LSZH,2023-03-29,325,323,0,272,269,6,74,529,39,0
LSZH,2023-03-30,334,341,0,280,286,8,74,547,46,0
LSZH,2023-03-31,333,343,0,281,282,0,78,579,19,0
LSZH,2023-04-01,298,316,0,245,263,3,77,515,17,0
LSZH,2023-04-02,328,320,0,272,265,0,85,542,21,0
LSZH,2023-04-03,334,323,0,279,270,6,77,564,10,0
LSZH,2023-04-04,311,316,0,265,269,11,75,515,26,0
LSZH,2023-04-05,341,345,0,290,290,11,74,553,48,0
LSZH,2023-04-06,358,362,0,304,309,8,76,592,44,0
LSZH,2023-04-07,352,361,0,299,304,4,88,599,22,0
LSZH,2023-04-08,318,313,0,262,260,6,81,534,10,0
LSZH,2023-04-09,334,332,0,280,274,2,87,564,13,0
LSZH,2023-04-10,384,371,0,327,319,11,77,612,55,0
LSZH,2023-04-11,315,312,0,265,266,0,73,532,22,0
LSZH,2023-04-12,320,332,0,265,275,6,76,552,18,0
LSZH,2023-04-13,340,334,0,288,283,2,76,567,29,0
LSZH,2023-04-14,382,382,0,324,324,6,83,628,46,0
LSZH,2023-04-15,323,326,0,270,270,2,79,546,22,0
LSZH,2023-04-16,358,357,0,301,298,1,89,598,27,0
LSZH,2023-04-17,364,351,0,307,297,2,74,607,32,0
LSZH,2023-04-18,328,331,0,275,283,5,76,542,35,0
LSZH,2023-04-19,338,341,0,279,283,2,71,566,38,0
LSZH,2023-04-20,339,342,0,285,284,3,77,566,35,0
LSZH,2023-04-21,366,366,0,312,307,4,83,596,49,0
LSZH,2023-04-22,340,341,0,284,285,14,82,553,32,0
LSZH,2023-04-23,360,361,0,303,297,4,89,595,33,0
LSZH,2023-04-24,353,349,0,294,293,0,78,604,20,0
LSZH,2023-04-25,306,312,0,258,265,0,73,524,21,0
LSZH,2023-04-26,338,331,0,285,275,6,74,562,27,0
LSZH,2023-04-27,361,369,0,305,312,15,72,598,43,0
LSZH,2023-04-28,376,391,0,320,337,1,84,645,35,0
LSZH,2023-04-29,329,341,0,274,280,7,81,557,25,0
LSZH,2023-04-30,346,340,0,286,283,2,85,580,19,0
LSZH,2023-05-01,360,346,0,303,289,1,75,600,30,0
LSZH,2023-05-02,320,313,0,272,268,1,69,535,28,0
LSZH,2023-05-03,344,342,0,294,283,0,69,588,29,0
LSZH,2023-05-04,366,361,0,314,311,8,73,595,51,0
LSZH,2023-05-05,377,400,0,322,341,14,79,646,38,0
LSZH,2023-05-06,341,342,0,286,288,7,78,551,47,0
LSZH,2023-05-07,364,350,0,306,294,4,83,594,33,0
LSZH,2023-05-08,361,356,0,310,301,4,74,606,33,0
LSZH,2023-05-09,316,314,0,268,268,4,72,518,36,0
LSZH,2023-05-10,346,351,0,291,298,9,73,581,34,0
LSZH,2023-05-11,343,338,0,296,288,8,74,577,22,0
LSZH,2023-05-12,386,384,0,332,331,7,81,644,38,0
LSZH,2023-05-13,330,333,0,279,280,10,71,550,29,0
LSZH,2023-05-14,361,365,0,307,308,0,85,612,29,0
LSZH,2023-05-15,364,354,0,310,301,2,77,616,23,0
LSZH,2023-05-16,323,325,0,275,278,0,72,540,36,0
LSZH,2023-05-17,346,364,0,294,308,5,75,593,37,0
LSZH,2023-05-18,356,364,0,304,314,0,73,600,47,0
LSZH,2023-05-19,348,355,0,297,300,10,84,597,12,0
LSZH,2023-05-20,333,326,0,278,273,10,77,543,29,0
LSZH,2023-05-21,410,390,0,357,335,12,84,643,61,0
LSZH,2023-05-22,393,396,0,338,337,6,83,647,52,0
LSZH,2023-05-23,336,333,0,288,289,2,73,548,45,0
LSZH,2023-05-24,361,356,0,311,302,4,74,597,42,0
LSZH,2023-05-25,368,383,0,317,332,10,72,635,34,0
LSZH,2023-05-26,396,405,0,341,349,7,89,652,53,0
LSZH,2023-05-27,341,342,0,287,287,16,82,561,22,0
LSZH,2023-05-28,361,361,0,306,307,12,86,594,30,0
LSZH,2023-05-29,393,385,0,340,330,10,81,647,40,0
LSZH,2023-05-30,351,339,0,301,294,10,73,562,45,0
LSZH,2023-05-31,359,369,0,307,318,12,73,601,42,0
LSZH,2023-06-01,378,370,0,326,315,11,75,614,48,0
LSZH,2023-06-02,388,400,0,331,344,10,83,656,38,0
LSZH,2023-06-03,341,352,0,287,296,11,77,572,33,0
LSZH,2023-06-04,378,368,0,321,310,15,84,611,36,0
LSZH,2023-06-05,386,384,0,331,330,6,76,657,31,0
LSZH,2023-06-06,340,342,0,292,298,5,72,562,42,0
LSZH,2023-06-07,384,383,0,332,321,12,74,598,82,0
LSZH,2023-06-08,380,388,0,327,334,16,74,629,49,0
LSZH,2023-06-09,399,403,0,344,347,14,85,646,57,0
LSZH,2023-06-10,347,356,0,295,304,12,77,586,28,0
LSZH,2023-06-11,406,390,0,348,333,10,90,652,44,0
LSZH,2023-06-12,410,401,0,353,348,9,77,672,51,0
LSZH,2023-06-13,352,345,0,296,300,2,74,580,41,0
LSZH,2023-06-14,365,367,0,310,313,16,73,618,23,0
LSZH,2023-06-15,387,398,0,335,344,10,72,654,49,0
LSZH,2023-06-16,409,425,0,351,366,10,83,679,62,0
LSZH,2023-06-17,343,356,0,291,304,4,76,582,37,0
LSZH,2023-06-18,389,371,0,330,318,16,82,621,40,0
LSZH,2023-06-19,395,394,0,340,338,4,75,656,54,0
LSZH,2023-06-20,341,336,0,292,292,12,73,530,62,0
LSZH,2023-06-21,369,363,0,313,306,14,72,613,33,0
LSZH,2023-06-22,367,379,0,312,325,10,72,620,44,0
LSZH,2023-06-23,409,404,0,352,346,2,82,665,63,0
LSZH,2023-06-24,351,361,0,298,305,8,76,592,35,0
LSZH,2023-06-25,388,384,0,334,328,8,82,632,49,0
LSZH,2023-06-26,374,379,0,322,327,4,74,637,36,0
LSZH,2023-06-27,341,343,0,291,298,8,76,572,28,0
LSZH,2023-06-28,380,367,0,326,314,16,79,611,41,0
LSZH,2023-06-29,390,393,0,339,342,8,74,641,60,0
LSZH,2023-06-30,405,404,0,350,345,3,87,683,34,0
LSZH,2023-07-01,358,372,0,303,313,4,85,598,43,0
LSZH,2023-07-02,398,380,0,337,321,4,88,652,34,0
LSZH,2023-07-03,410,413,0,354,355,13,81,684,45,0
LSZH,2023-07-04,360,367,0,311,319,13,76,592,46,0
LSZH,2023-07-05,375,373,0,318,316,8,86,605,49,0
LSZH,2023-07-06,374,388,0,324,331,12,76,630,44,0
LSZH,2023-07-07,426,419,0,371,360,13,90,690,52,0
LSZH,2023-07-08,375,387,0,318,328,12,85,625,40,0
LSZH,2023-07-09,403,399,0,340,339,14,92,646,50,0
LSZH,2023-07-10,391,384,0,335,330,6,81,653,35,0
LSZH,2023-07-11,351,349,0,300,298,14,80,582,24,0
LSZH,2023-07-12,348,353,0,290,296,9,80,579,33,0
LSZH,2023-07-13,374,379,0,322,321,13,79,623,38,0
LSZH,2023-07-14,410,418,0,352,360,9,90,658,71,0
LSZH,2023-07-15,367,373,0,311,317,8,89,586,57,0
LSZH,2023-07-16,404,396,0,342,334,6,98,654,42,0
LSZH,2023-07-17,405,396,0,342,338,9,80,665,47,0
LSZH,2023-07-18,372,365,0,317,314,8,78,608,43,0
LSZH,2023-07-19,358,363,0,303,307,10,85,594,32,0
LSZH,2023-07-20,370,383,0,319,331,8,78,630,37,0
LSZH,2023-07-21,382,383,0,326,323,1,90,653,21,0
LSZH,2023-07-22,377,376,0,319,320,14,89,619,30,0
LSZH,2023-07-23,402,402,0,340,342,10,98,651,45,0
LSZH,2023-07-24,378,375,0,319,315,4,84,638,27,0
LSZH,2023-07-25,358,361,0,303,307,4,82,608,25,0
LSZH,2023-07-26,370,363,0,313,305,4,89,601,39,0
LSZH,2023-07-27,397,402,0,343,350,11,78,644,66,0
LSZH,2023-07-28,396,400,0,338,340,12,94,662,28,0
LSZH,2023-07-29,375,380,0,317,323,2,92,622,39,0
LSZH,2023-07-30,387,382,0,323,315,4,97,643,25,0
LSZH,2023-07-31,394,404,0,337,343,8,84,663,43,0
LSZH,2023-08-01,349,348,0,295,299,2,78,594,23,0
LSZH,2023-08-02,366,361,0,306,304,8,85,605,29,0
LSZH,2023-08-03,355,369,0,304,313,4,80,618,22,0
LSZH,2023-08-04,382,385,0,325,326,3,91,651,22,0
LSZH,2023-08-05,378,368,0,322,313,10,85,612,39,0
LSZH,2023-08-06,378,376,0,318,317,2,100,638,12,0
LSZH,2023-08-07,387,387,0,329,329,10,84,663,17,0
LSZH,2023-08-08,365,351,0,309,300,8,79,597,32,0
LSZH,2023-08-09,361,371,0,304,313,4,82,609,37,0
LSZH,2023-08-10,382,388,0,331,333,8,78,620,62,0
LSZH,2023-08-11,387,401,0,331,339,8,90,649,39,0
LSZH,2023-08-12,375,367,0,318,308,6,86,616,34,0
LSZH,2023-08-13,394,387,0,334,326,6,96,651,28,0
LSZH,2023-08-14,389,387,0,330,327,6,82,662,26,0
LSZH,2023-08-15,367,355,0,313,303,9,77,600,36,0
LSZH,2023-08-16,369,375,0,311,316,4,82,606,52,0
LSZH,2023-08-17,372,378,0,318,325,7,79,632,32,0
LSZH,2023-08-18,399,402,0,343,340,12,89,662,38,0
LSZH,2023-08-19,356,356,0,301,300,9,87,594,22,0
LSZH,2023-08-20,413,397,0,351,339,10,94,657,49,0
LSZH,2023-08-21,397,400,0,339,344,9,81,658,49,0
LSZH,2023-08-22,367,368,0,314,318,12,80,602,39,0
LSZH,2023-08-23,360,374,0,304,317,2,84,618,30,0
LSZH,2023-08-24,367,367,0,315,316,6,83,605,37,0
LSZH,2023-08-25,380,384,0,323,320,15,91,627,29,0
LSZH,2023-08-26,347,351,0,290,294,2,84,592,20,0
LSZH,2023-08-27,374,379,0,314,318,1,92,627,33,0
LSZH,2023-08-28,368,361,0,311,305,2,84,609,34,0
LSZH,2023-08-29,355,342,0,301,293,0,79,575,43,0
LSZH,2023-08-30,387,390,0,327,328,6,81,633,53,0
LSZH,2023-08-31,391,380,0,339,328,9,71,638,51,0
LSZH,2023-09-01,414,423,0,357,367,26,93,680,38,0
LSZH,2023-09-02,354,359,0,304,306,7,82,599,25,0
LSZH,2023-09-03,402,394,0,341,337,12,97,652,33,0
LSZH,2023-09-04,390,409,0,337,352,6,83,664,42,0
LSZH,2023-09-05,361,360,0,306,307,6,80,611,24,0
LSZH,2023-09-06,385,383,0,329,325,8,83,622,55,0
LSZH,2023-09-07,408,404,0,355,349,12,78,651,68,0
LSZH,2023-09-08,414,424,0,353,364,10,90,670,67,0
LSZH,2023-09-09,368,377,0,317,320,7,85,606,47,0
LSZH,2023-09-10,405,397,0,342,336,7,90,656,49,0
LSZH,2023-09-11,398,399,0,343,343,4,81,667,45,0
LSZH,2023-09-12,357,350,0,304,300,8,78,576,45,0
LSZH,2023-09-13,367,365,0,308,308,2,83,613,34,0
LSZH,2023-09-14,384,390,0,331,338,6,79,648,41,0
LSZH,2023-09-15,416,415,0,357,356,11,91,683,46,0
LSZH,2023-09-16,364,369,0,312,314,5,88,602,38,0
LSZH,2023-09-17,413,404,0,356,349,6,91,647,73,0
LSZH,2023-09-18,398,406,0,340,348,3,82,684,35,0
LSZH,2023-09-19,362,349,0,306,294,10,80,579,42,0
LSZH,2023-09-20,378,385,0,321,329,10,82,612,59,0
LSZH,2023-09-21,390,395,0,335,338,10,79,650,46,0
LSZH,2023-09-22,411,406,0,350,347,6,88,691,32,0
LSZH,2023-09-23,357,365,0,302,311,8,84,601,29,0
LSZH,2023-09-24,394,386,0,336,326,10,100,641,29,0
LSZH,2023-09-25,403,405,0,346,349,5,80,680,41,0
LSZH,2023-09-26,353,355,0,301,304,2,77,589,40,0
LSZH,2023-09-27,380,381,0,320,320,8,85,624,44,0
LSZH,2023-09-28,405,399,0,351,345,10,83,656,55,0
LSZH,2023-09-29,413,426,0,353,366,14,91,673,60,0
LSZH,2023-09-30,382,380,0,323,322,10,88,626,38,0
LSZH,2023-10-01,419,417,0,361,356,6,100,685,45,0
LSZH,2023-10-02,398,405,0,339,347,7,79,679,38,0
LSZH,2023-10-03,357,346,0,301,289,5,75,594,29,0
LSZH,2023-10-04,378,389,0,318,326,4,85,637,41,0
LSZH,2023-10-05,393,387,0,337,330,2,83,649,46,0
LSZH,2023-10-06,425,429,0,365,365,8,90,702,54,0
LSZH,2023-10-07,376,388,0,319,331,15,83,622,44,0
LSZH,2023-10-08,415,409,0,356,352,7,96,676,45,0
LSZH,2023-10-09,402,402,0,347,345,3,80,678,43,0
LSZH,2023-10-10,369,363,0,314,312,4,81,601,46,0
LSZH,2023-10-11,388,395,0,331,335,6,83,647,47,0
LSZH,2023-10-12,374,375,0,318,319,4,83,633,29,0
LSZH,2023-10-13,407,417,0,350,357,10,88,679,45,0
LSZH,2023-10-14,362,361,0,306,304,4,85,620,14,0
LSZH,2023-10-15,395,385,0,339,325,2,95,658,25,0
LSZH,2023-10-16,394,388,0,339,333,3,77,674,28,0
LSZH,2023-10-17,363,355,0,309,303,2,77,604,33,0
LSZH,2023-10-18,370,376,0,315,322,2,80,624,40,0
LSZH,2023-10-19,388,392,0,339,338,10,81,653,36,0
LSZH,2023-10-20,398,399,0,341,343,1,88,679,29,0
LSZH,2023-10-21,357,368,0,298,315,2,86,620,17,0
LSZH,2023-10-22,404,396,0,347,342,3,90,663,44,0
LSZH,2023-10-23,390,394,0,331,334,0,77,674,33,0
LSZH,2023-10-24,344,346,0,293,297,2,76,589,23,0
LSZH,2023-10-25,362,357,0,306,302,8,81,599,31,0
LSZH,2023-10-26,361,362,0,307,304,4,82,617,20,0
LSZH,2023-10-27,374,383,0,318,324,0,86,644,27,0
LSZH,2023-10-28,344,347,0,291,294,8,84,576,23,0
LSZH,2023-10-29,352,333,0,296,278,2,83,574,26,0
LSZH,2023-10-30,319,337,0,267,281,2,77,548,29,0
LSZH,2023-10-31,303,295,0,254,249,0,70,491,37,0
LSZH,2023-11-01,302,303,0,254,250,14,75,489,27,0
LSZH,2023-11-02,302,309,0,256,264,2,68,519,22,0
LSZH,2023-11-03,334,338,0,284,282,4,80,550,38,0
LSZH,2023-11-04,283,295,0,228,239,2,79,474,23,0
LSZH,2023-11-05,329,318,0,275,260,0,83,542,22,0
LSZH,2023-11-06,326,325,0,270,272,2,77,537,35,0
LSZH,2023-11-07,289,283,0,240,239,6,73,464,29,0
LSZH,2023-11-08,317,316,0,267,264,10,78,492,53,0
LSZH,2023-11-09,312,311,0,264,262,13,69,520,21,0
LSZH,2023-11-10,325,338,0,273,280,9,82,551,21,0
LSZH,2023-11-11,292,293,0,237,237,9,80,461,35,0
LSZH,2023-11-12,322,313,0,262,256,0,83,526,26,0
LSZH,2023-11-13,317,317,0,264,267,0,75,518,41,0
LSZH,2023-11-14,286,276,0,238,233,0,73,466,23,0
LSZH,2023-11-15,306,316,0,257,268,7,76,487,52,0
LSZH,2023-11-16,304,299,0,258,249,0,70,499,34,0
LSZH,2023-11-17,338,352,0,281,295,2,80,580,28,0
LSZH,2023-11-18,271,282,0,216,226,6,80,444,23,0
LSZH,2023-11-19,324,313,0,267,256,2,82,535,18,0
LSZH,2023-11-20,324,327,0,273,277,6,77,529,39,0
LSZH,2023-11-21,270,266,0,222,220,0,69,443,24,0
LSZH,2023-11-22,279,282,0,229,231,2,75,461,23,0
LSZH,2023-11-23,305,299,0,256,255,4,70,486,44,0
LSZH,2023-11-24,311,326,0,259,269,1,81,527,28,0
LSZH,2023-11-25,258,257,0,206,203,0,80,425,10,0
LSZH,2023-11-26,313,311,0,255,253,0,83,524,17,0
LSZH,2023-11-27,304,315,0,252,263,1,79,511,28,0
LSZH,2023-11-28,269,259,0,220,215,0,73,432,23,0
LSZH,2023-11-29,291,309,0,240,258,6,76,478,40,0
LSZH,2023-11-30,279,278,0,231,232,0,72,462,23,0
LSZH,2023-12-01,309,319,0,258,266,0,79,522,27,0
LSZH,2023-12-02,248,238,0,193,185,0,78,392,16,0
LSZH,2023-12-03,315,312,0,258,255,0,83,520,24,0
LSZH,2023-12-04,298,305,0,248,257,0,80,501,22,0
LSZH,2023-12-05,271,269,0,224,224,2,74,436,28,0
LSZH,2023-12-06,305,298,0,255,248,0,78,487,38,0
LSZH,2023-12-07,298,298,0,249,249,0,77,494,25,0
LSZH,2023-12-08,308,322,0,255,266,0,82,529,19,0
LSZH,2023-12-09,252,257,0,203,207,1,79,413,16,0
LSZH,2023-12-10,331,321,0,276,267,2,81,535,34,0
LSZH,2023-12-11,318,321,0,266,266,2,79,539,19,0
LSZH,2023-12-12,282,286,0,237,243,1,71,461,35,0
LSZH,2023-12-13,307,290,0,256,243,0,81,480,36,0
LSZH,2023-12-14,308,316,0,259,267,0,71,528,25,0
LSZH,2023-12-15,336,352,0,283,295,6,81,555,46,0
LSZH,2023-12-16,295,283,0,240,226,0,81,477,20,0
LSZH,2023-12-17,316,315,0,257,259,0,83,526,22,0
LSZH,2023-12-18,319,319,0,263,264,0,78,531,29,0
LSZH,2023-12-19,322,304,0,272,262,11,72,492,51,0
LSZH,2023-12-20,308,319,0,258,263,4,78,503,42,0
LSZH,2023-12-21,303,314,0,253,261,2,76,504,35,0
LSZH,2023-12-22,338,346,0,279,285,3,87,573,21,0
LSZH,2023-12-23,320,329,0,259,269,4,84,532,29,0
LSZH,2023-12-24,296,282,0,238,225,6,84,477,11,0
LSZH,2023-12-25,278,286,0,224,226,4,77,465,18,0
LSZH,2023-12-26,305,308,0,255,257,1,74,499,39,0
LSZH,2023-12-27,312,316,0,256,259,12,75,499,42,0
LSZH,2023-12-28,315,320,0,265,270,6,71,517,41,0
LSZH,2023-12-29,317,328,0,262,272,4,81,547,13,0
LSZH,2023-12-30,306,304,0,251,252,8,79,500,23,0
LSZH,2023-12-31,272,277,0,219,224,0,81,461,7,0
LSZH,2024-01-01,297,299,0,243,240,0,80,500,16,0
LSZH,2024-01-02,309,298,0,258,250,4,75,512,16,0
LSZH,2024-01-03,291,287,0,235,233,0,75,488,15,0
LSZH,2024-01-04,298,307,0,245,253,4,75,497,29,0
LSZH,2024-01-05,319,334,0,261,273,0,84,545,24,0
LSZH,2024-01-06,331,320,0,260,261,0,80,552,19,0
LSZH,2024-01-07,336,333,0,273,272,0,84,562,23,0
LSZH,2024-01-08,306,306,0,252,250,0,77,520,15,0
LSZH,2024-01-09,266,259,0,219,213,6,72,429,18,0
LSZH,2024-01-10,277,285,0,226,232,1,78,459,24,0
LSZH,2024-01-11,265,265,0,219,222,3,67,434,26,0
LSZH,2024-01-12,297,310,0,246,256,0,82,502,23,0
LSZH,2024-01-13,260,261,0,205,207,8,78,423,12,0
LSZH,2024-01-14,349,344,0,261,288,10,85,584,14,0
LSZH,2024-01-15,379,358,0,287,308,25,78,613,21,0
LSZH,2024-01-16,296,286,0,243,242,31,71,453,27,0
LSZH,2024-01-17,284,288,0,234,229,21,76,458,17,0
LSZH,2024-01-18,315,325,0,270,254,20,68,529,23,0
LSZH,2024-01-19,357,380,0,306,294,22,84,609,22,0
LSZH,2024-01-20,261,258,0,208,200,2,77,421,19,0
LSZH,2024-01-21,315,305,0,258,250,6,78,501,35,0
LSZH,2024-01-22,301,294,0,252,244,4,75,488,28,0
LSZH,2024-01-23,250,245,0,207,205,0,65,402,28,0
LSZH,2024-01-24,268,274,0,218,222,6,70,437,29,0
LSZH,2024-01-25,279,276,0,233,231,3,67,459,26,0
LSZH,2024-01-26,304,313,0,257,264,11,76,493,37,0
LSZH,2024-01-27,263,263,0,210,213,1,80,411,34,0
LSZH,2024-01-28,308,298,0,255,242,1,76,501,28,0
LSZH,2024-01-29,291,294,0,245,250,0,69,480,36,0
LSZH,2024-01-30,256,258,0,210,215,8,66,399,41,0
LSZH,2024-01-31,272,287,0,229,238,1,67,447,44,0
LSZH,2024-02-01,261,260,0,219,217,0,69,433,19,0
LSZH,2024-02-02,313,318,0,265,268,5,79,508,39,0
LSZH,2024-02-03,283,277,0,229,224,15,78,432,35,0
LSZH,2024-02-04,306,310,0,253,252,5,80,510,21,0
LSZH,2024-02-05,308,307,0,257,257,5,74,508,28,0
LSZH,2024-02-06,268,268,0,222,224,2,68,442,24,0
LSZH,2024-02-07,281,280,0,234,231,11,71,445,34,0
LSZH,2024-02-08,290,298,0,247,253,4,68,486,30,0
LSZH,2024-02-09,315,329,0,268,278,4,78,522,40,0
LSZH,2024-02-10,309,304,0,252,248,2,83,506,22,0
LSZH,2024-02-11,313,311,0,253,251,0,82,536,6,0
LSZH,2024-02-12,306,300,0,255,251,2,74,517,13,0
LSZH,2024-02-13,279,269,0,229,224,4,70,452,22,0
LSZH,2024-02-14,292,290,0,242,235,15,74,472,21,0
LSZH,2024-02-15,306,308,0,263,262,5,62,519,28,0
LSZH,2024-02-16,333,346,0,282,292,10,79,556,34,0
LSZH,2024-02-17,315,309,0,257,250,0,86,526,12,0
LSZH,2024-02-18,344,342,0,287,281,2,85,562,37,0
LSZH,2024-02-19,318,317,0,266,265,4,75,536,20,0
LSZH,2024-02-20,283,282,0,232,232,8,76,447,34,0
LSZH,2024-02-21,303,303,0,250,252,8,73,494,31,0
LSZH,2024-02-22,316,319,0,271,266,0,69,539,27,0
LSZH,2024-02-23,333,339,0,281,284,6,84,555,27,0
LSZH,2024-02-24,308,322,0,249,263,2,82,519,27,0
LSZH,2024-02-25,333,332,0,270,269,6,86,529,44,0
LSZH,2024-02-26,340,338,0,288,283,2,78,557,41,0
LSZH,2024-02-27,288,278,0,237,233,0,70,472,24,0
LSZH,2024-02-28,300,301,0,251,252,1,75,497,28,0
LSZH,2024-02-29,320,328,0,275,278,10,70,526,42,0
LSZH,2024-03-01,335,337,0,280,283,0,83,573,16,0
LSZH,2024-03-02,306,310,0,247,255,8,78,501,29,0
LSZH,2024-03-03,342,337,0,280,276,0,84,565,30,0
LSZH,2024-03-04,333,333,0,280,279,6,78,545,37,0
LSZH,2024-03-05,295,287,0,245,243,2,70,472,38,0
LSZH,2024-03-06,307,307,0,255,253,2,77,505,30,0
LSZH,2024-03-07,317,322,0,273,273,8,73,517,41,0
LSZH,2024-03-08,340,351,0,285,292,5,83,559,44,0
LSZH,2024-03-09,291,300,0,235,240,8,80,480,23,0
LSZH,2024-03-10,327,318,0,268,260,0,84,539,22,0
LSZH,2024-03-11,336,337,0,280,282,3,77,556,37,0
LSZH,2024-03-12,299,292,0,249,246,0,71,484,36,0
LSZH,2024-03-13,314,320,0,263,269,0,75,512,47,0
LSZH,2024-03-14,316,317,0,266,266,2,74,526,31,0
LSZH,2024-03-15,351,355,0,295,298,10,83,575,38,0
LSZH,2024-03-16,289,288,0,231,232,4,78,478,17,0
LSZH,2024-03-17,338,331,0,279,273,8,86,541,34,0
LSZH,2024-03-18,333,328,0,280,275,0,77,559,25,0
LSZH,2024-03-19,296,293,0,245,247,2,75,480,32,0
LSZH,2024-03-20,331,321,0,280,268,8,75,517,52,0
LSZH,2024-03-21,313,328,0,267,281,0,73,537,31,0
LSZH,2024-03-22,350,364,0,297,305,12,83,565,54,0
LSZH,2024-03-23,293,292,0,234,231,2,79,492,12,0
LSZH,2024-03-24,320,317,0,262,262,2,84,533,18,0
LSZH,2024-03-25,331,332,0,280,278,13,73,543,34,0
LSZH,2024-03-26,312,308,0,263,264,7,70,495,48,0
LSZH,2024-03-27,330,341,0,276,284,0,76,545,50,0
LSZH,2024-03-28,335,343,0,283,291,0,77,564,37,0
LSZH,2024-03-29,349,363,0,292,306,2,88,586,36,0
LSZH,2024-03-30,309,310,0,249,250,2,80,521,16,0
LSZH,2024-03-31,350,345,0,296,285,2,88,592,13,0
LSZH,2024-04-01,383,376,0,328,322,0,86,635,38,0
LSZH,2024-04-02,363,357,0,306,303,2,83,601,34,0
LSZH,2024-04-03,349,344,0,295,289,0,87,581,25,0
LSZH,2024-04-04,357,367,0,305,310,4,80,602,37,0
LSZH,2024-04-05,378,383,0,322,325,6,89,627,39,0
LSZH,2024-04-06,355,353,0,290,293,10,89,570,39,0
LSZH,2024-04-07,378,371,0,315,311,2,85,622,40,0
LSZH,2024-04-08,369,374,0,317,320,0,84,625,34,0
LSZH,2024-04-09,354,336,0,295,280,2,80,588,20,0
LSZH,2024-04-10,363,376,0,308,317,3,84,621,31,0
LSZH,2024-04-11,373,383,0,320,328,5,81,629,41,0
LSZH,2024-04-12,393,389,0,330,328,6,89,646,41,0
LSZH,2024-04-13,349,361,0,284,296,5,88,580,37,0
LSZH,2024-04-14,382,364,0,321,308,8,81,625,32,0
LSZH,2024-04-15,370,363,0,312,310,0,83,623,27,0
LSZH,2024-04-16,344,348,0,287,295,1,77,583,31,0
LSZH,2024-04-17,365,366,0,310,311,2,73,630,26,0
LSZH,2024-04-18,350,356,0,297,302,0,78,609,19,0
LSZH,2024-04-19,381,385,0,326,327,0,85,654,27,0
LSZH,2024-04-20,335,337,0,277,276,0,84,574,14,0
LSZH,2024-04-21,378,365,0,312,304,1,85,634,23,0
LSZH,2024-04-22,385,388,0,331,332,4,85,650,34,0
LSZH,2024-04-23,347,356,0,293,301,4,79,594,26,0
LSZH,2024-04-24,361,366,0,306,312,2,80,616,29,0
LSZH,2024-04-25,355,353,0,302,297,10,77,595,26,0
LSZH,2024-04-26,395,403,0,339,343,6,88,667,37,0
LSZH,2024-04-27,350,356,0,286,291,15,88,580,23,0
LSZH,2024-04-28,366,360,0,310,299,0,83,621,22,0
LSZH,2024-04-29,368,373,0,316,320,5,86,630,20,0
LSZH,2024-04-30,368,368,0,310,316,6,79,619,32,0
LSZH,2024-05-01,366,367,0,310,308,9,85,610,29,0
LSZH,2024-05-02,357,361,0,303,306,0,82,611,25,0
LSZH,2024-05-03,379,372,0,323,316,2,89,634,26,0
LSZH,2024-05-04,351,366,0,288,299,6,91,592,28,0
LSZH,2024-05-05,393,377,0,327,316,2,88,655,25,0
LSZH,2024-05-06,372,378,0,316,324,0,89,641,20,0
LSZH,2024-05-07,355,351,0,298,298,2,81,596,27,0
LSZH,2024-05-08,396,408,0,340,352,5,85,661,53,0
LSZH,2024-05-09,365,374,0,310,320,0,83,617,39,0
LSZH,2024-05-10,385,388,0,326,325,16,91,644,22,0
LSZH,2024-05-11,340,343,0,279,280,8,92,572,11,0
LSZH,2024-05-12,416,401,0,357,341,3,93,674,47,0
LSZH,2024-05-13,401,391,0,343,335,7,96,655,34,0
LSZH,2024-05-14,381,376,0,323,317,12,84,627,34,0
LSZH,2024-05-15,392,387,0,335,331,0,86,656,37,0
LSZH,2024-05-16,384,390,0,322,331,0,84,653,37,0
LSZH,2024-05-17,408,422,0,351,360,2,94,692,42,0
LSZH,2024-05-18,343,360,0,282,298,4,96,574,29,0
LSZH,2024-05-19,383,377,0,327,320,8,91,640,21,0
LSZH,2024-05-20,409,387,0,355,334,2,93,659,42,0
LSZH,2024-05-21,377,377,0,320,320,0,86,629,39,0
LSZH,2024-05-22,382,388,0,326,333,0,85,650,35,0
LSZH,2024-05-23,400,393,0,342,335,1,83,660,49,0
LSZH,2024-05-24,401,413,0,344,354,2,91,671,50,0
LSZH,2024-05-25,356,351,0,298,291,6,87,585,29,0
LSZH,2024-05-26,410,410,0,352,349,9,93,668,50,0
LSZH,2024-05-27,401,404,0,344,352,2,87,674,42,0
LSZH,2024-05-28,391,391,0,333,334,5,85,629,63,0
LSZH,2024-05-29,393,397,0,337,340,2,84,653,51,0
LSZH,2024-05-30,381,385,0,327,330,6,80,648,32,0
LSZH,2024-05-31,398,397,0,340,338,0,90,677,28,0
LSZH,2024-06-01,353,361,0,287,297,4,94,589,27,0
LSZH,2024-06-02,401,398,0,343,338,0,93,664,42,0
LSZH,2024-06-03,409,407,0,347,349,0,93,682,41,0
LSZH,2024-06-04,384,379,0,329,324,5,83,625,50,0
LSZH,2024-06-05,404,407,0,346,350,6,87,669,49,0
LSZH,2024-06-06,403,392,0,345,334,10,84,647,54,0
LSZH,2024-06-07,398,420,0,338,356,4,92,672,50,0
LSZH,2024-06-08,363,362,0,304,299,0,90,598,37,0
LSZH,2024-06-09,393,389,0,335,331,0,90,644,48,0
LSZH,2024-06-10,411,404,0,353,351,8,89,673,45,0
LSZH,2024-06-11,384,385,0,328,331,5,84,625,55,0
LSZH,2024-06-12,427,429,0,371,373,17,88,691,60,0
LSZH,2024-06-13,398,415,0,339,356,12,93,660,48,0
LSZH,2024-06-14,393,396,0,331,334,6,91,664,28,0
LSZH,2024-06-15,387,366,0,321,299,6,102,633,12,0
LSZH,2024-06-16,380,408,0,321,342,4,102,665,17,0
LSZH,2024-06-17,411,394,0,348,338,4,95,682,24,0
LSZH,2024-06-18,410,389,0,354,333,7,85,666,41,0
LSZH,2024-06-19,415,423,0,357,368,8,89,692,49,0
LSZH,2024-06-20,404,415,0,350,361,0,84,673,62,0
LSZH,2024-06-21,390,391,0,328,330,0,91,662,28,0
LSZH,2024-06-22,363,357,0,301,295,0,90,611,19,0
LSZH,2024-06-23,396,405,0,337,342,3,93,654,51,0
LSZH,2024-06-24,403,396,0,341,337,0,91,655,53,0
LSZH,2024-06-25,377,359,0,319,300,0,85,623,28,0
LSZH,2024-06-26,374,391,0,319,333,2,91,633,39,0
LSZH,2024-06-27,393,395,0,337,339,2,83,640,63,0
LSZH,2024-06-28,391,406,0,330,344,0,92,658,47,0
LSZH,2024-06-29,357,359,0,298,297,0,92,593,31,0
LSZH,2024-06-30,403,401,0,340,335,0,93,665,46,0
LSZH,2024-07-01,407,393,0,346,339,5,88,666,41,0
LSZH,2024-07-02,395,399,0,334,338,4,86,660,44,0
LSZH,2024-07-03,399,393,0,340,334,5,89,667,31,0
LSZH,2024-07-04,387,401,0,327,341,4,86,666,32,0
LSZH,2024-07-05,416,419,0,354,354,2,95,691,47,0
LSZH,2024-07-06,353,369,0,292,305,0,94,611,17,0
LSZH,2024-07-07,413,398,0,345,331,0,96,690,25,0
LSZH,2024-07-08,435,416,0,369,358,0,93,700,58,0
LSZH,2024-07-09,415,417,0,358,354,0,88,680,64,0
LSZH,2024-07-10,388,399,0,325,336,4,90,658,35,0
LSZH,2024-07-11,414,418,0,355,355,0,87,685,60,0
LSZH,2024-07-12,380,388,0,315,323,0,95,641,32,0
LSZH,2024-07-13,384,392,0,319,325,2,96,638,40,0
LSZH,2024-07-14,407,404,0,341,337,0,94,679,38,0
LSZH,2024-07-15,422,404,0,356,343,7,94,672,53,0
LSZH,2024-07-16,387,386,0,327,325,3,88,643,39,0
LSZH,2024-07-17,399,405,0,335,341,6,90,659,49,0
LSZH,2024-07-18,414,410,0,350,346,9,89,675,51,0
LSZH,2024-07-19,335,351,0,272,286,1,95,566,24,0
LSZH,2024-07-20,379,381,0,319,314,8,91,617,44,0
LSZH,2024-07-21,381,374,0,314,306,2,94,639,20,0
LSZH,2024-07-22,407,402,0,345,342,2,93,683,31,0
LSZH,2024-07-23,393,392,0,334,330,6,87,650,42,0
LSZH,2024-07-24,397,408,0,336,348,6,91,654,54,0
LSZH,2024-07-25,405,401,0,342,338,2,89,666,49,0
LSZH,2024-07-26,413,422,0,352,358,2,97,688,48,0
LSZH,2024-07-27,387,387,0,321,322,2,96,631,45,0
LSZH,2024-07-28,393,390,0,326,324,0,92,672,19,0
LSZH,2024-07-29,420,410,0,356,352,2,91,698,39,0
LSZH,2024-07-30,380,393,0,323,333,6,88,645,34,0
LSZH,2024-07-31,386,386,0,322,323,6,91,657,18,0
LSZH,2024-08-01,362,376,0,303,312,1,87,628,22,0
LSZH,2024-08-02,384,378,0,323,318,2,95,644,21,0
LSZH,2024-08-03,379,372,0,315,309,2,92,629,28,0
LSZH,2024-08-04,396,396,0,335,336,4,87,667,34,0
LSZH,2024-08-05,403,400,0,339,341,0,97,663,43,0
LSZH,2024-08-06,393,391,0,334,331,9,87,650,38,0
LSZH,2024-08-07,392,385,0,332,324,0,89,652,36,0
LSZH,2024-08-08,395,398,0,337,337,1,88,660,44,0
LSZH,2024-08-09,402,410,0,345,349,0,92,675,45,0
LSZH,2024-08-10,370,382,0,303,315,4,96,634,18,0
LSZH,2024-08-11,412,398,0,349,332,3,100,662,45,0
LSZH,2024-08-12,384,396,0,321,337,5,94,653,28,0
LSZH,2024-08-13,368,362,0,311,301,3,87,602,38,0
LSZH,2024-08-14,391,381,0,329,323,6,90,635,41,0
LSZH,2024-08-15,393,399,0,333,338,6,88,645,53,0
LSZH,2024-08-16,417,427,0,356,365,3,93,691,57,0
LSZH,2024-08-17,370,367,0,307,302,0,96,608,33,0
LSZH,2024-08-18,400,394,0,338,330,0,100,662,32,0
LSZH,2024-08-19,389,382,0,327,326,0,93,652,26,0
LSZH,2024-08-20,372,374,0,318,314,0,86,635,25,0
LSZH,2024-08-21,383,383,0,323,325,2,85,642,37,0
LSZH,2024-08-22,401,405,0,338,344,2,87,663,54,0
LSZH,2024-08-23,413,419,0,353,357,1,95,686,50,0
LSZH,2024-08-24,361,365,0,300,306,3,96,598,29,0
LSZH,2024-08-25,394,388,0,334,324,0,96,654,32,0
LSZH,2024-08-26,392,390,0,328,327,2,94,661,25,0
LSZH,2024-08-27,369,369,0,311,313,6,85,602,45,0
LSZH,2024-08-28,397,398,0,338,340,5,89,649,52,0
LSZH,2024-08-29,406,397,0,343,338,6,86,660,51,0
LSZH,2024-08-30,404,419,0,346,357,6,88,677,52,0
LSZH,2024-08-31,359,367,0,298,305,1,96,607,22,0
LSZH,2024-09-01,394,375,0,332,314,1,93,641,34,0
LSZH,2024-09-02,404,409,0,347,349,4,93,671,45,0
LSZH,2024-09-03,400,389,0,340,333,2,84,649,54,0
LSZH,2024-09-04,392,409,0,332,346,2,88,669,42,0
LSZH,2024-09-05,401,399,0,340,342,5,88,667,40,0
LSZH,2024-09-06,404,415,0,343,352,2,96,672,49,0
LSZH,2024-09-07,390,388,0,327,323,6,94,634,44,0
LSZH,2024-09-08,416,400,0,353,341,0,95,686,35,0
LSZH,2024-09-09,411,412,0,351,353,4,93,687,39,0
LSZH,2024-09-10,379,381,0,322,323,4,85,634,37,0
LSZH,2024-09-11,384,394,0,325,337,0,87,668,23,0
LSZH,2024-09-12,399,388,0,341,330,3,83,666,35,0
LSZH,2024-09-13,402,413,0,342,352,0,99,681,35,0
LSZH,2024-09-14,366,367,0,306,304,2,89,620,22,0
LSZH,2024-09-15,405,389,0,345,332,3,100,663,28,0
LSZH,2024-09-16,408,414,0,350,361,2,95,676,49,0
LSZH,2024-09-17,377,379,0,325,322,0,82,644,30,0
LSZH,2024-09-18,390,388,0,332,328,2,85,664,27,0
LSZH,2024-09-19,403,408,0,350,351,0,81,674,56,0
LSZH,2024-09-20,405,420,0,345,359,2,92,688,43,0
LSZH,2024-09-21,373,367,0,314,308,0,94,609,37,0
LSZH,2024-09-22,410,395,0,347,339,5,96,666,38,0
LSZH,2024-09-23,390,393,0,334,338,0,88,669,26,0
LSZH,2024-09-24,376,372,0,321,313,0,85,627,36,0
LSZH,2024-09-25,391,392,0,333,337,0,90,645,48,0
LSZH,2024-09-26,392,401,0,338,339,0,80,681,32,0
LSZH,2024-09-27,412,413,0,350,347,2,95,691,37,0
LSZH,2024-09-28,377,380,0,311,314,0,96,641,20,0
LSZH,2024-09-29,416,417,0,354,346,0,93,702,38,0
LSZH,2024-09-30,410,416,0,351,359,0,92,688,46,0
LSZH,2024-10-01,394,383,0,337,327,2,85,648,42,0
LSZH,2024-10-02,402,419,0,341,357,4,96,663,58,0
LSZH,2024-10-03,376,370,0,324,313,0,84,617,45,0
LSZH,2024-10-04,401,397,0,340,334,0,97,672,29,0
LSZH,2024-10-05,383,382,0,313,313,2,102,631,30,0
LSZH,2024-10-06,416,418,0,353,354,0,104,693,37,0
LSZH,2024-10-07,413,417,0,354,359,5,94,701,30,0
LSZH,2024-10-08,378,387,0,322,327,0,88,653,24,0
LSZH,2024-10-09,394,393,0,334,334,0,93,659,35,0
LSZH,2024-10-10,389,390,0,332,331,0,84,673,22,0
LSZH,2024-10-11,423,427,0,362,365,2,96,714,38,0
LSZH,2024-10-12,377,378,0,311,310,0,93,636,26,0
LSZH,2024-10-13,416,404,0,352,339,0,99,690,31,0
LSZH,2024-10-14,402,407,0,338,346,2,94,685,28,0
LSZH,2024-10-15,392,374,0,332,316,2,85,661,18,0
LSZH,2024-10-16,377,396,0,317,340,0,93,648,32,0
LSZH,2024-10-17,387,393,0,334,338,2,83,659,36,0
LSZH,2024-10-18,405,411,0,346,345,0,97,700,19,0
LSZH,2024-10-19,382,372,0,314,306,0,98,627,29,0
LSZH,2024-10-20,420,412,0,351,345,0,96,701,35,0
LSZH,2024-10-21,383,390,0,323,331,2,92,654,25,0
LSZH,2024-10-22,374,367,0,313,310,0,81,629,31,0
LSZH,2024-10-23,389,390,0,328,327,4,93,646,36,0
LSZH,2024-10-24,370,377,0,317,320,8,83,617,39,0
LSZH,2024-10-25,388,399,0,331,335,4,91,652,40,0
LSZH,2024-10-26,349,353,0,284,290,0,95,584,23,0
LSZH,2024-10-27,366,354,0,299,291,4,90,596,30,0
LSZH,2024-10-28,347,352,0,287,291,2,85,573,39,0
LSZH,2024-10-29,318,314,0,265,263,2,77,535,18,0
LSZH,2024-10-30,342,340,0,289,288,3,81,558,40,0
LSZH,2024-10-31,334,341,0,275,280,1,80,565,29,0
LSZH,2024-11-01,341,346,0,286,289,1,84,581,21,0
LSZH,2024-11-02,303,309,0,238,244,2,84,512,14,0
LSZH,2024-11-03,344,334,0,283,272,0,90,572,16,0
LSZH,2024-11-04,349,350,0,290,294,1,85,583,30,0
LSZH,2024-11-05,322,317,0,270,263,2,78,539,20,0
LSZH,2024-11-06,339,330,0,287,278,2,81,540,46,0
LSZH,2024-11-07,342,354,0,285,297,4,78,573,41,0
LSZH,2024-11-08,357,366,0,298,303,2,87,602,32,0
LSZH,2024-11-09,295,297,0,237,234,3,81,491,17,0
LSZH,2024-11-10,352,343,0,289,286,3,85,583,24,0
LSZH,2024-11-11,328,328,0,270,269,2,86,557,11,0
LSZH,2024-11-12,307,302,0,256,256,0,67,519,23,0
LSZH,2024-11-13,321,318,0,267,265,2,80,520,37,0
LSZH,2024-11-14,317,320,0,265,264,1,72,546,18,0
LSZH,2024-11-15,345,356,0,290,299,1,83,576,41,0
LSZH,2024-11-16,288,293,0,229,228,0,83,472,26,0
LSZH,2024-11-17,342,331,0,279,270,1,87,551,34,0
LSZH,2024-11-18,321,323,0,262,264,6,82,541,15,0
LSZH,2024-11-19,293,293,0,246,246,2,72,489,23,0
LSZH,2024-11-20,308,314,0,259,265,1,77,522,22,0
LSZH,2024-11-21,286,293,0,234,238,0,72,481,26,0
LSZH,2024-11-22,303,312,0,250,255,0,78,516,21,0
LSZH,2024-11-23,277,282,0,219,223,0,82,451,26,0
LSZH,2024-11-24,334,326,0,276,269,0,84,531,45,0
LSZH,2024-11-25,329,324,0,269,268,2,84,535,32,0
LSZH,2024-11-26,295,298,0,249,250,0,72,485,36,0
LSZH,2024-11-27,310,315,0,258,265,1,82,504,38,0
LSZH,2024-11-28,319,310,0,267,260,0,75,522,32,0
LSZH,2024-11-29,314,322,0,261,265,0,81,534,21,0
LSZH,2024-11-30,268,280,0,212,221,0,83,446,19,0
LSZH,2024-12-01,328,322,0,269,262,0,83,537,30,0
LSZH,2024-12-02,332,325,0,272,271,0,80,540,37,0
LSZH,2024-12-03,288,292,0,242,248,0,72,486,22,0
LSZH,2024-12-04,324,318,0,272,266,3,84,526,29,0
LSZH,2024-12-05,329,324,0,271,268,0,78,533,42,0
LSZH,2024-12-06,322,330,0,267,275,1,85,543,23,0
LSZH,2024-12-07,263,269,0,208,212,2,82,435,13,0
LSZH,2024-12-08,321,315,0,263,256,0,89,522,25,0
LSZH,2024-12-09,325,324,0,266,267,0,84,536,29,0
LSZH,2024-12-10,307,313,0,259,262,3,74,520,23,0
LSZH,2024-12-11,324,320,0,268,267,3,85,532,24,0
LSZH,2024-12-12,318,324,0,265,272,9,78,526,29,0
LSZH,2024-12-13,344,340,0,285,281,3,88,557,36,0
LSZH,2024-12-14,293,290,0,233,231,0,82,480,21,0
LSZH,2024-12-15,328,334,0,269,272,2,85,543,32,0
LSZH,2024-12-16,338,338,0,278,279,4,86,546,40,0
LSZH,2024-12-17,337,323,0,277,271,8,79,537,36,0
LSZH,2024-12-18,337,346,0,278,285,11,84,545,43,0
LSZH,2024-12-19,334,338,0,277,280,4,77,564,27,0
LSZH,2024-12-20,370,377,0,305,313,5,86,619,37,0
LSZH,2024-12-21,338,343,0,267,273,3,86,561,31,0
LSZH,2024-12-22,349,342,0,282,275,0,90,579,22,0
LSZH,2024-12-23,334,342,0,272,279,0,83,576,17,0
LSZH,2024-12-24,293,291,0,237,234,3,81,495,5,0
LSZH,2024-12-25,279,282,0,222,221,2,85,460,14,0
LSZH,2024-12-26,327,325,0,267,263,2,78,544,28,0
LSZH,2024-12-27,354,352,0,291,287,0,88,584,34,0
LSZH,2024-12-28,331,333,0,267,263,0,85,557,21,0
LSZH,2024-12-29,336,340,0,271,279,4,86,566,20,0
LSZH,2024-12-30,332,324,0,275,268,2,83,551,20,0
LSZH,2024-12-31,274,274,0,225,227,0,77,457,14,0
LTFM,2022-01-01,413,415,0,245,243,0,212,616,0,0
LTFM,2022-01-02,527,533,0,323,322,0,269,791,0,0
LTFM,2022-01-03,477,472,0,290,292,0,251,698,0,0
LTFM,2022-01-04,446,442,0,265,263,0,231,657,0,0
LTFM,2022-01-05,450,448,0,269,268,0,257,641,0,0
LTFM,2022-01-06,447,448,0,266,269,0,241,654,0,0
LTFM,2022-01-07,492,504,0,304,310,0,242,754,0,0
LTFM,2022-01-08,482,470,0,294,286,0,242,710,0,0
LTFM,2022-01-09,501,506,0,313,318,0,250,757,0,0
LTFM,2022-01-10,471,457,0,287,278,0,255,673,0,0
LTFM,2022-01-11,418,418,0,241,241,0,224,612,0,0
LTFM,2022-01-12,416,408,0,236,231,0,227,597,0,0
LTFM,2022-01-13,424,425,0,245,250,0,236,613,0,0
LTFM,2022-01-14,475,491,0,283,290,0,240,726,0,0
LTFM,2022-01-15,452,443,0,270,268,0,237,658,0,0
LTFM,2022-01-16,487,476,0,295,290,0,224,739,0,0
LTFM,2022-01-17,442,440,0,264,270,0,232,650,0,0
LTFM,2022-01-18,379,384,0,222,231,0,181,582,0,0
LTFM,2022-01-19,404,402,0,232,230,0,237,569,0,0
LTFM,2022-01-20,440,450,0,267,272,0,227,663,0,0
LTFM,2022-01-21,481,480,0,297,303,0,222,739,0,0
LTFM,2022-01-22,410,447,0,240,274,0,224,633,0,0
LTFM,2022-01-23,352,330,0,213,194,0,154,528,0,0
LTFM,2022-01-24,96,102,0,29,73,0,44,154,0,0
LTFM,2022-01-25,16,10,0,8,5,0,16,10,0,0
LTFM,2022-01-26,185,173,0,148,111,0,94,264,0,0
LTFM,2022-01-27,394,358,0,230,187,0,208,544,0,0
LTFM,2022-01-28,468,478,0,291,286,0,244,702,0,0
LTFM,2022-01-29,433,440,0,260,275,0,214,659,0,0
LTFM,2022-01-30,471,465,0,295,278,0,226,710,0,0
LTFM,2022-01-31,446,435,0,265,264,0,223,658,0,0
LTFM,2022-02-01,412,414,0,247,245,0,206,620,0,0
LTFM,2022-02-02,440,440,0,269,265,0,235,644,1,0
LTFM,2022-02-03,438,437,0,261,264,0,228,647,0,0
LTFM,2022-02-04,470,482,0,291,296,0,233,719,0,0
LTFM,2022-02-05,464,451,0,283,279,0,235,680,0,0
LTFM,2022-02-06,489,491,0,300,301,0,240,740,0,0
LTFM,2022-02-07,469,442,0,269,265,0,253,658,0,0
LTFM,2022-02-08,411,419,0,243,246,0,225,605,0,0
LTFM,2022-02-09,441,434,0,257,254,0,256,619,0,0
LTFM,2022-02-10,462,460,0,273,274,0,252,670,0,0
LTFM,2022-02-11,498,497,0,306,304,0,253,742,0,0
LTFM,2022-02-12,478,468,0,284,286,0,253,693,0,0
LTFM,2022-02-13,504,497,0,296,292,0,268,732,1,0
LTFM,2022-02-14,477,461,0,273,268,0,265,673,0,0
LTFM,2022-02-15,431,433,0,249,249,0,227,636,1,0
LTFM,2022-02-16,450,441,0,259,263,0,265,624,2,0
LTFM,2022-02-17,461,455,0,267,267,0,261,655,0,0
LTFM,2022-02-18,488,495,0,294,296,0,255,728,0,0
LTFM,2022-02-19,498,480,0,292,288,0,281,697,0,0
LTFM,2022-02-20,516,505,0,307,300,0,284,737,0,0
LTFM,2022-02-21,479,465,0,272,267,0,274,670,0,0
LTFM,2022-02-22,434,434,0,247,247,0,244,624,0,0
LTFM,2022-02-23,462,454,0,266,271,0,273,643,0,0
LTFM,2022-02-24,443,456,0,257,262,0,263,636,0,0
LTFM,2022-02-25,494,500,0,288,289,0,294,700,0,0
LTFM,2022-02-26,489,474,0,283,277,0,294,669,0,0
LTFM,2022-02-27,495,508,0,283,298,0,299,704,0,0
LTFM,2022-02-28,384,469,0,191,272,0,305,548,0,0
LTFM,2022-03-01,449,452,0,253,248,0,285,616,0,0
LTFM,2022-03-02,469,471,0,266,263,0,317,623,0,0
LTFM,2022-03-03,491,489,0,279,270,0,321,659,0,0
LTFM,2022-03-04,522,532,0,303,306,0,312,740,2,0
LTFM,2022-03-05,522,504,0,301,290,0,304,722,0,0
LTFM,2022-03-06,515,528,0,293,298,0,307,734,2,0
LTFM,2022-03-07,492,469,0,272,270,0,305,656,0,0
LTFM,2022-03-08,441,442,0,251,249,0,269,614,0,0
LTFM,2022-03-09,457,468,0,265,264,0,316,609,0,0
LTFM,2022-03-10,373,355,0,188,186,0,265,463,0,0
LTFM,2022-03-11,376,385,0,195,193,0,278,480,3,0
LTFM,2022-03-12,250,266,0,105,163,0,197,317,2,0
LTFM,2022-03-13,417,397,0,257,201,0,298,515,1,0
LTFM,2022-03-14,476,478,0,276,267,0,301,653,0,0
LTFM,2022-03-15,452,445,0,251,249,0,270,627,0,0
LTFM,2022-03-16,461,468,0,268,267,0,320,609,0,0
LTFM,2022-03-17,486,488,0,282,281,0,315,659,0,0
LTFM,2022-03-18,450,444,0,238,242,0,314,578,2,0
LTFM,2022-03-19,410,412,0,213,211,0,290,532,0,0
LTFM,2022-03-20,512,520,0,300,301,0,326,706,0,0
LTFM,2022-03-21,498,487,0,278,271,0,308,677,0,0
LTFM,2022-03-22,448,448,0,246,249,0,278,618,0,0
LTFM,2022-03-23,477,481,0,274,269,0,325,633,0,0
LTFM,2022-03-24,494,493,0,283,287,0,317,670,0,0
LTFM,2022-03-25,519,535,0,304,309,0,334,718,2,0
LTFM,2022-03-26,503,483,0,288,282,0,301,685,0,0
LTFM,2022-03-27,532,547,0,337,338,0,305,774,0,0
LTFM,2022-03-28,546,528,0,323,321,0,316,758,0,0
LTFM,2022-03-29,509,517,0,302,305,0,307,717,0,0
LTFM,2022-03-30,511,580,0,309,327,0,350,741,0,0
LTFM,2022-03-31,511,1041,0,302,624,0,487,1065,0,0
LTFM,2022-04-01,556,571,0,328,340,0,341,784,2,0
LTFM,2022-04-02,544,527,0,329,320,0,326,745,0,0
LTFM,2022-04-03,531,549,0,329,333,0,325,755,0,0
LTFM,2022-04-04,522,498,0,317,304,0,301,719,0,0
LTFM,2022-04-05,484,490,0,285,283,0,296,678,0,0
LTFM,2022-04-06,487,488,0,293,299,0,306,667,2,0
LTFM,2022-04-07,493,491,0,288,291,0,312,672,0,0
LTFM,2022-04-08,535,559,0,332,343,0,319,775,0,0
LTFM,2022-04-09,536,518,0,333,322,0,320,734,0,0
LTFM,2022-04-10,534,533,0,334,324,0,322,745,0,0
LTFM,2022-04-11,511,505,0,312,313,0,308,708,0,0
LTFM,2022-04-12,478,487,0,292,290,0,286,676,3,0
LTFM,2022-04-13,505,506,0,304,312,0,320,691,0,0
LTFM,2022-04-14,510,509,0,316,313,0,317,701,1,0
LTFM,2022-04-15,537,552,0,333,341,0,313,776,0,0
LTFM,2022-04-16,522,501,0,323,312,0,315,708,0,0
LTFM,2022-04-17,536,548,0,338,337,0,323,760,1,0
LTFM,2022-04-18,527,523,0,323,329,0,317,732,1,0
LTFM,2022-04-19,493,489,0,305,292,0,296,686,0,0
LTFM,2022-04-20,506,511,0,310,313,0,316,699,2,0
LTFM,2022-04-21,515,508,0,312,306,0,306,717,0,0
LTFM,2022-04-22,535,561,0,325,345,0,313,783,0,0
LTFM,2022-04-23,533,517,0,329,320,0,324,726,0,0
LTFM,2022-04-24,541,548,0,339,340,0,322,765,2,0
LTFM,2022-04-25,539,531,0,329,325,4,317,747,2,0
LTFM,2022-04-26,509,512,0,308,303,0,295,726,0,0
LTFM,2022-04-27,528,524,0,324,324,0,326,726,0,0
LTFM,2022-04-28,556,564,0,343,343,0,339,780,1,0
LTFM,2022-04-29,620,643,0,390,400,0,363,899,1,0
LTFM,2022-04-30,643,693,0,423,443,0,386,950,0,0
LTFM,2022-05-01,602,677,0,378,433,0,360,916,3,0
LTFM,2022-05-02,586,569,0,353,350,0,317,837,1,0
LTFM,2022-05-03,565,567,0,340,338,0,319,813,0,0
LTFM,2022-05-04,603,599,0,377,382,0,320,882,0,0
LTFM,2022-05-05,563,577,0,340,351,0,328,812,0,0
LTFM,2022-05-06,594,611,0,358,365,0,342,861,2,0
LTFM,2022-05-07,641,626,0,400,396,0,353,910,4,0
LTFM,2022-05-08,656,648,0,420,411,0,350,954,0,0
LTFM,2022-05-09,597,580,0,358,356,0,320,857,0,0
LTFM,2022-05-10,575,575,0,350,343,0,321,829,0,0
LTFM,2022-05-11,589,581,0,359,359,0,327,839,4,0
LTFM,2022-05-12,590,583,0,362,359,0,326,847,0,0
LTFM,2022-05-13,601,607,0,373,370,0,338,865,3,0
LTFM,2022-05-14,616,599,0,378,373,0,342,873,0,0
LTFM,2022-05-15,599,603,0,373,373,0,338,864,0,0
LTFM,2022-05-16,612,589,0,369,361,0,327,874,0,0
LTFM,2022-05-17,575,579,0,353,347,0,316,838,0,0
LTFM,2022-05-18,602,589,0,371,367,0,332,859,0,0
LTFM,2022-05-19,621,620,0,383,383,0,336,903,2,0
LTFM,2022-05-20,600,609,0,365,367,0,331,878,0,0
LTFM,2022-05-21,618,596,0,385,371,0,345,869,0,0
LTFM,2022-05-22,630,635,0,402,401,0,346,919,0,0
LTFM,2022-05-23,602,579,0,371,359,2,314,864,1,0
LTFM,2022-05-24,585,588,0,356,357,0,319,853,0,0
LTFM,2022-05-25,610,599,0,376,371,0,332,877,0,0
LTFM,2022-05-26,619,618,0,376,375,0,357,879,1,0
LTFM,2022-05-27,635,632,0,396,392,0,329,930,6,0
LTFM,2022-05-28,621,609,0,378,380,0,350,879,1,0
LTFM,2022-05-29,646,628,0,402,390,0,350,919,3,0
LTFM,2022-05-30,620,607,0,383,377,0,340,886,1,0
LTFM,2022-05-31,587,533,0,351,333,0,308,812,0,0
LTFM,2022-06-01,611,538,0,369,304,0,342,807,0,0
LTFM,2022-06-02,614,608,0,370,370,0,359,863,0,0
LTFM,2022-06-03,640,644,0,390,396,0,356,928,0,0
LTFM,2022-06-04,632,623,0,385,382,0,351,904,0,0
LTFM,2022-06-05,635,645,0,395,393,0,359,917,4,0
LTFM,2022-06-06,640,630,0,392,390,0,352,916,2,0
LTFM,2022-06-07,619,616,0,370,364,0,352,882,1,0
LTFM,2022-06-08,610,616,0,369,377,0,360,865,1,0
LTFM,2022-06-09,614,615,0,381,380,0,354,875,0,0
LTFM,2022-06-10,647,650,0,393,396,0,372,922,3,0
LTFM,2022-06-11,652,639,0,398,396,0,378,913,0,0
LTFM,2022-06-12,645,656,0,396,402,0,383,918,0,0
LTFM,2022-06-13,644,637,0,395,397,0,364,916,1,0
LTFM,2022-06-14,611,614,0,367,363,0,365,860,0,0
LTFM,2022-06-15,644,645,0,390,391,0,371,918,0,0
LTFM,2022-06-16,633,635,0,388,389,0,379,885,2,0
LTFM,2022-06-17,676,681,0,411,419,0,387,970,0,0
LTFM,2022-06-18,660,654,0,409,408,0,379,931,4,0
LTFM,2022-06-19,663,672,0,414,413,0,374,958,3,0
LTFM,2022-06-20,670,654,0,406,407,0,359,964,1,0
LTFM,2022-06-21,641,646,0,391,391,0,353,930,4,0
LTFM,2022-06-22,646,654,0,391,400,0,373,925,0,0
LTFM,2022-06-23,663,666,0,399,404,0,389,940,0,0
LTFM,2022-06-24,673,671,0,404,412,0,384,959,1,0
LTFM,2022-06-25,667,663,0,411,405,0,396,933,1,0
LTFM,2022-06-26,670,687,0,405,410,0,385,972,0,0
LTFM,2022-06-27,688,675,0,420,412,0,377,986,0,0
LTFM,2022-06-28,652,656,0,391,391,0,366,942,0,0
LTFM,2022-06-29,658,661,0,398,406,0,379,940,0,0
LTFM,2022-06-30,547,652,0,308,402,0,360,837,2,0
LTFM,2022-07-01,695,630,0,418,386,0,396,929,0,0
LTFM,2022-07-02,681,626,0,414,389,0,386,921,0,0
LTFM,2022-07-03,684,633,0,408,381,0,386,931,0,0
LTFM,2022-07-04,699,605,0,419,378,0,373,928,2,0
LTFM,2022-07-05,661,568,0,400,335,0,354,873,2,0
LTFM,2022-07-06,694,615,0,413,378,0,390,917,0,0
LTFM,2022-07-07,689,631,0,419,392,0,385,935,0,0
LTFM,2022-07-08,702,617,0,423,386,2,397,918,2,0
LTFM,2022-07-09,681,564,0,419,349,0,381,864,0,0
LTFM,2022-07-10,663,610,0,409,378,0,377,896,0,0
LTFM,2022-07-11,682,555,0,407,347,0,367,869,1,0
LTFM,2022-07-12,640,487,0,383,283,0,355,770,2,0
LTFM,2022-07-13,671,529,0,398,308,0,360,835,5,0
LTFM,2022-07-14,666,519,0,399,313,0,363,822,0,0
LTFM,2022-07-15,684,529,0,405,324,0,364,847,2,0
LTFM,2022-07-16,681,538,0,409,325,0,368,850,1,0
LTFM,2022-07-17,679,527,0,408,311,0,361,844,1,0
LTFM,2022-07-18,683,563,0,407,338,0,353,890,3,0
LTFM,2022-07-19,639,540,0,376,312,0,351,828,0,0
LTFM,2022-07-20,674,585,0,395,342,0,366,891,0,0
LTFM,2022-07-21,669,575,0,405,349,0,373,870,1,0
LTFM,2022-07-22,680,565,0,397,333,0,378,866,1,0
LTFM,2022-07-23,665,591,0,401,353,0,389,863,4,0
LTFM,2022-07-24,672,590,0,397,357,0,388,874,0,0
LTFM,2022-07-25,686,587,0,403,353,0,370,901,2,0
LTFM,2022-07-26,653,555,0,391,317,0,380,828,0,0
LTFM,2022-07-27,671,602,0,387,362,0,382,891,0,0
LTFM,2022-07-28,665,595,0,402,359,0,396,864,0,0
LTFM,2022-07-29,677,605,0,407,370,0,382,898,2,0
LTFM,2022-07-30,680,603,0,415,369,0,396,884,3,0
LTFM,2022-07-31,690,618,0,416,365,0,414,889,5,0
LTFM,2022-08-01,693,677,0,412,409,0,403,967,0,0
LTFM,2022-08-02,664,663,0,393,390,0,407,918,2,0
LTFM,2022-08-03,674,682,0,398,401,0,411,945,0,0
LTFM,2022-08-04,670,666,0,398,395,0,427,907,2,0
LTFM,2022-08-05,687,696,0,412,420,0,413,970,0,0
LTFM,2022-08-06,667,665,0,402,400,0,416,916,0,0
LTFM,2022-08-07,687,685,0,413,408,0,412,958,2,0
LTFM,2022-08-08,669,663,0,406,398,0,398,934,0,0
LTFM,2022-08-09,647,660,0,382,382,0,402,903,2,0
LTFM,2022-08-10,669,663,0,393,395,0,406,926,0,0
LTFM,2022-08-11,665,655,0,394,396,0,419,901,0,0
LTFM,2022-08-12,680,684,0,405,412,0,422,942,0,0
LTFM,2022-08-13,671,672,0,402,403,0,427,913,3,0
LTFM,2022-08-14,682,684,0,407,407,0,416,945,5,0
LTFM,2022-08-15,690,683,0,411,400,0,411,961,1,0
LTFM,2022-08-16,654,666,0,385,388,2,404,913,1,0
LTFM,2022-08-17,666,668,0,383,393,0,410,924,0,0
LTFM,2022-08-18,664,662,0,387,391,0,430,895,1,0
LTFM,2022-08-19,683,687,0,404,407,0,421,945,4,0
LTFM,2022-08-20,676,669,0,404,399,0,429,915,1,0
LTFM,2022-08-21,681,684,0,398,396,2,418,941,3,0
LTFM,2022-08-22,666,659,0,396,394,0,407,918,0,0
LTFM,2022-08-23,632,647,0,364,370,0,406,871,2,0
LTFM,2022-08-24,617,614,0,350,368,0,376,853,2,0
LTFM,2022-08-25,649,640,0,386,359,2,447,840,0,0
LTFM,2022-08-26,669,669,0,386,391,0,420,915,3,0
LTFM,2022-08-27,663,667,0,390,393,0,430,897,3,0
LTFM,2022-08-28,681,673,0,400,397,0,442,910,2,0
LTFM,2022-08-29,660,642,0,389,376,0,406,890,4,0
LTFM,2022-08-30,639,654,0,376,380,0,408,882,3,0
LTFM,2022-08-31,600,627,0,336,373,0,399,828,0,0
LTFM,2022-09-01,686,699,0,407,414,0,446,937,2,0
LTFM,2022-09-02,698,694,0,414,416,2,413,977,0,0
LTFM,2022-09-03,698,696,0,420,420,0,426,968,0,0
LTFM,2022-09-04,691,699,0,409,405,0,435,953,2,0
LTFM,2022-09-05,699,682,0,417,410,0,397,984,0,0
LTFM,2022-09-06,656,664,0,394,398,0,409,911,0,0
LTFM,2022-09-07,688,677,0,401,404,0,412,953,0,0
LTFM,2022-09-08,668,674,0,401,400,0,428,914,0,0
LTFM,2022-09-09,693,698,0,408,419,0,416,975,0,0
LTFM,2022-09-10,690,690,0,415,409,0,450,930,0,0
LTFM,2022-09-11,687,693,0,412,409,0,443,935,2,0
LTFM,2022-09-12,685,663,0,404,398,0,396,951,1,0
LTFM,2022-09-13,640,650,0,378,383,0,402,884,4,0
LTFM,2022-09-14,666,659,0,396,398,0,419,901,4,0
LTFM,2022-09-15,668,683,0,396,404,0,432,916,3,0
LTFM,2022-09-16,678,672,0,391,391,0,425,922,3,0
LTFM,2022-09-17,684,680,0,413,404,0,422,936,6,0
LTFM,2022-09-18,675,679,0,401,398,0,423,928,3,0
LTFM,2022-09-19,658,645,0,374,373,0,400,902,1,0
LTFM,2022-09-20,619,629,0,360,359,0,401,846,1,0
LTFM,2022-09-21,629,625,0,363,363,0,398,856,0,0
LTFM,2022-09-22,656,660,0,377,381,0,438,878,0,0
LTFM,2022-09-23,666,661,0,384,392,0,414,912,1,0
LTFM,2022-09-24,662,651,0,390,382,0,422,891,0,0
LTFM,2022-09-25,659,669,0,381,384,2,419,907,0,0
LTFM,2022-09-26,663,648,0,376,375,0,398,913,0,0
LTFM,2022-09-27,620,634,0,360,361,0,392,862,0,0
LTFM,2022-09-28,646,643,0,364,369,0,415,874,0,0
LTFM,2022-09-29,653,660,0,377,381,0,422,889,2,0
LTFM,2022-09-30,638,649,0,361,387,0,393,894,0,0
LTFM,2022-10-01,684,686,0,404,406,0,435,935,0,0
LTFM,2022-10-02,671,660,0,387,385,0,424,907,0,0
LTFM,2022-10-03,644,621,0,369,358,0,388,874,3,0
LTFM,2022-10-04,597,599,0,345,337,0,385,810,1,0
LTFM,2022-10-05,593,596,0,341,348,0,379,808,2,0
LTFM,2022-10-06,596,600,0,339,345,0,411,783,2,0
LTFM,2022-10-07,626,632,0,359,366,0,399,859,0,0
LTFM,2022-10-08,638,631,0,372,370,0,421,844,4,0
LTFM,2022-10-09,629,634,0,365,365,0,398,865,0,0
LTFM,2022-10-10,604,599,0,348,341,0,373,830,0,0
LTFM,2022-10-11,575,569,0,326,312,0,383,761,0,0
LTFM,2022-10-12,591,590,0,338,338,0,383,798,0,0
LTFM,2022-10-13,579,586,0,333,337,0,398,767,0,0
LTFM,2022-10-14,619,625,0,358,361,0,397,847,0,0
LTFM,2022-10-15,639,641,0,381,371,0,414,866,0,0
LTFM,2022-10-16,623,617,0,365,365,0,399,840,1,0
LTFM,2022-10-17,601,587,0,339,330,0,385,803,0,0
LTFM,2022-10-18,574,573,0,326,318,2,375,770,0,0
LTFM,2022-10-19,583,587,0,331,327,0,389,781,0,0
LTFM,2022-10-20,579,596,0,332,341,0,410,760,3,0
LTFM,2022-10-21,620,616,0,352,356,0,395,840,1,0
LTFM,2022-10-22,625,612,0,368,359,0,405,832,0,0
LTFM,2022-10-23,616,618,0,360,364,0,396,837,1,0
LTFM,2022-10-24,597,569,0,338,325,0,371,793,2,0
LTFM,2022-10-25,550,566,0,306,306,0,387,729,0,0
LTFM,2022-10-26,588,580,0,335,333,0,403,761,2,0
LTFM,2022-10-27,572,590,0,322,342,0,395,766,1,0
LTFM,2022-10-28,603,605,0,348,348,0,375,833,0,0
LTFM,2022-10-29,614,601,0,363,352,0,398,815,2,0
LTFM,2022-10-30,621,611,0,354,349,0,381,851,0,0
LTFM,2022-10-31,557,564,0,308,314,0,325,795,1,0
LTFM,2022-11-01,607,611,0,339,346,0,332,886,0,0
LTFM,2022-11-02,623,626,0,363,359,0,339,908,2,0
LTFM,2022-11-03,617,619,0,349,356,0,350,886,0,0
LTFM,2022-11-04,632,638,0,363,367,0,330,940,0,0
LTFM,2022-11-05,637,626,0,364,366,0,356,905,2,0
LTFM,2022-11-06,635,645,0,369,376,0,356,924,0,0
LTFM,2022-11-07,627,609,0,363,357,0,325,911,0,0
LTFM,2022-11-08,599,589,0,335,332,0,320,866,2,0
LTFM,2022-11-09,609,608,0,350,343,0,339,876,2,0
LTFM,2022-11-10,618,622,0,349,353,0,349,889,2,0
LTFM,2022-11-11,630,627,0,364,358,0,330,927,0,0
LTFM,2022-11-12,633,627,0,362,363,0,332,927,1,0
LTFM,2022-11-13,645,644,0,373,366,0,351,938,0,0
LTFM,2022-11-14,614,603,0,351,347,0,324,893,0,0
LTFM,2022-11-15,591,592,0,322,326,0,314,867,2,0
LTFM,2022-11-16,610,605,0,345,341,0,342,873,0,0
LTFM,2022-11-17,615,617,0,344,347,0,350,882,0,0
LTFM,2022-11-18,620,627,0,354,356,0,350,897,0,0
LTFM,2022-11-19,643,641,0,363,362,0,344,937,3,0
LTFM,2022-11-20,644,640,0,369,370,0,343,941,0,0
LTFM,2022-11-21,600,592,0,326,332,0,324,868,0,0
LTFM,2022-11-22,598,582,0,327,317,0,320,860,0,0
LTFM,2022-11-23,591,598,0,322,323,0,336,852,1,0
LTFM,2022-11-24,605,609,0,332,332,0,353,861,0,0
LTFM,2022-11-25,616,619,0,347,353,0,330,905,0,0
LTFM,2022-11-26,629,626,0,343,346,0,340,915,0,0
LTFM,2022-11-27,648,640,0,372,362,0,345,943,0,0
LTFM,2022-11-28,604,578,0,326,328,0,333,849,0,0
LTFM,2022-11-29,570,589,0,308,315,0,315,840,4,0
LTFM,2022-11-30,571,568,0,311,317,0,327,812,0,0
LTFM,2022-12-01,613,602,0,332,329,0,337,878,0,0
LTFM,2022-12-02,604,589,0,332,330,0,325,867,1,0
LTFM,2022-12-03,605,606,0,337,331,0,313,897,1,0
LTFM,2022-12-04,631,611,0,349,344,0,333,909,0,0
LTFM,2022-12-05,549,540,0,308,300,0,290,799,0,0
LTFM,2022-12-06,559,535,0,293,284,0,294,800,0,0
LTFM,2022-12-07,575,552,0,320,307,0,305,821,1,0
LTFM,2022-12-08,575,565,0,312,312,0,314,826,0,0
LTFM,2022-12-09,580,577,0,329,321,0,309,846,2,0
LTFM,2022-12-10,588,583,0,322,324,0,314,853,4,0
LTFM,2022-12-11,611,588,0,339,335,0,321,878,0,0
LTFM,2022-12-12,550,530,0,297,291,0,307,773,0,0
LTFM,2022-12-13,540,528,0,281,277,0,299,769,0,0
LTFM,2022-12-14,551,564,0,304,301,0,317,798,0,0
LTFM,2022-12-15,607,596,0,327,327,0,349,853,1,0
LTFM,2022-12-16,627,623,0,345,341,0,333,912,5,0
LTFM,2022-12-17,617,604,0,342,333,0,326,895,0,0
LTFM,2022-12-18,604,603,0,324,325,0,350,856,1,0
LTFM,2022-12-19,589,569,0,318,311,0,334,824,0,0
LTFM,2022-12-20,594,570,0,318,312,0,315,849,0,0
LTFM,2022-12-21,617,613,0,342,335,0,319,910,1,0
LTFM,2022-12-22,654,626,0,351,341,0,349,929,2,0
LTFM,2022-12-23,652,641,0,364,356,0,332,961,0,0
LTFM,2022-12-24,632,626,0,356,350,0,322,934,2,0
LTFM,2022-12-25,661,649,0,353,349,0,342,968,0,0
LTFM,2022-12-26,635,587,0,351,337,0,313,909,0,0
LTFM,2022-12-27,605,596,0,324,321,0,303,898,0,0
LTFM,2022-12-28,618,613,0,348,343,0,325,906,0,0
LTFM,2022-12-29,631,621,0,355,345,0,325,927,0,0
LTFM,2022-12-30,639,635,0,359,362,0,305,969,0,0
LTFM,2022-12-31,565,504,0,298,296,0,269,798,2,0
LTFM,2023-01-01,636,646,0,365,357,0,330,952,0,0
LTFM,2023-01-02,686,666,0,383,400,0,337,1012,3,0
LTFM,2023-01-03,648,638,0,342,349,0,354,930,2,0
LTFM,2023-01-04,615,613,0,339,340,0,331,897,0,0
LTFM,2023-01-05,632,614,0,349,337,0,351,895,0,0
LTFM,2023-01-06,649,661,0,356,354,0,332,978,0,0
LTFM,2023-01-07,648,628,0,349,340,0,334,942,0,0
LTFM,2023-01-08,685,649,0,370,353,0,361,971,2,0
LTFM,2023-01-09,626,612,0,349,351,0,330,906,2,0
LTFM,2023-01-10,602,598,0,321,315,0,343,856,1,0
LTFM,2023-01-11,606,589,0,335,326,2,320,873,0,0
LTFM,2023-01-12,613,600,0,344,336,0,330,882,1,0
LTFM,2023-01-13,641,647,0,367,365,0,327,960,1,0
LTFM,2023-01-14,634,617,0,355,346,0,334,917,0,0
LTFM,2023-01-15,648,637,0,365,352,0,353,932,0,0
LTFM,2023-01-16,613,589,0,347,351,2,329,870,1,0
LTFM,2023-01-17,594,589,0,321,319,0,335,846,2,0
LTFM,2023-01-18,610,602,0,348,347,0,317,895,0,0
LTFM,2023-01-19,609,607,0,353,354,0,346,869,1,0
LTFM,2023-01-20,638,644,0,370,366,0,340,942,0,0
LTFM,2023-01-21,651,634,0,368,363,0,335,950,0,0
LTFM,2023-01-22,655,656,0,371,375,0,347,964,0,0
LTFM,2023-01-23,618,588,0,358,349,0,318,888,0,0
LTFM,2023-01-24,604,582,0,337,327,0,314,872,0,0
LTFM,2023-01-25,611,598,0,355,347,0,319,890,0,0
LTFM,2023-01-26,606,602,0,353,345,0,335,873,0,0
LTFM,2023-01-27,620,619,0,358,355,0,322,917,0,0
LTFM,2023-01-28,643,620,0,364,355,0,323,938,1,0
LTFM,2023-01-29,636,637,0,368,363,0,350,923,0,0
LTFM,2023-01-30,592,585,0,338,348,0,321,856,0,0
LTFM,2023-01-31,589,568,0,327,311,0,316,841,0,0
LTFM,2023-02-01,607,628,0,352,361,0,349,884,2,0
LTFM,2023-02-02,618,612,0,352,352,0,341,889,0,0
LTFM,2023-02-03,648,668,0,374,376,0,352,964,0,0
LTFM,2023-02-04,644,635,0,362,361,0,345,934,0,0
LTFM,2023-02-05,590,523,0,326,280,0,323,790,0,0
LTFM,2023-02-06,477,545,0,255,309,0,309,713,0,0
LTFM,2023-02-07,590,573,0,337,335,0,312,851,0,0
LTFM,2023-02-08,589,592,0,337,342,0,360,821,0,0
LTFM,2023-02-09,662,667,0,411,401,0,376,951,1,0
LTFM,2023-02-10,679,687,0,420,407,0,364,999,3,0
LTFM,2023-02-11,668,671,0,402,404,4,370,965,0,0
LTFM,2023-02-12,677,673,0,402,394,2,386,960,2,0
LTFM,2023-02-13,625,612,0,377,370,0,346,887,4,0
LTFM,2023-02-14,614,621,0,353,360,0,343,892,0,0
LTFM,2023-02-15,647,651,0,370,377,0,390,908,0,0
LTFM,2023-02-16,637,634,0,378,376,0,367,903,1,0
LTFM,2023-02-17,643,644,0,379,370,0,375,907,5,0
LTFM,2023-02-18,664,665,0,384,392,0,385,944,0,0
LTFM,2023-02-19,674,680,0,395,388,0,383,969,2,0
LTFM,2023-02-20,635,630,0,368,375,0,360,905,0,0
LTFM,2023-02-21,620,619,0,360,358,0,342,897,0,0
LTFM,2023-02-22,647,645,0,381,374,0,357,933,2,0
LTFM,2023-02-23,641,639,0,383,380,0,354,926,0,0
LTFM,2023-02-24,654,676,0,395,397,0,366,964,0,0
LTFM,2023-02-25,669,654,0,390,387,0,358,963,2,0
LTFM,2023-02-26,678,678,0,398,390,0,375,980,1,0
LTFM,2023-02-27,639,636,0,381,380,0,358,916,1,0
LTFM,2023-02-28,636,633,0,363,361,0,346,922,1,0
LTFM,2023-03-01,631,629,0,365,366,0,320,939,1,0
LTFM,2023-03-02,642,626,0,373,360,0,362,906,0,0
LTFM,2023-03-03,651,636,0,371,365,0,344,943,0,0
LTFM,2023-03-04,648,629,0,371,366,0,344,932,1,0
LTFM,2023-03-05,672,652,0,376,369,0,349,972,3,0
LTFM,2023-03-06,619,603,0,354,349,0,338,884,0,0
LTFM,2023-03-07,595,580,0,327,325,0,325,850,0,0
LTFM,2023-03-08,613,605,0,344,336,0,337,878,3,0
LTFM,2023-03-09,618,591,0,352,337,0,343,866,0,0
LTFM,2023-03-10,645,636,0,357,359,0,350,931,0,0
LTFM,2023-03-11,635,611,0,360,350,0,331,914,1,0
LTFM,2023-03-12,674,664,0,382,371,0,361,975,2,0
LTFM,2023-03-13,624,605,0,356,353,0,332,895,2,0
LTFM,2023-03-14,597,584,0,331,317,0,337,844,0,0
LTFM,2023-03-15,631,601,0,350,343,1,340,891,0,0
LTFM,2023-03-16,628,613,0,346,341,0,354,885,2,0
LTFM,2023-03-17,647,636,0,359,355,0,369,914,0,0
LTFM,2023-03-18,636,617,0,361,352,0,369,884,0,0
LTFM,2023-03-19,662,662,0,368,371,0,374,950,0,0
LTFM,2023-03-20,647,624,0,365,362,0,351,920,0,0
LTFM,2023-03-21,608,594,0,328,327,0,333,869,0,0
LTFM,2023-03-22,637,620,0,356,342,0,353,904,0,0
LTFM,2023-03-23,603,595,0,336,337,0,341,857,0,0
LTFM,2023-03-24,627,624,0,355,351,0,353,898,0,0
LTFM,2023-03-25,620,600,0,349,337,0,338,882,0,0
LTFM,2023-03-26,664,663,0,389,387,0,352,975,0,0
LTFM,2023-03-27,616,597,0,357,353,0,338,875,0,0
LTFM,2023-03-28,624,616,0,366,356,0,341,899,0,0
LTFM,2023-03-29,619,608,0,359,353,0,350,877,0,0
LTFM,2023-03-30,610,614,0,359,358,0,341,883,0,0
LTFM,2023-03-31,641,642,0,367,380,0,359,924,0,0
LTFM,2023-04-01,637,642,0,375,379,0,368,911,0,0
LTFM,2023-04-02,663,662,0,379,377,0,387,936,2,0
LTFM,2023-04-03,637,623,0,376,370,0,368,892,0,0
LTFM,2023-04-04,612,613,0,364,360,0,357,865,3,0
LTFM,2023-04-05,628,628,0,371,373,0,367,886,3,0
LTFM,2023-04-06,612,616,0,363,362,0,359,869,0,0
LTFM,2023-04-07,653,646,0,389,383,0,367,932,0,0
LTFM,2023-04-08,626,628,0,375,368,0,361,891,2,0
LTFM,2023-04-09,650,660,0,388,390,0,365,945,0,0
LTFM,2023-04-10,621,606,0,374,372,0,345,882,0,0
LTFM,2023-04-11,602,612,0,360,361,0,358,856,0,0
LTFM,2023-04-12,626,625,0,380,385,0,356,894,1,0
LTFM,2023-04-13,638,643,0,400,399,0,346,935,0,0
LTFM,2023-04-14,687,691,0,431,434,0,373,1004,1,0
LTFM,2023-04-15,680,675,0,430,421,0,373,982,0,0
LTFM,2023-04-16,700,703,0,434,428,0,377,1026,0,0
LTFM,2023-04-17,672,662,0,423,425,0,347,987,0,0
LTFM,2023-04-18,660,675,0,417,429,0,357,978,0,0
LTFM,2023-04-19,728,720,0,457,452,0,367,1081,0,0
LTFM,2023-04-20,720,719,0,454,451,0,385,1054,0,0
LTFM,2023-04-21,686,692,0,418,420,0,361,1017,0,0
LTFM,2023-04-22,709,717,0,433,438,0,367,1059,0,0
LTFM,2023-04-23,781,781,0,483,483,0,388,1174,0,0
LTFM,2023-04-24,741,726,0,448,441,0,381,1086,0,0
LTFM,2023-04-25,703,705,0,420,421,0,378,1030,0,0
LTFM,2023-04-26,717,715,0,425,424,0,369,1063,0,0
LTFM,2023-04-27,708,719,0,434,436,0,371,1056,0,0
LTFM,2023-04-28,740,739,0,437,449,0,390,1089,0,0
LTFM,2023-04-29,726,715,0,438,429,0,395,1041,3,0
LTFM,2023-04-30,742,747,0,444,448,0,396,1093,0,0
LTFM,2023-05-01,733,725,0,435,439,0,372,1084,2,0
LTFM,2023-05-02,710,705,0,430,425,0,359,1056,0,0
LTFM,2023-05-03,712,703,0,430,432,0,358,1057,0,0
LTFM,2023-05-04,688,700,0,429,428,0,339,1049,0,0
LTFM,2023-05-05,746,733,0,450,443,0,377,1098,4,0
LTFM,2023-05-06,710,706,0,433,428,0,352,1063,1,0
LTFM,2023-05-07,750,758,0,453,458,0,381,1123,4,0
LTFM,2023-05-08,705,701,0,425,433,0,351,1053,2,0
LTFM,2023-05-09,699,708,0,421,420,0,353,1050,4,0
LTFM,2023-05-10,714,700,0,434,436,0,362,1050,2,0
LTFM,2023-05-11,690,708,0,433,433,0,354,1043,1,0
LTFM,2023-05-12,738,735,0,446,452,0,381,1090,2,0
LTFM,2023-05-13,704,707,0,433,430,0,360,1051,0,0
LTFM,2023-05-14,732,728,0,443,442,0,374,1086,0,0
LTFM,2023-05-15,700,692,0,426,422,0,345,1045,2,0
LTFM,2023-05-16,689,684,0,417,410,0,354,1019,0,0
LTFM,2023-05-17,695,695,0,418,430,0,366,1024,0,0
LTFM,2023-05-18,692,709,0,434,439,0,349,1052,0,0
LTFM,2023-05-19,710,701,0,426,419,0,363,1047,1,0
LTFM,2023-05-20,686,689,0,413,420,0,351,1023,1,0
LTFM,2023-05-21,737,742,0,453,455,0,386,1093,0,0
LTFM,2023-05-22,692,679,0,418,418,0,340,1031,0,0
LTFM,2023-05-23,674,674,0,406,402,0,345,1001,2,0
LTFM,2023-05-24,691,681,0,411,410,0,348,1024,0,0
LTFM,2023-05-25,686,706,0,423,431,0,348,1043,1,0
LTFM,2023-05-26,721,728,0,444,452,0,362,1086,1,0
LTFM,2023-05-27,718,707,0,446,439,0,374,1051,0,0
LTFM,2023-05-28,735,732,0,456,453,0,363,1104,0,0
LTFM,2023-05-29,696,700,0,426,433,0,342,1054,0,0
LTFM,2023-05-30,713,710,0,426,423,0,361,1061,1,0
LTFM,2023-05-31,700,698,0,417,419,0,351,1046,1,0
LTFM,2023-06-01,706,715,0,431,434,0,364,1057,0,0
LTFM,2023-06-02,724,715,0,427,433,0,375,1064,0,0
LTFM,2023-06-03,702,697,0,424,426,0,373,1026,0,0
LTFM,2023-06-04,750,759,0,452,452,0,394,1115,0,0
LTFM,2023-06-05,718,709,0,427,432,0,349,1078,0,0
LTFM,2023-06-06,688,685,0,412,407,0,353,1018,2,0
LTFM,2023-06-07,707,699,0,424,425,0,347,1058,1,0
LTFM,2023-06-08,747,732,0,460,449,0,350,1127,2,0
LTFM,2023-06-09,825,771,0,505,485,0,379,1201,10,0
LTFM,2023-06-10,808,743,0,520,466,0,359,1179,13,0
LTFM,2023-06-11,773,921,0,481,587,0,374,1306,13,0
LTFM,2023-06-12,728,722,0,437,440,2,350,1094,4,0
LTFM,2023-06-13,703,706,0,417,416,0,356,1050,3,0
LTFM,2023-06-14,711,711,0,418,430,0,353,1069,0,0
LTFM,2023-06-15,721,727,0,429,433,0,354,1094,0,0
LTFM,2023-06-16,745,743,0,444,446,0,372,1114,2,0
LTFM,2023-06-17,727,726,0,445,443,0,364,1089,0,0
LTFM,2023-06-18,765,761,0,461,455,0,373,1151,2,0
LTFM,2023-06-19,723,721,0,427,434,0,368,1076,0,0
LTFM,2023-06-20,732,734,0,425,421,2,389,1075,0,0
LTFM,2023-06-21,733,730,0,430,436,0,391,1072,0,0
LTFM,2023-06-22,745,750,0,448,448,0,382,1111,2,0
LTFM,2023-06-23,769,772,0,460,473,0,406,1135,0,0
LTFM,2023-06-24,759,752,0,468,468,0,404,1105,2,0
LTFM,2023-06-25,792,793,0,482,472,0,423,1160,2,0
LTFM,2023-06-26,770,766,0,466,469,0,389,1147,0,0
LTFM,2023-06-27,771,769,0,463,463,0,399,1141,0,0
LTFM,2023-06-28,747,745,0,442,448,0,391,1099,0,0
LTFM,2023-06-29,732,740,0,452,455,0,372,1100,0,0
LTFM,2023-06-30,757,760,0,452,461,0,383,1134,0,0
LTFM,2023-07-01,757,755,0,460,461,0,388,1124,0,0
LTFM,2023-07-02,827,826,0,508,501,0,423,1227,3,0
LTFM,2023-07-03,773,764,0,452,451,0,372,1164,1,0
LTFM,2023-07-04,753,748,0,435,429,0,364,1136,0,0
LTFM,2023-07-05,754,743,0,431,428,0,384,1113,0,0
LTFM,2023-07-06,738,740,0,424,430,0,370,1105,3,0
LTFM,2023-07-07,753,763,0,436,446,0,386,1130,0,0
LTFM,2023-07-08,746,728,0,440,429,0,370,1104,0,0
LTFM,2023-07-09,770,773,0,454,450,0,394,1144,5,0
LTFM,2023-07-10,742,726,0,428,435,0,355,1112,1,0
LTFM,2023-07-11,738,733,0,423,408,0,378,1092,1,0
LTFM,2023-07-12,748,739,0,426,428,0,383,1103,1,0
LTFM,2023-07-13,735,741,0,430,431,0,367,1109,0,0
LTFM,2023-07-14,761,754,0,445,442,0,378,1136,0,0
LTFM,2023-07-15,737,733,0,433,427,0,379,1089,2,0
LTFM,2023-07-16,774,768,0,453,449,0,383,1156,3,0
LTFM,2023-07-17,741,713,0,434,424,0,360,1092,2,0
LTFM,2023-07-18,734,726,0,420,409,0,381,1079,0,0
LTFM,2023-07-19,720,712,0,418,417,0,369,1062,0,0
LTFM,2023-07-20,738,747,0,428,431,0,385,1100,0,0
LTFM,2023-07-21,767,747,0,450,450,0,393,1121,0,0
LTFM,2023-07-22,735,734,0,433,425,0,398,1070,1,0
LTFM,2023-07-23,756,751,0,448,442,0,402,1103,0,0
LTFM,2023-07-24,739,725,0,433,430,0,382,1081,1,0
LTFM,2023-07-25,739,725,0,426,414,0,383,1071,10,0
LTFM,2023-07-26,741,718,0,432,425,1,405,1051,2,0
LTFM,2023-07-27,725,726,0,431,434,1,376,1074,0,0
LTFM,2023-07-28,751,754,0,440,448,0,393,1112,0,0
LTFM,2023-07-29,731,727,0,429,426,0,388,1070,0,0
LTFM,2023-07-30,762,758,0,445,444,0,408,1112,0,0
LTFM,2023-07-31,751,738,0,441,440,0,382,1103,3,0
LTFM,2023-08-01,767,764,0,442,444,0,423,1108,0,0
LTFM,2023-08-02,750,734,0,437,432,0,410,1072,2,0
LTFM,2023-08-03,755,768,0,453,460,0,404,1116,3,0
LTFM,2023-08-04,779,759,0,456,454,0,424,1109,5,0
LTFM,2023-08-05,746,746,0,446,445,0,406,1085,1,0
LTFM,2023-08-06,787,783,0,467,458,0,422,1144,4,0
LTFM,2023-08-07,765,751,0,449,450,0,390,1120,6,0
LTFM,2023-08-08,765,751,0,445,431,0,405,1111,0,0
LTFM,2023-08-09,763,761,0,444,450,0,415,1104,3,0
LTFM,2023-08-10,757,742,0,446,445,0,388,1107,4,0
LTFM,2023-08-11,780,788,0,452,460,0,428,1137,3,0
LTFM,2023-08-12,746,743,0,440,440,0,390,1098,1,0
LTFM,2023-08-13,777,769,0,460,452,0,412,1133,1,0
LTFM,2023-08-14,757,742,0,439,434,0,392,1104,3,0
LTFM,2023-08-15,759,752,0,438,429,0,406,1101,4,0
LTFM,2023-08-16,753,747,0,431,438,0,394,1105,1,0
LTFM,2023-08-17,749,756,0,439,447,0,390,1112,3,0
LTFM,2023-08-18,780,769,0,458,455,0,410,1138,1,0
LTFM,2023-08-19,765,758,0,453,449,0,403,1120,0,0
LTFM,2023-08-20,779,778,0,468,466,0,399,1158,0,0
LTFM,2023-08-21,756,749,0,440,443,0,370,1132,3,0
LTFM,2023-08-22,744,740,0,436,430,0,387,1096,1,0
LTFM,2023-08-23,761,761,0,445,445,0,401,1118,3,0
LTFM,2023-08-24,759,763,0,446,457,0,390,1131,1,0
LTFM,2023-08-25,781,772,0,454,455,0,405,1148,0,0
LTFM,2023-08-26,758,752,0,444,443,0,408,1099,3,0
LTFM,2023-08-27,771,752,0,454,439,0,401,1121,1,0
LTFM,2023-08-28,744,740,0,432,439,0,365,1117,2,0
LTFM,2023-08-29,783,775,0,473,463,0,386,1170,2,0
LTFM,2023-08-30,775,770,0,458,459,0,400,1141,4,0
LTFM,2023-08-31,743,737,0,438,443,0,374,1104,2,0
LTFM,2023-09-01,776,770,0,463,464,0,403,1142,1,0
LTFM,2023-09-02,751,743,0,453,446,0,385,1108,1,0
LTFM,2023-09-03,784,771,0,473,467,0,383,1170,2,0
LTFM,2023-09-04,766,749,0,454,452,0,377,1136,2,0
LTFM,2023-09-05,750,748,0,450,441,0,387,1111,0,0
LTFM,2023-09-06,756,740,0,450,443,0,385,1111,0,0
LTFM,2023-09-07,738,731,0,442,445,0,357,1110,2,0
LTFM,2023-09-08,770,768,0,461,462,0,394,1142,2,0
LTFM,2023-09-09,753,745,0,455,449,1,394,1097,6,0
LTFM,2023-09-10,777,776,0,466,461,0,413,1140,0,0
LTFM,2023-09-11,763,754,0,457,462,0,370,1146,1,0
LTFM,2023-09-12,744,742,0,437,433,0,381,1105,0,0
LTFM,2023-09-13,750,746,0,440,441,0,387,1108,1,0
LTFM,2023-09-14,751,743,0,452,449,0,373,1119,2,0
LTFM,2023-09-15,777,772,0,457,461,0,397,1150,2,0
LTFM,2023-09-16,752,737,0,449,443,0,389,1098,2,0
LTFM,2023-09-17,770,768,0,459,458,0,410,1127,1,0
LTFM,2023-09-18,732,729,0,432,433,0,362,1096,3,0
LTFM,2023-09-19,736,719,0,427,420,0,372,1082,1,0
LTFM,2023-09-20,735,742,0,429,435,0,379,1097,1,0
LTFM,2023-09-21,726,721,0,429,430,0,372,1075,0,0
LTFM,2023-09-22,761,755,0,446,446,0,399,1116,1,0
LTFM,2023-09-23,726,706,0,430,422,0,377,1052,2,0
LTFM,2023-09-24,736,737,0,448,442,0,380,1091,2,0
LTFM,2023-09-25,726,718,0,433,433,0,359,1084,1,0
LTFM,2023-09-26,727,725,0,418,415,0,385,1065,2,0
LTFM,2023-09-27,722,719,0,422,428,0,370,1068,3,0
LTFM,2023-09-28,700,668,0,406,396,0,360,1008,0,0
LTFM,2023-09-29,780,782,0,462,458,0,402,1159,1,0
LTFM,2023-09-30,722,698,0,419,411,0,393,1025,2,0
LTFM,2023-10-01,687,680,0,389,402,0,392,975,0,0
LTFM,2023-10-02,737,722,0,443,412,0,398,1058,3,0
LTFM,2023-10-03,722,721,0,412,412,0,398,1042,3,0
LTFM,2023-10-04,712,708,0,418,413,0,379,1038,3,0
LTFM,2023-10-05,708,710,0,419,425,0,380,1035,3,0
LTFM,2023-10-06,743,748,0,438,443,0,390,1099,2,0
LTFM,2023-10-07,704,698,0,414,413,0,371,1031,0,0
LTFM,2023-10-08,748,737,0,448,439,0,397,1085,3,0
LTFM,2023-10-09,706,701,0,417,419,0,367,1039,1,0
LTFM,2023-10-10,699,702,0,401,400,0,387,1014,0,0
LTFM,2023-10-11,697,678,0,407,406,0,369,1006,0,0
LTFM,2023-10-12,677,695,0,410,414,0,381,989,2,0
LTFM,2023-10-13,728,720,0,425,432,0,384,1063,1,0
LTFM,2023-10-14,700,708,0,421,415,0,372,1035,1,0
LTFM,2023-10-15,737,730,0,436,435,0,413,1054,0,0
LTFM,2023-10-16,701,694,0,413,414,0,364,1031,0,0
LTFM,2023-10-17,681,682,0,393,392,0,370,993,0,0
LTFM,2023-10-18,690,681,0,402,403,0,374,997,0,0
LTFM,2023-10-19,674,681,0,408,411,0,367,984,4,0
LTFM,2023-10-20,720,724,0,424,433,0,402,1038,4,0
LTFM,2023-10-21,697,694,0,417,413,0,379,1009,3,0
LTFM,2023-10-22,720,727,0,434,433,0,399,1047,1,0
LTFM,2023-10-23,693,679,0,411,411,0,355,1016,1,0
LTFM,2023-10-24,679,673,0,395,389,0,362,989,1,0
LTFM,2023-10-25,705,684,0,416,405,0,358,1028,3,0
LTFM,2023-10-26,680,684,0,413,413,0,364,1000,0,0
LTFM,2023-10-27,687,697,0,396,422,0,377,1005,2,0
LTFM,2023-10-28,740,734,0,455,435,0,402,1070,2,0
LTFM,2023-10-29,705,702,0,414,407,0,364,1037,6,0
LTFM,2023-10-30,653,647,0,384,390,0,312,983,5,0
LTFM,2023-10-31,625,635,0,355,362,0,349,911,0,0
LTFM,2023-11-01,601,530,0,332,329,0,304,827,0,0
LTFM,2023-11-02,606,656,0,380,370,0,362,900,0,0
LTFM,2023-11-03,672,686,0,385,391,0,353,1005,0,0
LTFM,2023-11-04,648,639,0,373,372,0,330,955,2,0
LTFM,2023-11-05,711,704,0,415,411,0,375,1040,0,0
LTFM,2023-11-06,664,656,0,394,396,0,337,979,4,0
LTFM,2023-11-07,645,650,0,371,369,0,360,935,0,0
LTFM,2023-11-08,660,651,0,386,381,0,350,959,2,0
LTFM,2023-11-09,641,579,0,386,373,0,312,908,0,0
LTFM,2023-11-10,677,637,0,392,369,0,349,965,0,0
LTFM,2023-11-11,651,621,0,378,378,0,323,944,5,0
LTFM,2023-11-12,712,707,0,431,403,0,385,1032,2,0
LTFM,2023-11-13,637,639,0,379,390,0,321,953,2,0
LTFM,2023-11-14,644,643,0,366,365,0,352,935,0,0
LTFM,2023-11-15,668,665,0,395,393,0,348,985,0,0
LTFM,2023-11-16,642,647,0,387,391,0,336,950,3,0
LTFM,2023-11-17,679,678,0,395,394,0,354,1003,0,0
LTFM,2023-11-18,656,646,0,365,366,0,363,939,0,0
LTFM,2023-11-19,648,647,0,375,373,0,367,928,0,0
LTFM,2023-11-20,661,652,0,396,396,0,326,987,0,0
LTFM,2023-11-21,629,629,0,354,353,0,341,917,0,0
LTFM,2023-11-22,654,644,0,382,374,0,345,953,0,0
LTFM,2023-11-23,651,639,0,390,385,0,341,946,3,0
LTFM,2023-11-24,676,690,0,390,398,0,365,1001,0,0
LTFM,2023-11-25,649,647,0,373,375,0,356,939,1,0
LTFM,2023-11-26,661,656,0,379,381,0,362,955,0,0
LTFM,2023-11-27,644,632,0,385,385,0,318,956,2,0
LTFM,2023-11-28,610,597,0,329,323,0,354,853,0,0
LTFM,2023-11-29,653,646,0,383,376,0,344,955,0,0
LTFM,2023-11-30,584,571,0,337,360,0,314,841,0,0
LTFM,2023-12-01,2,0,0,0,NA,0,2,0,0,0
LTFM,2024-01-01,642,635,0,374,375,0,311,962,4,0
LTFM,2024-01-02,656,653,0,356,361,0,360,949,0,0
LTFM,2024-01-03,675,667,0,375,379,0,361,979,2,0
LTFM,2024-01-04,637,636,0,363,361,0,344,926,3,0
LTFM,2024-01-05,687,691,0,379,377,0,376,1001,1,0
LTFM,2024-01-06,695,680,0,392,383,0,374,1001,0,0
LTFM,2024-01-07,691,682,0,381,381,0,374,998,1,0
LTFM,2024-01-08,662,649,0,380,378,0,346,965,0,0
LTFM,2024-01-09,641,633,0,349,346,0,353,919,2,0
LTFM,2024-01-10,657,649,0,369,370,0,348,957,1,0
LTFM,2024-01-11,635,633,0,363,360,0,338,930,0,0
LTFM,2024-01-12,664,665,0,371,378,0,359,970,0,0
LTFM,2024-01-13,662,659,0,377,370,0,366,955,0,0
LTFM,2024-01-14,682,680,0,386,383,0,360,1002,0,0
LTFM,2024-01-15,653,640,0,376,377,0,334,959,0,0
LTFM,2024-01-16,611,602,0,336,337,0,336,877,0,0
LTFM,2024-01-17,647,631,0,367,365,0,366,911,1,0
LTFM,2024-01-18,633,636,0,363,368,0,334,934,1,0
LTFM,2024-01-19,673,673,0,382,385,0,360,983,3,0
LTFM,2024-01-20,682,668,0,396,383,0,354,994,2,0
LTFM,2024-01-21,688,681,0,398,386,0,369,999,1,0
LTFM,2024-01-22,652,645,0,377,377,0,336,960,1,0
LTFM,2024-01-23,635,634,0,360,360,0,333,935,1,0
LTFM,2024-01-24,666,663,0,389,382,0,353,974,2,0
LTFM,2024-01-25,647,641,0,381,376,0,331,956,1,0
LTFM,2024-01-26,665,659,0,373,372,0,348,974,2,0
LTFM,2024-01-27,665,659,0,384,379,0,348,976,0,0
LTFM,2024-01-28,680,674,0,392,391,0,366,987,1,0
LTFM,2024-01-29,645,629,0,377,378,0,320,953,1,0
LTFM,2024-01-30,638,631,0,355,354,0,345,924,0,0
LTFM,2024-01-31,667,650,0,378,375,0,347,970,0,0
LTFM,2024-02-01,637,651,0,376,381,0,330,958,0,0
LTFM,2024-02-02,669,675,0,383,378,0,358,985,1,0
LTFM,2024-02-03,671,665,0,384,383,0,354,982,0,0
LTFM,2024-02-04,691,682,0,405,394,0,342,1031,0,0
LTFM,2024-02-05,649,637,0,384,379,0,321,963,2,0
LTFM,2024-02-06,637,644,0,360,363,0,348,931,2,0
LTFM,2024-02-07,644,639,0,372,371,0,334,949,0,0
LTFM,2024-02-08,639,641,0,376,379,0,339,941,0,0
LTFM,2024-02-09,668,676,0,378,383,0,355,989,0,0
LTFM,2024-02-10,656,657,0,379,375,0,350,963,0,0
LTFM,2024-02-11,699,693,0,399,394,0,367,1024,1,0
LTFM,2024-02-12,642,636,0,377,370,0,323,954,1,0
LTFM,2024-02-13,620,623,0,345,348,0,357,886,0,0
LTFM,2024-02-14,646,635,0,375,369,0,346,935,0,0
LTFM,2024-02-15,641,648,0,384,381,0,333,956,0,0
LTFM,2024-02-16,677,682,0,385,381,0,360,998,1,0
LTFM,2024-02-17,672,673,0,397,398,0,356,987,2,0
LTFM,2024-02-18,685,689,0,395,392,0,365,1008,1,0
LTFM,2024-02-19,647,638,0,382,378,0,330,955,0,0
LTFM,2024-02-20,627,644,0,354,355,0,351,918,2,0
LTFM,2024-02-21,656,646,0,374,371,0,358,944,0,0
LTFM,2024-02-22,632,648,0,368,374,0,339,941,0,0
LTFM,2024-02-23,672,667,0,380,377,0,366,973,0,0
LTFM,2024-02-24,666,666,0,392,388,0,350,982,0,0
LTFM,2024-02-25,703,693,0,405,397,0,382,1013,1,0
LTFM,2024-02-26,648,650,0,376,375,0,343,955,0,0
LTFM,2024-02-27,632,636,0,356,350,0,360,907,1,0
LTFM,2024-02-28,660,660,0,382,386,0,352,968,0,0
LTFM,2024-02-29,647,641,0,374,369,0,340,948,0,0
LTFM,2024-03-01,691,697,0,389,392,0,388,997,3,0
LTFM,2024-03-02,682,676,0,395,388,0,375,979,2,0
LTFM,2024-03-03,697,700,0,397,402,0,384,1012,1,0
LTFM,2024-03-04,658,658,0,380,386,0,350,966,0,0
LTFM,2024-03-05,649,648,0,366,366,0,357,938,2,0
LTFM,2024-03-06,671,661,0,382,380,0,369,962,1,0
LTFM,2024-03-07,658,669,0,379,383,0,365,961,1,0
LTFM,2024-03-08,682,683,0,386,387,0,383,979,3,0
LTFM,2024-03-09,676,667,0,395,385,0,370,970,3,0
LTFM,2024-03-10,697,697,0,403,403,0,392,999,3,0
LTFM,2024-03-11,652,656,0,379,384,0,356,951,1,0
LTFM,2024-03-12,616,605,0,343,341,0,361,860,0,0
LTFM,2024-03-13,639,635,0,371,368,0,365,908,1,0
LTFM,2024-03-14,608,613,0,356,354,0,343,877,1,0
LTFM,2024-03-15,659,663,0,374,372,0,376,944,2,0
LTFM,2024-03-16,660,653,0,387,379,0,381,930,2,0
LTFM,2024-03-17,668,671,0,383,386,0,378,959,2,0
LTFM,2024-03-18,642,640,0,372,375,0,356,923,3,0
LTFM,2024-03-19,625,611,0,343,338,0,373,861,2,0
LTFM,2024-03-20,643,636,0,366,364,0,368,910,1,0
LTFM,2024-03-21,645,637,0,382,371,0,367,913,2,0
LTFM,2024-03-22,677,676,0,379,383,0,387,959,7,0
LTFM,2024-03-23,669,657,0,385,376,0,377,947,1,0
LTFM,2024-03-24,695,691,0,399,400,0,391,993,1,0
LTFM,2024-03-25,651,649,0,375,374,0,355,942,3,0
LTFM,2024-03-26,633,640,0,351,359,0,379,891,2,0
LTFM,2024-03-27,650,642,0,375,376,0,370,922,0,0
LTFM,2024-03-28,655,670,0,383,383,0,377,945,3,0
LTFM,2024-03-29,692,691,0,392,391,0,391,991,1,0
LTFM,2024-03-30,672,663,0,394,386,0,378,957,0,0
LTFM,2024-03-31,711,714,0,425,433,0,405,1020,0,0
LTFM,2024-04-01,699,702,0,414,422,0,371,1030,0,0
LTFM,2024-04-02,683,674,0,404,397,0,397,960,0,0
LTFM,2024-04-03,682,683,0,402,408,0,386,979,0,0
LTFM,2024-04-04,688,692,0,413,415,0,395,981,4,0
LTFM,2024-04-05,755,754,0,447,440,0,418,1091,0,0
LTFM,2024-04-06,718,717,0,434,432,0,388,1047,0,0
LTFM,2024-04-07,748,747,0,451,450,0,420,1073,2,0
LTFM,2024-04-08,707,708,0,419,427,0,376,1039,0,0
LTFM,2024-04-09,714,707,0,421,419,0,397,1024,0,0
LTFM,2024-04-10,696,686,0,416,414,0,379,1003,0,0
LTFM,2024-04-11,689,695,0,409,408,0,381,1003,0,0
LTFM,2024-04-12,734,741,0,428,429,0,409,1066,0,0
LTFM,2024-04-13,746,711,0,440,425,0,404,1053,0,0
LTFM,2024-04-14,757,768,0,460,465,0,430,1092,3,0
LTFM,2024-04-15,721,714,0,417,422,0,375,1059,1,0
LTFM,2024-04-16,715,717,0,409,412,0,405,1025,2,0
LTFM,2024-04-17,696,683,0,407,410,0,398,980,1,0
LTFM,2024-04-18,702,700,0,407,408,0,402,999,1,0
LTFM,2024-04-19,739,740,0,432,430,0,418,1061,0,0
LTFM,2024-04-20,707,687,0,417,411,0,398,994,2,0
LTFM,2024-04-21,738,743,0,430,437,0,421,1056,4,0
LTFM,2024-04-22,703,704,0,417,419,0,375,1031,1,0
LTFM,2024-04-23,699,692,0,400,399,0,398,993,0,0
LTFM,2024-04-24,689,687,0,407,414,0,386,989,1,0
LTFM,2024-04-25,701,703,0,409,400,0,401,998,5,0
LTFM,2024-04-26,732,752,0,423,439,0,401,1079,4,0
LTFM,2024-04-27,726,720,0,423,424,0,405,1037,4,0
LTFM,2024-04-28,750,754,0,435,437,0,416,1085,3,0
LTFM,2024-04-29,697,704,0,403,413,0,376,1023,2,0
LTFM,2024-04-30,534,687,0,275,390,0,340,877,4,0
LTFM,2024-05-01,726,718,0,423,425,0,386,1058,0,0
LTFM,2024-05-02,695,700,0,409,411,0,368,1027,0,0
LTFM,2024-05-03,742,751,0,427,428,0,417,1074,2,0
LTFM,2024-05-04,727,723,0,428,423,0,403,1047,0,0
LTFM,2024-05-05,749,741,0,439,433,0,425,1063,2,0
LTFM,2024-05-06,713,710,0,421,423,0,371,1050,2,0
LTFM,2024-05-07,714,710,0,417,412,0,400,1022,2,0
LTFM,2024-05-08,718,712,0,425,425,0,374,1056,0,0
LTFM,2024-05-09,700,702,0,420,412,0,384,1017,1,0
LTFM,2024-05-10,742,751,0,427,435,0,399,1093,1,0
LTFM,2024-05-11,713,711,0,421,420,0,391,1033,0,0
LTFM,2024-05-12,753,735,0,439,440,0,427,1061,0,0
LTFM,2024-05-13,703,718,0,421,424,0,373,1048,0,0
LTFM,2024-05-14,710,702,0,410,408,0,387,1023,2,0
LTFM,2024-05-15,725,718,0,431,433,0,385,1054,4,0
LTFM,2024-05-16,710,715,0,421,421,0,389,1034,2,0
LTFM,2024-05-17,736,753,0,432,442,0,401,1088,0,0
LTFM,2024-05-18,722,720,0,433,424,0,402,1038,2,0
LTFM,2024-05-19,754,745,0,443,448,0,412,1085,2,0
LTFM,2024-05-20,710,711,0,428,430,0,369,1052,0,0
LTFM,2024-05-21,716,699,0,416,413,0,389,1026,0,0
LTFM,2024-05-22,691,700,0,415,428,0,359,1032,0,0
LTFM,2024-05-23,713,713,0,425,421,0,394,1032,0,0
LTFM,2024-05-24,734,740,0,428,435,0,395,1079,0,0
LTFM,2024-05-25,716,715,0,424,423,0,401,1029,1,0
LTFM,2024-05-26,749,742,0,439,442,2,413,1073,3,0
LTFM,2024-05-27,705,700,0,423,424,4,370,1025,6,0
LTFM,2024-05-28,699,698,0,404,405,0,386,1011,0,0
LTFM,2024-05-29,716,720,0,425,431,0,383,1051,2,0
LTFM,2024-05-30,720,718,0,430,423,0,391,1047,0,0
LTFM,2024-05-31,738,745,0,428,443,2,385,1096,0,0
LTFM,2024-06-01,720,723,0,428,428,0,393,1048,2,0
LTFM,2024-06-02,764,761,0,450,454,0,429,1096,0,0
LTFM,2024-06-03,712,716,0,421,430,0,387,1039,2,0
LTFM,2024-06-04,705,694,0,406,391,0,405,994,0,0
LTFM,2024-06-05,698,705,0,404,416,0,397,1006,0,0
LTFM,2024-06-06,701,690,0,408,401,0,407,984,0,0
LTFM,2024-06-07,743,755,0,433,443,0,428,1069,1,0
LTFM,2024-06-08,731,733,0,434,429,0,415,1046,3,0
LTFM,2024-06-09,769,762,0,448,448,0,431,1093,7,0
LTFM,2024-06-10,742,734,0,442,443,0,399,1074,3,0
LTFM,2024-06-11,734,721,0,423,410,0,425,1029,1,0
LTFM,2024-06-12,733,745,0,429,449,0,406,1067,5,0
LTFM,2024-06-13,748,751,0,453,448,0,434,1065,0,0
LTFM,2024-06-14,811,788,0,481,468,2,460,1134,3,0
LTFM,2024-06-15,791,806,0,492,488,0,439,1155,3,0
LTFM,2024-06-16,801,776,0,488,482,0,443,1129,5,0
LTFM,2024-06-17,731,741,0,446,446,0,392,1079,1,0
LTFM,2024-06-18,735,732,0,430,424,0,425,1042,0,0
LTFM,2024-06-19,754,756,0,441,450,0,420,1088,2,0
LTFM,2024-06-20,762,767,0,450,452,0,419,1107,3,0
LTFM,2024-06-21,784,782,0,461,463,0,434,1130,2,0
LTFM,2024-06-22,781,787,0,470,463,0,428,1139,1,0
LTFM,2024-06-23,819,811,0,485,484,0,448,1179,3,0
LTFM,2024-06-24,765,749,0,450,446,0,395,1115,4,0
LTFM,2024-06-25,755,748,0,439,429,0,411,1092,0,0
LTFM,2024-06-26,748,746,0,436,443,0,402,1091,1,0
LTFM,2024-06-27,754,750,0,447,435,0,422,1080,2,0
LTFM,2024-06-28,796,782,0,467,456,0,429,1146,3,0
LTFM,2024-06-29,762,773,0,457,458,0,396,1137,2,0
LTFM,2024-06-30,765,773,0,446,462,0,408,1128,2,0
LTFM,2024-07-01,758,757,0,451,448,0,399,1115,1,0
LTFM,2024-07-02,749,738,0,431,420,0,428,1059,0,0
LTFM,2024-07-03,756,746,0,442,439,0,419,1083,0,0
LTFM,2024-07-04,731,738,0,431,426,0,418,1051,0,0
LTFM,2024-07-05,769,772,0,446,454,0,433,1108,0,0
LTFM,2024-07-06,752,751,0,451,442,0,410,1093,0,0
LTFM,2024-07-07,784,770,0,468,462,0,454,1098,2,0
LTFM,2024-07-08,740,733,0,442,434,0,411,1062,0,0
LTFM,2024-07-09,742,745,0,433,427,0,429,1054,4,0
LTFM,2024-07-10,740,733,0,434,439,0,406,1067,0,0
LTFM,2024-07-11,726,736,0,431,430,0,414,1048,0,0
LTFM,2024-07-12,769,768,0,453,461,0,446,1090,1,0
LTFM,2024-07-13,765,761,0,460,449,0,437,1084,5,0
LTFM,2024-07-14,777,775,0,467,468,0,424,1122,6,0
LTFM,2024-07-15,756,752,0,453,453,0,418,1090,0,0
LTFM,2024-07-16,736,730,0,427,421,0,439,1025,2,0
LTFM,2024-07-17,748,737,0,444,444,0,422,1061,2,0
LTFM,2024-07-18,729,737,0,434,433,0,429,1037,0,0
LTFM,2024-07-19,718,715,0,404,406,0,442,987,4,0
LTFM,2024-07-20,774,768,0,475,464,0,441,1101,0,0
LTFM,2024-07-21,780,785,0,464,471,0,462,1101,2,0
LTFM,2024-07-22,747,745,0,446,447,0,415,1077,0,0
LTFM,2024-07-23,739,738,0,436,428,0,421,1055,0,0
LTFM,2024-07-24,742,737,0,428,442,0,422,1057,0,0
LTFM,2024-07-25,738,751,0,446,441,0,438,1047,4,0
LTFM,2024-07-26,754,749,0,443,448,0,452,1049,2,0
LTFM,2024-07-27,746,749,0,455,447,0,424,1071,0,0
LTFM,2024-07-28,774,761,0,462,459,0,453,1082,0,0
LTFM,2024-07-29,739,735,0,438,440,0,419,1051,4,0
LTFM,2024-07-30,734,744,0,428,425,0,448,1030,0,0
LTFM,2024-07-31,730,737,0,418,440,0,415,1048,4,0
LTFM,2024-08-01,735,743,0,437,445,0,424,1054,0,0
LTFM,2024-08-02,788,772,0,470,460,0,445,1105,10,0
LTFM,2024-08-03,774,766,0,464,464,0,443,1093,4,0
LTFM,2024-08-04,775,766,0,469,465,0,445,1090,6,0
LTFM,2024-08-05,756,757,0,446,449,0,425,1082,6,0
LTFM,2024-08-06,752,725,0,435,423,0,424,1052,1,0
LTFM,2024-08-07,746,733,0,437,439,0,424,1054,1,0
LTFM,2024-08-08,734,735,0,444,443,0,428,1041,0,0
LTFM,2024-08-09,770,761,0,454,454,0,446,1082,3,0
LTFM,2024-08-10,771,757,0,461,457,0,437,1085,6,0
LTFM,2024-08-11,784,783,0,467,470,0,448,1117,2,0
LTFM,2024-08-12,746,741,0,448,444,0,414,1070,3,0
LTFM,2024-08-13,747,742,0,434,433,0,446,1040,1,0
LTFM,2024-08-14,763,759,0,442,443,0,438,1083,1,0
LTFM,2024-08-15,750,759,0,454,449,0,427,1080,2,0
LTFM,2024-08-16,783,780,0,455,460,0,447,1116,0,0
LTFM,2024-08-17,765,756,0,460,450,0,438,1083,0,0
LTFM,2024-08-18,780,775,0,462,465,0,455,1099,1,0
LTFM,2024-08-19,741,741,0,446,446,0,424,1057,1,0
LTFM,2024-08-20,752,744,0,444,436,0,442,1054,0,0
LTFM,2024-08-21,749,745,0,437,435,0,449,1041,4,0
LTFM,2024-08-22,726,730,0,431,431,0,435,1018,3,0
LTFM,2024-08-23,760,760,0,450,457,0,442,1077,1,0
LTFM,2024-08-24,764,752,0,460,443,0,444,1066,4,0
LTFM,2024-08-25,777,782,0,463,470,0,460,1095,2,0
LTFM,2024-08-26,749,742,0,453,445,0,413,1075,3,0
LTFM,2024-08-27,719,720,0,410,410,0,455,983,1,0
LTFM,2024-08-28,738,737,0,424,428,0,422,1052,1,0
LTFM,2024-08-29,724,726,0,431,424,0,433,1017,0,0
LTFM,2024-08-30,768,774,0,455,461,0,449,1090,3,0
LTFM,2024-08-31,747,764,0,438,471,0,418,1093,0,0
LTFM,2024-09-01,798,796,0,472,462,0,484,1109,1,0
LTFM,2024-09-02,787,779,0,465,470,0,416,1150,0,0
LTFM,2024-09-03,765,764,0,446,441,0,445,1084,0,0
LTFM,2024-09-04,761,760,0,441,450,0,453,1068,0,0
LTFM,2024-09-05,750,751,0,448,448,0,428,1073,0,0
LTFM,2024-09-06,771,766,0,452,452,0,453,1082,1,0
LTFM,2024-09-07,775,773,0,463,444,0,440,1106,2,0
LTFM,2024-09-08,786,786,0,466,473,0,463,1109,0,0
LTFM,2024-09-09,758,745,0,442,441,0,409,1094,0,0
LTFM,2024-09-10,743,735,0,432,426,2,444,1032,0,0
LTFM,2024-09-11,745,736,0,427,430,2,429,1048,2,0
LTFM,2024-09-12,715,729,0,429,426,0,425,1016,3,0
LTFM,2024-09-13,762,761,0,437,445,0,458,1064,1,0
LTFM,2024-09-14,770,758,0,464,444,0,477,1050,0,0
LTFM,2024-09-15,774,773,0,458,454,0,452,1094,0,0
LTFM,2024-09-16,741,733,0,440,434,0,442,1028,2,0
LTFM,2024-09-17,724,730,0,416,413,0,452,1000,2,0
LTFM,2024-09-18,723,724,0,418,428,0,441,1006,0,0
LTFM,2024-09-19,720,720,0,423,416,0,425,1015,0,0
LTFM,2024-09-20,753,744,0,446,441,0,459,1037,0,0
LTFM,2024-09-21,736,741,0,441,429,0,417,1058,2,0
LTFM,2024-09-22,768,753,0,462,458,0,446,1073,2,0
LTFM,2024-09-23,717,717,0,425,433,0,402,1032,0,0
LTFM,2024-09-24,711,714,0,401,396,0,425,996,4,0
LTFM,2024-09-25,714,698,0,409,408,0,426,984,2,0
LTFM,2024-09-26,697,715,0,418,416,0,412,1000,0,0
LTFM,2024-09-27,748,742,0,434,435,2,456,1032,0,0
LTFM,2024-09-28,735,725,0,440,426,0,422,1036,0,0
LTFM,2024-09-29,761,752,0,460,448,0,450,1060,2,0
LTFM,2024-09-30,726,711,0,426,396,0,417,1019,1,0
LTFM,2024-10-01,721,714,0,420,403,0,449,985,1,0
LTFM,2024-10-02,687,671,0,418,418,0,386,972,0,0
LTFM,2024-10-03,689,702,0,414,414,0,421,970,0,0
LTFM,2024-10-04,718,730,0,432,442,0,434,1014,0,0
LTFM,2024-10-05,719,716,0,433,430,0,422,1013,0,0
LTFM,2024-10-06,733,715,0,450,444,0,427,1019,2,0
LTFM,2024-10-07,688,684,0,408,404,0,411,959,2,0
LTFM,2024-10-08,687,679,0,394,387,0,422,944,0,0
LTFM,2024-10-09,674,675,0,400,403,0,402,947,0,0
LTFM,2024-10-10,671,685,0,405,402,0,412,942,2,0
LTFM,2024-10-11,725,728,0,429,437,0,432,1016,5,0
LTFM,2024-10-12,719,719,0,425,417,0,419,1018,1,0
LTFM,2024-10-13,737,718,0,448,448,0,433,1020,2,0
LTFM,2024-10-14,680,665,0,409,391,0,404,940,1,0
LTFM,2024-10-15,677,685,0,384,384,0,425,935,2,0
LTFM,2024-10-16,684,667,0,401,403,0,416,932,3,0
LTFM,2024-10-17,672,693,0,395,403,0,417,944,4,0
LTFM,2024-10-18,711,711,0,414,424,0,447,973,2,0
LTFM,2024-10-19,705,711,0,422,423,0,416,998,2,0
LTFM,2024-10-20,725,723,0,446,445,0,426,1021,1,0
LTFM,2024-10-21,685,667,0,406,393,0,402,947,3,0
LTFM,2024-10-22,663,662,0,369,367,0,412,911,2,0
LTFM,2024-10-23,670,666,0,395,400,0,395,937,4,0
LTFM,2024-10-24,667,680,0,395,397,0,412,935,0,0
LTFM,2024-10-25,719,725,0,435,441,0,418,1026,0,0
LTFM,2024-10-26,712,693,0,429,418,0,420,983,2,0
LTFM,2024-10-27,678,674,0,399,395,0,374,978,0,0
LTFM,2024-10-28,638,634,0,368,367,0,344,926,2,0
LTFM,2024-10-29,627,634,0,359,366,0,354,907,0,0
LTFM,2024-10-30,632,627,0,365,367,0,353,906,0,0
LTFM,2024-10-31,643,640,0,382,376,0,364,919,0,0
LTFM,2024-11-01,698,708,0,406,411,0,393,1009,4,0
LTFM,2024-11-02,692,687,0,399,393,0,389,988,2,0
LTFM,2024-11-03,710,704,0,420,426,0,373,1041,0,0
LTFM,2024-11-04,674,677,0,398,394,0,370,979,2,0
LTFM,2024-11-05,663,656,0,380,382,0,365,952,0,0
LTFM,2024-11-06,675,675,0,394,395,0,366,982,2,0
LTFM,2024-11-07,685,690,0,409,407,0,383,990,2,0
LTFM,2024-11-08,702,702,0,404,408,0,409,995,0,0
LTFM,2024-11-09,696,689,0,406,400,0,381,1004,0,0
LTFM,2024-11-10,709,705,0,425,420,0,393,1019,2,0
LTFM,2024-11-11,685,678,0,402,400,0,369,994,0,0
LTFM,2024-11-12,645,644,0,371,380,0,368,919,2,0
LTFM,2024-11-13,665,658,0,397,387,0,382,937,4,0
LTFM,2024-11-14,662,673,0,392,404,0,377,958,0,0
LTFM,2024-11-15,714,702,0,414,412,0,382,1034,0,0
LTFM,2024-11-16,681,685,0,396,395,0,368,995,1,0
LTFM,2024-11-17,713,705,0,422,413,0,380,1035,3,0
LTFM,2024-11-18,672,664,0,388,385,0,352,982,2,0
LTFM,2024-11-19,637,634,0,359,360,0,364,907,0,0
LTFM,2024-11-20,659,648,0,382,376,0,359,948,0,0
LTFM,2024-11-21,630,625,0,366,371,0,350,905,0,0
LTFM,2024-11-22,691,703,0,400,399,0,390,1004,0,0
LTFM,2024-11-23,669,663,0,387,377,0,374,958,0,0
LTFM,2024-11-24,688,676,0,401,393,0,382,982,0,0
LTFM,2024-11-25,665,663,0,386,390,0,359,967,2,0
LTFM,2024-11-26,630,637,0,354,357,0,363,904,0,0
LTFM,2024-11-27,643,640,0,376,377,0,344,936,3,0
LTFM,2024-11-28,637,647,0,372,378,0,356,925,3,0
LTFM,2024-11-29,688,685,0,398,389,0,385,988,0,0
LTFM,2024-11-30,642,664,0,361,390,0,353,953,0,0
LTFM,2024-12-01,697,695,0,410,402,0,376,1015,1,0
LTFM,2024-12-02,677,672,0,392,392,0,345,1004,0,0
LTFM,2024-12-03,659,655,0,367,369,0,358,956,0,0
LTFM,2024-12-04,672,664,0,390,388,0,360,975,1,0
LTFM,2024-12-05,667,675,0,392,391,0,352,990,0,0
LTFM,2024-12-06,699,696,0,396,400,0,369,1026,0,0
LTFM,2024-12-07,683,676,0,398,391,0,360,999,0,0
LTFM,2024-12-08,713,704,0,420,419,0,362,1053,2,0
LTFM,2024-12-09,667,666,0,389,391,0,344,989,0,0
LTFM,2024-12-10,654,650,0,368,370,0,345,959,0,0
LTFM,2024-12-11,658,666,0,383,394,0,342,979,3,0
LTFM,2024-12-12,688,682,0,400,395,0,361,1008,1,0
LTFM,2024-12-13,710,693,0,405,408,0,368,1035,0,0
LTFM,2024-12-14,697,700,0,405,399,0,361,1036,0,0
LTFM,2024-12-15,702,705,0,417,415,0,362,1042,3,0
LTFM,2024-12-16,678,674,0,393,393,0,345,1006,1,0
LTFM,2024-12-17,669,653,0,379,373,0,360,961,1,0
LTFM,2024-12-18,669,669,0,385,391,0,357,980,1,0
LTFM,2024-12-19,684,694,0,407,409,0,368,1010,0,0
LTFM,2024-12-20,725,717,0,414,414,0,387,1054,1,0
LTFM,2024-12-21,708,711,0,412,409,0,369,1047,3,0
LTFM,2024-12-22,731,727,0,420,418,0,379,1077,2,0
LTFM,2024-12-23,691,682,0,392,388,0,364,1007,2,0
LTFM,2024-12-24,664,661,0,363,366,0,363,962,0,0
LTFM,2024-12-25,673,665,0,378,379,0,353,984,1,0
LTFM,2024-12-26,675,687,0,388,391,0,354,1004,4,0
LTFM,2024-12-27,725,714,0,411,407,0,372,1063,4,0
LTFM,2024-12-28,705,709,0,400,403,0,362,1049,3,0
LTFM,2024-12-29,727,720,0,416,414,0,372,1074,1,0
LTFM,2024-12-30,684,688,0,393,396,0,349,1021,2,0
LTFM,2024-12-31,579,554,0,305,330,0,288,845,0,0
